#VRML V2.0 utf8
# 3D model generated by easyeda2kicad.py (https://github.com/uPesy/easyeda2kicad.py)

Shape{
    appearance Appearance {
        material  Material 	{
            diffuseColor 0.25098039215686274 0.25098039215686274 0.25098039215686274
            specularColor 0.12549019607843137 0.12549019607843137 0.12549019607843137
            ambientIntensity 0.251
            transparency 0.0
            shininess 0.5
        }
    }
    geometry IndexedFaceSet {
        ccw TRUE
        solid FALSE
        coord DEF co Coordinate {
            point [
                13.3528 4.1122 1.2684, 13.3528 4.1122 1.0319, 13.2465 4.1122 1.0319, 12.4793 4.1122 0.0591, 12.2294 4.1122 0.0591, 12.2294 4.1122 0.4701, 13.2201 4.1122 1.0599, 13.2236 4.1122 1.0692, 13.2236 4.1122 0.9992, 12.3542 4.1122 1.0015, 12.3814 4.1122 1.0745, 12.4793 4.1122 1.0745, 12.9342 4.1122 0.5764, 12.9401 4.1122 0.5758, 12.8758 4.1122 0.5758, 12.6481 4.1122 0.845, 12.5636 4.1122 0.845, 12.5636 4.1122 0.921, 13.7283 4.1122 1.0605, 13.6767 4.1122 1.017, 13.4965 4.1122 1.2706, 13.4965 4.1122 0.9992, 13.8336 4.1122 1.169, 13.7937 4.1122 1.0914, 13.7848 4.1122 1.0884, 13.9808 4.1122 1.2982, 13.9398 4.1122 1.2706, 13.8962 4.1122 1.2413, 14.8622 4.1122 8.4488, 15.2952 4.1122 8.4488, 14.8622 4.1122 6.7126, 15.2952 4.1122 1.2706, 14.076 4.1122 1.3318, 13.4965 4.1122 6.7126, 14.1542 4.1122 1.34, 14.2482 4.1122 1.3284, 14.3357 4.1122 1.2946, 14.3744 4.1122 1.2706, 14.3819 4.1122 1.266, 15.2952 4.1122 0.9992, 14.7895 4.1122 0.9992, 14.7731 4.1122 1.0364, 14.7273 4.1122 1.0952, 14.584 4.1122 1.177, 14.5091 4.1122 1.1863, 14.4265 4.1122 1.2278, 14.4873 4.1122 1.1851, 14.4654 4.1122 1.1825, 14.7146 4.1122 1.1072, 14.6543 4.1122 1.1497, 14.6778 4.1122 0.6217, 14.7368 4.1122 0.672, 15.2952 4.1122 0.5758, 14.6092 4.1122 0.5882, 14.7799 4.1122 0.7336, 14.8072 4.1122 0.8042, 15.2952 4.1122 0.921, 14.8165 4.1122 0.8789, 14.816 4.1122 0.8968, 14.8117 4.1122 0.921, 14.8033 4.1122 0.9681, 14.585 4.1122 0.5809, 14.5827 4.1122 0.5758, 14.5679 4.1122 0.5434, 15.2952 4.1122 0.4701, 14.5405 4.1122 0.5081, 14.5039 4.1122 0.4794, 15.2952 4.1122 0.0591, 14.4606 4.1122 0.4601, 14.483 4.1122 0.4701, 13.4965 4.1122 0.0591, 14.4047 4.1122 0.4519, 14.416 4.1122 0.4522, 13.4965 4.1122 0.4701, 13.4965 4.1122 0.5758, 14.227 4.1122 0.5758, 14.2274 4.1122 0.5742, 14.2501 4.1122 0.532, 14.2822 4.1122 0.4971, 14.3205 4.1122 0.4718, 14.3251 4.1122 0.4701, 14.3631 4.1122 0.4565, 13.6146 4.1122 0.9052, 13.6058 4.1122 0.8428, 13.4965 4.1122 0.921, 13.9846 4.1122 0.6878, 13.9716 4.1122 0.6929, 13.9493 4.1122 0.8011, 14.2624 4.1122 0.7688, 14.0081 4.1122 0.9016, 14.2928 4.1122 0.797, 14.3325 4.1122 0.8193, 13.9963 4.1122 0.6795, 13.676 4.1122 0.6625, 13.7275 4.1122 0.6189, 13.7245 4.1122 0.8586, 13.7337 4.1122 0.8949, 13.7479 4.1122 0.921, 14.6927 4.1122 0.921, 13.6382 4.1122 0.7153, 13.9569 4.1122 0.6948, 13.955 4.1122 0.6947, 13.9493 4.1122 0.6934, 13.6144 4.1122 0.7754, 14.6943 4.1122 0.8511, 14.5596 4.1122 0.7525, 14.6969 4.1122 0.8827, 14.5275 4.1122 0.7876, 14.4881 4.1122 0.8137, 14.0157 4.1122 0.636, 14.0152 4.1122 0.6435, 14.2149 4.1122 0.6606, 14.0114 4.1122 0.6579, 14.0041 4.1122 0.6709, 14.6801 4.1122 0.8047, 14.655 4.1122 0.7641, 14.5811 4.1122 0.7133, 14.6201 4.1122 0.7302, 14.5831 4.1122 0.7081, 13.9714 4.1122 0.5789, 13.9839 4.1122 0.5838, 13.9962 4.1122 0.5926, 14.0006 4.1122 0.5971, 14.0089 4.1122 0.609, 14.0139 4.1122 0.6218, 14.2161 4.1122 0.621, 14.2149 4.1122 0.6417, 14.4459 4.1122 0.8287, 14.4047 4.1122 0.8333, 14.378 4.1122 0.8315, 13.762 4.1122 0.7406, 13.7411 4.1122 0.7702, 13.728 4.1122 0.804, 13.7235 4.1122 0.8409, 13.7854 4.1122 0.5906, 13.8487 4.1122 0.5771, 13.9607 4.1122 0.5771, 13.9455 4.1122 0.6929, 13.8601 4.1122 0.6929, 13.8261 4.1122 0.6994, 13.7926 4.1122 0.7149, 13.7645 4.1122 0.7378, 14.6771 4.1122 0.9669, 14.6923 4.1122 0.9242, 13.8867 4.1122 0.9889, 13.8715 4.1122 0.9889, 13.7515 4.1122 0.9275, 13.7726 4.1122 0.9509, 13.802 4.1122 0.9716, 13.8351 4.1122 0.9844, 13.9282 4.1122 1.1038, 13.9712 4.1122 1.1548, 14.4066 4.1122 1.044, 13.9749 4.1122 1.1582, 14.0282 4.1122 1.1953, 14.3775 4.1122 1.1042, 14.6557 4.1122 0.9992, 14.4245 4.1122 1.0535, 13.8889 4.1122 0.9992, 13.8986 4.1122 1.0428, 14.4672 4.1122 1.068, 14.5072 4.1122 1.0724, 14.5278 4.1122 1.0713, 14.3349 4.1122 1.155, 14.0876 4.1122 1.2181, 14.2844 4.1122 1.1919, 14.1523 4.1122 1.2261, 14.2224 4.1122 1.2171, 14.5746 4.1122 1.06, 14.6169 4.1122 1.0373, 14.6518 4.1122 1.0052, 13.6639 4.1122 0.9992, 13.6379 4.1122 0.9631, 13.621 4.1122 0.921, 12.5045 4.1122 0.6085, 12.5045 4.1122 0.5781, 12.4793 4.1122 0.5758, 12.4793 4.1122 0.921, 12.5106 4.1122 0.845, 12.5106 4.1122 0.8143, 12.6136 4.1122 0.6983, 12.6136 4.1122 0.6085, 12.5636 4.1122 0.6983, 12.5636 4.1122 0.6085, 12.5182 4.1122 0.6983, 12.5182 4.1122 0.7289, 12.6136 4.1122 0.8143, 12.6136 4.1122 0.7289, 12.5636 4.1122 0.8143, 12.5636 4.1122 0.7289, 12.5636 4.1122 0.5758, 12.5636 4.1122 0.5781, 12.6481 4.1122 0.5781, 12.7799 4.1122 0.6254, 12.7758 4.1122 0.6097, 12.7749 4.1122 0.6097, 12.6841 4.1122 0.7687, 12.8136 4.1122 0.921, 12.7188 4.1122 0.7687, 12.8136 4.1122 0.7223, 12.7708 4.1122 0.6251, 12.7734 4.1122 0.6163, 13.0132 4.1122 0.6193, 13.0471 4.1122 0.921, 13.0471 4.1122 0.5758, 13.0001 4.1122 0.6112, 12.9978 4.1122 0.6103, 12.9978 4.1122 0.6812, 13.0035 4.1122 0.6871, 13.0079 4.1122 0.6941, 13.0116 4.1122 0.7043, 13.013 4.1122 0.7173, 13.0117 4.1122 0.7292, 12.9981 4.1122 0.6814, 12.9835 4.1122 0.5758, 12.9893 4.1122 0.5764, 12.9978 4.1122 0.5758, 12.9978 4.1122 0.5794, 13.0132 4.1122 0.5848, 12.9615 4.1122 0.5736, 12.9978 4.1122 0.4701, 12.8758 4.1122 0.4701, 12.8936 4.1122 0.7646, 12.8936 4.1122 0.7321, 12.9916 4.1122 0.7579, 12.9817 4.1122 0.7638, 12.9978 4.1122 0.921, 12.8861 4.1122 0.6165, 12.8902 4.1122 0.6059, 12.8964 4.1122 0.5971, 13.0077 4.1122 0.74, 13.0015 4.1122 0.749, 12.9978 4.1122 0.7524, 12.9633 4.1122 0.7704, 12.9388 4.1122 0.7731, 12.8758 4.1122 0.921, 12.9204 4.1122 0.7718, 12.8957 4.1122 0.6614, 12.8894 4.1122 0.6522, 12.8859 4.1122 0.6424, 12.8845 4.1122 0.6299, 12.906 4.1122 0.5887, 12.9159 4.1122 0.5828, 12.9421 4.1122 0.7459, 12.952 4.1122 0.7452, 12.9786 4.1122 0.7203, 12.9609 4.1122 0.7428, 12.9684 4.1122 0.7388, 12.9783 4.1122 0.7158, 12.9769 4.1122 0.7106, 12.9745 4.1122 0.7061, 12.9713 4.1122 0.7025, 12.9595 4.1122 0.6951, 12.9201 4.1122 0.7434, 12.9388 4.1122 0.6861, 12.9012 4.1122 0.7365, 12.9258 4.1122 0.6809, 12.9036 4.1122 0.6686, 12.9734 4.1122 0.7344, 12.9763 4.1122 0.7301, 12.978 4.1122 0.7256, 12.9792 4.1122 0.6033, 12.9624 4.1122 0.6619, 12.9823 4.1122 0.671, 12.9582 4.1122 0.6009, 12.9567 4.1122 0.6009, 12.9404 4.1122 0.6527, 12.9396 4.1122 0.6028, 12.9188 4.1122 0.6267, 12.9191 4.1122 0.6308, 12.931 4.1122 0.6059, 12.9279 4.1122 0.6078, 12.9241 4.1122 0.6112, 12.9212 4.1122 0.6155, 12.9195 4.1122 0.6203, 12.9206 4.1122 0.636, 12.9232 4.1122 0.6405, 12.9274 4.1122 0.6448, 12.4177 4.1122 1.2684, 12.3161 4.1122 1.0015, 12.2294 4.1122 0.9992, 12.4793 4.1122 0.9992, 12.4925 4.1122 1.0745, 12.5182 4.1122 1.0015, 12.5636 4.1122 0.9992, 12.5562 4.1122 1.0015, 12.5636 4.1122 1.2706, 12.4793 4.1122 1.2034, 12.4793 4.1122 1.2706, 12.8136 4.1122 1.2706, 12.8758 4.1122 1.2706, 12.8448 4.1122 1.2684, 12.8758 4.1122 1.2684, 12.8448 4.1122 1.2377, 12.8388 4.1122 1.0319, 12.8136 4.1122 0.9992, 12.8388 4.1122 1.0015, 12.8758 4.1122 0.9992, 12.9479 4.1122 1.1217, 12.9479 4.1122 1.0319, 12.8758 4.1122 1.1217, 12.8758 4.1122 1.0319, 12.8524 4.1122 1.1217, 12.8524 4.1122 1.1523, 12.8758 4.1122 1.1523, 12.8758 4.1122 1.2377, 12.9479 4.1122 1.1523, 12.9479 4.1122 1.2377, 12.9823 4.1122 1.2684, 12.9978 4.1122 1.2706, 12.9823 4.1122 1.0015, -15.2953 4.1122 0.921, -15.2953 4.1122 0.9992, -3.2284 4.1122 0.9252, -1.6567 4.1122 0.9992, -1.6567 4.1122 0.9252, 3.2283 4.1122 0.9252, 3.2283 4.1122 0.921, 12.1839 4.1122 0.5781, 12.222 4.1122 0.5781, 12.2294 4.1122 0.5758, 12.0199 4.1122 0.5781, 12.0471 4.1122 0.6511, 12.1583 4.1122 0.6511, 12.2294 4.1122 0.921, 12.1203 4.1122 0.845, 12.0835 4.1122 0.845, 3.2283 4.1122 0.5758, 3.2283 4.1122 0.4701, 3.2283 4.1122 0.0591, 13.2396 4.1122 6.7126, 13.2396 4.1122 1.2706, 13.2236 4.1122 6.7126, 12.2294 4.1122 1.2706, 12.2294 4.1122 6.7126, 12.4793 4.1122 6.7126, 12.5636 4.1122 6.7126, 12.8136 4.1122 6.7126, 12.8758 4.1122 6.7126, 12.9978 4.1122 6.7126, 13.0471 4.1122 1.2706, 13.0471 4.1122 6.7126, 13.0716 4.1122 1.2706, -3.2087 4.1122 2.9724, -1.6567 4.1122 2.9724, -1.6567 4.1122 1.2706, 3.2086 4.1122 2.9724, 3.2524 4.1122 2.9774, 3.294 4.1122 2.9919, 3.3313 4.1122 3.0154, 3.4055 4.1122 3.1693, 3.4055 4.1122 3.9567, 3.4252 4.1122 4.1319, 3.4834 4.1122 4.2983, 3.5772 4.1122 4.4476, 3.4005 4.1122 3.1255, 3.7019 4.1122 4.5723, 3.8512 4.1122 4.6661, 3.3625 4.1122 3.0466, 3.386 4.1122 3.0839, 9.744 4.1122 6.7126, 7.7755 4.1122 4.7441, 4.1929 4.1122 4.7441, 4.0176 4.1122 4.7244, -15.2953 4.1122 8.4488, -14.8623 4.1122 8.4488, -14.8623 4.1122 6.7126, -15.2953 4.1122 1.2706, -9.7441 4.1122 6.7126, -7.7756 4.1122 4.7441, -3.3861 4.1122 3.0839, -3.3626 4.1122 3.0466, -3.4253 4.1122 4.1319, -3.4056 4.1122 3.9567, -4.193 4.1122 4.7441, -3.4056 4.1122 3.1693, -3.4006 4.1122 3.1255, -3.3314 4.1122 3.0154, -3.2941 4.1122 2.9919, -3.2525 4.1122 2.9774, -3.8513 4.1122 4.6661, -3.702 4.1122 4.5723, -3.5773 4.1122 4.4476, -4.0178 4.1122 4.7244, -3.4835 4.1122 4.2983, -3.2284 4.1122 0.921, -3.2284 4.1122 0.5758, -15.2953 4.1122 0.5758, -3.2284 4.1122 0.4701, -15.2953 4.1122 0.4701, -3.2284 4.1122 0.0591, -15.2953 4.1122 0.0591, 12.8758 4.1122 1.0015, 12.9978 4.1122 0.9992, 13.0357 4.1122 1.2259, 13.0357 4.1122 1.0456, 13.04 4.1122 1.2282, 13.1957 4.1122 1.1656, 13.0471 4.1122 1.0405, 13.1872 4.1122 1.1894, 13.1748 4.1122 1.2083, 13.1994 4.1122 1.1319, 13.1994 4.1122 1.1294, 13.0631 4.1122 1.0334, 13.0934 4.1122 1.0281, 13.0672 4.1122 1.2382, 13.0986 4.1122 1.2418, 13.1105 4.1122 1.2412, 13.1335 4.1122 1.2365, 13.0471 4.1122 1.2308, 13.1543 4.1122 1.2264, 13.1714 4.1122 1.2122, 13.1952 4.1122 1.0967, 13.1868 4.1122 1.0749, 13.1732 4.1122 1.0558, 13.1489 4.1122 1.0374, 13.1295 4.1122 1.0304, 13.1046 4.1122 1.0277, 13.1666 4.1122 1.0494, 13.062 4.1122 1.2698, 13.0471 4.1122 1.2654, 13.0357 4.1122 1.262, 13.1657 4.1122 1.2572, 13.1379 4.1122 1.2681, 13.2236 4.1122 1.2706, 13.1173 4.1122 1.2706, 13.099 4.1122 1.2729, 13.0965 4.1122 1.2729, 13.2236 4.1122 1.1914, 13.2155 4.1122 1.2097, 13.197 4.1122 1.2336, 13.1907 4.1122 1.2397, 13.2286 4.1122 1.1803, 13.2307 4.1122 1.0882, 13.2396 4.1122 0.9992, 13.2356 4.1122 1.1299, 13.2349 4.1122 1.1458, 13.1561 4.1122 1.0042, 13.1811 4.1122 1.0164, 13.2013 4.1122 1.0334, 13.2045 4.1122 1.0369, 13.1335 4.1122 0.9992, 13.2236 4.1122 0.921, 13.1275 4.1122 0.9979, 13.1096 4.1122 0.997, 13.0888 4.1122 0.9992, 13.0357 4.1122 1.0125, 13.0471 4.1122 0.9992, 13.0471 4.1122 1.0083, 13.0647 4.1122 1.0018, 13.1979 4.1122 0.6693, 13.1931 4.1122 0.7228, 13.2047 4.1122 0.6597, 13.2093 4.1122 0.648, 13.2236 4.1122 0.5758, 13.206 4.1122 0.6026, 13.21 4.1122 0.614, 13.107 4.1122 0.7712, 13.093 4.1122 0.7669, 13.0819 4.1122 0.7605, 13.073 4.1122 0.7519, 13.0662 4.1122 0.741, 13.1875 4.1122 0.6781, 13.173 4.1122 0.6854, 13.1717 4.1122 0.7366, 13.1484 4.1122 0.6913, 13.1192 4.1122 0.7447, 13.1306 4.1122 0.7459, 13.1508 4.1122 0.7438, 13.1841 4.1122 0.5807, 13.1953 4.1122 0.5886, 13.199 4.1122 0.5924, 13.0919 4.1122 0.6075, 13.0928 4.1122 0.6075, 13.0919 4.1122 0.5781, 13.098 4.1122 0.5996, 13.1086 4.1122 0.5883, 13.2117 4.1122 0.6291, 13.2116 4.1122 0.6337, 13.1931 4.1122 0.7553, 13.1841 4.1122 0.7604, 13.1589 4.1122 0.7695, 13.1274 4.1122 0.7731, 13.061 4.1122 0.7257, 13.0585 4.1122 0.7007, 13.0585 4.1122 0.5781, 13.0919 4.1122 0.6992, 13.0931 4.1122 0.714, 13.0966 4.1122 0.7259, 13.1005 4.1122 0.7328, 13.1055 4.1122 0.7382, 13.1115 4.1122 0.742, 13.133 4.1122 0.5758, 13.134 4.1122 0.5755, 13.0471 4.1122 0.4701, 13.2236 4.1122 0.4701, 13.1512 4.1122 0.5736, 13.1706 4.1122 0.5758, 13.1712 4.1122 0.5759, 12.8136 4.1122 0.6325, 12.8671 4.1122 0.7687, 12.8297 4.1122 0.7687, 12.7934 4.1122 0.5758, 12.7923 4.1122 0.5785, 12.8136 4.1122 0.5318, 12.8135 4.1122 0.5318, 12.8136 4.1122 0.5758, 12.807 4.1122 0.5438, 12.8602 4.1122 0.5208, 12.8602 4.1122 0.491, 12.8533 4.1122 0.5185, 12.8412 4.1122 0.5169, 12.8332 4.1122 0.5178, 12.8136 4.1122 0.4942, 12.8251 4.1122 0.4898, 12.8136 4.1122 0.4701, 12.8386 4.1122 0.4883, 12.846 4.1122 0.4886, 12.8259 4.1122 0.5206, 12.8197 4.1122 0.5248, 12.7706 4.1122 0.5493, 12.7857 4.1122 0.5198, 12.5636 4.1122 0.4701, 12.7601 4.1122 0.5758, 12.798 4.1122 0.5051, 12.8003 4.1122 0.503, 12.8119 4.1122 0.4949, 12.4793 4.1122 0.4701, 12.5636 4.1122 0.0591, 12.8136 4.1122 0.0591, 12.8758 4.1122 0.0591, 12.9978 4.1122 0.0591, 13.0471 4.1122 0.0591, 13.2236 4.1122 0.0591, 13.1204 4.1122 0.5804, 13.3872 4.1122 0.845, 13.3872 4.1122 0.5781, 13.2396 4.1122 0.5758, 13.2396 4.1122 0.4701, 13.2396 4.1122 0.0591, 13.2498 4.1122 0.845, 13.2396 4.1122 0.921, 13.2498 4.1122 0.8143, 13.2437 4.1122 0.6085, 13.2437 4.1122 0.5781, 13.3528 4.1122 0.6983, 13.3528 4.1122 0.6085, 13.2573 4.1122 0.6983, 13.2573 4.1122 0.7289, 13.3528 4.1122 0.7289, 13.3528 4.1122 0.8143, 12.2446 4.1122 0.665, 12.2582 4.1122 0.6377, 12.4541 4.1122 0.5781, 12.3071 4.1122 0.5943, 12.3381 4.1122 0.5829, 12.3807 4.1122 0.5781, 12.25 4.1122 0.7749, 12.2406 4.1122 0.749, 12.2368 4.1122 0.7149, 12.2378 4.1122 0.696, 12.2771 4.1122 0.6155, 12.2811 4.1122 0.6118, 12.4541 4.1122 0.845, 12.378 4.1122 0.845, 12.3355 4.1122 0.84, 12.3035 4.1122 0.8279, 12.2771 4.1122 0.8096, 12.2661 4.1122 0.7987, 11.9818 4.1122 0.5781, 13.3872 4.1122 1.0015, 13.3872 4.1122 1.2684, 13.2465 4.1122 1.0015, 12.5789 4.1122 1.0885, 12.5924 4.1122 1.0611, 12.5842 4.1122 1.1984, 12.5748 4.1122 1.1724, 12.571 4.1122 1.1383, 12.572 4.1122 1.1194, 12.7122 4.1122 1.2684, 12.6697 4.1122 1.2635, 12.6377 4.1122 1.2513, 12.6113 4.1122 1.0389, 12.6154 4.1122 1.0352, 12.6414 4.1122 1.0177, 12.6723 4.1122 1.0063, 12.7149 4.1122 1.0015, 12.7883 4.1122 1.0015, 12.7883 4.1122 1.2684, 12.6113 4.1122 1.233, 12.6003 4.1122 1.2221, 12.4546 4.1122 1.2684, 9.122 0.0768 0.5315, 8.3346 0.0768 0.5315, 9.122 -0.0807 0.5315, 8.3346 -0.0807 0.5315, -8.8347 0.0768 0.5315, -8.8347 -0.0807 0.5315, -8.5197 0.0768 0.5315, -8.5197 -0.0807 0.5315, -8.0473 -0.0807 0.5315, -8.0473 0.0768 0.5315, -8.3623 -0.0807 0.5315, -8.3623 0.0768 0.5315, -8.3623 0.3917 0.5315, -8.5197 0.3917 0.5315, -8.3623 -0.3957 0.5315, -8.5197 -0.3957 0.5315, 14.2755 -1.1929 0.5315, 14.2755 -0.7992 0.5315, 14.2755 -1.1929 5.8465, 14.2755 -0.7992 5.8465, 14.2755 1.189 5.8465, 14.2755 0.7953 5.8465, 14.2755 1.189 0.5315, 14.2755 0.7953 0.5315, 8.3346 0.0768 0.4724, 8.3346 -0.0807 0.4724, 9.122 0.0768 0.4724, 9.122 -0.0807 0.4724, -8.8347 0.0768 0.4724, -8.8347 -0.0807 0.4724, -8.5197 0.0768 0.4724, -8.5197 0.3917 0.4724, -8.3623 0.3917 0.4724, -8.3623 0.0768 0.4724, -8.0473 0.0768 0.4724, -8.0473 -0.0807 0.4724, -8.3623 -0.0807 0.4724, -8.3623 -0.3957 0.4724, -8.5197 -0.3957 0.4724, -8.5197 -0.0807 0.4724, -14.2756 0.7953 0.5315, -13.9567 0.7953 0.5315, -14.2756 0.7953 5.8465, -13.9567 0.7953 5.8465, -14.2756 -0.7992 5.8465, -13.9567 -0.7992 5.8465, -14.2756 -0.7992 0.5315, -13.9567 -0.7992 0.5315, 13.9566 -0.7992 0.5315, 13.9566 -0.7992 5.8465, 14.4755 -1.1929 5.8465, 14.4755 -1.1929 0.5315, 14.4755 1.189 0.5315, 14.4755 1.189 5.8465, 13.9566 0.7953 5.8465, 13.9566 0.7953 0.5315, 8.3386 -0.3917 0.4724, 8.4527 -0.4793 0.4724, 8.251 -0.2776 0.4724, 9.2056 -0.2776 0.4724, 8.1771 -0.002 0.4724, 8.1959 -0.1446 0.4724, 8.5856 -0.5344 0.4724, 8.7283 -0.5531 0.4724, 8.871 -0.5344 0.4724, 9.0039 -0.4793 0.4724, 9.118 -0.3917 0.4724, 8.3386 0.3878 0.4724, 8.251 0.2736 0.4724, 8.1959 0.1407 0.4724, 9.2607 -0.1446 0.4724, 9.2795 -0.002 0.4724, 9.2607 0.1407 0.4724, 9.2056 0.2736 0.4724, 9.118 0.3878 0.4724, 9.0039 0.4754 0.4724, 8.871 0.5304 0.4724, 8.7283 0.5492 0.4724, 8.5856 0.5304 0.4724, 8.4527 0.4754 0.4724, -8.8307 -0.3917 0.4724, -8.7166 -0.4793 0.4724, -8.9922 -0.002 0.4724, -8.9734 -0.1446 0.4724, -8.9183 -0.2776 0.4724, -8.5837 -0.5344 0.4724, -8.441 -0.5531 0.4724, -8.2983 -0.5344 0.4724, -8.1654 -0.4793 0.4724, -8.441 0.5492 0.4724, -8.5837 0.5304 0.4724, -8.7166 0.4754 0.4724, -7.8898 -0.002 0.4724, -7.9086 0.1407 0.4724, -7.9637 0.2736 0.4724, -8.0513 0.3878 0.4724, -8.1654 0.4754 0.4724, -8.2983 0.5304 0.4724, -8.0513 -0.3917 0.4724, -7.9637 -0.2776 0.4724, -7.9086 -0.1446 0.4724, -8.8307 0.3878 0.4724, -8.9183 0.2736 0.4724, -8.9734 0.1407 0.4724, -14.2756 1.189 0.5315, -14.2756 1.189 5.8465, -14.2756 -1.1929 5.8465, -14.2756 -1.1929 0.5315, -13.9567 1.5079 5.8465, -13.9567 1.5079 0.5315, -13.9567 -1.5118 5.8465, -13.9567 -1.5118 0.5315, 13.9566 -1.5118 0.5315, 13.9566 -1.5118 5.8465, 14.4755 -0.7776 0.5315, 13.9566 1.5079 0.5315, 13.9566 1.5079 5.8465, 8.7283 -0.5531 0.5315, 8.5856 -0.5344 0.5315, 8.4527 -0.4793 0.5315, 8.3386 -0.3917 0.5315, 8.251 -0.2776 0.5315, 8.1959 -0.1446 0.5315, 8.1771 -0.002 0.5315, 8.1959 0.1407 0.5315, 8.251 0.2736 0.5315, 8.3386 0.3878 0.5315, 8.4527 0.4754 0.5315, 8.5856 0.5304 0.5315, 8.7283 0.5492 0.5315, 8.871 0.5304 0.5315, 9.0039 0.4754 0.5315, 9.118 0.3878 0.5315, 9.2056 0.2736 0.5315, 9.2607 0.1407 0.5315, 9.2795 -0.002 0.5315, 9.2607 -0.1446 0.5315, 9.2056 -0.2776 0.5315, 9.118 -0.3917 0.5315, 9.0039 -0.4793 0.5315, 8.871 -0.5344 0.5315, -8.441 -0.5531 0.5315, -8.5837 -0.5344 0.5315, -8.7166 -0.4793 0.5315, -8.8307 -0.3917 0.5315, -8.9183 -0.2776 0.5315, -8.9734 -0.1446 0.5315, -8.9922 -0.002 0.5315, -8.9734 0.1407 0.5315, -8.9183 0.2736 0.5315, -8.8307 0.3878 0.5315, -8.7166 0.4754 0.5315, -8.5837 0.5304 0.5315, -8.441 0.5492 0.5315, -8.2983 0.5304 0.5315, -8.1654 0.4754 0.5315, -8.0513 0.3878 0.5315, -7.9637 0.2736 0.5315, -7.9086 0.1407 0.5315, -7.8898 -0.002 0.5315, -7.9086 -0.1446 0.5315, -7.9637 -0.2776 0.5315, -8.0513 -0.3917 0.5315, -8.1654 -0.4793 0.5315, -8.2983 -0.5344 0.5315, -10.0961 -0.7091 0.4331, -10.0961 -0.7091 0.5315, -9.9372 -0.502 0.4331, -9.9372 -0.502 0.5315, -9.8373 -0.2608 0.4331, -9.8373 -0.2608 0.5315, -9.8032 -0.002 0.4331, -9.8032 -0.002 0.5315, -9.8373 0.2569 0.4331, -9.8373 0.2569 0.5315, -9.9372 0.498 0.4331, -9.9372 0.498 0.5315, -10.0961 0.7051 0.4331, -10.0961 0.7051 0.5315, -10.3032 0.8641 0.4331, -10.3032 0.8641 0.5315, -10.5444 0.964 0.4331, -10.5444 0.964 0.5315, -10.8032 0.998 0.4331, -10.8032 0.998 0.5315, -11.062 0.964 0.4331, -11.062 0.964 0.5315, -11.3032 0.8641 0.4331, -11.3032 0.8641 0.5315, -11.5103 0.7051 0.4331, -11.5103 0.7051 0.5315, -11.6692 0.498 0.4331, -11.6692 0.498 0.5315, -11.7691 0.2569 0.4331, -11.7691 0.2569 0.5315, -11.8032 -0.002 0.4331, -11.8032 -0.002 0.5315, -11.7691 -0.2608 0.4331, -11.7691 -0.2608 0.5315, -11.6692 -0.502 0.4331, -11.6692 -0.502 0.5315, -11.5103 -0.7091 0.4331, -11.5103 -0.7091 0.5315, -11.4211 -0.7776 0.5315, -11.3032 -0.868 0.4331, -11.3032 -0.868 0.5315, -11.062 -0.9679 0.4331, -11.062 -0.9679 0.5315, -10.8032 -1.002 0.4331, -10.8032 -1.002 0.5315, -10.5444 -0.9679 0.4331, -10.5444 -0.9679 0.5315, -10.3032 -0.868 0.4331, -10.3032 -0.868 0.5315, -10.1853 -0.7776 0.5315, 11.7976 -0.7091 0.4331, 11.7976 -0.7091 0.5315, 11.9565 -0.502 0.4331, 11.9565 -0.502 0.5315, 12.0564 -0.2608 0.4331, 12.0564 -0.2608 0.5315, 12.0905 -0.002 0.4331, 12.0905 -0.002 0.5315, 12.0564 0.2569 0.4331, 12.0564 0.2569 0.5315, 11.9565 0.498 0.4331, 11.9565 0.498 0.5315, 11.7976 0.7051 0.4331, 11.7976 0.7051 0.5315, 11.5905 0.8641 0.4331, 11.5905 0.8641 0.5315, 11.3493 0.964 0.4331, 11.3493 0.964 0.5315, 11.0905 0.998 0.4331, 11.0905 0.998 0.5315, 10.8317 0.964 0.4331, 10.8317 0.964 0.5315, 10.5905 0.8641 0.4331, 10.5905 0.8641 0.5315, 10.3834 0.7051 0.4331, 10.3834 0.7051 0.5315, 10.2245 0.498 0.4331, 10.2245 0.498 0.5315, 10.1246 0.2569 0.4331, 10.1246 0.2569 0.5315, 10.0905 -0.002 0.4331, 10.0905 -0.002 0.5315, 10.1246 -0.2608 0.4331, 10.1246 -0.2608 0.5315, 10.2245 -0.502 0.4331, 10.2245 -0.502 0.5315, 10.3834 -0.7091 0.4331, 10.3834 -0.7091 0.5315, 10.4726 -0.7776 0.5315, 10.5905 -0.868 0.4331, 10.5905 -0.868 0.5315, 10.8317 -0.9679 0.4331, 10.8317 -0.9679 0.5315, 11.0905 -1.002 0.4331, 11.0905 -1.002 0.5315, 11.3493 -0.9679 0.4331, 11.3493 -0.9679 0.5315, 11.5905 -0.868 0.4331, 11.5905 -0.868 0.5315, 11.7084 -0.7776 0.5315, 14.8622 -1.5118 0.5315, 14.8622 -1.5118 5.8465, 14.8622 1.5079 5.8465, 14.8622 1.5079 0.5315, 9.685 -3.6831 0.5315, 3.2283 -3.6831 0.5315, 3.2283 -3.6831 0.9252, 14.8622 -3.6831 6.7126, 14.8622 -3.6831 0.5315, -3.2284 -3.6831 0.9252, -3.2284 -3.6831 0.5315, -7.7756 -3.6831 4.7441, -14.8623 -3.6831 0.5315, -9.7441 -3.6831 6.7126, -14.8623 -3.6831 6.7126, -3.3314 -3.6831 3.0154, -3.2941 -3.6831 2.9919, 7.7755 -3.6831 4.7441, 9.744 -3.6831 6.7126, 3.2524 -3.6831 2.9774, 3.294 -3.6831 2.9919, -3.4253 -3.6831 4.1319, -3.4056 -3.6831 3.9567, -4.193 -3.6831 4.7441, -3.4056 -3.6831 3.1693, -3.4006 -3.6831 3.1255, -3.3861 -3.6831 3.0839, -3.3626 -3.6831 3.0466, 4.1929 -3.6831 4.7441, 3.4055 -3.6831 3.1693, 3.4005 -3.6831 3.1255, -3.8513 -3.6831 4.6661, -3.702 -3.6831 4.5723, -3.5773 -3.6831 4.4476, 3.3313 -3.6831 3.0154, 3.3625 -3.6831 3.0466, 3.386 -3.6831 3.0839, -4.0178 -3.6831 4.7244, -3.2525 -3.6831 2.9774, -3.2087 -3.6831 2.9724, 3.2086 -3.6831 2.9724, -3.4835 -3.6831 4.2983, 3.4055 -3.6831 3.9567, 3.4252 -3.6831 4.1319, 3.4834 -3.6831 4.2983, 3.5772 -3.6831 4.4476, 3.7019 -3.6831 4.5723, 4.0176 -3.6831 4.7244, 3.8512 -3.6831 4.6661, -14.8623 -1.5118 5.8465, -14.8623 -1.5118 0.5315, -14.8623 1.5079 0.5315, -14.8623 1.5079 5.8465, -7.7756 3.6791 4.7441, -9.7441 3.6791 6.7126, -14.8623 3.6791 6.7126, 7.7755 3.6791 4.7441, 3.2283 3.6791 0.9252, 3.2283 3.6791 0.5315, 3.3313 3.6791 3.0154, 3.294 3.6791 2.9919, 14.8622 3.6791 6.7126, 9.744 3.6791 6.7126, 14.8622 3.6791 0.5315, 9.685 3.6791 0.5315, 3.4005 3.6791 3.1255, 3.386 3.6791 3.0839, -3.2525 3.6791 2.9774, -3.2941 3.6791 2.9919, -3.2284 3.6791 0.9252, -3.3314 3.6791 3.0154, -3.3626 3.6791 3.0466, 3.3625 3.6791 3.0466, -14.8623 3.6791 0.5315, -3.2284 3.6791 0.5315, -3.3861 3.6791 3.0839, 3.2524 3.6791 2.9774, 3.2086 3.6791 2.9724, -3.2087 3.6791 2.9724, -3.4006 3.6791 3.1255, -3.4056 3.6791 3.1693, -4.193 3.6791 4.7441, -3.4056 3.6791 3.9567, -3.4253 3.6791 4.1319, -3.5773 3.6791 4.4476, -3.702 3.6791 4.5723, -3.8513 3.6791 4.6661, 3.8512 3.6791 4.6661, 3.7019 3.6791 4.5723, 3.4055 3.6791 3.9567, -3.4835 3.6791 4.2983, -4.0178 3.6791 4.7244, 3.4055 3.6791 3.1693, 4.1929 3.6791 4.7441, 4.0176 3.6791 4.7244, 3.5772 3.6791 4.4476, 3.4834 3.6791 4.2983, 3.4252 3.6791 4.1319, -10.9662 0.6065 0.4331, -11.1182 0.5436 0.4331, -11.2486 0.4435 0.4331, -11.3487 0.313 0.4331, -11.4117 0.1611 0.4331, -11.4331 -0.002 0.4331, -11.4117 -0.165 0.4331, -11.3487 -0.3169 0.4331, -11.2486 -0.4474 0.4331, -11.1182 -0.5475 0.4331, -10.9662 -0.6104 0.4331, -10.8032 -0.6319 0.4331, -10.6402 -0.6104 0.4331, -10.4882 -0.5475 0.4331, -10.3578 -0.4474 0.4331, -10.2577 -0.3169 0.4331, -10.1947 -0.165 0.4331, -10.1733 -0.002 0.4331, -10.1947 0.1611 0.4331, -10.2577 0.313 0.4331, -10.3578 0.4435 0.4331, -10.4882 0.5436 0.4331, -10.6402 0.6065 0.4331, -10.8032 0.628 0.4331, 10.9275 0.6065 0.4331, 10.7755 0.5436 0.4331, 10.6451 0.4435 0.4331, 10.545 0.313 0.4331, 10.482 0.1611 0.4331, 10.4606 -0.002 0.4331, 10.482 -0.165 0.4331, 10.545 -0.3169 0.4331, 10.6451 -0.4474 0.4331, 10.7755 -0.5475 0.4331, 10.9275 -0.6104 0.4331, 11.0905 -0.6319 0.4331, 11.2535 -0.6104 0.4331, 11.4055 -0.5475 0.4331, 11.5359 -0.4474 0.4331, 11.636 -0.3169 0.4331, 11.699 -0.165 0.4331, 11.7204 -0.002 0.4331, 11.699 0.1611 0.4331, 11.636 0.313 0.4331, 11.5359 0.4435 0.4331, 11.4055 0.5436 0.4331, 11.2535 0.6065 0.4331, 11.0905 0.628 0.4331, -14.4252 1.189 5.8465, -14.4252 1.189 0.5315, -14.4252 -1.1929 5.8465, -14.4252 -1.1929 0.5315, -14.8623 -4.1161 8.4488, -15.2953 -4.1161 8.4488, -3.2284 -4.1161 0.9252, 3.2283 -4.1161 0.9252, 14.8622 -4.1161 6.7126, 9.744 -4.1161 6.7126, 7.7755 -4.1161 4.7441, 4.1929 -4.1161 4.7441, 3.4055 -4.1161 3.9567, 3.4252 -4.1161 4.1319, 3.4834 -4.1161 4.2983, 3.5772 -4.1161 4.4476, 3.7019 -4.1161 4.5723, 3.8512 -4.1161 4.6661, 4.0176 -4.1161 4.7244, 3.4055 -4.1161 3.1693, 3.2086 -4.1161 2.9724, 3.2524 -4.1161 2.9774, 3.294 -4.1161 2.9919, 3.3313 -4.1161 3.0154, 3.3625 -4.1161 3.0466, 3.386 -4.1161 3.0839, 3.4005 -4.1161 3.1255, -3.2087 -4.1161 2.9724, -3.4056 -4.1161 3.1693, -3.4006 -4.1161 3.1255, -3.3861 -4.1161 3.0839, -3.3626 -4.1161 3.0466, -3.3314 -4.1161 3.0154, -3.2941 -4.1161 2.9919, -3.2525 -4.1161 2.9774, -3.4056 -4.1161 3.9567, -4.193 -4.1161 4.7441, -4.0178 -4.1161 4.7244, -3.8513 -4.1161 4.6661, -3.702 -4.1161 4.5723, -3.5773 -4.1161 4.4476, -3.4835 -4.1161 4.2983, -3.4253 -4.1161 4.1319, -7.7756 -4.1161 4.7441, -9.7441 -4.1161 6.7126, -14.8623 -4.1161 6.7126, 14.8622 -4.1161 8.4488, 15.2952 -4.1161 8.4488, -14.2756 -0.3012 0.5315, -14.4252 -0.3012 0.5315, -14.4252 -0.7776 0.5315, 14.4251 0.2972 0.5315, 14.4251 -0.3012 0.5315, 14.2755 -0.3012 0.5315, 14.2755 0.2972 0.5315, 9.685 -0.7776 0.5315, -3.2284 -3.1319 0.5315, 3.2283 -3.1319 0.5315, 3.2283 3.128 0.5315, -14.2756 0.2972 0.5315, -3.2284 3.128 0.5315, -14.4252 0.2972 0.5315, -10.8032 -0.6319 0.0591, -10.9662 -0.6104 0.0591, -11.1182 -0.5475 0.0591, -11.2486 -0.4474 0.0591, -11.3487 -0.3169 0.0591, -11.4117 -0.165 0.0591, -11.4331 -0.002 0.0591, -11.4117 0.1611 0.0591, -11.3487 0.313 0.0591, -11.2486 0.4435 0.0591, -11.1182 0.5436 0.0591, -10.9662 0.6065 0.0591, -10.8032 0.628 0.0591, -10.6402 0.6065 0.0591, -10.4882 0.5436 0.0591, -10.3578 0.4435 0.0591, -10.2577 0.313 0.0591, -10.1947 0.1611 0.0591, -10.1733 -0.002 0.0591, -10.1947 -0.165 0.0591, -10.2577 -0.3169 0.0591, -10.3578 -0.4474 0.0591, -10.4882 -0.5475 0.0591, -10.6402 -0.6104 0.0591, 11.0905 -0.6319 0.0591, 10.9275 -0.6104 0.0591, 10.7755 -0.5475 0.0591, 10.6451 -0.4474 0.0591, 10.545 -0.3169 0.0591, 10.482 -0.165 0.0591, 10.4606 -0.002 0.0591, 10.482 0.1611 0.0591, 10.545 0.313 0.0591, 10.6451 0.4435 0.0591, 10.7755 0.5436 0.0591, 10.9275 0.6065 0.0591, 11.0905 0.628 0.0591, 11.2535 0.6065 0.0591, 11.4055 0.5436 0.0591, 11.5359 0.4435 0.0591, 11.636 0.313 0.0591, 11.699 0.1611 0.0591, 11.7204 -0.002 0.0591, 11.699 -0.165 0.0591, 11.636 -0.3169 0.0591, 11.5359 -0.4474 0.0591, 11.4055 -0.5475 0.0591, 11.2535 -0.6104 0.0591, 14.4251 -0.3012 0.0591, 14.2755 -0.3012 0.0591, 14.2755 0.2972 0.0591, 14.4251 0.2972 0.0591, -14.2756 0.2972 0.0591, -14.2756 -0.3012 0.0591, -14.4252 -0.3012 0.0591, -14.4252 0.2972 0.0591, -15.2953 -4.1161 0.0591, -3.2284 -4.1161 0.0591, -3.2284 -3.1319 0.0591, 3.2283 -3.1319 0.0591, 3.2283 -4.1161 0.0591, 15.2952 -4.1161 0.0591, 3.2283 3.128 0.0591, -3.2284 3.128 0.0591
            ]
        }
        coordIndex [
            0,1,2,-1,3,4,5,-1,6,7,8,-1,9,10,11,-1,12,13,14,-1,15,16,17,-1,18,19,20,-1,20,19,21,-1,22,23,20,-1,20,23,24,-1,20,24,18,-1,25,26,20,-1,20,26,27,-1,20,27,22,-1,28,29,30,-1,30,29,31,-1,32,33,34,-1,34,33,30,-1,34,30,35,-1,35,30,36,-1,36,30,37,-1,37,30,31,-1,37,31,38,-1,39,40,31,-1,31,40,41,-1,31,41,42,-1,31,43,38,-1,38,43,44,-1,38,44,45,-1,45,44,46,-1,45,46,47,-1,42,48,31,-1,31,48,49,-1,31,49,43,-1,50,51,52,-1,50,52,53,-1,51,54,52,-1,52,54,55,-1,52,55,56,-1,56,55,57,-1,57,58,56,-1,56,58,59,-1,56,59,39,-1,39,59,60,-1,39,60,40,-1,61,53,62,-1,62,53,52,-1,62,52,63,-1,63,52,64,-1,63,64,65,-1,65,64,66,-1,67,68,64,-1,64,68,69,-1,64,69,66,-1,70,71,67,-1,67,71,72,-1,67,72,68,-1,73,74,75,-1,75,76,73,-1,73,76,77,-1,73,77,78,-1,78,79,73,-1,73,79,80,-1,73,80,70,-1,70,80,81,-1,70,81,71,-1,82,83,84,-1,85,86,87,-1,88,89,90,-1,90,89,91,-1,85,87,92,-1,93,94,74,-1,95,96,89,-1,89,96,97,-1,89,97,98,-1,93,74,99,-1,86,100,87,-1,87,100,101,-1,87,101,102,-1,84,83,74,-1,74,83,103,-1,74,103,99,-1,104,105,106,-1,106,105,107,-1,106,107,98,-1,98,107,108,-1,109,110,111,-1,111,110,112,-1,111,112,87,-1,87,112,113,-1,87,113,92,-1,104,114,105,-1,105,114,115,-1,105,115,116,-1,116,115,117,-1,116,117,118,-1,119,120,75,-1,75,120,121,-1,75,121,122,-1,122,123,75,-1,75,123,124,-1,75,124,125,-1,125,124,109,-1,125,109,126,-1,126,109,111,-1,108,127,98,-1,98,127,128,-1,98,128,89,-1,89,128,129,-1,89,129,91,-1,130,131,87,-1,87,131,132,-1,87,132,89,-1,89,132,133,-1,89,133,95,-1,94,134,74,-1,74,134,135,-1,74,135,75,-1,75,135,136,-1,75,136,119,-1,102,137,87,-1,87,137,138,-1,87,138,139,-1,139,140,87,-1,87,140,141,-1,87,141,130,-1,142,143,144,-1,143,98,144,-1,144,98,97,-1,144,97,145,-1,145,97,146,-1,146,147,145,-1,145,147,148,-1,145,148,149,-1,150,151,152,-1,151,153,152,-1,152,153,154,-1,152,154,155,-1,156,152,157,-1,142,144,156,-1,156,144,158,-1,156,158,152,-1,152,158,159,-1,152,159,150,-1,157,160,156,-1,156,160,161,-1,156,161,162,-1,155,154,163,-1,163,154,164,-1,163,164,165,-1,165,164,166,-1,165,166,167,-1,168,169,162,-1,162,169,170,-1,162,170,156,-1,19,171,21,-1,21,171,172,-1,21,172,84,-1,84,172,173,-1,84,173,82,-1,174,175,176,-1,17,16,177,-1,177,16,178,-1,177,178,179,-1,180,181,182,-1,182,181,183,-1,182,183,184,-1,184,183,174,-1,184,174,185,-1,186,187,188,-1,188,187,189,-1,188,189,179,-1,176,175,190,-1,190,175,191,-1,190,191,192,-1,193,194,195,-1,196,197,198,-1,198,197,199,-1,198,199,200,-1,200,199,193,-1,200,193,201,-1,201,193,195,-1,202,203,204,-1,205,206,207,-1,208,209,202,-1,209,210,202,-1,202,210,211,-1,202,211,203,-1,203,211,212,-1,205,207,202,-1,202,207,213,-1,202,213,208,-1,214,215,216,-1,216,215,217,-1,216,217,204,-1,204,217,218,-1,204,218,202,-1,219,220,13,-1,13,220,221,-1,13,221,14,-1,222,223,14,-1,224,225,226,-1,227,228,14,-1,14,228,229,-1,212,230,203,-1,203,230,231,-1,203,231,226,-1,226,231,232,-1,226,232,224,-1,225,233,226,-1,226,233,234,-1,226,234,235,-1,235,234,236,-1,235,236,222,-1,237,238,223,-1,223,238,239,-1,223,239,14,-1,14,239,240,-1,14,240,227,-1,229,241,14,-1,14,241,242,-1,14,242,12,-1,243,244,245,-1,245,244,246,-1,245,246,247,-1,245,248,243,-1,243,248,249,-1,243,249,250,-1,250,251,243,-1,243,251,252,-1,243,252,253,-1,253,252,254,-1,253,254,255,-1,255,254,256,-1,255,256,223,-1,223,256,257,-1,223,257,237,-1,258,259,247,-1,247,259,260,-1,247,260,245,-1,261,262,206,-1,206,262,263,-1,206,263,207,-1,261,264,262,-1,262,264,265,-1,262,265,266,-1,266,265,267,-1,266,268,269,-1,267,270,266,-1,266,270,271,-1,266,271,272,-1,272,273,266,-1,266,273,274,-1,266,274,268,-1,269,275,266,-1,266,275,276,-1,266,276,277,-1,278,279,280,-1,280,279,9,-1,280,9,281,-1,281,9,11,-1,11,282,281,-1,281,282,283,-1,281,283,284,-1,284,283,285,-1,284,285,286,-1,286,285,287,-1,286,287,288,-1,289,290,291,-1,291,290,292,-1,291,293,289,-1,289,293,294,-1,289,294,295,-1,295,294,296,-1,295,296,297,-1,298,299,300,-1,300,299,301,-1,300,301,302,-1,302,301,294,-1,302,294,303,-1,303,294,293,-1,303,293,304,-1,304,293,305,-1,304,305,306,-1,306,305,307,-1,292,290,308,-1,308,290,309,-1,308,309,310,-1,311,312,313,-1,313,312,314,-1,313,314,315,-1,315,314,316,-1,316,314,280,-1,316,280,317,-1,318,319,320,-1,321,322,323,-1,320,319,324,-1,324,319,325,-1,324,325,326,-1,327,320,5,-1,327,5,328,-1,328,5,4,-1,328,4,329,-1,32,25,33,-1,33,25,20,-1,33,20,330,-1,330,20,331,-1,330,331,332,-1,333,334,288,-1,288,334,335,-1,288,335,286,-1,286,335,336,-1,286,336,289,-1,289,336,337,-1,289,337,290,-1,290,337,338,-1,290,338,309,-1,309,338,339,-1,309,339,340,-1,340,339,341,-1,340,341,342,-1,343,344,345,-1,345,344,346,-1,345,346,333,-1,346,347,333,-1,333,347,348,-1,333,348,349,-1,350,351,352,-1,352,353,350,-1,350,353,354,-1,350,354,355,-1,355,354,356,-1,355,356,357,-1,349,358,333,-1,333,358,359,-1,333,359,355,-1,360,334,361,-1,361,334,333,-1,361,333,362,-1,362,333,355,-1,362,355,363,-1,363,355,357,-1,364,365,366,-1,364,366,367,-1,367,366,368,-1,367,368,369,-1,370,371,367,-1,372,373,374,-1,374,373,375,-1,374,375,369,-1,369,375,367,-1,367,375,376,-1,367,376,370,-1,371,377,367,-1,367,377,378,-1,367,378,345,-1,345,378,379,-1,345,379,343,-1,380,381,382,-1,380,382,383,-1,383,382,374,-1,374,382,384,-1,374,384,372,-1,313,385,311,-1,311,385,386,-1,311,386,387,-1,387,386,388,-1,387,388,389,-1,389,388,390,-1,389,390,391,-1,296,392,297,-1,297,392,310,-1,297,310,393,-1,393,310,309,-1,393,309,394,-1,395,394,396,-1,397,398,399,-1,399,398,400,-1,397,401,398,-1,398,401,402,-1,398,402,403,-1,403,402,404,-1,405,406,398,-1,398,406,407,-1,398,407,408,-1,395,396,398,-1,398,396,409,-1,398,409,405,-1,408,410,398,-1,398,410,411,-1,398,411,400,-1,412,413,414,-1,415,416,402,-1,402,416,417,-1,402,417,404,-1,412,414,402,-1,402,414,418,-1,402,418,415,-1,342,419,340,-1,340,419,420,-1,340,420,309,-1,309,420,421,-1,309,421,394,-1,422,423,424,-1,424,423,425,-1,424,425,332,-1,332,425,426,-1,332,426,341,-1,341,426,427,-1,341,427,342,-1,424,428,429,-1,429,430,424,-1,424,430,431,-1,424,431,422,-1,332,331,424,-1,424,331,432,-1,424,432,428,-1,7,433,434,-1,434,433,435,-1,434,435,331,-1,331,435,436,-1,331,436,432,-1,437,438,8,-1,438,439,8,-1,8,439,440,-1,8,440,6,-1,437,8,441,-1,441,8,442,-1,441,442,443,-1,443,442,444,-1,444,442,203,-1,444,203,445,-1,394,395,393,-1,393,395,446,-1,393,446,447,-1,447,446,448,-1,447,448,449,-1,450,451,452,-1,452,451,453,-1,454,455,456,-1,457,458,203,-1,458,459,203,-1,203,459,460,-1,203,460,461,-1,450,462,451,-1,451,462,463,-1,451,463,464,-1,464,463,465,-1,466,467,465,-1,465,467,468,-1,465,468,464,-1,469,470,454,-1,454,470,471,-1,454,471,455,-1,472,473,474,-1,474,473,475,-1,474,475,476,-1,456,477,454,-1,454,477,478,-1,454,478,442,-1,442,478,453,-1,442,453,479,-1,479,453,451,-1,479,480,442,-1,442,480,481,-1,442,481,203,-1,203,481,482,-1,203,482,457,-1,461,483,203,-1,203,483,484,-1,203,484,204,-1,204,484,485,-1,204,485,474,-1,486,487,465,-1,465,487,488,-1,465,488,489,-1,489,490,465,-1,465,490,491,-1,465,491,466,-1,492,493,494,-1,494,493,495,-1,493,496,495,-1,495,496,497,-1,495,497,454,-1,454,497,498,-1,454,498,469,-1,499,500,14,-1,222,14,235,-1,235,14,500,-1,235,500,197,-1,197,500,501,-1,197,501,199,-1,502,503,499,-1,504,505,506,-1,506,505,507,-1,506,507,502,-1,502,499,506,-1,506,499,14,-1,506,14,508,-1,508,14,221,-1,508,221,509,-1,508,510,506,-1,506,510,511,-1,506,511,512,-1,513,514,515,-1,515,514,516,-1,515,516,221,-1,221,516,517,-1,221,517,509,-1,512,518,506,-1,506,518,519,-1,506,519,504,-1,520,521,522,-1,520,522,523,-1,521,524,522,-1,522,524,525,-1,522,525,515,-1,515,525,526,-1,515,526,513,-1,3,527,528,-1,528,527,522,-1,528,522,529,-1,529,522,515,-1,529,515,530,-1,530,515,221,-1,530,221,531,-1,531,221,220,-1,531,220,532,-1,532,220,494,-1,532,494,533,-1,533,494,495,-1,219,214,220,-1,220,214,216,-1,220,216,494,-1,494,216,204,-1,494,204,492,-1,492,204,474,-1,492,474,534,-1,534,474,476,-1,527,176,522,-1,522,176,190,-1,522,190,523,-1,523,190,192,-1,523,192,196,-1,196,192,15,-1,196,15,197,-1,197,15,17,-1,535,84,536,-1,536,84,74,-1,536,74,537,-1,537,74,73,-1,537,73,538,-1,538,73,70,-1,538,70,539,-1,535,540,541,-1,540,542,541,-1,541,542,543,-1,541,543,537,-1,537,543,544,-1,537,544,536,-1,545,546,547,-1,547,546,543,-1,547,543,548,-1,548,543,542,-1,548,542,549,-1,549,542,550,-1,551,552,320,-1,189,185,179,-1,179,185,174,-1,179,174,177,-1,177,174,176,-1,177,176,553,-1,554,555,320,-1,320,555,556,-1,557,558,324,-1,324,558,559,-1,324,559,320,-1,320,559,560,-1,320,560,551,-1,3,5,527,-1,527,5,320,-1,527,320,176,-1,176,320,556,-1,176,556,553,-1,552,561,320,-1,320,561,562,-1,320,562,554,-1,553,563,177,-1,177,563,564,-1,177,564,324,-1,324,564,565,-1,324,565,566,-1,566,567,324,-1,324,567,568,-1,324,568,557,-1,7,434,8,-1,8,434,541,-1,8,541,442,-1,442,541,537,-1,442,537,454,-1,454,537,538,-1,454,538,495,-1,495,538,539,-1,495,539,533,-1,323,318,321,-1,321,318,320,-1,321,320,569,-1,569,320,327,-1,569,327,326,-1,326,327,317,-1,326,317,324,-1,324,317,280,-1,324,280,177,-1,177,280,281,-1,177,281,17,-1,17,281,284,-1,17,284,197,-1,197,284,295,-1,197,295,235,-1,235,295,297,-1,235,297,226,-1,226,297,393,-1,226,393,203,-1,203,393,447,-1,203,447,445,-1,445,447,449,-1,535,541,84,-1,84,541,434,-1,84,434,21,-1,21,434,570,-1,21,570,20,-1,570,571,20,-1,20,571,0,-1,20,0,331,-1,331,0,2,-1,331,2,434,-1,434,2,572,-1,434,572,570,-1,573,574,284,-1,575,576,286,-1,286,576,577,-1,286,577,284,-1,284,577,578,-1,284,578,573,-1,289,579,286,-1,286,579,580,-1,286,580,581,-1,574,582,284,-1,284,582,583,-1,284,583,584,-1,584,585,284,-1,284,585,586,-1,284,586,295,-1,295,586,587,-1,295,587,289,-1,289,587,588,-1,289,588,579,-1,581,589,286,-1,286,589,590,-1,286,590,575,-1,312,367,314,-1,314,367,345,-1,314,345,280,-1,280,345,333,-1,280,333,278,-1,278,333,288,-1,278,288,591,-1,591,288,287,-1,592,593,594,-1,594,593,595,-1,596,597,598,-1,598,597,599,-1,600,601,602,-1,602,601,603,-1,604,605,603,-1,603,605,598,-1,603,598,602,-1,602,598,599,-1,602,599,606,-1,606,599,607,-1,608,609,610,-1,610,609,611,-1,612,613,614,-1,614,613,615,-1,593,616,595,-1,595,616,617,-1,592,618,593,-1,593,618,616,-1,594,619,592,-1,592,619,618,-1,595,617,594,-1,594,617,619,-1,596,620,597,-1,597,620,621,-1,598,622,596,-1,596,622,620,-1,605,623,598,-1,598,623,622,-1,604,624,605,-1,605,624,623,-1,603,625,604,-1,604,625,624,-1,601,626,603,-1,603,626,625,-1,600,627,601,-1,601,627,626,-1,602,628,600,-1,600,628,627,-1,606,629,602,-1,602,629,628,-1,607,630,606,-1,606,630,629,-1,599,631,607,-1,607,631,630,-1,597,621,599,-1,599,621,631,-1,632,633,634,-1,634,633,635,-1,636,637,638,-1,638,637,639,-1,609,640,611,-1,611,640,641,-1,610,642,608,-1,608,642,643,-1,614,644,612,-1,612,644,645,-1,613,646,615,-1,615,646,647,-1,648,649,617,-1,648,617,650,-1,619,617,651,-1,616,652,617,-1,617,652,653,-1,617,653,650,-1,649,654,617,-1,617,654,655,-1,617,655,656,-1,656,657,617,-1,617,657,658,-1,617,658,651,-1,659,660,616,-1,616,660,661,-1,616,661,652,-1,651,662,619,-1,619,662,663,-1,619,663,618,-1,618,663,664,-1,618,664,616,-1,616,664,665,-1,616,665,666,-1,666,667,616,-1,616,667,668,-1,616,668,669,-1,669,670,616,-1,616,670,671,-1,616,671,659,-1,672,673,631,-1,631,673,630,-1,620,674,621,-1,621,674,675,-1,621,675,631,-1,631,675,676,-1,631,676,672,-1,673,677,630,-1,630,677,678,-1,630,678,629,-1,629,678,679,-1,629,679,628,-1,628,679,680,-1,624,681,623,-1,623,681,682,-1,623,682,622,-1,622,682,683,-1,627,684,626,-1,626,684,685,-1,626,685,625,-1,625,685,686,-1,686,687,625,-1,625,687,688,-1,625,688,624,-1,624,688,689,-1,624,689,681,-1,680,690,628,-1,628,690,691,-1,628,691,627,-1,627,691,692,-1,627,692,684,-1,683,693,622,-1,622,693,694,-1,622,694,620,-1,620,694,695,-1,620,695,674,-1,696,632,697,-1,697,632,634,-1,698,636,699,-1,699,636,638,-1,700,635,701,-1,701,635,633,-1,637,702,639,-1,639,702,703,-1,640,704,641,-1,641,704,705,-1,643,642,706,-1,706,642,645,-1,706,645,644,-1,707,647,708,-1,708,647,646,-1,709,655,710,-1,710,655,654,-1,710,654,711,-1,711,654,649,-1,711,649,712,-1,712,649,648,-1,712,648,713,-1,713,648,650,-1,713,650,714,-1,714,650,653,-1,714,653,715,-1,715,653,652,-1,715,652,716,-1,716,652,661,-1,716,661,717,-1,717,661,660,-1,717,660,718,-1,718,660,659,-1,718,659,719,-1,719,659,671,-1,719,671,720,-1,720,671,670,-1,720,670,721,-1,721,670,669,-1,721,669,722,-1,722,669,668,-1,722,668,723,-1,723,668,667,-1,723,667,724,-1,724,667,666,-1,724,666,725,-1,725,666,665,-1,725,665,726,-1,726,665,664,-1,726,664,727,-1,727,664,663,-1,727,663,728,-1,728,663,662,-1,728,662,729,-1,729,662,651,-1,729,651,730,-1,730,651,658,-1,730,658,731,-1,731,658,657,-1,731,657,732,-1,732,657,656,-1,732,656,709,-1,709,656,655,-1,733,678,734,-1,734,678,677,-1,734,677,735,-1,735,677,673,-1,735,673,736,-1,736,673,672,-1,736,672,737,-1,737,672,676,-1,737,676,738,-1,738,676,675,-1,738,675,739,-1,739,675,674,-1,739,674,740,-1,740,674,695,-1,740,695,741,-1,741,695,694,-1,741,694,742,-1,742,694,693,-1,742,693,743,-1,743,693,683,-1,743,683,744,-1,744,683,682,-1,744,682,745,-1,745,682,681,-1,745,681,746,-1,746,681,689,-1,746,689,747,-1,747,689,688,-1,747,688,748,-1,748,688,687,-1,748,687,749,-1,749,687,686,-1,749,686,750,-1,750,686,685,-1,750,685,751,-1,751,685,684,-1,751,684,752,-1,752,684,692,-1,752,692,753,-1,753,692,691,-1,753,691,754,-1,754,691,690,-1,754,690,755,-1,755,690,680,-1,755,680,756,-1,756,680,679,-1,756,679,733,-1,733,679,678,-1,757,758,759,-1,759,758,760,-1,759,760,761,-1,761,760,762,-1,761,762,763,-1,763,762,764,-1,763,764,765,-1,765,764,766,-1,765,766,767,-1,767,766,768,-1,767,768,769,-1,769,768,770,-1,769,770,771,-1,771,770,772,-1,771,772,773,-1,773,772,774,-1,773,774,775,-1,775,774,776,-1,775,776,777,-1,777,776,778,-1,777,778,779,-1,779,778,780,-1,779,780,781,-1,781,780,782,-1,781,782,783,-1,783,782,784,-1,783,784,785,-1,785,784,786,-1,785,786,787,-1,787,786,788,-1,787,788,789,-1,789,788,790,-1,789,790,791,-1,791,790,792,-1,791,792,793,-1,792,794,793,-1,793,794,795,-1,793,795,796,-1,796,795,797,-1,796,797,798,-1,798,797,799,-1,798,799,800,-1,800,799,801,-1,800,801,802,-1,802,801,803,-1,802,803,804,-1,804,803,805,-1,804,805,757,-1,757,805,806,-1,757,806,758,-1,807,808,809,-1,809,808,810,-1,809,810,811,-1,811,810,812,-1,811,812,813,-1,813,812,814,-1,813,814,815,-1,815,814,816,-1,815,816,817,-1,817,816,818,-1,817,818,819,-1,819,818,820,-1,819,820,821,-1,821,820,822,-1,821,822,823,-1,823,822,824,-1,823,824,825,-1,825,824,826,-1,825,826,827,-1,827,826,828,-1,827,828,829,-1,829,828,830,-1,829,830,831,-1,831,830,832,-1,831,832,833,-1,833,832,834,-1,833,834,835,-1,835,834,836,-1,835,836,837,-1,837,836,838,-1,837,838,839,-1,839,838,840,-1,839,840,841,-1,841,840,842,-1,841,842,843,-1,842,844,843,-1,843,844,845,-1,843,845,846,-1,846,845,847,-1,846,847,848,-1,848,847,849,-1,848,849,850,-1,850,849,851,-1,850,851,852,-1,852,851,853,-1,852,853,854,-1,854,853,855,-1,854,855,807,-1,807,855,856,-1,807,856,808,-1,704,857,705,-1,705,857,858,-1,611,641,610,-1,610,641,705,-1,610,705,642,-1,642,705,858,-1,642,858,645,-1,645,858,859,-1,645,859,612,-1,612,859,708,-1,612,708,613,-1,613,708,646,-1,708,859,707,-1,707,859,860,-1,861,862,863,-1,864,865,861,-1,866,867,868,-1,868,867,869,-1,868,869,870,-1,870,869,871,-1,872,873,866,-1,861,863,864,-1,864,863,874,-1,864,874,875,-1,876,877,863,-1,878,879,880,-1,880,879,881,-1,880,881,868,-1,881,882,868,-1,868,882,883,-1,868,883,866,-1,866,883,884,-1,866,884,872,-1,885,874,886,-1,886,874,887,-1,888,889,890,-1,877,891,863,-1,863,891,892,-1,863,892,874,-1,874,892,893,-1,874,893,887,-1,888,890,894,-1,873,895,866,-1,866,895,896,-1,866,896,863,-1,863,896,897,-1,863,897,876,-1,894,890,880,-1,880,890,898,-1,880,898,878,-1,886,899,885,-1,885,899,900,-1,885,900,901,-1,901,902,885,-1,885,902,903,-1,885,903,904,-1,904,903,905,-1,702,906,703,-1,703,906,907,-1,701,908,700,-1,700,908,909,-1,910,911,912,-1,913,914,915,-1,916,917,914,-1,918,919,920,-1,920,919,913,-1,920,913,921,-1,921,913,915,-1,922,923,913,-1,924,925,926,-1,926,925,927,-1,926,927,928,-1,913,923,914,-1,914,923,929,-1,914,929,916,-1,930,931,912,-1,912,931,926,-1,912,926,910,-1,910,926,928,-1,910,928,932,-1,917,933,914,-1,914,933,934,-1,914,934,926,-1,926,934,935,-1,926,935,924,-1,932,936,910,-1,910,936,937,-1,910,937,938,-1,938,937,939,-1,938,939,940,-1,941,942,943,-1,944,945,946,-1,940,947,938,-1,938,947,941,-1,938,941,948,-1,948,941,943,-1,922,913,949,-1,949,913,950,-1,949,950,946,-1,946,950,951,-1,946,951,944,-1,952,953,945,-1,945,953,954,-1,945,954,946,-1,955,777,956,-1,956,777,779,-1,956,779,957,-1,957,779,781,-1,957,781,958,-1,958,781,783,-1,958,783,959,-1,959,783,785,-1,959,785,960,-1,960,785,787,-1,960,787,961,-1,961,787,789,-1,961,789,962,-1,962,789,791,-1,962,791,963,-1,963,791,793,-1,963,793,964,-1,964,793,796,-1,964,796,965,-1,965,796,798,-1,965,798,966,-1,966,798,800,-1,966,800,967,-1,967,800,802,-1,967,802,968,-1,968,802,804,-1,968,804,969,-1,969,804,757,-1,969,757,970,-1,970,757,759,-1,970,759,971,-1,971,759,761,-1,971,761,972,-1,972,761,763,-1,972,763,973,-1,973,763,765,-1,973,765,974,-1,974,765,767,-1,974,767,975,-1,975,767,769,-1,975,769,976,-1,976,769,771,-1,976,771,977,-1,977,771,773,-1,977,773,978,-1,978,773,775,-1,978,775,955,-1,955,775,777,-1,979,827,980,-1,980,827,829,-1,980,829,981,-1,981,829,831,-1,981,831,982,-1,982,831,833,-1,982,833,983,-1,983,833,835,-1,983,835,984,-1,984,835,837,-1,984,837,985,-1,985,837,839,-1,985,839,986,-1,986,839,841,-1,986,841,987,-1,987,841,843,-1,987,843,988,-1,988,843,846,-1,988,846,989,-1,989,846,848,-1,989,848,990,-1,990,848,850,-1,990,850,991,-1,991,850,852,-1,991,852,992,-1,992,852,854,-1,992,854,993,-1,993,854,807,-1,993,807,994,-1,994,807,809,-1,994,809,995,-1,995,809,811,-1,995,811,996,-1,996,811,813,-1,996,813,997,-1,997,813,815,-1,997,815,998,-1,998,815,817,-1,998,817,999,-1,999,817,819,-1,999,819,1000,-1,1000,819,821,-1,1000,821,1001,-1,1001,821,823,-1,1001,823,1002,-1,1002,823,825,-1,1002,825,979,-1,979,825,827,-1,697,1003,696,-1,696,1003,1004,-1,634,635,697,-1,697,635,700,-1,697,700,1003,-1,1003,700,909,-1,1003,909,1005,-1,1005,909,906,-1,1005,906,698,-1,698,906,702,-1,698,702,636,-1,636,702,637,-1,699,1006,698,-1,698,1006,1005,-1,1007,365,1008,-1,1008,365,364,-1,866,863,1009,-1,1009,863,1010,-1,864,875,1011,-1,1011,875,1012,-1,875,874,1012,-1,1012,874,1013,-1,874,885,1013,-1,1013,885,1014,-1,899,1015,1016,-1,899,1016,900,-1,900,1016,1017,-1,900,1017,901,-1,901,1017,1018,-1,901,1018,902,-1,902,1018,1019,-1,902,1019,903,-1,903,1019,1020,-1,903,1020,905,-1,905,1020,1021,-1,905,1021,904,-1,904,1021,1014,-1,904,1014,885,-1,899,886,1015,-1,1015,886,1022,-1,897,1023,876,-1,876,1023,1024,-1,876,1024,877,-1,877,1024,1025,-1,877,1025,891,-1,891,1025,1026,-1,891,1026,892,-1,892,1026,1027,-1,892,1027,893,-1,893,1027,1028,-1,893,1028,887,-1,887,1028,1029,-1,887,1029,886,-1,886,1029,1022,-1,897,896,1023,-1,1023,896,1030,-1,881,1031,882,-1,882,1031,1032,-1,882,1032,883,-1,883,1032,1033,-1,883,1033,884,-1,884,1033,1034,-1,884,1034,872,-1,872,1034,1035,-1,872,1035,873,-1,873,1035,1036,-1,873,1036,895,-1,895,1036,1037,-1,895,1037,896,-1,896,1037,1030,-1,881,879,1031,-1,1031,879,1038,-1,880,1039,1040,-1,880,1040,894,-1,894,1040,1041,-1,894,1041,888,-1,888,1041,1042,-1,888,1042,889,-1,889,1042,1043,-1,889,1043,890,-1,890,1043,1044,-1,890,1044,898,-1,898,1044,1045,-1,898,1045,878,-1,878,1045,1038,-1,878,1038,879,-1,880,868,1039,-1,1039,868,1046,-1,868,870,1046,-1,1046,870,1047,-1,870,871,1047,-1,1047,871,1048,-1,28,1049,29,-1,29,1049,1050,-1,1051,1052,1053,-1,860,920,707,-1,707,920,921,-1,1054,1055,706,-1,706,1055,1056,-1,644,614,615,-1,706,644,1054,-1,1054,644,615,-1,1054,615,1057,-1,1057,615,647,-1,1057,647,1056,-1,1056,647,856,-1,1056,856,706,-1,1058,842,840,-1,707,820,818,-1,647,814,812,-1,812,810,647,-1,647,810,808,-1,647,808,856,-1,840,838,1058,-1,1058,838,836,-1,1058,836,921,-1,921,836,834,-1,707,818,647,-1,647,818,816,-1,647,816,814,-1,834,832,921,-1,921,832,830,-1,921,830,828,-1,828,826,921,-1,921,826,824,-1,921,824,707,-1,707,824,822,-1,707,822,820,-1,847,845,1058,-1,1058,845,844,-1,1058,844,842,-1,865,857,861,-1,861,857,704,-1,608,643,609,-1,609,643,706,-1,609,706,640,-1,640,706,856,-1,640,856,704,-1,704,856,855,-1,704,855,861,-1,861,855,853,-1,853,851,861,-1,861,851,849,-1,861,849,847,-1,1059,1060,1058,-1,1006,699,1053,-1,1053,699,638,-1,847,1058,861,-1,861,1058,1060,-1,861,1060,862,-1,907,869,703,-1,703,869,867,-1,806,805,867,-1,795,639,797,-1,797,639,703,-1,805,803,867,-1,867,803,801,-1,867,801,703,-1,703,801,799,-1,703,799,797,-1,715,1061,714,-1,714,1061,713,-1,1058,727,728,-1,867,1059,806,-1,806,1059,1058,-1,806,1058,733,-1,733,1058,756,-1,638,639,1053,-1,1053,639,795,-1,1053,795,1051,-1,1051,795,1062,-1,728,729,1058,-1,1058,729,730,-1,1058,730,731,-1,731,732,1058,-1,1058,732,709,-1,1058,709,756,-1,756,709,710,-1,756,710,755,-1,931,930,701,-1,701,930,908,-1,727,1058,726,-1,726,1058,921,-1,726,921,725,-1,1063,711,1061,-1,1061,711,712,-1,1061,712,713,-1,696,1004,632,-1,632,1004,1064,-1,632,1064,633,-1,633,1064,1062,-1,721,722,921,-1,722,723,921,-1,921,723,724,-1,921,724,725,-1,770,768,738,-1,792,790,633,-1,710,711,755,-1,755,711,1063,-1,755,1063,754,-1,754,1063,753,-1,735,762,734,-1,734,762,760,-1,734,760,733,-1,733,760,758,-1,733,758,806,-1,750,751,1063,-1,1063,751,752,-1,1063,752,753,-1,915,719,921,-1,921,719,720,-1,921,720,721,-1,1062,795,633,-1,633,795,794,-1,633,794,792,-1,770,738,772,-1,772,738,739,-1,772,739,740,-1,715,716,1061,-1,1061,716,717,-1,1061,717,915,-1,915,717,718,-1,915,718,719,-1,782,780,701,-1,735,736,762,-1,762,736,737,-1,762,737,764,-1,764,737,738,-1,764,738,766,-1,766,738,768,-1,740,741,772,-1,772,741,742,-1,772,742,774,-1,774,742,743,-1,774,743,744,-1,790,788,633,-1,633,788,786,-1,633,786,701,-1,701,786,784,-1,701,784,782,-1,931,745,746,-1,746,747,931,-1,931,747,748,-1,931,748,1063,-1,1063,748,749,-1,1063,749,750,-1,744,745,774,-1,774,745,931,-1,774,931,776,-1,776,931,701,-1,776,701,778,-1,778,701,780,-1,864,1011,1049,-1,1049,28,918,-1,918,28,30,-1,858,857,865,-1,920,860,918,-1,918,860,859,-1,918,859,1049,-1,1049,859,858,-1,1049,858,864,-1,864,858,865,-1,330,918,33,-1,33,918,30,-1,330,332,918,-1,918,332,341,-1,918,341,339,-1,336,335,918,-1,918,335,334,-1,918,334,919,-1,919,334,360,-1,339,338,918,-1,918,338,337,-1,918,337,336,-1,919,360,913,-1,913,360,361,-1,362,950,361,-1,361,950,913,-1,351,946,954,-1,351,954,352,-1,352,954,953,-1,352,953,353,-1,353,953,952,-1,353,952,354,-1,354,952,945,-1,354,945,356,-1,356,945,944,-1,356,944,357,-1,357,944,951,-1,357,951,363,-1,363,951,950,-1,363,950,362,-1,350,949,351,-1,351,949,946,-1,346,934,347,-1,347,934,933,-1,347,933,348,-1,348,933,917,-1,348,917,349,-1,349,917,916,-1,349,916,358,-1,358,916,929,-1,358,929,359,-1,359,929,923,-1,359,923,355,-1,355,923,922,-1,355,922,350,-1,350,922,949,-1,343,935,344,-1,344,935,934,-1,344,934,346,-1,375,937,376,-1,376,937,936,-1,376,936,370,-1,370,936,932,-1,370,932,371,-1,371,932,928,-1,371,928,377,-1,377,928,927,-1,377,927,378,-1,378,927,925,-1,378,925,379,-1,379,925,924,-1,379,924,343,-1,343,924,935,-1,937,375,939,-1,939,375,373,-1,374,938,948,-1,374,948,383,-1,383,948,943,-1,383,943,380,-1,380,943,942,-1,380,942,381,-1,381,942,941,-1,381,941,382,-1,382,941,947,-1,382,947,384,-1,384,947,940,-1,384,940,372,-1,372,940,939,-1,372,939,373,-1,369,910,374,-1,374,910,938,-1,368,911,369,-1,369,911,910,-1,366,912,368,-1,368,912,911,-1,1007,1048,871,-1,908,930,909,-1,909,930,912,-1,909,912,906,-1,869,907,871,-1,871,907,906,-1,871,906,1007,-1,1007,906,912,-1,1007,912,365,-1,365,912,366,-1,316,914,315,-1,315,914,926,-1,315,926,313,-1,966,1065,965,-1,965,1065,1066,-1,965,1066,964,-1,964,1066,1067,-1,964,1067,963,-1,963,1067,1068,-1,963,1068,962,-1,962,1068,1069,-1,962,1069,961,-1,961,1069,1070,-1,961,1070,960,-1,960,1070,1071,-1,960,1071,959,-1,959,1071,1072,-1,959,1072,958,-1,958,1072,1073,-1,958,1073,957,-1,957,1073,1074,-1,957,1074,956,-1,956,1074,1075,-1,956,1075,955,-1,955,1075,1076,-1,955,1076,978,-1,978,1076,1077,-1,978,1077,977,-1,977,1077,1078,-1,977,1078,976,-1,976,1078,1079,-1,976,1079,975,-1,975,1079,1080,-1,975,1080,974,-1,974,1080,1081,-1,974,1081,973,-1,973,1081,1082,-1,973,1082,972,-1,972,1082,1083,-1,972,1083,971,-1,971,1083,1084,-1,971,1084,970,-1,970,1084,1085,-1,970,1085,969,-1,969,1085,1086,-1,969,1086,968,-1,968,1086,1087,-1,968,1087,967,-1,967,1087,1088,-1,967,1088,966,-1,966,1088,1065,-1,990,1089,989,-1,989,1089,1090,-1,989,1090,988,-1,988,1090,1091,-1,988,1091,987,-1,987,1091,1092,-1,987,1092,986,-1,986,1092,1093,-1,986,1093,985,-1,985,1093,1094,-1,985,1094,984,-1,984,1094,1095,-1,984,1095,983,-1,983,1095,1096,-1,983,1096,982,-1,982,1096,1097,-1,982,1097,981,-1,981,1097,1098,-1,981,1098,980,-1,980,1098,1099,-1,980,1099,979,-1,979,1099,1100,-1,979,1100,1002,-1,1002,1100,1101,-1,1002,1101,1001,-1,1001,1101,1102,-1,1001,1102,1000,-1,1000,1102,1103,-1,1000,1103,999,-1,999,1103,1104,-1,999,1104,998,-1,998,1104,1105,-1,998,1105,997,-1,997,1105,1106,-1,997,1106,996,-1,996,1106,1107,-1,996,1107,995,-1,995,1107,1108,-1,995,1108,994,-1,994,1108,1109,-1,994,1109,993,-1,993,1109,1110,-1,993,1110,992,-1,992,1110,1111,-1,992,1111,991,-1,991,1111,1112,-1,991,1112,990,-1,990,1112,1089,-1,1055,1113,1056,-1,1056,1113,1114,-1,1056,1114,1057,-1,1057,1114,1115,-1,1115,1116,1057,-1,1057,1116,1054,-1,1116,1113,1054,-1,1054,1113,1055,-1,1117,1118,1062,-1,1062,1118,1051,-1,1118,1119,1051,-1,1051,1119,1052,-1,1005,1006,1053,-1,1119,1120,1052,-1,1052,1120,1064,-1,1004,1003,1064,-1,1064,1003,1005,-1,1064,1005,1052,-1,1052,1005,1053,-1,1064,1120,1062,-1,1062,1120,1117,-1,1008,364,367,-1,311,387,1121,-1,1121,387,389,-1,1121,389,391,-1,1008,367,1121,-1,1121,367,312,-1,1121,312,311,-1,866,1009,867,-1,867,1009,1122,-1,867,1122,1059,-1,1059,1122,1123,-1,1059,1123,1060,-1,1060,1123,1124,-1,1060,1124,862,-1,862,1124,1125,-1,862,1125,863,-1,863,1125,1010,-1,1126,1050,1011,-1,1011,1050,1049,-1,1007,1008,1048,-1,1048,1008,1121,-1,1046,1047,1048,-1,1011,1012,1126,-1,1126,1012,1013,-1,1126,1013,1125,-1,1026,1025,1010,-1,1026,1010,1027,-1,1037,1036,1009,-1,1009,1036,1035,-1,1009,1035,1034,-1,1125,1013,1010,-1,1010,1013,1028,-1,1010,1028,1027,-1,1121,1122,1048,-1,1048,1122,1009,-1,1048,1009,1046,-1,1046,1009,1034,-1,1046,1034,1033,-1,1016,1015,1014,-1,1014,1015,1022,-1,1014,1022,1013,-1,1013,1022,1029,-1,1013,1029,1028,-1,1025,1024,1010,-1,1010,1024,1023,-1,1010,1023,1009,-1,1009,1023,1030,-1,1009,1030,1037,-1,1033,1032,1046,-1,1046,1032,1031,-1,1046,1031,1039,-1,1039,1031,1038,-1,1039,1038,1045,-1,1043,1042,1041,-1,1045,1044,1039,-1,1039,1044,1043,-1,1039,1043,1040,-1,1040,1043,1041,-1,1020,1019,1021,-1,1021,1019,1018,-1,1021,1018,1014,-1,1014,1018,1017,-1,1014,1017,1016,-1,67,64,1126,-1,1126,64,52,-1,1126,52,56,-1,29,1050,31,-1,31,1050,1126,-1,31,1126,39,-1,39,1126,56,-1,1127,1061,329,-1,329,1061,915,-1,329,915,328,-1,328,915,327,-1,327,915,317,-1,317,915,914,-1,317,914,316,-1,1061,1127,1063,-1,1063,1127,1128,-1,1063,1128,931,-1,931,1128,390,-1,931,390,388,-1,313,926,385,-1,385,926,931,-1,385,931,386,-1,386,931,388,-1,1127,1126,1124,-1,1124,1126,1125,-1,1117,1120,391,-1,391,1120,1121,-1,1121,1120,1119,-1,1121,1119,1122,-1,1070,1069,1118,-1,1099,1098,329,-1,329,1098,1097,-1,329,1097,1127,-1,1127,1097,1096,-1,1114,1112,1115,-1,1115,1112,1111,-1,1115,1111,1110,-1,1099,329,1100,-1,1100,329,4,-1,1100,4,1101,-1,1096,1095,1127,-1,1127,1095,1094,-1,1127,1094,1093,-1,1093,1092,1127,-1,1127,1092,1091,-1,1127,1091,1126,-1,1126,1091,1090,-1,1126,1090,1089,-1,1115,70,1116,-1,1116,70,67,-1,1116,67,1113,-1,1113,67,1126,-1,1113,1126,1114,-1,1114,1126,1089,-1,1114,1089,1112,-1,1128,1085,1084,-1,1080,1079,390,-1,390,1079,1078,-1,390,1078,391,-1,391,1078,1077,-1,391,1077,1117,-1,1110,1109,1115,-1,1115,1109,1108,-1,1115,1108,1107,-1,1107,1106,1115,-1,1115,1106,1105,-1,1115,1105,70,-1,1101,4,1102,-1,1102,4,3,-1,1102,3,1103,-1,1105,1104,70,-1,70,1104,1103,-1,70,1103,539,-1,539,1103,533,-1,1084,1083,1128,-1,1128,1083,1082,-1,1128,1082,390,-1,390,1082,1081,-1,390,1081,1080,-1,1077,1076,1117,-1,1117,1076,1075,-1,1117,1075,1074,-1,1069,1068,1118,-1,1118,1068,1067,-1,1118,1067,1066,-1,1074,1073,1117,-1,1117,1073,1072,-1,1117,1072,1118,-1,1118,1072,1071,-1,1118,1071,1070,-1,1119,1118,1122,-1,1122,1118,1066,-1,1122,1066,1123,-1,1123,1066,1065,-1,1123,1065,1124,-1,1124,1065,1088,-1,1124,1088,1127,-1,1127,1088,1087,-1,1127,1087,1128,-1,1128,1087,1086,-1,1128,1086,1085,-1,3,528,1103,-1,1103,528,529,-1,1103,529,530,-1,530,531,1103,-1,1103,531,532,-1,1103,532,533,-1,
        ]
    }
}
Shape{
    appearance Appearance {
        material  Material 	{
            diffuseColor 1.0 1.0 1.0
            specularColor 0.5019607843137255 0.5019607843137255 0.5019607843137255
            ambientIntensity 1.0
            transparency 0.0
            shininess 0.5
        }
    }
    geometry IndexedFaceSet {
        ccw TRUE
        solid FALSE
        coord DEF co Coordinate {
            point [
                13.2465 4.1161 1.0319, 13.2465 4.1161 1.0015, 13.2465 4.1122 1.0319, 13.2465 4.1122 1.0015, 13.3528 4.1161 1.0319, 13.3528 4.1122 1.0319, 13.3528 4.1161 1.2684, 13.3528 4.1122 1.2684, 13.3872 4.1161 1.2684, 13.3872 4.1122 1.2684, 13.3872 4.1161 1.0015, 13.3872 4.1122 1.0015, 13.1096 4.1161 0.997, 13.1096 4.1122 0.997, 13.0888 4.1122 0.9992, 13.0647 4.1161 1.0018, 13.0647 4.1122 1.0018, 13.0471 4.1122 1.0083, 13.0357 4.1161 1.0125, 13.0357 4.1122 1.0125, 13.0357 4.1161 1.0456, 13.0357 4.1122 1.0456, 13.0471 4.1122 1.0405, 13.0631 4.1161 1.0334, 13.0631 4.1122 1.0334, 13.0934 4.1122 1.0281, 13.0934 4.1161 1.0281, 13.1046 4.1122 1.0277, 13.1046 4.1161 1.0277, 13.1295 4.1122 1.0304, 13.1295 4.1161 1.0304, 13.1489 4.1122 1.0374, 13.1489 4.1161 1.0374, 13.1666 4.1122 1.0494, 13.1666 4.1161 1.0494, 13.1732 4.1122 1.0558, 13.1732 4.1161 1.0558, 13.1868 4.1122 1.0749, 13.1868 4.1161 1.0749, 13.1952 4.1122 1.0967, 13.1952 4.1161 1.0967, 13.1994 4.1122 1.1294, 13.1994 4.1161 1.1294, 13.1994 4.1122 1.1319, 13.1994 4.1161 1.1319, 13.1957 4.1122 1.1656, 13.1957 4.1161 1.1656, 13.1872 4.1122 1.1894, 13.1872 4.1161 1.1894, 13.1748 4.1122 1.2083, 13.1748 4.1161 1.2083, 13.1714 4.1122 1.2122, 13.1714 4.1161 1.2122, 13.1543 4.1122 1.2264, 13.1543 4.1161 1.2264, 13.1335 4.1122 1.2365, 13.1335 4.1161 1.2365, 13.1105 4.1122 1.2412, 13.1105 4.1161 1.2412, 13.0986 4.1122 1.2418, 13.0986 4.1161 1.2418, 13.0672 4.1122 1.2382, 13.0471 4.1122 1.2308, 13.04 4.1161 1.2282, 13.0672 4.1161 1.2382, 13.04 4.1122 1.2282, 13.0357 4.1122 1.2259, 13.0357 4.1161 1.2259, 13.0357 4.1161 1.262, 13.0357 4.1122 1.262, 13.099 4.1122 1.2729, 13.099 4.1161 1.2729, 13.0965 4.1161 1.2729, 13.0471 4.1122 1.2654, 13.062 4.1161 1.2698, 13.062 4.1122 1.2698, 13.0716 4.1122 1.2706, 13.0965 4.1122 1.2729, 13.1173 4.1122 1.2706, 13.1379 4.1161 1.2681, 13.1379 4.1122 1.2681, 13.1657 4.1122 1.2572, 13.1657 4.1161 1.2572, 13.1907 4.1122 1.2397, 13.1907 4.1161 1.2397, 13.197 4.1122 1.2336, 13.197 4.1161 1.2336, 13.2155 4.1122 1.2097, 13.2155 4.1161 1.2097, 13.2236 4.1122 1.1914, 13.2286 4.1161 1.1803, 13.2286 4.1122 1.1803, 13.2349 4.1122 1.1458, 13.2349 4.1161 1.1458, 13.2356 4.1122 1.1299, 13.2356 4.1161 1.1299, 13.2307 4.1122 1.0882, 13.2236 4.1122 1.0692, 13.2201 4.1161 1.0599, 13.2307 4.1161 1.0882, 13.2201 4.1122 1.0599, 13.2045 4.1122 1.0369, 13.2045 4.1161 1.0369, 13.2013 4.1122 1.0334, 13.2013 4.1161 1.0334, 13.1561 4.1122 1.0042, 13.1811 4.1161 1.0164, 13.1811 4.1122 1.0164, 13.1335 4.1122 0.9992, 13.1275 4.1161 0.9979, 13.1561 4.1161 1.0042, 13.1275 4.1122 0.9979, 12.8388 4.1161 1.0319, 12.8388 4.1161 1.0015, 12.8388 4.1122 1.0319, 12.8388 4.1122 1.0015, 12.9479 4.1122 1.0319, 12.9479 4.1161 1.0319, 12.8758 4.1122 1.0319, 12.9479 4.1161 1.1217, 12.9479 4.1122 1.1217, 12.8524 4.1122 1.1217, 12.8524 4.1161 1.1217, 12.8758 4.1122 1.1217, 12.8524 4.1161 1.1523, 12.8524 4.1122 1.1523, 12.9479 4.1122 1.1523, 12.9479 4.1161 1.1523, 12.8758 4.1122 1.1523, 12.9479 4.1161 1.2377, 12.9479 4.1122 1.2377, 12.8448 4.1122 1.2377, 12.8448 4.1161 1.2377, 12.8758 4.1122 1.2377, 12.8448 4.1161 1.2684, 12.8448 4.1122 1.2684, 12.9823 4.1122 1.2684, 12.9823 4.1161 1.2684, 12.8758 4.1122 1.2684, 12.9823 4.1161 1.0015, 12.9823 4.1122 1.0015, 12.8758 4.1122 1.0015, 12.7151 4.1161 1.0319, 12.7149 4.1161 1.0015, 12.6813 4.1161 1.0355, 12.6723 4.1161 1.0063, 12.6585 4.1161 1.0437, 12.6414 4.1161 1.0177, 12.6408 4.1161 1.0552, 12.6154 4.1161 1.0352, 12.6358 4.1161 1.0597, 12.6113 4.1161 1.0389, 12.6219 4.1161 1.0773, 12.5924 4.1161 1.0611, 12.6129 4.1161 1.0974, 12.5789 4.1161 1.0885, 12.608 4.1161 1.1222, 12.572 4.1161 1.1194, 12.6073 4.1161 1.1374, 12.571 4.1161 1.1383, 12.6105 4.1161 1.1678, 12.5748 4.1161 1.1724, 12.6176 4.1161 1.1881, 12.5842 4.1161 1.1984, 12.6276 4.1161 1.2035, 12.6003 4.1161 1.2221, 12.6365 4.1161 1.2126, 12.6113 4.1161 1.233, 12.6571 4.1161 1.226, 12.6377 4.1161 1.2513, 12.6804 4.1161 1.2342, 12.6697 4.1161 1.2635, 12.7136 4.1161 1.2377, 12.7122 4.1161 1.2684, 12.7539 4.1161 1.2377, 12.7883 4.1161 1.2684, 12.7539 4.1161 1.0319, 12.7883 4.1161 1.0015, 12.7149 4.1122 1.0015, 12.7883 4.1122 1.0015, 12.6723 4.1122 1.0063, 12.6414 4.1122 1.0177, 12.6154 4.1122 1.0352, 12.6113 4.1122 1.0389, 12.5924 4.1122 1.0611, 12.5789 4.1122 1.0885, 12.572 4.1122 1.1194, 12.571 4.1122 1.1383, 12.5748 4.1122 1.1724, 12.5842 4.1122 1.1984, 12.6003 4.1122 1.2221, 12.6113 4.1122 1.233, 12.6377 4.1122 1.2513, 12.6697 4.1122 1.2635, 12.7122 4.1122 1.2684, 12.7883 4.1122 1.2684, 12.7136 4.1122 1.2377, 12.7539 4.1122 1.2377, 12.7539 4.1122 1.0319, 12.7151 4.1122 1.0319, 12.6358 4.1122 1.0597, 12.6408 4.1122 1.0552, 12.6585 4.1122 1.0437, 12.6813 4.1122 1.0355, 12.6073 4.1122 1.1374, 12.608 4.1122 1.1222, 12.6129 4.1122 1.0974, 12.6219 4.1122 1.0773, 12.6365 4.1122 1.2126, 12.6276 4.1122 1.2035, 12.6176 4.1122 1.1881, 12.6105 4.1122 1.1678, 12.6804 4.1122 1.2342, 12.6571 4.1122 1.226
            ]
        }
        coordIndex [
            0,1,2,-1,2,1,3,-1,4,0,5,-1,5,0,2,-1,6,4,7,-1,7,4,5,-1,8,6,9,-1,9,6,7,-1,10,8,11,-1,11,8,9,-1,1,10,3,-1,3,10,11,-1,6,8,4,-1,4,8,10,-1,4,10,0,-1,0,10,1,-1,12,13,14,-1,12,14,15,-1,14,16,15,-1,15,16,17,-1,15,17,18,-1,18,17,19,-1,20,18,21,-1,21,18,19,-1,20,21,22,-1,20,22,23,-1,22,24,23,-1,23,24,25,-1,23,25,26,-1,26,25,27,-1,26,27,28,-1,28,27,29,-1,28,29,30,-1,30,29,31,-1,30,31,32,-1,32,31,33,-1,32,33,34,-1,34,33,35,-1,34,35,36,-1,36,35,37,-1,36,37,38,-1,38,37,39,-1,38,39,40,-1,40,39,41,-1,40,41,42,-1,42,41,43,-1,42,43,44,-1,44,43,45,-1,44,45,46,-1,46,45,47,-1,46,47,48,-1,48,47,49,-1,48,49,50,-1,50,49,51,-1,50,51,52,-1,52,51,53,-1,52,53,54,-1,54,53,55,-1,54,55,56,-1,56,55,57,-1,56,57,58,-1,58,57,59,-1,58,59,60,-1,60,59,61,-1,62,63,61,-1,61,63,64,-1,61,64,60,-1,62,65,63,-1,63,65,66,-1,63,66,67,-1,68,67,69,-1,69,67,66,-1,70,71,72,-1,68,69,73,-1,68,73,74,-1,73,75,74,-1,74,75,76,-1,74,76,72,-1,72,76,77,-1,72,77,70,-1,71,70,78,-1,71,78,79,-1,78,80,79,-1,79,80,81,-1,79,81,82,-1,82,81,83,-1,82,83,84,-1,84,83,85,-1,84,85,86,-1,86,85,87,-1,86,87,88,-1,88,87,89,-1,88,89,90,-1,89,91,90,-1,90,91,92,-1,90,92,93,-1,93,92,94,-1,93,94,95,-1,95,94,96,-1,97,98,96,-1,96,98,99,-1,96,99,95,-1,97,100,98,-1,98,100,101,-1,98,101,102,-1,102,101,103,-1,102,103,104,-1,105,106,107,-1,107,106,104,-1,107,104,103,-1,108,109,105,-1,105,109,110,-1,105,110,106,-1,108,111,109,-1,109,111,13,-1,109,13,12,-1,63,67,68,-1,38,40,99,-1,46,48,88,-1,99,40,95,-1,88,48,86,-1,63,68,64,-1,64,68,74,-1,64,74,60,-1,60,74,72,-1,60,72,58,-1,58,72,71,-1,58,71,56,-1,56,71,79,-1,56,79,54,-1,18,20,15,-1,15,20,23,-1,15,23,12,-1,79,82,54,-1,54,82,84,-1,54,84,52,-1,52,84,86,-1,52,86,50,-1,50,86,48,-1,99,98,38,-1,38,98,102,-1,38,102,36,-1,36,102,104,-1,36,104,34,-1,34,104,106,-1,34,106,32,-1,32,106,110,-1,32,110,30,-1,30,110,109,-1,30,109,28,-1,28,109,12,-1,28,12,26,-1,26,12,23,-1,40,42,95,-1,95,42,44,-1,95,44,93,-1,93,44,46,-1,93,46,90,-1,90,46,88,-1,112,113,114,-1,114,113,115,-1,116,117,118,-1,118,117,112,-1,118,112,114,-1,119,117,120,-1,120,117,116,-1,121,122,123,-1,123,122,119,-1,123,119,120,-1,124,122,125,-1,125,122,121,-1,126,127,128,-1,128,127,124,-1,128,124,125,-1,129,127,130,-1,130,127,126,-1,131,132,133,-1,133,132,129,-1,133,129,130,-1,134,132,135,-1,135,132,131,-1,136,137,138,-1,138,137,134,-1,138,134,135,-1,139,137,140,-1,140,137,136,-1,115,113,141,-1,141,113,139,-1,141,139,140,-1,139,113,112,-1,112,117,139,-1,139,117,119,-1,139,119,137,-1,132,134,129,-1,129,134,137,-1,129,137,127,-1,127,137,119,-1,127,119,124,-1,124,119,122,-1,142,143,144,-1,144,143,145,-1,144,145,146,-1,146,145,147,-1,146,147,148,-1,148,147,149,-1,148,149,150,-1,150,149,151,-1,150,151,152,-1,152,151,153,-1,152,153,154,-1,154,153,155,-1,154,155,156,-1,156,155,157,-1,156,157,158,-1,158,157,159,-1,158,159,160,-1,160,159,161,-1,160,161,162,-1,162,161,163,-1,162,163,164,-1,164,163,165,-1,164,165,166,-1,166,165,167,-1,166,167,168,-1,168,167,169,-1,168,169,170,-1,170,169,171,-1,170,171,172,-1,172,171,173,-1,172,173,174,-1,174,173,175,-1,174,175,176,-1,176,175,177,-1,176,177,142,-1,142,177,143,-1,143,177,178,-1,178,177,179,-1,143,178,180,-1,143,180,145,-1,145,180,181,-1,145,181,147,-1,147,181,182,-1,147,182,149,-1,149,182,183,-1,149,183,151,-1,151,183,184,-1,151,184,153,-1,153,184,185,-1,153,185,155,-1,155,185,186,-1,155,186,157,-1,157,186,187,-1,157,187,159,-1,159,187,188,-1,159,188,161,-1,161,188,189,-1,161,189,163,-1,163,189,190,-1,163,190,165,-1,165,190,191,-1,165,191,167,-1,167,191,192,-1,167,192,169,-1,169,192,193,-1,169,193,171,-1,171,193,194,-1,171,194,173,-1,175,173,195,-1,195,173,194,-1,177,175,179,-1,179,175,195,-1,172,174,196,-1,196,174,197,-1,174,176,197,-1,197,176,198,-1,176,142,198,-1,198,142,199,-1,150,200,201,-1,150,201,148,-1,148,201,202,-1,148,202,146,-1,146,202,203,-1,146,203,144,-1,144,203,199,-1,144,199,142,-1,158,204,205,-1,158,205,156,-1,156,205,206,-1,156,206,154,-1,154,206,207,-1,154,207,152,-1,152,207,200,-1,152,200,150,-1,166,208,209,-1,166,209,164,-1,164,209,210,-1,164,210,162,-1,162,210,211,-1,162,211,160,-1,160,211,204,-1,160,204,158,-1,172,196,212,-1,172,212,170,-1,170,212,213,-1,170,213,168,-1,168,213,208,-1,168,208,166,-1,
        ]
    }
}
Shape{
    appearance Appearance {
        material  Material 	{
            diffuseColor 0.25098039215686274 0.25098039215686274 0.25098039215686274
            specularColor 0.12549019607843137 0.12549019607843137 0.12549019607843137
            ambientIntensity 0.251
            transparency 0.0
            shininess 0.5
        }
    }
    geometry IndexedFaceSet {
        ccw TRUE
        solid FALSE
        coord DEF co Coordinate {
            point [
                12.7539 4.1122 1.2377, 12.7539 4.1122 1.0319, 12.7136 4.1122 1.2377, 12.7151 4.1122 1.0319, 12.6813 4.1122 1.0355, 12.6585 4.1122 1.0437, 12.6408 4.1122 1.0552, 12.6358 4.1122 1.0597, 12.6219 4.1122 1.0773, 12.6129 4.1122 1.0974, 12.608 4.1122 1.1222, 12.6073 4.1122 1.1374, 12.6105 4.1122 1.1678, 12.6176 4.1122 1.1881, 12.6276 4.1122 1.2035, 12.6365 4.1122 1.2126, 12.6804 4.1122 1.2342, 12.6571 4.1122 1.226
            ]
        }
        coordIndex [
            0,1,2,-1,2,1,3,-1,2,3,4,-1,4,5,2,-1,2,5,6,-1,2,6,7,-1,7,8,2,-1,2,8,9,-1,2,9,10,-1,10,11,2,-1,2,11,12,-1,2,12,13,-1,13,14,2,-1,2,14,15,-1,2,15,16,-1,16,15,17,-1,
        ]
    }
}
Shape{
    appearance Appearance {
        material  Material 	{
            diffuseColor 1.0 1.0 1.0
            specularColor 0.5019607843137255 0.5019607843137255 0.5019607843137255
            ambientIntensity 1.0
            transparency 0.0
            shininess 0.5
        }
    }
    geometry IndexedFaceSet {
        ccw TRUE
        solid FALSE
        coord DEF co Coordinate {
            point [
                12.4816 4.1161 1.1046, 12.4925 4.1161 1.0745, 12.392 4.1161 1.1046, 12.3814 4.1161 1.0745, 12.4417 4.1161 1.2156, 12.4546 4.1161 1.2684, 12.5562 4.1161 1.0015, 12.5182 4.1161 1.0015, 12.4394 4.1161 1.2235, 12.4373 4.1161 1.2343, 12.4177 4.1161 1.2684, 12.4365 4.1161 1.2343, 12.4343 4.1161 1.223, 12.4323 4.1161 1.2156, 12.3161 4.1161 1.0015, 12.3542 4.1161 1.0015, 12.4177 4.1122 1.2684, 12.3161 4.1122 1.0015, 12.4546 4.1122 1.2684, 12.5562 4.1122 1.0015, 12.4793 4.1122 1.2034, 12.5182 4.1122 1.0015, 12.4925 4.1122 1.0745, 12.3814 4.1122 1.0745, 12.4793 4.1122 1.0745, 12.3542 4.1122 1.0015, 12.4816 4.1122 1.1046, 12.392 4.1122 1.1046, 12.4323 4.1122 1.2156, 12.4365 4.1122 1.2343, 12.4343 4.1122 1.223, 12.4373 4.1122 1.2343, 12.4417 4.1122 1.2156, 12.4394 4.1122 1.2235
            ]
        }
        coordIndex [
            0,1,2,-1,2,1,3,-1,4,5,0,-1,0,5,6,-1,0,6,1,-1,1,6,7,-1,4,8,5,-1,5,8,9,-1,5,9,10,-1,10,9,11,-1,10,11,12,-1,12,13,10,-1,10,13,2,-1,10,2,14,-1,14,2,3,-1,14,3,15,-1,10,14,16,-1,16,14,17,-1,5,10,18,-1,18,10,16,-1,19,6,20,-1,20,6,5,-1,20,5,18,-1,7,6,21,-1,21,6,19,-1,1,7,22,-1,22,7,21,-1,23,3,24,-1,24,3,1,-1,24,1,22,-1,15,3,25,-1,25,3,23,-1,14,15,17,-1,17,15,25,-1,0,2,26,-1,26,2,27,-1,2,13,27,-1,27,13,28,-1,11,29,30,-1,11,30,12,-1,12,30,28,-1,12,28,13,-1,11,9,29,-1,29,9,31,-1,4,32,33,-1,4,33,8,-1,8,33,31,-1,8,31,9,-1,4,0,32,-1,32,0,26,-1,
        ]
    }
}
Shape{
    appearance Appearance {
        material  Material 	{
            diffuseColor 0.25098039215686274 0.25098039215686274 0.25098039215686274
            specularColor 0.12549019607843137 0.12549019607843137 0.12549019607843137
            ambientIntensity 0.251
            transparency 0.0
            shininess 0.5
        }
    }
    geometry IndexedFaceSet {
        ccw TRUE
        solid FALSE
        coord DEF co Coordinate {
            point [
                12.4365 4.1122 1.2343, 12.4373 4.1122 1.2343, 12.4343 4.1122 1.223, 12.4394 4.1122 1.2235, 12.4323 4.1122 1.2156, 12.4417 4.1122 1.2156, 12.392 4.1122 1.1046, 12.4816 4.1122 1.1046
            ]
        }
        coordIndex [
            0,1,2,-1,2,1,3,-1,2,3,4,-1,4,3,5,-1,4,5,6,-1,6,5,7,-1,
        ]
    }
}
Shape{
    appearance Appearance {
        material  Material 	{
            diffuseColor 1.0 1.0 1.0
            specularColor 0.5019607843137255 0.5019607843137255 0.5019607843137255
            ambientIntensity 1.0
            transparency 0.0
            shininess 0.5
        }
    }
    geometry IndexedFaceSet {
        ccw TRUE
        solid FALSE
        coord DEF co Coordinate {
            point [
                13.2437 4.1161 0.6085, 13.2437 4.1161 0.5781, 13.2437 4.1122 0.6085, 13.2437 4.1122 0.5781, 13.3528 4.1161 0.6085, 13.3528 4.1122 0.6085, 13.3528 4.1161 0.6983, 13.3528 4.1122 0.6983, 13.2573 4.1161 0.6983, 13.2573 4.1122 0.6983, 13.2573 4.1161 0.7289, 13.2573 4.1122 0.7289, 13.3528 4.1161 0.7289, 13.3528 4.1122 0.7289, 13.3528 4.1161 0.8143, 13.3528 4.1122 0.8143, 13.2498 4.1161 0.8143, 13.2498 4.1122 0.8143, 13.2498 4.1161 0.845, 13.2498 4.1122 0.845, 13.3872 4.1161 0.845, 13.3872 4.1122 0.845, 13.3872 4.1161 0.5781, 13.3872 4.1122 0.5781, 13.0919 4.1161 0.5781, 13.0585 4.1161 0.5781, 13.0919 4.1161 0.6075, 13.0585 4.1161 0.7007, 13.0919 4.1161 0.6992, 13.1644 4.1161 0.6594, 13.1564 4.1161 0.6632, 13.0928 4.1161 0.6075, 13.1105 4.1161 0.6125, 13.098 4.1161 0.5996, 13.1199 4.1161 0.6061, 13.1366 4.1161 0.6677, 13.0919 4.1161 0.6737, 13.0919 4.1161 0.6554, 13.092 4.1161 0.6532, 13.0941 4.1161 0.6383, 13.099 4.1161 0.6264, 13.1063 4.1161 0.6166, 13.0931 4.1161 0.714, 13.061 4.1161 0.7257, 13.0966 4.1161 0.7259, 13.0662 4.1161 0.741, 13.1005 4.1161 0.7328, 13.073 4.1161 0.7519, 13.1055 4.1161 0.7382, 13.0819 4.1161 0.7605, 13.1115 4.1161 0.742, 13.093 4.1161 0.7669, 13.1192 4.1161 0.7447, 13.107 4.1161 0.7712, 13.1306 4.1161 0.7459, 13.1274 4.1161 0.7731, 13.1508 4.1161 0.7438, 13.1589 4.1161 0.7695, 13.1717 4.1161 0.7366, 13.1841 4.1161 0.7604, 13.1931 4.1161 0.7228, 13.1931 4.1161 0.7553, 13.1709 4.1161 0.6125, 13.1953 4.1161 0.5886, 13.1681 4.1161 0.6096, 13.1841 4.1161 0.5807, 13.1614 4.1161 0.605, 13.1712 4.1161 0.5759, 13.1539 4.1161 0.6023, 13.1512 4.1161 0.5736, 13.1426 4.1161 0.601, 13.134 4.1161 0.5755, 13.1301 4.1161 0.6024, 13.1204 4.1161 0.5804, 13.1086 4.1161 0.5883, 13.1775 4.1161 0.6371, 13.2116 4.1161 0.6337, 13.1778 4.1161 0.6318, 13.2117 4.1161 0.6291, 13.1769 4.1161 0.6242, 13.21 4.1161 0.614, 13.1747 4.1161 0.6181, 13.206 4.1161 0.6026, 13.199 4.1161 0.5924, 13.1484 4.1161 0.6913, 13.173 4.1161 0.6854, 13.1689 4.1161 0.656, 13.1875 4.1161 0.6781, 13.1729 4.1161 0.651, 13.1979 4.1161 0.6693, 13.1758 4.1161 0.6448, 13.2047 4.1161 0.6597, 13.2093 4.1161 0.648, 13.1274 4.1122 0.7731, 13.1589 4.1122 0.7695, 13.1841 4.1122 0.7604, 13.1931 4.1122 0.7553, 13.1931 4.1122 0.7228, 13.1717 4.1122 0.7366, 13.1508 4.1122 0.7438, 13.1306 4.1122 0.7459, 13.1192 4.1122 0.7447, 13.1115 4.1122 0.742, 13.1055 4.1122 0.7382, 13.1005 4.1122 0.7328, 13.0966 4.1122 0.7259, 13.0931 4.1122 0.714, 13.0919 4.1122 0.6992, 13.1484 4.1122 0.6913, 13.173 4.1122 0.6854, 13.1875 4.1122 0.6781, 13.1979 4.1122 0.6693, 13.2047 4.1122 0.6597, 13.2093 4.1122 0.648, 13.2116 4.1122 0.6337, 13.2117 4.1122 0.6291, 13.21 4.1122 0.614, 13.206 4.1122 0.6026, 13.199 4.1122 0.5924, 13.1953 4.1122 0.5886, 13.1512 4.1122 0.5736, 13.1706 4.1122 0.5758, 13.1712 4.1122 0.5759, 13.1841 4.1122 0.5807, 13.134 4.1122 0.5755, 13.133 4.1122 0.5758, 13.1204 4.1122 0.5804, 13.1086 4.1122 0.5883, 13.098 4.1122 0.5996, 13.0928 4.1122 0.6075, 13.0919 4.1122 0.6075, 13.0919 4.1122 0.5781, 13.0585 4.1122 0.5781, 13.0585 4.1122 0.7007, 13.061 4.1122 0.7257, 13.0662 4.1122 0.741, 13.073 4.1122 0.7519, 13.0819 4.1122 0.7605, 13.093 4.1122 0.7669, 13.107 4.1122 0.7712, 13.1689 4.1122 0.656, 13.1644 4.1122 0.6594, 13.1564 4.1122 0.6632, 13.1366 4.1122 0.6677, 13.1778 4.1122 0.6318, 13.1775 4.1122 0.6371, 13.1758 4.1122 0.6448, 13.1729 4.1122 0.651, 13.1681 4.1122 0.6096, 13.1709 4.1122 0.6125, 13.1747 4.1122 0.6181, 13.1769 4.1122 0.6242, 13.1426 4.1122 0.601, 13.1539 4.1122 0.6023, 13.1614 4.1122 0.605, 13.1063 4.1122 0.6166, 13.1105 4.1122 0.6125, 13.1199 4.1122 0.6061, 13.1301 4.1122 0.6024, 13.0919 4.1122 0.6554, 13.092 4.1122 0.6532, 13.0941 4.1122 0.6383, 13.099 4.1122 0.6264, 13.0919 4.1122 0.6737
            ]
        }
        coordIndex [
            0,1,2,-1,2,1,3,-1,4,0,5,-1,5,0,2,-1,6,4,7,-1,7,4,5,-1,8,6,9,-1,9,6,7,-1,10,8,11,-1,11,8,9,-1,12,10,13,-1,13,10,11,-1,14,12,15,-1,15,12,13,-1,16,14,17,-1,17,14,15,-1,18,16,19,-1,19,16,17,-1,20,18,21,-1,21,18,19,-1,22,20,23,-1,23,20,21,-1,1,22,3,-1,3,22,23,-1,22,1,0,-1,0,4,22,-1,22,4,6,-1,22,6,20,-1,16,18,14,-1,14,18,20,-1,14,20,12,-1,12,20,6,-1,12,6,10,-1,10,6,8,-1,24,25,26,-1,26,25,27,-1,28,29,30,-1,31,32,33,-1,33,32,34,-1,35,36,27,-1,27,36,37,-1,37,38,27,-1,27,38,39,-1,27,39,26,-1,26,39,40,-1,26,40,31,-1,31,40,41,-1,31,41,32,-1,30,35,28,-1,28,35,27,-1,28,27,42,-1,42,27,43,-1,42,43,44,-1,44,43,45,-1,44,45,46,-1,46,45,47,-1,46,47,48,-1,48,47,49,-1,48,49,50,-1,50,49,51,-1,50,51,52,-1,52,51,53,-1,52,53,54,-1,54,53,55,-1,54,55,56,-1,56,55,57,-1,56,57,58,-1,58,57,59,-1,58,59,60,-1,60,59,61,-1,62,63,64,-1,64,63,65,-1,64,65,66,-1,66,65,67,-1,66,67,68,-1,68,67,69,-1,68,69,70,-1,70,69,71,-1,70,71,72,-1,72,71,73,-1,72,73,34,-1,34,73,74,-1,34,74,33,-1,75,76,77,-1,77,76,78,-1,77,78,79,-1,79,78,80,-1,79,80,81,-1,81,80,82,-1,81,82,62,-1,62,82,83,-1,62,83,63,-1,28,84,29,-1,29,84,85,-1,29,85,86,-1,86,85,87,-1,86,87,88,-1,88,87,89,-1,88,89,90,-1,90,89,91,-1,90,91,75,-1,75,91,92,-1,75,92,76,-1,55,93,94,-1,55,94,57,-1,57,94,95,-1,57,95,59,-1,59,95,96,-1,59,96,61,-1,60,61,97,-1,97,61,96,-1,60,97,98,-1,60,98,58,-1,58,98,99,-1,58,99,56,-1,56,99,100,-1,56,100,54,-1,54,100,101,-1,54,101,52,-1,52,101,102,-1,52,102,50,-1,50,102,103,-1,50,103,48,-1,48,103,104,-1,48,104,46,-1,46,104,105,-1,46,105,44,-1,44,105,106,-1,44,106,42,-1,42,106,107,-1,42,107,28,-1,84,28,108,-1,108,28,107,-1,84,108,109,-1,84,109,85,-1,85,109,110,-1,85,110,87,-1,87,110,111,-1,87,111,89,-1,89,111,112,-1,89,112,91,-1,91,112,113,-1,91,113,92,-1,92,113,114,-1,92,114,76,-1,76,114,115,-1,76,115,78,-1,78,115,116,-1,78,116,80,-1,80,116,117,-1,80,117,82,-1,82,117,118,-1,82,118,83,-1,83,118,119,-1,83,119,63,-1,120,69,121,-1,121,69,67,-1,121,67,122,-1,122,67,65,-1,122,65,123,-1,123,65,63,-1,123,63,119,-1,69,120,124,-1,69,124,71,-1,71,124,125,-1,71,125,73,-1,125,126,73,-1,73,126,127,-1,73,127,74,-1,74,127,128,-1,74,128,33,-1,33,128,129,-1,33,129,31,-1,26,31,130,-1,130,31,129,-1,24,26,131,-1,131,26,130,-1,25,24,132,-1,132,24,131,-1,27,25,133,-1,133,25,132,-1,27,133,134,-1,27,134,43,-1,43,134,135,-1,43,135,45,-1,45,135,136,-1,45,136,47,-1,47,136,137,-1,47,137,49,-1,49,137,138,-1,49,138,51,-1,51,138,139,-1,51,139,53,-1,53,139,93,-1,53,93,55,-1,86,140,141,-1,86,141,29,-1,29,141,142,-1,29,142,30,-1,30,142,143,-1,30,143,35,-1,77,144,145,-1,77,145,75,-1,75,145,146,-1,75,146,90,-1,90,146,147,-1,90,147,88,-1,88,147,140,-1,88,140,86,-1,64,148,149,-1,64,149,62,-1,62,149,150,-1,62,150,81,-1,81,150,151,-1,81,151,79,-1,79,151,144,-1,79,144,77,-1,70,152,153,-1,70,153,68,-1,68,153,154,-1,68,154,66,-1,66,154,148,-1,66,148,64,-1,41,155,156,-1,41,156,32,-1,32,156,157,-1,32,157,34,-1,34,157,158,-1,34,158,72,-1,72,158,152,-1,72,152,70,-1,37,159,160,-1,37,160,38,-1,38,160,161,-1,38,161,39,-1,39,161,162,-1,39,162,40,-1,40,162,155,-1,40,155,41,-1,37,36,159,-1,159,36,163,-1,36,35,163,-1,163,35,143,-1,
        ]
    }
}
Shape{
    appearance Appearance {
        material  Material 	{
            diffuseColor 0.25098039215686274 0.25098039215686274 0.25098039215686274
            specularColor 0.12549019607843137 0.12549019607843137 0.12549019607843137
            ambientIntensity 0.251
            transparency 0.0
            shininess 0.5
        }
    }
    geometry IndexedFaceSet {
        ccw TRUE
        solid FALSE
        coord DEF co Coordinate {
            point [
                13.0919 4.1122 0.6737, 13.1366 4.1122 0.6677, 13.0919 4.1122 0.6554, 13.1564 4.1122 0.6632, 13.1644 4.1122 0.6594, 13.1689 4.1122 0.656, 13.092 4.1122 0.6532, 13.0941 4.1122 0.6383, 13.1729 4.1122 0.651, 13.099 4.1122 0.6264, 13.1709 4.1122 0.6125, 13.1681 4.1122 0.6096, 13.1105 4.1122 0.6125, 13.1747 4.1122 0.6181, 13.1199 4.1122 0.6061, 13.1301 4.1122 0.6024, 13.1426 4.1122 0.601, 13.1758 4.1122 0.6448, 13.1775 4.1122 0.6371, 13.1063 4.1122 0.6166, 13.1778 4.1122 0.6318, 13.1769 4.1122 0.6242, 13.1614 4.1122 0.605, 13.1539 4.1122 0.6023
            ]
        }
        coordIndex [
            0,1,2,-1,2,1,3,-1,3,4,2,-1,2,4,5,-1,2,5,6,-1,6,5,7,-1,7,5,8,-1,7,8,9,-1,10,11,12,-1,10,12,13,-1,14,12,15,-1,15,12,16,-1,8,17,9,-1,9,17,18,-1,9,18,19,-1,19,18,20,-1,19,20,12,-1,12,20,21,-1,12,21,13,-1,11,22,12,-1,12,22,23,-1,12,23,16,-1,
        ]
    }
}
Shape{
    appearance Appearance {
        material  Material 	{
            diffuseColor 1.0 1.0 1.0
            specularColor 0.5019607843137255 0.5019607843137255 0.5019607843137255
            ambientIntensity 1.0
            transparency 0.0
            shininess 0.5
        }
    }
    geometry IndexedFaceSet {
        ccw TRUE
        solid FALSE
        coord DEF co Coordinate {
            point [
                12.9582 4.1161 0.6009, 12.9582 4.1122 0.6009, 12.9792 4.1122 0.6033, 12.9978 4.1122 0.6103, 13.0001 4.1161 0.6112, 12.9792 4.1161 0.6033, 13.0001 4.1122 0.6112, 13.0132 4.1122 0.6193, 13.0132 4.1161 0.6193, 13.0132 4.1161 0.5848, 13.0132 4.1122 0.5848, 12.9893 4.1161 0.5764, 12.9978 4.1122 0.5794, 12.9615 4.1122 0.5736, 12.9615 4.1161 0.5736, 12.9835 4.1122 0.5758, 12.9893 4.1122 0.5764, 12.9342 4.1161 0.5764, 12.9401 4.1122 0.5758, 12.9342 4.1122 0.5764, 12.9159 4.1122 0.5828, 12.9159 4.1161 0.5828, 12.906 4.1122 0.5887, 12.906 4.1161 0.5887, 12.8964 4.1122 0.5971, 12.8964 4.1161 0.5971, 12.8902 4.1122 0.6059, 12.8902 4.1161 0.6059, 12.8861 4.1122 0.6165, 12.8861 4.1161 0.6165, 12.8845 4.1122 0.6299, 12.8845 4.1161 0.6299, 12.8859 4.1122 0.6424, 12.8859 4.1161 0.6424, 12.8894 4.1122 0.6522, 12.8894 4.1161 0.6522, 12.8957 4.1122 0.6614, 12.8957 4.1161 0.6614, 12.9036 4.1122 0.6686, 12.9036 4.1161 0.6686, 12.9258 4.1122 0.6809, 12.9258 4.1161 0.6809, 12.9388 4.1122 0.6861, 12.9388 4.1161 0.6861, 12.9595 4.1122 0.6951, 12.9595 4.1161 0.6951, 12.9713 4.1122 0.7025, 12.9713 4.1161 0.7025, 12.9745 4.1122 0.7061, 12.9745 4.1161 0.7061, 12.9769 4.1122 0.7106, 12.9769 4.1161 0.7106, 12.9783 4.1122 0.7158, 12.9783 4.1161 0.7158, 12.9786 4.1122 0.7203, 12.9786 4.1161 0.7203, 12.978 4.1122 0.7256, 12.978 4.1161 0.7256, 12.9763 4.1122 0.7301, 12.9763 4.1161 0.7301, 12.9734 4.1122 0.7344, 12.9734 4.1161 0.7344, 12.9684 4.1122 0.7388, 12.9684 4.1161 0.7388, 12.9609 4.1122 0.7428, 12.9609 4.1161 0.7428, 12.952 4.1122 0.7452, 12.952 4.1161 0.7452, 12.9421 4.1122 0.7459, 12.9421 4.1161 0.7459, 12.9201 4.1122 0.7434, 12.9201 4.1161 0.7434, 12.9012 4.1122 0.7365, 12.9012 4.1161 0.7365, 12.8936 4.1122 0.7321, 12.8936 4.1161 0.7321, 12.8936 4.1161 0.7646, 12.8936 4.1122 0.7646, 12.9204 4.1122 0.7718, 12.9204 4.1161 0.7718, 12.9388 4.1122 0.7731, 12.9388 4.1161 0.7731, 12.9633 4.1122 0.7704, 12.9633 4.1161 0.7704, 12.9817 4.1122 0.7638, 12.9817 4.1161 0.7638, 12.9916 4.1122 0.7579, 12.9916 4.1161 0.7579, 13.0015 4.1161 0.749, 12.9978 4.1122 0.7524, 13.0015 4.1122 0.749, 13.0077 4.1122 0.74, 13.0077 4.1161 0.74, 13.0117 4.1122 0.7292, 13.0117 4.1161 0.7292, 13.013 4.1122 0.7173, 13.013 4.1161 0.7173, 13.0116 4.1122 0.7043, 13.0116 4.1161 0.7043, 13.0079 4.1122 0.6941, 13.0079 4.1161 0.6941, 13.0035 4.1122 0.6871, 13.0035 4.1161 0.6871, 12.9624 4.1122 0.6619, 12.9624 4.1161 0.6619, 12.9823 4.1161 0.671, 12.9981 4.1122 0.6814, 12.9981 4.1161 0.6814, 12.9978 4.1122 0.6812, 12.9823 4.1122 0.671, 12.9404 4.1122 0.6527, 12.9404 4.1161 0.6527, 12.9274 4.1122 0.6448, 12.9274 4.1161 0.6448, 12.9232 4.1122 0.6405, 12.9232 4.1161 0.6405, 12.9206 4.1122 0.636, 12.9206 4.1161 0.636, 12.9191 4.1122 0.6308, 12.9191 4.1161 0.6308, 12.9188 4.1122 0.6267, 12.9188 4.1161 0.6267, 12.9195 4.1122 0.6203, 12.9195 4.1161 0.6203, 12.9212 4.1122 0.6155, 12.9212 4.1161 0.6155, 12.9241 4.1122 0.6112, 12.9241 4.1161 0.6112, 12.9279 4.1122 0.6078, 12.9279 4.1161 0.6078, 12.931 4.1122 0.6059, 12.931 4.1161 0.6059, 12.9396 4.1122 0.6028, 12.9396 4.1161 0.6028, 12.9567 4.1122 0.6009, 12.9567 4.1161 0.6009, 12.7188 4.1161 0.7687, 12.6841 4.1161 0.7687, 12.7188 4.1122 0.7687, 12.6841 4.1122 0.7687, 12.7708 4.1161 0.6251, 12.7708 4.1122 0.6251, 12.7734 4.1122 0.6163, 12.7734 4.1161 0.6163, 12.7749 4.1122 0.6097, 12.7749 4.1161 0.6097, 12.7758 4.1161 0.6097, 12.7758 4.1122 0.6097, 12.7799 4.1161 0.6254, 12.7799 4.1122 0.6254, 12.8297 4.1122 0.7687, 12.8297 4.1161 0.7687, 12.8136 4.1122 0.7223, 12.8671 4.1161 0.7687, 12.8671 4.1122 0.7687, 12.7923 4.1122 0.5785, 12.7923 4.1161 0.5785, 12.8136 4.1122 0.6325, 12.807 4.1122 0.5438, 12.807 4.1161 0.5438, 12.7934 4.1122 0.5758, 12.8135 4.1122 0.5318, 12.8135 4.1161 0.5318, 12.8136 4.1122 0.5318, 12.8197 4.1161 0.5248, 12.8197 4.1122 0.5248, 12.8259 4.1122 0.5206, 12.8259 4.1161 0.5206, 12.8332 4.1122 0.5178, 12.8332 4.1161 0.5178, 12.8412 4.1122 0.5169, 12.8412 4.1161 0.5169, 12.8533 4.1122 0.5185, 12.8533 4.1161 0.5185, 12.8602 4.1122 0.5208, 12.8602 4.1161 0.5208, 12.8602 4.1161 0.491, 12.8602 4.1122 0.491, 12.846 4.1122 0.4886, 12.846 4.1161 0.4886, 12.8386 4.1122 0.4883, 12.8386 4.1161 0.4883, 12.8251 4.1122 0.4898, 12.8251 4.1161 0.4898, 12.8136 4.1122 0.4942, 12.8119 4.1161 0.4949, 12.8119 4.1122 0.4949, 12.8003 4.1122 0.503, 12.8003 4.1161 0.503, 12.798 4.1122 0.5051, 12.798 4.1161 0.5051, 12.7857 4.1122 0.5198, 12.7857 4.1161 0.5198, 12.7706 4.1122 0.5493, 12.7706 4.1161 0.5493, 12.7601 4.1122 0.5758, 12.5045 4.1161 0.6085, 12.5045 4.1161 0.5781, 12.5045 4.1122 0.6085, 12.5045 4.1122 0.5781, 12.6136 4.1122 0.6085, 12.6136 4.1161 0.6085, 12.5636 4.1122 0.6085, 12.6136 4.1161 0.6983, 12.6136 4.1122 0.6983, 12.5182 4.1122 0.6983, 12.5182 4.1161 0.6983, 12.5636 4.1122 0.6983, 12.5182 4.1161 0.7289, 12.5182 4.1122 0.7289, 12.6136 4.1122 0.7289, 12.6136 4.1161 0.7289, 12.5636 4.1122 0.7289, 12.6136 4.1161 0.8143, 12.6136 4.1122 0.8143, 12.5106 4.1122 0.8143, 12.5106 4.1161 0.8143, 12.5636 4.1122 0.8143, 12.5106 4.1161 0.845, 12.5106 4.1122 0.845, 12.6481 4.1122 0.845, 12.6481 4.1161 0.845, 12.5636 4.1122 0.845, 12.6481 4.1161 0.5781, 12.6481 4.1122 0.5781, 12.5636 4.1122 0.5781, 12.2737 4.1161 0.6988, 12.2378 4.1161 0.696, 12.273 4.1161 0.714, 12.2368 4.1161 0.7149, 12.2763 4.1161 0.7444, 12.2406 4.1161 0.749, 12.2834 4.1161 0.7647, 12.25 4.1161 0.7749, 12.2934 4.1161 0.7801, 12.2661 4.1161 0.7987, 12.3023 4.1161 0.7892, 12.2771 4.1161 0.8096, 12.3228 4.1161 0.8026, 12.3035 4.1161 0.8279, 12.3462 4.1161 0.8108, 12.3355 4.1161 0.84, 12.3793 4.1161 0.8143, 12.378 4.1161 0.845, 12.4197 4.1161 0.8143, 12.4541 4.1161 0.845, 12.4197 4.1161 0.6085, 12.4541 4.1161 0.5781, 12.3809 4.1161 0.6085, 12.3807 4.1161 0.5781, 12.3471 4.1161 0.6121, 12.3381 4.1161 0.5829, 12.3242 4.1161 0.6203, 12.3071 4.1161 0.5943, 12.3065 4.1161 0.6318, 12.2811 4.1161 0.6118, 12.3016 4.1161 0.6363, 12.2771 4.1161 0.6155, 12.2876 4.1161 0.6539, 12.2582 4.1161 0.6377, 12.2787 4.1161 0.674, 12.2446 4.1161 0.665, 12.3807 4.1122 0.5781, 12.4541 4.1122 0.5781, 12.3381 4.1122 0.5829, 12.3071 4.1122 0.5943, 12.2811 4.1122 0.6118, 12.2771 4.1122 0.6155, 12.2582 4.1122 0.6377, 12.2446 4.1122 0.665, 12.2378 4.1122 0.696, 12.2368 4.1122 0.7149, 12.2406 4.1122 0.749, 12.25 4.1122 0.7749, 12.2661 4.1122 0.7987, 12.2771 4.1122 0.8096, 12.3035 4.1122 0.8279, 12.3355 4.1122 0.84, 12.378 4.1122 0.845, 12.4541 4.1122 0.845, 12.3793 4.1122 0.8143, 12.4197 4.1122 0.8143, 12.4197 4.1122 0.6085, 12.3809 4.1122 0.6085, 12.3016 4.1122 0.6363, 12.3065 4.1122 0.6318, 12.3242 4.1122 0.6203, 12.3471 4.1122 0.6121, 12.273 4.1122 0.714, 12.2737 4.1122 0.6988, 12.2787 4.1122 0.674, 12.2876 4.1122 0.6539, 12.3023 4.1122 0.7892, 12.2934 4.1122 0.7801, 12.2834 4.1122 0.7647, 12.2763 4.1122 0.7444, 12.3462 4.1122 0.8108, 12.3228 4.1122 0.8026
            ]
        }
        coordIndex [
            0,1,2,-1,3,4,2,-1,2,4,5,-1,2,5,0,-1,3,6,4,-1,4,6,7,-1,4,7,8,-1,9,8,10,-1,10,8,7,-1,9,10,11,-1,11,10,12,-1,13,14,15,-1,15,14,11,-1,15,11,16,-1,16,11,12,-1,14,13,17,-1,17,13,18,-1,18,19,17,-1,17,19,20,-1,17,20,21,-1,21,20,22,-1,21,22,23,-1,23,22,24,-1,23,24,25,-1,25,24,26,-1,25,26,27,-1,27,26,28,-1,27,28,29,-1,29,28,30,-1,29,30,31,-1,31,30,32,-1,31,32,33,-1,33,32,34,-1,33,34,35,-1,35,34,36,-1,35,36,37,-1,37,36,38,-1,37,38,39,-1,39,38,40,-1,39,40,41,-1,41,40,42,-1,41,42,43,-1,43,42,44,-1,43,44,45,-1,45,44,46,-1,45,46,47,-1,47,46,48,-1,47,48,49,-1,49,48,50,-1,49,50,51,-1,51,50,52,-1,51,52,53,-1,53,52,54,-1,53,54,55,-1,55,54,56,-1,55,56,57,-1,57,56,58,-1,57,58,59,-1,59,58,60,-1,59,60,61,-1,61,60,62,-1,61,62,63,-1,63,62,64,-1,63,64,65,-1,65,64,66,-1,65,66,67,-1,67,66,68,-1,67,68,69,-1,69,68,70,-1,69,70,71,-1,71,70,72,-1,71,72,73,-1,73,72,74,-1,73,74,75,-1,76,75,77,-1,77,75,74,-1,76,77,78,-1,76,78,79,-1,79,78,80,-1,79,80,81,-1,81,80,82,-1,81,82,83,-1,83,82,84,-1,83,84,85,-1,85,84,86,-1,85,86,87,-1,87,86,88,-1,88,86,89,-1,89,90,88,-1,88,90,91,-1,88,91,92,-1,92,91,93,-1,92,93,94,-1,94,93,95,-1,94,95,96,-1,96,95,97,-1,96,97,98,-1,98,97,99,-1,98,99,100,-1,100,99,101,-1,100,101,102,-1,103,104,105,-1,102,101,106,-1,102,106,107,-1,107,106,108,-1,107,108,105,-1,105,108,109,-1,105,109,103,-1,104,103,110,-1,104,110,111,-1,111,110,112,-1,111,112,113,-1,113,112,114,-1,113,114,115,-1,115,114,116,-1,115,116,117,-1,117,116,118,-1,117,118,119,-1,119,118,120,-1,119,120,121,-1,121,120,122,-1,121,122,123,-1,123,122,124,-1,123,124,125,-1,125,124,126,-1,125,126,127,-1,127,126,128,-1,127,128,129,-1,129,128,130,-1,129,130,131,-1,131,130,132,-1,131,132,133,-1,133,132,134,-1,133,134,135,-1,135,134,1,-1,135,1,0,-1,61,63,85,-1,85,63,83,-1,111,43,104,-1,104,43,45,-1,21,23,127,-1,127,23,25,-1,127,25,125,-1,125,25,27,-1,125,27,123,-1,123,27,29,-1,123,29,121,-1,121,29,31,-1,121,31,119,-1,119,31,33,-1,119,33,117,-1,117,33,35,-1,117,35,115,-1,115,35,37,-1,115,37,113,-1,113,37,39,-1,113,39,111,-1,111,39,41,-1,111,41,43,-1,14,0,11,-1,11,0,5,-1,11,5,9,-1,9,5,4,-1,9,4,8,-1,63,65,83,-1,83,65,67,-1,83,67,81,-1,81,67,69,-1,81,69,79,-1,79,69,71,-1,79,71,76,-1,76,71,73,-1,76,73,75,-1,127,129,21,-1,21,129,131,-1,21,131,17,-1,17,131,133,-1,17,133,14,-1,14,133,135,-1,14,135,0,-1,85,87,61,-1,61,87,88,-1,61,88,59,-1,59,88,92,-1,59,92,57,-1,57,92,94,-1,57,94,55,-1,55,94,96,-1,55,96,53,-1,53,96,98,-1,53,98,51,-1,51,98,100,-1,51,100,49,-1,49,100,102,-1,49,102,47,-1,47,102,107,-1,47,107,45,-1,45,107,105,-1,45,105,104,-1,136,137,138,-1,138,137,139,-1,140,136,141,-1,141,136,138,-1,140,141,142,-1,140,142,143,-1,143,142,144,-1,143,144,145,-1,146,145,147,-1,147,145,144,-1,148,146,149,-1,149,146,147,-1,150,151,152,-1,152,151,148,-1,152,148,149,-1,153,151,154,-1,154,151,150,-1,155,156,157,-1,157,156,153,-1,157,153,154,-1,158,159,160,-1,160,159,156,-1,160,156,155,-1,159,158,161,-1,159,161,162,-1,162,161,163,-1,162,163,164,-1,163,165,164,-1,164,165,166,-1,164,166,167,-1,167,166,168,-1,167,168,169,-1,169,168,170,-1,169,170,171,-1,171,170,172,-1,171,172,173,-1,173,172,174,-1,173,174,175,-1,176,175,177,-1,177,175,174,-1,176,177,178,-1,176,178,179,-1,179,178,180,-1,179,180,181,-1,181,180,182,-1,181,182,183,-1,183,182,184,-1,183,184,185,-1,184,186,185,-1,185,186,187,-1,185,187,188,-1,188,187,189,-1,188,189,190,-1,190,189,191,-1,190,191,192,-1,192,191,193,-1,192,193,194,-1,139,137,195,-1,195,137,194,-1,195,194,193,-1,143,145,194,-1,137,136,194,-1,194,136,140,-1,194,140,143,-1,151,153,148,-1,148,153,156,-1,148,156,146,-1,192,162,190,-1,190,162,164,-1,175,176,173,-1,173,176,179,-1,173,179,171,-1,171,179,181,-1,171,181,169,-1,169,181,183,-1,169,183,167,-1,167,183,185,-1,167,185,164,-1,164,185,188,-1,164,188,190,-1,145,146,194,-1,194,146,156,-1,194,156,192,-1,192,156,159,-1,192,159,162,-1,196,197,198,-1,198,197,199,-1,200,201,202,-1,202,201,196,-1,202,196,198,-1,203,201,204,-1,204,201,200,-1,205,206,207,-1,207,206,203,-1,207,203,204,-1,208,206,209,-1,209,206,205,-1,210,211,212,-1,212,211,208,-1,212,208,209,-1,213,211,214,-1,214,211,210,-1,215,216,217,-1,217,216,213,-1,217,213,214,-1,218,216,219,-1,219,216,215,-1,220,221,222,-1,222,221,218,-1,222,218,219,-1,223,221,224,-1,224,221,220,-1,199,197,225,-1,225,197,223,-1,225,223,224,-1,223,197,196,-1,196,201,223,-1,223,201,203,-1,223,203,221,-1,216,218,213,-1,213,218,221,-1,213,221,211,-1,211,221,203,-1,211,203,208,-1,208,203,206,-1,226,227,228,-1,228,227,229,-1,228,229,230,-1,230,229,231,-1,230,231,232,-1,232,231,233,-1,232,233,234,-1,234,233,235,-1,234,235,236,-1,236,235,237,-1,236,237,238,-1,238,237,239,-1,238,239,240,-1,240,239,241,-1,240,241,242,-1,242,241,243,-1,242,243,244,-1,244,243,245,-1,244,245,246,-1,246,245,247,-1,246,247,248,-1,248,247,249,-1,248,249,250,-1,250,249,251,-1,250,251,252,-1,252,251,253,-1,252,253,254,-1,254,253,255,-1,254,255,256,-1,256,255,257,-1,256,257,258,-1,258,257,259,-1,258,259,260,-1,260,259,261,-1,260,261,226,-1,226,261,227,-1,249,247,262,-1,262,247,263,-1,249,262,264,-1,249,264,251,-1,251,264,265,-1,251,265,253,-1,253,265,266,-1,253,266,255,-1,255,266,267,-1,255,267,257,-1,257,267,268,-1,257,268,259,-1,259,268,269,-1,259,269,261,-1,261,269,270,-1,261,270,227,-1,227,270,271,-1,227,271,229,-1,229,271,272,-1,229,272,231,-1,231,272,273,-1,231,273,233,-1,233,273,274,-1,233,274,235,-1,235,274,275,-1,235,275,237,-1,237,275,276,-1,237,276,239,-1,239,276,277,-1,239,277,241,-1,241,277,278,-1,241,278,243,-1,245,243,279,-1,279,243,278,-1,247,245,263,-1,263,245,279,-1,242,244,280,-1,280,244,281,-1,244,246,281,-1,281,246,282,-1,246,248,282,-1,282,248,283,-1,256,284,285,-1,256,285,254,-1,254,285,286,-1,254,286,252,-1,252,286,287,-1,252,287,250,-1,250,287,283,-1,250,283,248,-1,228,288,289,-1,228,289,226,-1,226,289,290,-1,226,290,260,-1,260,290,291,-1,260,291,258,-1,258,291,284,-1,258,284,256,-1,236,292,293,-1,236,293,234,-1,234,293,294,-1,234,294,232,-1,232,294,295,-1,232,295,230,-1,230,295,288,-1,230,288,228,-1,242,280,296,-1,242,296,240,-1,240,296,297,-1,240,297,238,-1,238,297,292,-1,238,292,236,-1,
        ]
    }
}
Shape{
    appearance Appearance {
        material  Material 	{
            diffuseColor 0.25098039215686274 0.25098039215686274 0.25098039215686274
            specularColor 0.12549019607843137 0.12549019607843137 0.12549019607843137
            ambientIntensity 0.251
            transparency 0.0
            shininess 0.5
        }
    }
    geometry IndexedFaceSet {
        ccw TRUE
        solid FALSE
        coord DEF co Coordinate {
            point [
                12.4197 4.1122 0.8143, 12.4197 4.1122 0.6085, 12.3793 4.1122 0.8143, 12.3809 4.1122 0.6085, 12.3471 4.1122 0.6121, 12.3242 4.1122 0.6203, 12.3065 4.1122 0.6318, 12.3016 4.1122 0.6363, 12.2876 4.1122 0.6539, 12.2787 4.1122 0.674, 12.2737 4.1122 0.6988, 12.273 4.1122 0.714, 12.2763 4.1122 0.7444, 12.2834 4.1122 0.7647, 12.2934 4.1122 0.7801, 12.3023 4.1122 0.7892, 12.3462 4.1122 0.8108, 12.3228 4.1122 0.8026
            ]
        }
        coordIndex [
            0,1,2,-1,2,1,3,-1,2,3,4,-1,4,5,2,-1,2,5,6,-1,2,6,7,-1,7,8,2,-1,2,8,9,-1,2,9,10,-1,10,11,2,-1,2,11,12,-1,2,12,13,-1,13,14,2,-1,2,14,15,-1,2,15,16,-1,16,15,17,-1,
        ]
    }
}
Shape{
    appearance Appearance {
        material  Material 	{
            diffuseColor 1.0 1.0 1.0
            specularColor 0.5019607843137255 0.5019607843137255 0.5019607843137255
            ambientIntensity 1.0
            transparency 0.0
            shininess 0.5
        }
    }
    geometry IndexedFaceSet {
        ccw TRUE
        solid FALSE
        coord DEF co Coordinate {
            point [
                12.1474 4.1161 0.6812, 12.1583 4.1161 0.6511, 12.0578 4.1161 0.6812, 12.0471 4.1161 0.6511, 12.1075 4.1161 0.7922, 12.1203 4.1161 0.845, 12.222 4.1161 0.5781, 12.1839 4.1161 0.5781, 12.1051 4.1161 0.8001, 12.1031 4.1161 0.8109, 12.0835 4.1161 0.845, 12.1023 4.1161 0.8109, 12.1001 4.1161 0.7996, 12.0981 4.1161 0.7922, 11.9818 4.1161 0.5781, 12.0199 4.1161 0.5781, 12.0835 4.1122 0.845, 11.9818 4.1122 0.5781, 12.1203 4.1122 0.845, 12.222 4.1122 0.5781, 12.1839 4.1122 0.5781, 12.1583 4.1122 0.6511, 12.0471 4.1122 0.6511, 12.0199 4.1122 0.5781, 12.1474 4.1122 0.6812, 12.0578 4.1122 0.6812, 12.0981 4.1122 0.7922, 12.1023 4.1122 0.8109, 12.1001 4.1122 0.7996, 12.1031 4.1122 0.8109, 12.1075 4.1122 0.7922, 12.1051 4.1122 0.8001
            ]
        }
        coordIndex [
            0,1,2,-1,2,1,3,-1,4,5,0,-1,0,5,6,-1,0,6,1,-1,1,6,7,-1,4,8,5,-1,5,8,9,-1,5,9,10,-1,10,9,11,-1,10,11,12,-1,12,13,10,-1,10,13,2,-1,10,2,14,-1,14,2,3,-1,14,3,15,-1,10,14,16,-1,16,14,17,-1,5,10,18,-1,18,10,16,-1,6,5,19,-1,19,5,18,-1,7,6,20,-1,20,6,19,-1,1,7,21,-1,21,7,20,-1,3,1,22,-1,22,1,21,-1,15,3,23,-1,23,3,22,-1,14,15,17,-1,17,15,23,-1,0,2,24,-1,24,2,25,-1,2,13,25,-1,25,13,26,-1,11,27,28,-1,11,28,12,-1,12,28,26,-1,12,26,13,-1,11,9,27,-1,27,9,29,-1,4,30,31,-1,4,31,8,-1,8,31,29,-1,8,29,9,-1,4,0,30,-1,30,0,24,-1,
        ]
    }
}
Shape{
    appearance Appearance {
        material  Material 	{
            diffuseColor 0.25098039215686274 0.25098039215686274 0.25098039215686274
            specularColor 0.12549019607843137 0.12549019607843137 0.12549019607843137
            ambientIntensity 0.251
            transparency 0.0
            shininess 0.5
        }
    }
    geometry IndexedFaceSet {
        ccw TRUE
        solid FALSE
        coord DEF co Coordinate {
            point [
                12.1023 4.1122 0.8109, 12.1031 4.1122 0.8109, 12.1001 4.1122 0.7996, 12.1051 4.1122 0.8001, 12.0981 4.1122 0.7922, 12.1075 4.1122 0.7922, 12.0578 4.1122 0.6812, 12.1474 4.1122 0.6812
            ]
        }
        coordIndex [
            0,1,2,-1,2,1,3,-1,2,3,4,-1,4,3,5,-1,4,5,6,-1,6,5,7,-1,
        ]
    }
}
Shape{
    appearance Appearance {
        material  Material 	{
            diffuseColor 1.0 1.0 1.0
            specularColor 0.5019607843137255 0.5019607843137255 0.5019607843137255
            ambientIntensity 1.0
            transparency 0.0
            shininess 0.5
        }
    }
    geometry IndexedFaceSet {
        ccw TRUE
        solid FALSE
        coord DEF co Coordinate {
            point [
                14.6169 4.1161 1.0373, 14.5746 4.1161 1.06, 14.584 4.1161 1.177, 14.4654 4.1161 1.1825, 14.4066 4.1161 1.044, 14.3775 4.1161 1.1042, 14.5039 4.1161 0.4794, 14.5831 4.1161 0.7081, 14.5405 4.1161 0.5081, 14.5679 4.1161 0.5434, 14.5091 4.1161 1.1863, 14.3908 4.1161 0.7121, 14.3732 4.1161 0.7058, 14.2149 4.1161 0.6606, 14.3579 4.1161 0.6954, 14.3457 4.1161 0.6818, 13.9493 4.1161 0.8011, 14.0081 4.1161 0.9016, 14.2624 4.1161 0.7688, 14.4066 4.1161 0.7138, 14.4252 4.1161 0.7114, 14.4459 4.1161 0.8287, 14.4417 4.1161 0.7049, 14.4881 4.1161 0.8137, 14.4566 4.1161 0.6943, 14.5275 4.1161 0.7876, 14.4641 4.1161 0.6864, 14.5596 4.1161 0.7525, 14.4739 4.1161 0.6707, 14.5811 4.1161 0.7133, 14.4795 4.1161 0.6528, 14.4804 4.1161 0.6343, 14.3325 4.1161 0.8193, 14.378 4.1161 0.8315, 14.4047 4.1161 0.8333, 14.3375 4.1161 0.6662, 14.3331 4.1161 0.6486, 14.2149 4.1161 0.6417, 14.3331 4.1161 0.6313, 13.8867 4.1161 0.9889, 13.8715 4.1161 0.9889, 13.7937 4.1161 1.0914, 13.8351 4.1161 0.9844, 13.7848 4.1161 1.0884, 13.802 4.1161 0.9716, 13.7283 4.1161 1.0605, 13.6767 4.1161 1.017, 14.4265 4.1161 1.2278, 14.3349 4.1161 1.155, 14.3819 4.1161 1.266, 14.2844 4.1161 1.1919, 14.3357 4.1161 1.2946, 14.6201 4.1161 0.7302, 14.6092 4.1161 0.5882, 14.585 4.1161 0.5809, 14.5278 4.1161 1.0713, 14.5072 4.1161 1.0724, 14.4873 4.1161 1.1851, 14.4672 4.1161 1.068, 14.4245 4.1161 1.0535, 14.2928 4.1161 0.797, 13.676 4.1161 0.6625, 13.7645 4.1161 0.7378, 13.7275 4.1161 0.6189, 13.7926 4.1161 0.7149, 13.7854 4.1161 0.5906, 13.8261 4.1161 0.6994, 13.8487 4.1161 0.5771, 13.8601 4.1161 0.6929, 13.9607 4.1161 0.5771, 13.9455 4.1161 0.6929, 13.9714 4.1161 0.5789, 14.6543 4.1161 1.1497, 14.7146 4.1161 1.1072, 14.6518 4.1161 1.0052, 14.7273 4.1161 1.0952, 14.6771 4.1161 0.9669, 14.7731 4.1161 1.0364, 14.6923 4.1161 0.9242, 13.7726 4.1161 0.9509, 13.7515 4.1161 0.9275, 13.6379 4.1161 0.9631, 13.7337 4.1161 0.8949, 13.6146 4.1161 0.9052, 13.7245 4.1161 0.8586, 13.6058 4.1161 0.8428, 13.7235 4.1161 0.8409, 13.6144 4.1161 0.7754, 13.728 4.1161 0.804, 13.6382 4.1161 0.7153, 13.7411 4.1161 0.7702, 13.762 4.1161 0.7406, 13.8962 4.1161 1.2413, 13.9712 4.1161 1.1548, 13.8336 4.1161 1.169, 13.9282 4.1161 1.1038, 13.8986 4.1161 1.0428, 14.444 4.1161 0.576, 14.4269 4.1161 0.5686, 14.4606 4.1161 0.4601, 14.4098 4.1161 0.5658, 14.416 4.1161 0.4522, 14.4066 4.1161 0.5658, 14.4047 4.1161 0.4519, 14.3876 4.1161 0.5682, 14.3631 4.1161 0.4565, 14.3712 4.1161 0.5748, 14.3205 4.1161 0.4718, 14.3568 4.1161 0.5851, 14.2822 4.1161 0.4971, 14.3465 4.1161 0.5968, 14.2501 4.1161 0.532, 14.3376 4.1161 0.6131, 14.2274 4.1161 0.5742, 14.2161 4.1161 0.621, 14.2482 4.1161 1.3284, 14.2224 4.1161 1.2171, 14.1542 4.1161 1.34, 14.1523 4.1161 1.2261, 14.076 4.1161 1.3318, 14.0876 4.1161 1.2181, 13.9808 4.1161 1.2982, 14.0282 4.1161 1.1953, 13.9749 4.1161 1.1582, 14.4586 4.1161 0.5871, 14.4694 4.1161 0.6006, 14.4769 4.1161 0.6165, 13.955 4.1161 0.6947, 14.0006 4.1161 0.5971, 13.9962 4.1161 0.5926, 14.8033 4.1161 0.9681, 14.816 4.1161 0.8968, 14.6969 4.1161 0.8827, 14.8165 4.1161 0.8789, 14.6943 4.1161 0.8511, 14.8072 4.1161 0.8042, 14.6801 4.1161 0.8047, 14.7799 4.1161 0.7336, 14.655 4.1161 0.7641, 14.7368 4.1161 0.672, 14.6778 4.1161 0.6217, 13.9493 4.1161 0.6934, 13.9839 4.1161 0.5838, 14.0157 4.1161 0.636, 14.0139 4.1161 0.6218, 14.0089 4.1161 0.609, 13.9716 4.1161 0.6929, 13.9846 4.1161 0.6878, 14.0152 4.1161 0.6435, 13.9963 4.1161 0.6795, 14.0041 4.1161 0.6709, 14.0114 4.1161 0.6579, 13.9569 4.1161 0.6948, 13.6058 4.1122 0.8428, 13.6146 4.1122 0.9052, 13.6639 4.1122 0.9992, 13.621 4.1122 0.921, 13.6379 4.1122 0.9631, 13.6767 4.1122 1.017, 13.7283 4.1122 1.0605, 13.7848 4.1122 1.0884, 13.7937 4.1122 1.0914, 13.8336 4.1122 1.169, 13.8962 4.1122 1.2413, 13.9398 4.1122 1.2706, 13.9808 4.1122 1.2982, 14.076 4.1122 1.3318, 14.1542 4.1122 1.34, 14.2482 4.1122 1.3284, 14.3357 4.1122 1.2946, 14.3744 4.1122 1.2706, 14.3819 4.1122 1.266, 14.4265 4.1122 1.2278, 14.4654 4.1122 1.1825, 14.4873 4.1122 1.1851, 14.5091 4.1122 1.1863, 14.584 4.1122 1.177, 14.6543 4.1122 1.1497, 14.7146 4.1122 1.1072, 14.7273 4.1122 1.0952, 14.8165 4.1122 0.8789, 14.7731 4.1122 1.0364, 14.7895 4.1122 0.9992, 14.8033 4.1122 0.9681, 14.8117 4.1122 0.921, 14.816 4.1122 0.8968, 14.8072 4.1122 0.8042, 14.7799 4.1122 0.7336, 14.7368 4.1122 0.672, 14.6778 4.1122 0.6217, 14.6092 4.1122 0.5882, 14.585 4.1122 0.5809, 14.5827 4.1122 0.5758, 14.5679 4.1122 0.5434, 14.5405 4.1122 0.5081, 14.5039 4.1122 0.4794, 14.483 4.1122 0.4701, 14.4606 4.1122 0.4601, 14.416 4.1122 0.4522, 14.4047 4.1122 0.4519, 14.2149 4.1122 0.6417, 14.3631 4.1122 0.4565, 14.3251 4.1122 0.4701, 14.3205 4.1122 0.4718, 14.2822 4.1122 0.4971, 14.2501 4.1122 0.532, 14.2274 4.1122 0.5742, 14.227 4.1122 0.5758, 14.2161 4.1122 0.621, 14.2149 4.1122 0.6606, 13.9493 4.1122 0.8011, 14.0081 4.1122 0.9016, 14.2624 4.1122 0.7688, 14.2928 4.1122 0.797, 14.3325 4.1122 0.8193, 14.378 4.1122 0.8315, 14.4047 4.1122 0.8333, 14.4459 4.1122 0.8287, 14.4881 4.1122 0.8137, 14.5275 4.1122 0.7876, 14.5596 4.1122 0.7525, 14.5811 4.1122 0.7133, 14.5831 4.1122 0.7081, 14.6201 4.1122 0.7302, 14.655 4.1122 0.7641, 14.6801 4.1122 0.8047, 14.6943 4.1122 0.8511, 14.6969 4.1122 0.8827, 14.6927 4.1122 0.921, 14.6923 4.1122 0.9242, 14.6771 4.1122 0.9669, 14.6557 4.1122 0.9992, 14.6518 4.1122 1.0052, 14.6169 4.1122 1.0373, 14.5746 4.1122 1.06, 14.5278 4.1122 1.0713, 14.5072 4.1122 1.0724, 14.4672 4.1122 1.068, 14.4245 4.1122 1.0535, 14.4066 4.1122 1.044, 14.3775 4.1122 1.1042, 14.3349 4.1122 1.155, 14.2844 4.1122 1.1919, 14.2224 4.1122 1.2171, 14.1523 4.1122 1.2261, 14.0876 4.1122 1.2181, 14.0282 4.1122 1.1953, 13.9749 4.1122 1.1582, 13.9712 4.1122 1.1548, 13.9282 4.1122 1.1038, 13.8986 4.1122 1.0428, 13.8889 4.1122 0.9992, 13.8867 4.1122 0.9889, 13.8715 4.1122 0.9889, 13.8351 4.1122 0.9844, 13.802 4.1122 0.9716, 13.7726 4.1122 0.9509, 13.7515 4.1122 0.9275, 13.7479 4.1122 0.921, 13.7337 4.1122 0.8949, 13.7245 4.1122 0.8586, 13.7235 4.1122 0.8409, 13.728 4.1122 0.804, 13.7411 4.1122 0.7702, 13.762 4.1122 0.7406, 13.7645 4.1122 0.7378, 13.7926 4.1122 0.7149, 13.8261 4.1122 0.6994, 13.8601 4.1122 0.6929, 13.9455 4.1122 0.6929, 13.9493 4.1122 0.6934, 13.955 4.1122 0.6947, 13.9569 4.1122 0.6948, 13.9716 4.1122 0.6929, 13.9846 4.1122 0.6878, 13.9963 4.1122 0.6795, 14.0041 4.1122 0.6709, 14.0114 4.1122 0.6579, 14.0152 4.1122 0.6435, 14.0157 4.1122 0.636, 14.0139 4.1122 0.6218, 14.0089 4.1122 0.609, 14.0006 4.1122 0.5971, 13.9962 4.1122 0.5926, 13.9839 4.1122 0.5838, 13.9714 4.1122 0.5789, 13.9607 4.1122 0.5771, 13.8487 4.1122 0.5771, 13.7854 4.1122 0.5906, 13.7275 4.1122 0.6189, 13.676 4.1122 0.6625, 13.6382 4.1122 0.7153, 13.6144 4.1122 0.7754, 14.4066 4.1122 0.7138, 14.3908 4.1122 0.7121, 14.3732 4.1122 0.7058, 14.3579 4.1122 0.6954, 14.3457 4.1122 0.6818, 14.3375 4.1122 0.6662, 14.3331 4.1122 0.6486, 14.3331 4.1122 0.6313, 14.3376 4.1122 0.6131, 14.3465 4.1122 0.5968, 14.3568 4.1122 0.5851, 14.3712 4.1122 0.5748, 14.3876 4.1122 0.5682, 14.4066 4.1122 0.5658, 14.4098 4.1122 0.5658, 14.4269 4.1122 0.5686, 14.444 4.1122 0.576, 14.4586 4.1122 0.5871, 14.4694 4.1122 0.6006, 14.4769 4.1122 0.6165, 14.4804 4.1122 0.6343, 14.4795 4.1122 0.6528, 14.4739 4.1122 0.6707, 14.4641 4.1122 0.6864, 14.4566 4.1122 0.6943, 14.4417 4.1122 0.7049, 14.4252 4.1122 0.7114
            ]
        }
        coordIndex [
            0,1,2,-1,3,4,5,-1,6,7,8,-1,8,7,9,-1,2,1,10,-1,11,12,13,-1,13,12,14,-1,13,14,15,-1,16,17,13,-1,13,17,18,-1,13,18,11,-1,11,18,19,-1,20,21,22,-1,22,21,23,-1,22,23,24,-1,24,23,25,-1,24,25,26,-1,26,25,27,-1,26,27,28,-1,28,27,29,-1,28,29,30,-1,30,29,7,-1,30,7,31,-1,32,33,20,-1,20,33,34,-1,20,34,21,-1,15,35,13,-1,13,35,36,-1,13,36,37,-1,37,36,38,-1,39,40,41,-1,41,40,42,-1,41,42,43,-1,43,42,44,-1,43,44,45,-1,45,44,46,-1,3,5,47,-1,47,5,48,-1,47,48,49,-1,49,48,50,-1,49,50,51,-1,52,53,7,-1,7,53,54,-1,7,54,9,-1,1,55,10,-1,10,55,56,-1,10,56,57,-1,57,56,58,-1,57,58,3,-1,3,58,59,-1,3,59,4,-1,19,18,20,-1,20,18,60,-1,20,60,32,-1,61,62,63,-1,63,62,64,-1,63,64,65,-1,65,64,66,-1,65,66,67,-1,67,66,68,-1,67,68,69,-1,69,68,70,-1,69,70,71,-1,2,72,0,-1,0,72,73,-1,0,73,74,-1,74,73,75,-1,74,75,76,-1,76,75,77,-1,76,77,78,-1,44,79,46,-1,46,79,80,-1,46,80,81,-1,81,80,82,-1,81,82,83,-1,83,82,84,-1,83,84,85,-1,85,84,86,-1,85,86,87,-1,87,86,88,-1,87,88,89,-1,89,88,90,-1,89,90,61,-1,61,90,91,-1,61,91,62,-1,92,93,94,-1,94,93,95,-1,94,95,41,-1,41,95,96,-1,41,96,39,-1,97,6,98,-1,98,6,99,-1,98,99,100,-1,100,99,101,-1,100,101,102,-1,102,101,103,-1,102,103,104,-1,104,103,105,-1,104,105,106,-1,106,105,107,-1,106,107,108,-1,108,107,109,-1,108,109,110,-1,110,109,111,-1,110,111,112,-1,112,111,113,-1,112,113,38,-1,38,113,114,-1,38,114,37,-1,51,50,115,-1,115,50,116,-1,115,116,117,-1,117,116,118,-1,117,118,119,-1,119,118,120,-1,119,120,121,-1,121,120,122,-1,121,122,92,-1,92,122,123,-1,92,123,93,-1,97,124,6,-1,6,124,125,-1,6,125,7,-1,7,125,126,-1,7,126,31,-1,127,128,129,-1,77,130,78,-1,78,130,131,-1,78,131,132,-1,132,131,133,-1,132,133,134,-1,134,133,135,-1,134,135,136,-1,136,135,137,-1,136,137,138,-1,138,137,139,-1,138,139,52,-1,52,139,140,-1,52,140,53,-1,70,141,71,-1,71,141,127,-1,71,127,142,-1,142,127,129,-1,143,144,127,-1,127,144,145,-1,127,145,128,-1,146,147,148,-1,147,149,148,-1,148,149,150,-1,148,150,151,-1,143,127,148,-1,148,127,152,-1,148,152,146,-1,85,153,154,-1,155,46,81,-1,85,154,83,-1,83,154,156,-1,83,156,81,-1,81,156,157,-1,81,157,155,-1,155,158,46,-1,46,158,159,-1,46,159,45,-1,45,159,160,-1,45,160,43,-1,43,160,161,-1,43,161,41,-1,41,161,162,-1,41,162,94,-1,94,162,163,-1,94,163,92,-1,121,92,164,-1,164,92,163,-1,164,165,121,-1,121,165,166,-1,121,166,119,-1,119,166,167,-1,119,167,117,-1,117,167,168,-1,117,168,115,-1,115,168,169,-1,115,169,51,-1,51,169,49,-1,49,169,170,-1,49,170,171,-1,49,171,172,-1,49,172,47,-1,47,172,173,-1,47,173,3,-1,3,173,174,-1,3,174,57,-1,57,174,175,-1,57,175,10,-1,10,175,176,-1,10,176,2,-1,2,176,177,-1,2,177,72,-1,72,177,178,-1,72,178,73,-1,73,178,179,-1,73,179,75,-1,180,133,131,-1,75,179,181,-1,75,181,77,-1,77,181,182,-1,77,182,130,-1,182,183,130,-1,130,183,184,-1,130,184,131,-1,131,184,185,-1,131,185,180,-1,133,180,186,-1,133,186,135,-1,135,186,187,-1,135,187,137,-1,137,187,188,-1,137,188,139,-1,139,188,189,-1,139,189,140,-1,140,189,190,-1,140,190,53,-1,53,190,191,-1,53,191,54,-1,54,191,192,-1,54,192,9,-1,192,193,9,-1,9,193,194,-1,9,194,8,-1,8,194,195,-1,8,195,6,-1,6,195,196,-1,6,196,99,-1,196,197,99,-1,99,197,198,-1,99,198,101,-1,101,198,199,-1,101,199,103,-1,200,37,114,-1,103,199,201,-1,202,107,201,-1,201,107,105,-1,201,105,103,-1,202,203,107,-1,107,203,204,-1,107,204,109,-1,109,204,205,-1,109,205,111,-1,111,205,206,-1,111,206,113,-1,113,206,207,-1,113,207,114,-1,114,207,208,-1,114,208,200,-1,13,37,209,-1,209,37,200,-1,16,13,210,-1,210,13,209,-1,17,16,211,-1,211,16,210,-1,18,17,212,-1,212,17,211,-1,18,212,213,-1,18,213,60,-1,60,213,214,-1,60,214,32,-1,32,214,215,-1,32,215,33,-1,33,215,216,-1,33,216,34,-1,34,216,217,-1,34,217,21,-1,21,217,218,-1,21,218,23,-1,23,218,219,-1,23,219,25,-1,25,219,220,-1,25,220,27,-1,27,220,221,-1,27,221,29,-1,29,221,222,-1,29,222,7,-1,7,222,223,-1,7,223,52,-1,52,223,224,-1,52,224,138,-1,138,224,225,-1,138,225,136,-1,136,225,226,-1,136,226,134,-1,134,226,227,-1,134,227,132,-1,78,132,227,-1,227,228,78,-1,78,228,229,-1,78,229,230,-1,231,74,230,-1,230,74,76,-1,230,76,78,-1,231,232,74,-1,74,232,233,-1,74,233,0,-1,0,233,234,-1,0,234,1,-1,1,234,235,-1,1,235,55,-1,55,235,236,-1,55,236,56,-1,56,236,237,-1,56,237,58,-1,58,237,238,-1,58,238,59,-1,59,238,239,-1,59,239,4,-1,4,239,240,-1,4,240,5,-1,5,240,241,-1,5,241,48,-1,48,241,242,-1,48,242,50,-1,50,242,243,-1,50,243,116,-1,116,243,244,-1,116,244,118,-1,118,244,245,-1,118,245,120,-1,120,245,246,-1,120,246,122,-1,122,246,247,-1,122,247,123,-1,123,247,248,-1,123,248,93,-1,93,248,249,-1,93,249,95,-1,95,249,250,-1,95,250,96,-1,96,250,39,-1,39,250,251,-1,39,251,252,-1,40,39,253,-1,253,39,252,-1,40,253,254,-1,40,254,42,-1,42,254,255,-1,42,255,44,-1,44,255,256,-1,44,256,79,-1,79,256,257,-1,79,257,80,-1,80,257,258,-1,80,258,82,-1,258,259,82,-1,82,259,260,-1,82,260,84,-1,84,260,261,-1,84,261,86,-1,86,261,262,-1,86,262,88,-1,88,262,263,-1,88,263,90,-1,90,263,264,-1,90,264,91,-1,91,264,265,-1,91,265,62,-1,62,265,266,-1,62,266,64,-1,64,266,267,-1,64,267,66,-1,66,267,268,-1,66,268,68,-1,70,68,269,-1,269,68,268,-1,70,269,270,-1,70,270,141,-1,141,270,271,-1,141,271,127,-1,127,271,272,-1,127,272,152,-1,152,272,273,-1,152,273,146,-1,146,273,274,-1,146,274,147,-1,147,274,275,-1,147,275,149,-1,149,275,276,-1,149,276,150,-1,150,276,277,-1,150,277,151,-1,151,277,278,-1,151,278,148,-1,148,278,279,-1,148,279,143,-1,143,279,280,-1,143,280,144,-1,144,280,281,-1,144,281,145,-1,145,281,282,-1,145,282,128,-1,128,282,283,-1,128,283,129,-1,129,283,284,-1,129,284,142,-1,142,284,285,-1,142,285,71,-1,71,285,286,-1,71,286,69,-1,67,69,287,-1,287,69,286,-1,67,287,288,-1,67,288,65,-1,65,288,289,-1,65,289,63,-1,63,289,290,-1,63,290,61,-1,61,290,291,-1,61,291,89,-1,89,291,292,-1,89,292,87,-1,87,292,153,-1,87,153,85,-1,19,293,294,-1,19,294,11,-1,11,294,295,-1,11,295,12,-1,12,295,296,-1,12,296,14,-1,14,296,297,-1,14,297,15,-1,15,297,298,-1,15,298,35,-1,35,298,299,-1,35,299,36,-1,36,299,300,-1,36,300,38,-1,38,300,301,-1,38,301,112,-1,112,301,302,-1,112,302,110,-1,110,302,303,-1,110,303,108,-1,108,303,304,-1,108,304,106,-1,106,304,305,-1,106,305,104,-1,104,305,306,-1,104,306,102,-1,102,306,307,-1,102,307,100,-1,100,307,308,-1,100,308,98,-1,98,308,309,-1,98,309,97,-1,97,309,310,-1,97,310,124,-1,124,310,311,-1,124,311,125,-1,125,311,312,-1,125,312,126,-1,126,312,313,-1,126,313,31,-1,31,313,314,-1,31,314,30,-1,30,314,315,-1,30,315,28,-1,28,315,316,-1,28,316,26,-1,26,316,317,-1,26,317,24,-1,24,317,318,-1,24,318,22,-1,22,318,319,-1,22,319,20,-1,20,319,293,-1,20,293,19,-1,
        ]
    }
}
Shape{
    appearance Appearance {
        material  Material 	{
            diffuseColor 0.25098039215686274 0.25098039215686274 0.25098039215686274
            specularColor 0.12549019607843137 0.12549019607843137 0.12549019607843137
            ambientIntensity 0.251
            transparency 0.0
            shininess 0.5
        }
    }
    geometry IndexedFaceSet {
        ccw TRUE
        solid FALSE
        coord DEF co Coordinate {
            point [
                14.4098 4.1122 0.5658, 14.4566 4.1122 0.6943, 14.4641 4.1122 0.6864, 14.3876 4.1122 0.5682, 14.3712 4.1122 0.5748, 14.3908 4.1122 0.7121, 14.4066 4.1122 0.7138, 14.4252 4.1122 0.7114, 14.4417 4.1122 0.7049, 14.4769 4.1122 0.6165, 14.4694 4.1122 0.6006, 14.4586 4.1122 0.5871, 14.4066 4.1122 0.5658, 14.4739 4.1122 0.6707, 14.4795 4.1122 0.6528, 14.4804 4.1122 0.6343, 14.444 4.1122 0.576, 14.4269 4.1122 0.5686, 14.3568 4.1122 0.5851, 14.3465 4.1122 0.5968, 14.3376 4.1122 0.6131, 14.3331 4.1122 0.6313, 14.3331 4.1122 0.6486, 14.3375 4.1122 0.6662, 14.3457 4.1122 0.6818, 14.3579 4.1122 0.6954, 14.3732 4.1122 0.7058
            ]
        }
        coordIndex [
            0,1,2,-1,3,4,5,-1,6,7,0,-1,0,7,8,-1,0,8,1,-1,9,10,2,-1,2,10,11,-1,6,0,5,-1,5,0,12,-1,5,12,3,-1,13,14,2,-1,2,14,15,-1,2,15,9,-1,11,16,2,-1,2,16,17,-1,2,17,0,-1,4,18,5,-1,5,18,19,-1,5,19,20,-1,20,21,5,-1,5,21,22,-1,5,22,23,-1,23,24,5,-1,5,24,25,-1,5,25,26,-1,
        ]
    }
}
Shape{
    appearance Appearance {
        material  Material 	{
            diffuseColor 0.7529411764705882 0.7529411764705882 0.7529411764705882
            specularColor 0.3764705882352941 0.3764705882352941 0.3764705882352941
            ambientIntensity 0.7529
            transparency 0.0
            shininess 0.5
        }
    }
    geometry IndexedFaceSet {
        ccw TRUE
        solid FALSE
        coord DEF co Coordinate {
            point [
                12.3077 1.189 5.5968, 12.3077 -1.1929 5.5968, 12.2573 1.189 5.5367, 12.2573 -1.1929 5.5367, 12.2198 1.189 5.4679, 12.2198 -1.1929 5.4679, 12.1967 1.189 5.393, 12.1967 -1.1929 5.393, 12.1889 1.189 5.315, 12.1889 -1.1929 5.315, 12.1889 -1.1929 3.571, 11.9889 -1.1929 3.571, 12.1889 1.189 3.571, 11.9889 1.189 3.571, 11.9889 1.189 5.2442, 11.9889 -1.1929 5.2442, 12.0007 -1.1929 5.362, 12.0007 1.189 5.362, 12.0356 -1.1929 5.4751, 12.0356 1.189 5.4751, 12.0922 -1.1929 5.5791, 12.0922 1.189 5.5791, 12.1683 -1.1929 5.6698, 12.1683 1.189 5.6698, 13.89 -1.1929 7.1403, 13.89 1.189 7.1403, 13.7855 -1.1929 7.2474, 13.7855 1.189 7.2474, 13.8493 -1.1929 7.2952, 13.8493 1.189 7.2952, 13.9233 -1.1929 7.3249, 13.9233 1.189 7.3249, 14.0025 -1.1929 7.3346, 14.0025 1.189 7.3346, 14.0815 -1.1929 7.3236, 14.0815 1.189 7.3236, 14.155 -1.1929 7.2927, 14.155 1.189 7.2927, 14.218 -1.1929 7.2438, 14.218 1.189 7.2438, 14.2663 -1.1929 7.1804, 14.2663 1.189 7.1804, 14.2967 -1.1929 7.1066, 14.2967 1.189 7.1066, 14.307 -1.1929 7.0276, 14.307 1.189 7.0276, 14.307 -1.1929 0.5315, 14.307 -0.3012 0.5315, 14.307 1.189 0.5315, 14.307 0.2972 0.5315, 14.307 0.2972 -1.2598, 14.307 -0.3012 -1.2598, 14.1574 -1.1929 0.5315, 14.1574 -1.1929 7.0276, 14.1521 -1.1929 7.0681, 14.1365 -1.1929 7.1059, 14.1118 -1.1929 7.1385, 14.0794 -1.1929 7.1635, 14.0418 -1.1929 7.1794, 14.0013 -1.1929 7.185, 13.9607 -1.1929 7.1801, 13.9227 -1.1929 7.1648, 14.1574 1.189 7.0276, 14.1521 1.189 7.0681, 14.1365 1.189 7.1059, 14.1118 1.189 7.1385, 14.0794 1.189 7.1635, 14.0418 1.189 7.1794, 14.0013 1.189 7.185, 13.9607 1.189 7.1801, 13.9227 1.189 7.1648, 14.1574 1.189 0.5315, 14.1574 0.2972 0.5315, 14.1574 0.2972 -1.2598, 14.1574 -0.3012 -1.2598, 14.1574 -0.3012 0.5315, -12.1684 1.189 5.6698, -12.1684 -1.1929 5.6698, -12.0923 -1.1929 5.5791, -12.0923 1.189 5.5791, -12.0357 -1.1929 5.4751, -12.0357 1.189 5.4751, -12.0008 -1.1929 5.362, -12.0008 1.189 5.362, -11.989 -1.1929 5.2442, -11.989 1.189 5.2442, -11.989 -1.1929 3.571, -12.189 -1.1929 3.571, -11.989 1.189 3.571, -12.189 1.189 3.571, -12.189 1.189 5.315, -12.189 -1.1929 5.315, -12.1968 1.189 5.393, -12.1968 -1.1929 5.393, -12.2199 1.189 5.4679, -12.2199 -1.1929 5.4679, -12.2574 1.189 5.5367, -12.2574 -1.1929 5.5367, -12.3078 1.189 5.5968, -12.3078 -1.1929 5.5968, -13.8901 1.189 7.1403, -13.8901 -1.1929 7.1403, -13.9228 1.189 7.1648, -13.9228 -1.1929 7.1648, -13.9608 1.189 7.1801, -13.9608 -1.1929 7.1801, -14.0014 1.189 7.185, -14.0014 -1.1929 7.185, -14.0419 1.189 7.1794, -14.0419 -1.1929 7.1794, -14.0795 1.189 7.1635, -14.0795 -1.1929 7.1635, -14.1119 1.189 7.1385, -14.1119 -1.1929 7.1385, -14.1366 1.189 7.1059, -14.1366 -1.1929 7.1059, -14.1522 1.189 7.0681, -14.1522 -1.1929 7.0681, -14.1575 1.189 7.0276, -14.1575 -1.1929 7.0276, -13.7856 -1.1929 7.2474, -13.7856 1.189 7.2474, -14.1575 -1.1929 0.5315, -14.1575 -0.3012 0.5315, -14.1575 1.189 0.5315, -14.1575 0.2972 0.5315, -14.1575 0.2972 -1.2598, -14.1575 -0.3012 -1.2598, -14.3071 -1.1929 0.5315, -14.3071 -0.3012 0.5315, -14.3071 -0.3012 -1.2598, -14.3071 0.2972 -1.2598, -14.3071 0.2972 0.5315, -14.3071 1.189 0.5315, -14.3071 1.189 7.0276, -14.2968 1.189 7.1066, -14.2664 1.189 7.1804, -14.2181 1.189 7.2438, -14.1551 1.189 7.2927, -14.0816 1.189 7.3236, -14.0026 1.189 7.3346, -13.9234 1.189 7.3249, -13.8494 1.189 7.2952, -14.3071 -1.1929 7.0276, -14.2968 -1.1929 7.1066, -14.2664 -1.1929 7.1804, -14.2181 -1.1929 7.2438, -14.1551 -1.1929 7.2927, -14.0816 -1.1929 7.3236, -14.0026 -1.1929 7.3346, -13.9234 -1.1929 7.3249, -13.8494 -1.1929 7.2952
            ]
        }
        coordIndex [
            0,1,2,-1,2,1,3,-1,2,3,4,-1,4,3,5,-1,4,5,6,-1,6,5,7,-1,6,7,8,-1,8,7,9,-1,10,11,12,-1,12,11,13,-1,14,15,16,-1,14,16,17,-1,17,16,18,-1,17,18,19,-1,19,18,20,-1,19,20,21,-1,21,20,22,-1,21,22,23,-1,24,1,25,-1,25,1,0,-1,9,10,8,-1,8,10,12,-1,11,15,13,-1,13,15,14,-1,22,26,23,-1,23,26,27,-1,27,26,28,-1,27,28,29,-1,29,28,30,-1,29,30,31,-1,31,30,32,-1,31,32,33,-1,33,32,34,-1,33,34,35,-1,35,34,36,-1,35,36,37,-1,37,36,38,-1,37,38,39,-1,39,38,40,-1,39,40,41,-1,41,40,42,-1,41,42,43,-1,43,42,44,-1,43,44,45,-1,44,46,45,-1,45,46,47,-1,48,45,49,-1,49,45,47,-1,49,47,50,-1,50,47,51,-1,9,7,18,-1,18,7,20,-1,11,10,15,-1,15,10,9,-1,15,9,16,-1,16,9,18,-1,52,46,53,-1,53,46,44,-1,53,44,54,-1,54,44,42,-1,54,42,55,-1,55,42,40,-1,55,40,56,-1,56,40,38,-1,56,38,57,-1,57,38,36,-1,57,36,58,-1,58,36,34,-1,58,34,59,-1,59,34,32,-1,59,32,60,-1,60,32,30,-1,60,30,61,-1,61,30,28,-1,61,28,24,-1,24,28,26,-1,24,26,1,-1,1,26,22,-1,1,22,3,-1,3,22,20,-1,3,20,5,-1,5,20,7,-1,62,53,63,-1,63,53,54,-1,63,54,64,-1,64,54,55,-1,64,55,65,-1,65,55,56,-1,65,56,66,-1,66,56,57,-1,66,57,67,-1,67,57,58,-1,67,58,68,-1,68,58,59,-1,68,59,69,-1,69,59,60,-1,69,60,70,-1,70,60,61,-1,70,61,25,-1,25,61,24,-1,21,4,19,-1,19,4,6,-1,19,6,17,-1,17,6,8,-1,17,8,14,-1,14,8,12,-1,14,12,13,-1,48,71,45,-1,45,71,62,-1,45,62,43,-1,43,62,63,-1,43,63,41,-1,41,63,64,-1,41,64,39,-1,39,64,65,-1,39,65,37,-1,37,65,66,-1,37,66,35,-1,35,66,67,-1,35,67,33,-1,33,67,68,-1,33,68,31,-1,31,68,69,-1,31,69,29,-1,29,69,70,-1,29,70,27,-1,27,70,25,-1,27,25,23,-1,23,25,0,-1,23,0,21,-1,21,0,2,-1,21,2,4,-1,48,49,71,-1,71,49,72,-1,73,72,50,-1,50,72,49,-1,73,50,74,-1,74,50,51,-1,51,47,74,-1,74,47,75,-1,52,75,46,-1,46,75,47,-1,75,52,53,-1,62,71,72,-1,73,74,72,-1,72,74,75,-1,72,75,62,-1,62,75,53,-1,76,77,78,-1,76,78,79,-1,79,78,80,-1,79,80,81,-1,81,80,82,-1,81,82,83,-1,83,82,84,-1,83,84,85,-1,86,87,88,-1,88,87,89,-1,90,91,92,-1,92,91,93,-1,92,93,94,-1,94,93,95,-1,94,95,96,-1,96,95,97,-1,96,97,98,-1,98,97,99,-1,100,101,102,-1,102,101,103,-1,102,103,104,-1,104,103,105,-1,104,105,106,-1,106,105,107,-1,106,107,108,-1,108,107,109,-1,108,109,110,-1,110,109,111,-1,110,111,112,-1,112,111,113,-1,112,113,114,-1,114,113,115,-1,114,115,116,-1,116,115,117,-1,116,117,118,-1,118,117,119,-1,120,77,121,-1,121,77,76,-1,84,86,85,-1,85,86,88,-1,87,91,89,-1,89,91,90,-1,99,101,98,-1,98,101,100,-1,119,122,118,-1,118,122,123,-1,124,118,125,-1,125,118,123,-1,125,123,126,-1,126,123,127,-1,128,129,122,-1,122,129,123,-1,127,123,130,-1,130,123,129,-1,127,130,126,-1,126,130,131,-1,131,132,126,-1,126,132,125,-1,124,125,133,-1,133,125,132,-1,90,92,81,-1,81,92,79,-1,88,89,85,-1,85,89,90,-1,85,90,83,-1,83,90,81,-1,124,133,118,-1,118,133,134,-1,118,134,116,-1,116,134,135,-1,116,135,114,-1,114,135,136,-1,114,136,112,-1,112,136,137,-1,112,137,110,-1,110,137,138,-1,110,138,108,-1,108,138,139,-1,108,139,106,-1,106,139,140,-1,106,140,104,-1,104,140,141,-1,104,141,102,-1,102,141,142,-1,102,142,100,-1,100,142,121,-1,100,121,98,-1,98,121,76,-1,98,76,96,-1,96,76,79,-1,96,79,94,-1,94,79,92,-1,134,143,144,-1,134,144,135,-1,135,144,145,-1,135,145,136,-1,136,145,146,-1,136,146,137,-1,137,146,147,-1,137,147,138,-1,138,147,148,-1,138,148,139,-1,139,148,149,-1,139,149,140,-1,140,149,150,-1,140,150,141,-1,141,150,151,-1,141,151,142,-1,142,151,120,-1,142,120,121,-1,78,95,80,-1,80,95,93,-1,80,93,82,-1,82,93,91,-1,82,91,84,-1,84,91,87,-1,84,87,86,-1,128,122,143,-1,143,122,119,-1,143,119,144,-1,144,119,117,-1,144,117,145,-1,145,117,115,-1,145,115,146,-1,146,115,113,-1,146,113,147,-1,147,113,111,-1,147,111,148,-1,148,111,109,-1,148,109,149,-1,149,109,107,-1,149,107,150,-1,150,107,105,-1,150,105,151,-1,151,105,103,-1,151,103,120,-1,120,103,101,-1,120,101,77,-1,77,101,99,-1,77,99,78,-1,78,99,97,-1,78,97,95,-1,134,133,143,-1,143,133,132,-1,128,143,129,-1,129,143,132,-1,129,132,130,-1,130,132,131,-1,
        ]
    }
}