#VRML V2.0 utf8
# 3D model generated by easyeda2kicad.py (https://github.com/uPesy/easyeda2kicad.py)

Shape{
    appearance Appearance {
        material  Material 	{
            diffuseColor 0.5019607843137255 0.5019607843137255 0.0
            specularColor 0.25098039215686274 0.25098039215686274 0.0
            ambientIntensity 0.4447
            transparency 0.0
            shininess 0.5
        }
    }
    geometry IndexedFaceSet {
        ccw TRUE
        solid FALSE
        coord DEF co Coordinate {
            point [
                7.3819 0.3201 0.0, 7.3819 0.4076 0.0, 7.3819 0.3543 -0.0707, 7.3819 0.4331 -0.0526, 7.3819 0.3543 -0.9842, 7.3819 0.4331 -0.9842, 7.5787 0.3543 -0.9842, 7.5787 0.4331 -0.9842, 7.5787 0.3543 -0.0707, 7.5787 0.4331 -0.0526, 7.5787 0.3201 0.0, 7.5787 0.4076 0.0
            ]
        }
        coordIndex [
            0,1,2,-1,2,1,3,-1,2,3,4,-1,4,3,5,-1,6,7,8,-1,8,7,9,-1,8,9,10,-1,10,9,11,-1,
        ]
    }
}
Shape{
    appearance Appearance {
        material  Material 	{
            diffuseColor 0.7529411764705882 0.7529411764705882 0.7529411764705882
            specularColor 0.3764705882352941 0.3764705882352941 0.3764705882352941
            ambientIntensity 0.7529
            transparency 0.0
            shininess 0.5
        }
    }
    geometry IndexedFaceSet {
        ccw TRUE
        solid FALSE
        coord DEF co Coordinate {
            point [
                7.3819 -0.2756 0.1953, 7.3819 -0.2756 0.0917, 7.3819 -0.2927 0.1953, 7.3819 -0.2927 0.0565, 7.5787 -0.2927 0.0565, 7.5787 -0.2756 0.0917, 7.5787 -0.2927 0.1953, 7.5787 -0.2756 0.1953
            ]
        }
        coordIndex [
            0,1,2,-1,2,1,3,-1,4,5,6,-1,6,5,7,-1,
        ]
    }
}
Shape{
    appearance Appearance {
        material  Material 	{
            diffuseColor 0.5019607843137255 0.5019607843137255 0.0
            specularColor 0.25098039215686274 0.25098039215686274 0.0
            ambientIntensity 0.4447
            transparency 0.0
            shininess 0.5
        }
    }
    geometry IndexedFaceSet {
        ccw TRUE
        solid FALSE
        coord DEF co Coordinate {
            point [
                6.5945 0.3201 0.0, 6.5945 0.4076 0.0, 6.5945 0.3543 -0.0707, 6.5945 0.4331 -0.0526, 6.5945 0.3543 -0.9842, 6.5945 0.4331 -0.9842, 6.7913 0.3543 -0.9842, 6.7913 0.4331 -0.9842, 6.7913 0.3543 -0.0707, 6.7913 0.4331 -0.0526, 6.7913 0.3201 0.0, 6.7913 0.4076 0.0
            ]
        }
        coordIndex [
            0,1,2,-1,2,1,3,-1,2,3,4,-1,4,3,5,-1,6,7,8,-1,8,7,9,-1,8,9,10,-1,10,9,11,-1,
        ]
    }
}
Shape{
    appearance Appearance {
        material  Material 	{
            diffuseColor 0.7529411764705882 0.7529411764705882 0.7529411764705882
            specularColor 0.3764705882352941 0.3764705882352941 0.3764705882352941
            ambientIntensity 0.7529
            transparency 0.0
            shininess 0.5
        }
    }
    geometry IndexedFaceSet {
        ccw TRUE
        solid FALSE
        coord DEF co Coordinate {
            point [
                6.5945 -0.2756 0.1953, 6.5945 -0.2756 0.0917, 6.5945 -0.2927 0.1953, 6.5945 -0.2927 0.0565, 6.7913 -0.2927 0.0565, 6.7913 -0.2756 0.0917, 6.7913 -0.2927 0.1953, 6.7913 -0.2756 0.1953
            ]
        }
        coordIndex [
            0,1,2,-1,2,1,3,-1,4,5,6,-1,6,5,7,-1,
        ]
    }
}
Shape{
    appearance Appearance {
        material  Material 	{
            diffuseColor 0.5019607843137255 0.5019607843137255 0.0
            specularColor 0.25098039215686274 0.25098039215686274 0.0
            ambientIntensity 0.4447
            transparency 0.0
            shininess 0.5
        }
    }
    geometry IndexedFaceSet {
        ccw TRUE
        solid FALSE
        coord DEF co Coordinate {
            point [
                5.8071 0.3201 0.0, 5.8071 0.4076 0.0, 5.8071 0.3543 -0.0707, 5.8071 0.4331 -0.0526, 5.8071 0.3543 -0.9842, 5.8071 0.4331 -0.9842, 6.0039 0.3543 -0.9842, 6.0039 0.4331 -0.9842, 6.0039 0.3543 -0.0707, 6.0039 0.4331 -0.0526, 6.0039 0.3201 0.0, 6.0039 0.4076 0.0
            ]
        }
        coordIndex [
            0,1,2,-1,2,1,3,-1,2,3,4,-1,4,3,5,-1,6,7,8,-1,8,7,9,-1,8,9,10,-1,10,9,11,-1,
        ]
    }
}
Shape{
    appearance Appearance {
        material  Material 	{
            diffuseColor 0.7529411764705882 0.7529411764705882 0.7529411764705882
            specularColor 0.3764705882352941 0.3764705882352941 0.3764705882352941
            ambientIntensity 0.7529
            transparency 0.0
            shininess 0.5
        }
    }
    geometry IndexedFaceSet {
        ccw TRUE
        solid FALSE
        coord DEF co Coordinate {
            point [
                5.8071 -0.2756 0.1953, 5.8071 -0.2756 0.0917, 5.8071 -0.2927 0.1953, 5.8071 -0.2927 0.0565, 6.0039 -0.2927 0.0565, 6.0039 -0.2756 0.0917, 6.0039 -0.2927 0.1953, 6.0039 -0.2756 0.1953
            ]
        }
        coordIndex [
            0,1,2,-1,2,1,3,-1,4,5,6,-1,6,5,7,-1,
        ]
    }
}
Shape{
    appearance Appearance {
        material  Material 	{
            diffuseColor 0.5019607843137255 0.5019607843137255 0.0
            specularColor 0.25098039215686274 0.25098039215686274 0.0
            ambientIntensity 0.4447
            transparency 0.0
            shininess 0.5
        }
    }
    geometry IndexedFaceSet {
        ccw TRUE
        solid FALSE
        coord DEF co Coordinate {
            point [
                5.0197 0.3201 0.0, 5.0197 0.4076 0.0, 5.0197 0.3543 -0.0707, 5.0197 0.4331 -0.0526, 5.0197 0.3543 -0.9842, 5.0197 0.4331 -0.9842, 5.2165 0.3543 -0.9842, 5.2165 0.4331 -0.9842, 5.2165 0.3543 -0.0707, 5.2165 0.4331 -0.0526, 5.2165 0.3201 0.0, 5.2165 0.4076 0.0
            ]
        }
        coordIndex [
            0,1,2,-1,2,1,3,-1,2,3,4,-1,4,3,5,-1,6,7,8,-1,8,7,9,-1,8,9,10,-1,10,9,11,-1,
        ]
    }
}
Shape{
    appearance Appearance {
        material  Material 	{
            diffuseColor 0.7529411764705882 0.7529411764705882 0.7529411764705882
            specularColor 0.3764705882352941 0.3764705882352941 0.3764705882352941
            ambientIntensity 0.7529
            transparency 0.0
            shininess 0.5
        }
    }
    geometry IndexedFaceSet {
        ccw TRUE
        solid FALSE
        coord DEF co Coordinate {
            point [
                5.0197 -0.2756 0.1953, 5.0197 -0.2756 0.0917, 5.0197 -0.2927 0.1953, 5.0197 -0.2927 0.0565, 5.2165 -0.2927 0.0565, 5.2165 -0.2756 0.0917, 5.2165 -0.2927 0.1953, 5.2165 -0.2756 0.1953
            ]
        }
        coordIndex [
            0,1,2,-1,2,1,3,-1,4,5,6,-1,6,5,7,-1,
        ]
    }
}
Shape{
    appearance Appearance {
        material  Material 	{
            diffuseColor 0.5019607843137255 0.5019607843137255 0.0
            specularColor 0.25098039215686274 0.25098039215686274 0.0
            ambientIntensity 0.4447
            transparency 0.0
            shininess 0.5
        }
    }
    geometry IndexedFaceSet {
        ccw TRUE
        solid FALSE
        coord DEF co Coordinate {
            point [
                4.2323 0.3201 0.0, 4.2323 0.4076 0.0, 4.2323 0.3543 -0.0707, 4.2323 0.4331 -0.0526, 4.2323 0.3543 -0.9842, 4.2323 0.4331 -0.9842, 4.4291 0.3543 -0.9842, 4.4291 0.4331 -0.9842, 4.4291 0.3543 -0.0707, 4.4291 0.4331 -0.0526, 4.4291 0.3201 0.0, 4.4291 0.4076 0.0
            ]
        }
        coordIndex [
            0,1,2,-1,2,1,3,-1,2,3,4,-1,4,3,5,-1,6,7,8,-1,8,7,9,-1,8,9,10,-1,10,9,11,-1,
        ]
    }
}
Shape{
    appearance Appearance {
        material  Material 	{
            diffuseColor 0.7529411764705882 0.7529411764705882 0.7529411764705882
            specularColor 0.3764705882352941 0.3764705882352941 0.3764705882352941
            ambientIntensity 0.7529
            transparency 0.0
            shininess 0.5
        }
    }
    geometry IndexedFaceSet {
        ccw TRUE
        solid FALSE
        coord DEF co Coordinate {
            point [
                4.2323 -0.2756 0.1953, 4.2323 -0.2756 0.0917, 4.2323 -0.2927 0.1953, 4.2323 -0.2927 0.0565, 4.4291 -0.2927 0.0565, 4.4291 -0.2756 0.0917, 4.4291 -0.2927 0.1953, 4.4291 -0.2756 0.1953
            ]
        }
        coordIndex [
            0,1,2,-1,2,1,3,-1,4,5,6,-1,6,5,7,-1,
        ]
    }
}
Shape{
    appearance Appearance {
        material  Material 	{
            diffuseColor 0.5019607843137255 0.5019607843137255 0.0
            specularColor 0.25098039215686274 0.25098039215686274 0.0
            ambientIntensity 0.4447
            transparency 0.0
            shininess 0.5
        }
    }
    geometry IndexedFaceSet {
        ccw TRUE
        solid FALSE
        coord DEF co Coordinate {
            point [
                3.4449 0.3201 0.0, 3.4449 0.4076 0.0, 3.4449 0.3543 -0.0707, 3.4449 0.4331 -0.0526, 3.4449 0.3543 -0.9842, 3.4449 0.4331 -0.9842, 3.6417 0.3543 -0.9842, 3.6417 0.4331 -0.9842, 3.6417 0.3543 -0.0707, 3.6417 0.4331 -0.0526, 3.6417 0.3201 0.0, 3.6417 0.4076 0.0
            ]
        }
        coordIndex [
            0,1,2,-1,2,1,3,-1,2,3,4,-1,4,3,5,-1,6,7,8,-1,8,7,9,-1,8,9,10,-1,10,9,11,-1,
        ]
    }
}
Shape{
    appearance Appearance {
        material  Material 	{
            diffuseColor 0.7529411764705882 0.7529411764705882 0.7529411764705882
            specularColor 0.3764705882352941 0.3764705882352941 0.3764705882352941
            ambientIntensity 0.7529
            transparency 0.0
            shininess 0.5
        }
    }
    geometry IndexedFaceSet {
        ccw TRUE
        solid FALSE
        coord DEF co Coordinate {
            point [
                3.4449 -0.2756 0.1953, 3.4449 -0.2756 0.0917, 3.4449 -0.2927 0.1953, 3.4449 -0.2927 0.0565, 3.6417 -0.2927 0.0565, 3.6417 -0.2756 0.0917, 3.6417 -0.2927 0.1953, 3.6417 -0.2756 0.1953
            ]
        }
        coordIndex [
            0,1,2,-1,2,1,3,-1,4,5,6,-1,6,5,7,-1,
        ]
    }
}
Shape{
    appearance Appearance {
        material  Material 	{
            diffuseColor 0.5019607843137255 0.5019607843137255 0.0
            specularColor 0.25098039215686274 0.25098039215686274 0.0
            ambientIntensity 0.4447
            transparency 0.0
            shininess 0.5
        }
    }
    geometry IndexedFaceSet {
        ccw TRUE
        solid FALSE
        coord DEF co Coordinate {
            point [
                2.6575 0.3201 0.0, 2.6575 0.4076 0.0, 2.6575 0.3543 -0.0707, 2.6575 0.4331 -0.0526, 2.6575 0.3543 -0.9842, 2.6575 0.4331 -0.9842, 2.8543 0.3543 -0.9842, 2.8543 0.4331 -0.9842, 2.8543 0.3543 -0.0707, 2.8543 0.4331 -0.0526, 2.8543 0.3201 0.0, 2.8543 0.4076 0.0
            ]
        }
        coordIndex [
            0,1,2,-1,2,1,3,-1,2,3,4,-1,4,3,5,-1,6,7,8,-1,8,7,9,-1,8,9,10,-1,10,9,11,-1,
        ]
    }
}
Shape{
    appearance Appearance {
        material  Material 	{
            diffuseColor 0.7529411764705882 0.7529411764705882 0.7529411764705882
            specularColor 0.3764705882352941 0.3764705882352941 0.3764705882352941
            ambientIntensity 0.7529
            transparency 0.0
            shininess 0.5
        }
    }
    geometry IndexedFaceSet {
        ccw TRUE
        solid FALSE
        coord DEF co Coordinate {
            point [
                2.6575 -0.2756 0.1953, 2.6575 -0.2756 0.0917, 2.6575 -0.2927 0.1953, 2.6575 -0.2927 0.0565, 2.8543 -0.2927 0.0565, 2.8543 -0.2756 0.0917, 2.8543 -0.2927 0.1953, 2.8543 -0.2756 0.1953
            ]
        }
        coordIndex [
            0,1,2,-1,2,1,3,-1,4,5,6,-1,6,5,7,-1,
        ]
    }
}
Shape{
    appearance Appearance {
        material  Material 	{
            diffuseColor 0.5019607843137255 0.5019607843137255 0.0
            specularColor 0.25098039215686274 0.25098039215686274 0.0
            ambientIntensity 0.4447
            transparency 0.0
            shininess 0.5
        }
    }
    geometry IndexedFaceSet {
        ccw TRUE
        solid FALSE
        coord DEF co Coordinate {
            point [
                1.8701 0.3201 0.0, 1.8701 0.4076 0.0, 1.8701 0.3543 -0.0707, 1.8701 0.4331 -0.0526, 1.8701 0.3543 -0.9842, 1.8701 0.4331 -0.9842, 2.0669 0.3543 -0.9842, 2.0669 0.4331 -0.9842, 2.0669 0.3543 -0.0707, 2.0669 0.4331 -0.0526, 2.0669 0.3201 0.0, 2.0669 0.4076 0.0
            ]
        }
        coordIndex [
            0,1,2,-1,2,1,3,-1,2,3,4,-1,4,3,5,-1,6,7,8,-1,8,7,9,-1,8,9,10,-1,10,9,11,-1,
        ]
    }
}
Shape{
    appearance Appearance {
        material  Material 	{
            diffuseColor 0.7529411764705882 0.7529411764705882 0.7529411764705882
            specularColor 0.3764705882352941 0.3764705882352941 0.3764705882352941
            ambientIntensity 0.7529
            transparency 0.0
            shininess 0.5
        }
    }
    geometry IndexedFaceSet {
        ccw TRUE
        solid FALSE
        coord DEF co Coordinate {
            point [
                1.8701 -0.2756 0.1953, 1.8701 -0.2756 0.0917, 1.8701 -0.2927 0.1953, 1.8701 -0.2927 0.0565, 2.0669 -0.2927 0.0565, 2.0669 -0.2756 0.0917, 2.0669 -0.2927 0.1953, 2.0669 -0.2756 0.1953
            ]
        }
        coordIndex [
            0,1,2,-1,2,1,3,-1,4,5,6,-1,6,5,7,-1,
        ]
    }
}
Shape{
    appearance Appearance {
        material  Material 	{
            diffuseColor 0.5019607843137255 0.5019607843137255 0.0
            specularColor 0.25098039215686274 0.25098039215686274 0.0
            ambientIntensity 0.4447
            transparency 0.0
            shininess 0.5
        }
    }
    geometry IndexedFaceSet {
        ccw TRUE
        solid FALSE
        coord DEF co Coordinate {
            point [
                1.0827 0.3201 0.0, 1.0827 0.4076 0.0, 1.0827 0.3543 -0.0707, 1.0827 0.4331 -0.0526, 1.0827 0.3543 -0.9842, 1.0827 0.4331 -0.9842, 1.2795 0.3543 -0.9842, 1.2795 0.4331 -0.9842, 1.2795 0.3543 -0.0707, 1.2795 0.4331 -0.0526, 1.2795 0.3201 0.0, 1.2795 0.4076 0.0
            ]
        }
        coordIndex [
            0,1,2,-1,2,1,3,-1,2,3,4,-1,4,3,5,-1,6,7,8,-1,8,7,9,-1,8,9,10,-1,10,9,11,-1,
        ]
    }
}
Shape{
    appearance Appearance {
        material  Material 	{
            diffuseColor 0.7529411764705882 0.7529411764705882 0.7529411764705882
            specularColor 0.3764705882352941 0.3764705882352941 0.3764705882352941
            ambientIntensity 0.7529
            transparency 0.0
            shininess 0.5
        }
    }
    geometry IndexedFaceSet {
        ccw TRUE
        solid FALSE
        coord DEF co Coordinate {
            point [
                1.0827 -0.2756 0.1953, 1.0827 -0.2756 0.0917, 1.0827 -0.2927 0.1953, 1.0827 -0.2927 0.0565, 1.2795 -0.2927 0.0565, 1.2795 -0.2756 0.0917, 1.2795 -0.2927 0.1953, 1.2795 -0.2756 0.1953
            ]
        }
        coordIndex [
            0,1,2,-1,2,1,3,-1,4,5,6,-1,6,5,7,-1,
        ]
    }
}
Shape{
    appearance Appearance {
        material  Material 	{
            diffuseColor 0.5019607843137255 0.5019607843137255 0.0
            specularColor 0.25098039215686274 0.25098039215686274 0.0
            ambientIntensity 0.4447
            transparency 0.0
            shininess 0.5
        }
    }
    geometry IndexedFaceSet {
        ccw TRUE
        solid FALSE
        coord DEF co Coordinate {
            point [
                0.2953 0.3201 0.0, 0.2953 0.4076 0.0, 0.2953 0.3543 -0.0707, 0.2953 0.4331 -0.0526, 0.2953 0.3543 -0.9842, 0.2953 0.4331 -0.9842, 0.4921 0.3543 -0.9842, 0.4921 0.4331 -0.9842, 0.4921 0.3543 -0.0707, 0.4921 0.4331 -0.0526, 0.4921 0.3201 0.0, 0.4921 0.4076 0.0
            ]
        }
        coordIndex [
            0,1,2,-1,2,1,3,-1,2,3,4,-1,4,3,5,-1,6,7,8,-1,8,7,9,-1,8,9,10,-1,10,9,11,-1,
        ]
    }
}
Shape{
    appearance Appearance {
        material  Material 	{
            diffuseColor 0.7529411764705882 0.7529411764705882 0.7529411764705882
            specularColor 0.3764705882352941 0.3764705882352941 0.3764705882352941
            ambientIntensity 0.7529
            transparency 0.0
            shininess 0.5
        }
    }
    geometry IndexedFaceSet {
        ccw TRUE
        solid FALSE
        coord DEF co Coordinate {
            point [
                0.2953 -0.2756 0.1953, 0.2953 -0.2756 0.0917, 0.2953 -0.2927 0.1953, 0.2953 -0.2927 0.0565, 0.4921 -0.2927 0.0565, 0.4921 -0.2756 0.0917, 0.4921 -0.2927 0.1953, 0.4921 -0.2756 0.1953
            ]
        }
        coordIndex [
            0,1,2,-1,2,1,3,-1,4,5,6,-1,6,5,7,-1,
        ]
    }
}
Shape{
    appearance Appearance {
        material  Material 	{
            diffuseColor 0.5019607843137255 0.5019607843137255 0.0
            specularColor 0.25098039215686274 0.25098039215686274 0.0
            ambientIntensity 0.4447
            transparency 0.0
            shininess 0.5
        }
    }
    geometry IndexedFaceSet {
        ccw TRUE
        solid FALSE
        coord DEF co Coordinate {
            point [
                -0.4921 0.3201 0.0, -0.4921 0.4076 0.0, -0.4921 0.3543 -0.0707, -0.4921 0.4331 -0.0526, -0.4921 0.3543 -0.9842, -0.4921 0.4331 -0.9842, -0.2953 0.3543 -0.9842, -0.2953 0.4331 -0.9842, -0.2953 0.3543 -0.0707, -0.2953 0.4331 -0.0526, -0.2953 0.3201 0.0, -0.2953 0.4076 0.0
            ]
        }
        coordIndex [
            0,1,2,-1,2,1,3,-1,2,3,4,-1,4,3,5,-1,6,7,8,-1,8,7,9,-1,8,9,10,-1,10,9,11,-1,
        ]
    }
}
Shape{
    appearance Appearance {
        material  Material 	{
            diffuseColor 0.7529411764705882 0.7529411764705882 0.7529411764705882
            specularColor 0.3764705882352941 0.3764705882352941 0.3764705882352941
            ambientIntensity 0.7529
            transparency 0.0
            shininess 0.5
        }
    }
    geometry IndexedFaceSet {
        ccw TRUE
        solid FALSE
        coord DEF co Coordinate {
            point [
                -0.4921 -0.2756 0.1953, -0.4921 -0.2756 0.0917, -0.4921 -0.2927 0.1953, -0.4921 -0.2927 0.0565, -0.2953 -0.2927 0.0565, -0.2953 -0.2756 0.0917, -0.2953 -0.2927 0.1953, -0.2953 -0.2756 0.1953
            ]
        }
        coordIndex [
            0,1,2,-1,2,1,3,-1,4,5,6,-1,6,5,7,-1,
        ]
    }
}
Shape{
    appearance Appearance {
        material  Material 	{
            diffuseColor 0.5019607843137255 0.5019607843137255 0.0
            specularColor 0.25098039215686274 0.25098039215686274 0.0
            ambientIntensity 0.4447
            transparency 0.0
            shininess 0.5
        }
    }
    geometry IndexedFaceSet {
        ccw TRUE
        solid FALSE
        coord DEF co Coordinate {
            point [
                -1.2795 0.3201 0.0, -1.2795 0.4076 0.0, -1.2795 0.3543 -0.0707, -1.2795 0.4331 -0.0526, -1.2795 0.3543 -0.9842, -1.2795 0.4331 -0.9842, -1.0827 0.3543 -0.9842, -1.0827 0.4331 -0.9842, -1.0827 0.3543 -0.0707, -1.0827 0.4331 -0.0526, -1.0827 0.3201 0.0, -1.0827 0.4076 0.0
            ]
        }
        coordIndex [
            0,1,2,-1,2,1,3,-1,2,3,4,-1,4,3,5,-1,6,7,8,-1,8,7,9,-1,8,9,10,-1,10,9,11,-1,
        ]
    }
}
Shape{
    appearance Appearance {
        material  Material 	{
            diffuseColor 0.7529411764705882 0.7529411764705882 0.7529411764705882
            specularColor 0.3764705882352941 0.3764705882352941 0.3764705882352941
            ambientIntensity 0.7529
            transparency 0.0
            shininess 0.5
        }
    }
    geometry IndexedFaceSet {
        ccw TRUE
        solid FALSE
        coord DEF co Coordinate {
            point [
                -1.2795 -0.2756 0.1953, -1.2795 -0.2756 0.0917, -1.2795 -0.2927 0.1953, -1.2795 -0.2927 0.0565, -1.0827 -0.2927 0.0565, -1.0827 -0.2756 0.0917, -1.0827 -0.2927 0.1953, -1.0827 -0.2756 0.1953
            ]
        }
        coordIndex [
            0,1,2,-1,2,1,3,-1,4,5,6,-1,6,5,7,-1,
        ]
    }
}
Shape{
    appearance Appearance {
        material  Material 	{
            diffuseColor 0.5019607843137255 0.5019607843137255 0.0
            specularColor 0.25098039215686274 0.25098039215686274 0.0
            ambientIntensity 0.4447
            transparency 0.0
            shininess 0.5
        }
    }
    geometry IndexedFaceSet {
        ccw TRUE
        solid FALSE
        coord DEF co Coordinate {
            point [
                -2.0669 0.3201 0.0, -2.0669 0.4076 0.0, -2.0669 0.3543 -0.0707, -2.0669 0.4331 -0.0526, -2.0669 0.3543 -0.9842, -2.0669 0.4331 -0.9842, -1.8701 0.3543 -0.9842, -1.8701 0.4331 -0.9842, -1.8701 0.3543 -0.0707, -1.8701 0.4331 -0.0526, -1.8701 0.3201 0.0, -1.8701 0.4076 0.0
            ]
        }
        coordIndex [
            0,1,2,-1,2,1,3,-1,2,3,4,-1,4,3,5,-1,6,7,8,-1,8,7,9,-1,8,9,10,-1,10,9,11,-1,
        ]
    }
}
Shape{
    appearance Appearance {
        material  Material 	{
            diffuseColor 0.7529411764705882 0.7529411764705882 0.7529411764705882
            specularColor 0.3764705882352941 0.3764705882352941 0.3764705882352941
            ambientIntensity 0.7529
            transparency 0.0
            shininess 0.5
        }
    }
    geometry IndexedFaceSet {
        ccw TRUE
        solid FALSE
        coord DEF co Coordinate {
            point [
                -2.0669 -0.2756 0.1953, -2.0669 -0.2756 0.0917, -2.0669 -0.2927 0.1953, -2.0669 -0.2927 0.0565, -1.8701 -0.2927 0.0565, -1.8701 -0.2756 0.0917, -1.8701 -0.2927 0.1953, -1.8701 -0.2756 0.1953
            ]
        }
        coordIndex [
            0,1,2,-1,2,1,3,-1,4,5,6,-1,6,5,7,-1,
        ]
    }
}
Shape{
    appearance Appearance {
        material  Material 	{
            diffuseColor 0.5019607843137255 0.5019607843137255 0.0
            specularColor 0.25098039215686274 0.25098039215686274 0.0
            ambientIntensity 0.4447
            transparency 0.0
            shininess 0.5
        }
    }
    geometry IndexedFaceSet {
        ccw TRUE
        solid FALSE
        coord DEF co Coordinate {
            point [
                -2.8543 0.3201 0.0, -2.8543 0.4076 0.0, -2.8543 0.3543 -0.0707, -2.8543 0.4331 -0.0526, -2.8543 0.3543 -0.9842, -2.8543 0.4331 -0.9842, -2.6575 0.3543 -0.9842, -2.6575 0.4331 -0.9842, -2.6575 0.3543 -0.0707, -2.6575 0.4331 -0.0526, -2.6575 0.3201 0.0, -2.6575 0.4076 0.0
            ]
        }
        coordIndex [
            0,1,2,-1,2,1,3,-1,2,3,4,-1,4,3,5,-1,6,7,8,-1,8,7,9,-1,8,9,10,-1,10,9,11,-1,
        ]
    }
}
Shape{
    appearance Appearance {
        material  Material 	{
            diffuseColor 0.7529411764705882 0.7529411764705882 0.7529411764705882
            specularColor 0.3764705882352941 0.3764705882352941 0.3764705882352941
            ambientIntensity 0.7529
            transparency 0.0
            shininess 0.5
        }
    }
    geometry IndexedFaceSet {
        ccw TRUE
        solid FALSE
        coord DEF co Coordinate {
            point [
                -2.8543 -0.2756 0.1953, -2.8543 -0.2756 0.0917, -2.8543 -0.2927 0.1953, -2.8543 -0.2927 0.0565, -2.6575 -0.2927 0.0565, -2.6575 -0.2756 0.0917, -2.6575 -0.2927 0.1953, -2.6575 -0.2756 0.1953
            ]
        }
        coordIndex [
            0,1,2,-1,2,1,3,-1,4,5,6,-1,6,5,7,-1,
        ]
    }
}
Shape{
    appearance Appearance {
        material  Material 	{
            diffuseColor 0.5019607843137255 0.5019607843137255 0.0
            specularColor 0.25098039215686274 0.25098039215686274 0.0
            ambientIntensity 0.4447
            transparency 0.0
            shininess 0.5
        }
    }
    geometry IndexedFaceSet {
        ccw TRUE
        solid FALSE
        coord DEF co Coordinate {
            point [
                -3.6417 0.3201 0.0, -3.6417 0.4076 0.0, -3.6417 0.3543 -0.0707, -3.6417 0.4331 -0.0526, -3.6417 0.3543 -0.9842, -3.6417 0.4331 -0.9842, -3.4449 0.3543 -0.9842, -3.4449 0.4331 -0.9842, -3.4449 0.3543 -0.0707, -3.4449 0.4331 -0.0526, -3.4449 0.3201 0.0, -3.4449 0.4076 0.0
            ]
        }
        coordIndex [
            0,1,2,-1,2,1,3,-1,2,3,4,-1,4,3,5,-1,6,7,8,-1,8,7,9,-1,8,9,10,-1,10,9,11,-1,
        ]
    }
}
Shape{
    appearance Appearance {
        material  Material 	{
            diffuseColor 0.7529411764705882 0.7529411764705882 0.7529411764705882
            specularColor 0.3764705882352941 0.3764705882352941 0.3764705882352941
            ambientIntensity 0.7529
            transparency 0.0
            shininess 0.5
        }
    }
    geometry IndexedFaceSet {
        ccw TRUE
        solid FALSE
        coord DEF co Coordinate {
            point [
                -3.6417 -0.2756 0.1953, -3.6417 -0.2756 0.0917, -3.6417 -0.2927 0.1953, -3.6417 -0.2927 0.0565, -3.4449 -0.2927 0.0565, -3.4449 -0.2756 0.0917, -3.4449 -0.2927 0.1953, -3.4449 -0.2756 0.1953
            ]
        }
        coordIndex [
            0,1,2,-1,2,1,3,-1,4,5,6,-1,6,5,7,-1,
        ]
    }
}
Shape{
    appearance Appearance {
        material  Material 	{
            diffuseColor 0.5019607843137255 0.5019607843137255 0.0
            specularColor 0.25098039215686274 0.25098039215686274 0.0
            ambientIntensity 0.4447
            transparency 0.0
            shininess 0.5
        }
    }
    geometry IndexedFaceSet {
        ccw TRUE
        solid FALSE
        coord DEF co Coordinate {
            point [
                -4.4291 0.3201 0.0, -4.4291 0.4076 0.0, -4.4291 0.3543 -0.0707, -4.4291 0.4331 -0.0526, -4.4291 0.3543 -0.9842, -4.4291 0.4331 -0.9842, -4.2323 0.3543 -0.9842, -4.2323 0.4331 -0.9842, -4.2323 0.3543 -0.0707, -4.2323 0.4331 -0.0526, -4.2323 0.3201 0.0, -4.2323 0.4076 0.0
            ]
        }
        coordIndex [
            0,1,2,-1,2,1,3,-1,2,3,4,-1,4,3,5,-1,6,7,8,-1,8,7,9,-1,8,9,10,-1,10,9,11,-1,
        ]
    }
}
Shape{
    appearance Appearance {
        material  Material 	{
            diffuseColor 0.7529411764705882 0.7529411764705882 0.7529411764705882
            specularColor 0.3764705882352941 0.3764705882352941 0.3764705882352941
            ambientIntensity 0.7529
            transparency 0.0
            shininess 0.5
        }
    }
    geometry IndexedFaceSet {
        ccw TRUE
        solid FALSE
        coord DEF co Coordinate {
            point [
                -4.4291 -0.2756 0.1953, -4.4291 -0.2756 0.0917, -4.4291 -0.2927 0.1953, -4.4291 -0.2927 0.0565, -4.2323 -0.2927 0.0565, -4.2323 -0.2756 0.0917, -4.2323 -0.2927 0.1953, -4.2323 -0.2756 0.1953
            ]
        }
        coordIndex [
            0,1,2,-1,2,1,3,-1,4,5,6,-1,6,5,7,-1,
        ]
    }
}
Shape{
    appearance Appearance {
        material  Material 	{
            diffuseColor 0.5019607843137255 0.5019607843137255 0.0
            specularColor 0.25098039215686274 0.25098039215686274 0.0
            ambientIntensity 0.4447
            transparency 0.0
            shininess 0.5
        }
    }
    geometry IndexedFaceSet {
        ccw TRUE
        solid FALSE
        coord DEF co Coordinate {
            point [
                -5.2165 0.3201 0.0, -5.2165 0.4076 0.0, -5.2165 0.3543 -0.0707, -5.2165 0.4331 -0.0526, -5.2165 0.3543 -0.9842, -5.2165 0.4331 -0.9842, -5.0197 0.3543 -0.9842, -5.0197 0.4331 -0.9842, -5.0197 0.3543 -0.0707, -5.0197 0.4331 -0.0526, -5.0197 0.3201 0.0, -5.0197 0.4076 0.0
            ]
        }
        coordIndex [
            0,1,2,-1,2,1,3,-1,2,3,4,-1,4,3,5,-1,6,7,8,-1,8,7,9,-1,8,9,10,-1,10,9,11,-1,
        ]
    }
}
Shape{
    appearance Appearance {
        material  Material 	{
            diffuseColor 0.7529411764705882 0.7529411764705882 0.7529411764705882
            specularColor 0.3764705882352941 0.3764705882352941 0.3764705882352941
            ambientIntensity 0.7529
            transparency 0.0
            shininess 0.5
        }
    }
    geometry IndexedFaceSet {
        ccw TRUE
        solid FALSE
        coord DEF co Coordinate {
            point [
                -5.2165 -0.2756 0.1953, -5.2165 -0.2756 0.0917, -5.2165 -0.2927 0.1953, -5.2165 -0.2927 0.0565, -5.0197 -0.2927 0.0565, -5.0197 -0.2756 0.0917, -5.0197 -0.2927 0.1953, -5.0197 -0.2756 0.1953
            ]
        }
        coordIndex [
            0,1,2,-1,2,1,3,-1,4,5,6,-1,6,5,7,-1,
        ]
    }
}
Shape{
    appearance Appearance {
        material  Material 	{
            diffuseColor 0.5019607843137255 0.5019607843137255 0.0
            specularColor 0.25098039215686274 0.25098039215686274 0.0
            ambientIntensity 0.4447
            transparency 0.0
            shininess 0.5
        }
    }
    geometry IndexedFaceSet {
        ccw TRUE
        solid FALSE
        coord DEF co Coordinate {
            point [
                -6.0039 0.3201 0.0, -6.0039 0.4076 0.0, -6.0039 0.3543 -0.0707, -6.0039 0.4331 -0.0526, -6.0039 0.3543 -0.9842, -6.0039 0.4331 -0.9842, -5.8071 0.3543 -0.9842, -5.8071 0.4331 -0.9842, -5.8071 0.3543 -0.0707, -5.8071 0.4331 -0.0526, -5.8071 0.3201 0.0, -5.8071 0.4076 0.0
            ]
        }
        coordIndex [
            0,1,2,-1,2,1,3,-1,2,3,4,-1,4,3,5,-1,6,7,8,-1,8,7,9,-1,8,9,10,-1,10,9,11,-1,
        ]
    }
}
Shape{
    appearance Appearance {
        material  Material 	{
            diffuseColor 0.7529411764705882 0.7529411764705882 0.7529411764705882
            specularColor 0.3764705882352941 0.3764705882352941 0.3764705882352941
            ambientIntensity 0.7529
            transparency 0.0
            shininess 0.5
        }
    }
    geometry IndexedFaceSet {
        ccw TRUE
        solid FALSE
        coord DEF co Coordinate {
            point [
                -6.0039 -0.2756 0.1953, -6.0039 -0.2756 0.0917, -6.0039 -0.2927 0.1953, -6.0039 -0.2927 0.0565, -5.8071 -0.2927 0.0565, -5.8071 -0.2756 0.0917, -5.8071 -0.2927 0.1953, -5.8071 -0.2756 0.1953
            ]
        }
        coordIndex [
            0,1,2,-1,2,1,3,-1,4,5,6,-1,6,5,7,-1,
        ]
    }
}
Shape{
    appearance Appearance {
        material  Material 	{
            diffuseColor 0.5019607843137255 0.5019607843137255 0.0
            specularColor 0.25098039215686274 0.25098039215686274 0.0
            ambientIntensity 0.4447
            transparency 0.0
            shininess 0.5
        }
    }
    geometry IndexedFaceSet {
        ccw TRUE
        solid FALSE
        coord DEF co Coordinate {
            point [
                -6.7913 0.3201 0.0, -6.7913 0.4076 0.0, -6.7913 0.3543 -0.0707, -6.7913 0.4331 -0.0526, -6.7913 0.3543 -0.9842, -6.7913 0.4331 -0.9842, -6.5945 0.3543 -0.9842, -6.5945 0.4331 -0.9842, -6.5945 0.3543 -0.0707, -6.5945 0.4331 -0.0526, -6.5945 0.3201 0.0, -6.5945 0.4076 0.0
            ]
        }
        coordIndex [
            0,1,2,-1,2,1,3,-1,2,3,4,-1,4,3,5,-1,6,7,8,-1,8,7,9,-1,8,9,10,-1,10,9,11,-1,
        ]
    }
}
Shape{
    appearance Appearance {
        material  Material 	{
            diffuseColor 0.7529411764705882 0.7529411764705882 0.7529411764705882
            specularColor 0.3764705882352941 0.3764705882352941 0.3764705882352941
            ambientIntensity 0.7529
            transparency 0.0
            shininess 0.5
        }
    }
    geometry IndexedFaceSet {
        ccw TRUE
        solid FALSE
        coord DEF co Coordinate {
            point [
                -6.7913 -0.2756 0.1953, -6.7913 -0.2756 0.0917, -6.7913 -0.2927 0.1953, -6.7913 -0.2927 0.0565, -6.5945 -0.2927 0.0565, -6.5945 -0.2756 0.0917, -6.5945 -0.2927 0.1953, -6.5945 -0.2756 0.1953
            ]
        }
        coordIndex [
            0,1,2,-1,2,1,3,-1,4,5,6,-1,6,5,7,-1,
        ]
    }
}
Shape{
    appearance Appearance {
        material  Material 	{
            diffuseColor 0.14901960784313725 0.14901960784313725 0.14901960784313725
            specularColor 0.07450980392156863 0.07450980392156863 0.07450980392156863
            ambientIntensity 0.149
            transparency 0.0
            shininess 0.5
        }
    }
    geometry IndexedFaceSet {
        ccw TRUE
        solid FALSE
        coord DEF co Coordinate {
            point [
                7.5787 0.2756 0.1953, 7.5984 0.2756 1.6142, 7.5984 0.2756 0.0, 7.3622 0.2756 1.6142, 7.3819 0.2756 0.1953, 7.3622 0.2756 0.0, 7.3819 0.2756 0.0917, 7.5787 0.2756 0.0917, 6.7913 0.2756 0.1953, 6.811 0.2756 1.6142, 6.811 0.2756 0.0, 6.5748 0.2756 1.6142, 6.5945 0.2756 0.1953, 6.5748 0.2756 0.0, 6.5945 0.2756 0.0917, 6.7913 0.2756 0.0917, 6.0039 0.2756 0.1953, 6.0236 0.2756 1.6142, 6.0236 0.2756 0.0, 5.7874 0.2756 1.6142, 5.8071 0.2756 0.1953, 5.7874 0.2756 0.0, 5.8071 0.2756 0.0917, 6.0039 0.2756 0.0917, 5.2165 0.2756 0.1953, 5.2362 0.2756 1.6142, 5.2362 0.2756 0.0, 5.0 0.2756 1.6142, 5.0197 0.2756 0.1953, 5.0 0.2756 0.0, 5.0197 0.2756 0.0917, 5.2165 0.2756 0.0917, 4.4291 0.2756 0.1953, 4.4488 0.2756 1.6142, 4.4488 0.2756 0.0, 4.2126 0.2756 1.6142, 4.2323 0.2756 0.1953, 4.2126 0.2756 0.0, 4.2323 0.2756 0.0917, 4.4291 0.2756 0.0917, 3.6417 0.2756 0.1953, 3.6614 0.2756 1.6142, 3.6614 0.2756 0.0, 3.4252 0.2756 1.6142, 3.4449 0.2756 0.1953, 3.4252 0.2756 0.0, 3.4449 0.2756 0.0917, 3.6417 0.2756 0.0917, 2.8543 0.2756 0.1953, 2.874 0.2756 1.6142, 2.874 0.2756 0.0, 2.6378 0.2756 1.6142, 2.6575 0.2756 0.1953, 2.6378 0.2756 0.0, 2.6575 0.2756 0.0917, 2.8543 0.2756 0.0917, 2.0669 0.2756 0.1953, 2.0866 0.2756 1.6142, 2.0866 0.2756 0.0, 1.8504 0.2756 1.6142, 1.8701 0.2756 0.1953, 1.8504 0.2756 0.0, 1.8701 0.2756 0.0917, 2.0669 0.2756 0.0917, 1.2795 0.2756 0.1953, 1.2992 0.2756 1.6142, 1.2992 0.2756 0.0, 1.063 0.2756 1.6142, 1.0827 0.2756 0.1953, 1.063 0.2756 0.0, 1.0827 0.2756 0.0917, 1.2795 0.2756 0.0917, 0.4921 0.2756 0.1953, 0.5118 0.2756 1.6142, 0.5118 0.2756 0.0, 0.2756 0.2756 1.6142, 0.2953 0.2756 0.1953, 0.2756 0.2756 0.0, 0.2953 0.2756 0.0917, 0.4921 0.2756 0.0917, -0.2953 0.2756 0.1953, -0.2756 0.2756 1.6142, -0.2756 0.2756 0.0, -0.5118 0.2756 1.6142, -0.4921 0.2756 0.1953, -0.5118 0.2756 0.0, -0.4921 0.2756 0.0917, -0.2953 0.2756 0.0917, -1.0827 0.2756 0.1953, -1.063 0.2756 1.6142, -1.063 0.2756 0.0, -1.2992 0.2756 1.6142, -1.2795 0.2756 0.1953, -1.2992 0.2756 0.0, -1.2795 0.2756 0.0917, -1.0827 0.2756 0.0917, -1.8701 0.2756 0.1953, -1.8504 0.2756 1.6142, -1.8504 0.2756 0.0, -2.0866 0.2756 1.6142, -2.0669 0.2756 0.1953, -2.0866 0.2756 0.0, -2.0669 0.2756 0.0917, -1.8701 0.2756 0.0917, -2.6575 0.2756 0.1953, -2.6378 0.2756 1.6142, -2.6378 0.2756 0.0, -2.874 0.2756 1.6142, -2.8543 0.2756 0.1953, -2.874 0.2756 0.0, -2.8543 0.2756 0.0917, -2.6575 0.2756 0.0917, -3.4449 0.2756 0.1953, -3.4252 0.2756 1.6142, -3.4252 0.2756 0.0, -3.6614 0.2756 1.6142, -3.6417 0.2756 0.1953, -3.6614 0.2756 0.0, -3.6417 0.2756 0.0917, -3.4449 0.2756 0.0917, -4.2323 0.2756 0.1953, -4.2126 0.2756 1.6142, -4.2126 0.2756 0.0, -4.4488 0.2756 1.6142, -4.4291 0.2756 0.1953, -4.4488 0.2756 0.0, -4.4291 0.2756 0.0917, -4.2323 0.2756 0.0917, -5.0197 0.2756 0.1953, -5.0 0.2756 1.6142, -5.0 0.2756 0.0, -5.2362 0.2756 1.6142, -5.2165 0.2756 0.1953, -5.2362 0.2756 0.0, -5.2165 0.2756 0.0917, -5.0197 0.2756 0.0917, -5.8071 0.2756 0.1953, -5.7874 0.2756 1.6142, -5.7874 0.2756 0.0, -6.0236 0.2756 1.6142, -6.0039 0.2756 0.1953, -6.0236 0.2756 0.0, -6.0039 0.2756 0.0917, -5.8071 0.2756 0.0917, -6.5945 0.2756 0.1953, -6.5748 0.2756 1.6142, -6.5748 0.2756 0.0, -6.811 0.2756 1.6142, -6.7913 0.2756 0.1953, -6.811 0.2756 0.0, -6.7913 0.2756 0.0917, -6.5945 0.2756 0.0917, -0.5118 0.5118 0.0, -0.5158 0.1948 0.0, 7.9724 -0.0903 0.0, 6.2992 -0.0903 0.0, 6.2992 0.1948 0.0, -2.6378 -0.2756 0.0, -2.874 -0.2756 0.0, -3.1496 -0.0903 0.0, -0.5158 -0.6988 0.0, -0.694 -0.6988 0.0, -0.694 -0.0903 0.0, 4.4488 -0.2756 0.0, 4.2126 -0.2756 0.0, 3.937 -0.0903 0.0, -7.7854 -0.8858 0.0, -7.9724 -0.8858 0.0, -7.9724 -0.6988 0.0, -0.2085 0.1948 0.0, -0.3735 0.109 0.0, -0.3912 0.0888 0.0, -0.3912 0.0283 0.0, -0.4846 0.0888 0.0, -0.4846 0.0283 0.0, -0.4846 0.109 0.0, -0.5158 -0.0903 0.0, -0.4846 0.0081 0.0, -0.3153 0.0916 0.0, -0.3273 0.0802 0.0, -0.2315 0.1131 0.0, -0.2472 0.1141 0.0, -0.2759 0.1108 0.0, -0.2938 0.1046 0.0, -0.2747 0.0899 0.0, -0.2317 -0.0716 0.0, -0.2834 0.0868 0.0, -0.2474 -0.0727 0.0, -0.3177 -0.0399 0.0, -0.3331 -0.0516 0.0, -0.3331 0.0729 0.0, -0.3912 0.0081 0.0, -0.3912 -0.0676 0.0, -0.4846 -0.0676 0.0, -0.4846 -0.0878 0.0, -0.3735 -0.0878 0.0, -0.3177 0.0611 0.0, -0.3019 0.0764 0.0, -0.3068 -0.0509 0.0, -0.3158 -0.0698 0.0, -0.2954 -0.0826 0.0, -0.2704 -0.0699 0.0, -0.2894 -0.0628 0.0, -0.273 -0.0902 0.0, -0.2723 -0.0903 0.0, 0.1252 0.1948 0.0, 0.1252 -0.0903 0.0, -0.0252 -0.0878 0.0, -0.2085 -0.0903 0.0, -0.1186 -0.0878 0.0, -0.0252 0.109 0.0, -0.0429 0.109 0.0, -0.1742 -0.0666 0.0, -0.1663 -0.0584 0.0, -0.1866 0.0969 0.0, -0.2075 0.1074 0.0, -0.2085 0.1077 0.0, -0.1186 -0.0676 0.0, -0.152 -0.0369 0.0, -0.0429 -0.0676 0.0, -0.1661 0.0789 0.0, -0.1526 0.0595 0.0, -0.1441 -0.0142 0.0, -0.1413 0.0118 0.0, -0.1446 0.0386 0.0, -0.2254 -0.0903 0.0, -0.2168 -0.0893 0.0, -0.2085 -0.0862 0.0, -0.1932 -0.0803 0.0, -0.5118 -0.5118 0.0, -0.5118 -0.2756 0.0, -0.2756 -0.2756 0.0, -0.2573 -0.0925 0.0, -0.2475 -0.0929 0.0, -0.1594 0.0197 0.0, -0.159 0.0104 0.0, -0.2085 0.0855 0.0, -0.2028 0.0832 0.0, -0.1847 0.0705 0.0, -0.1724 0.0562 0.0, -0.253 0.0937 0.0, -0.2461 0.0939 0.0, -0.2117 -0.0664 0.0, -0.2229 0.091 0.0, -0.2085 -0.0647 0.0, -0.1926 -0.056 0.0, -0.1784 -0.043 0.0, -0.1637 0.0388 0.0, -0.1616 -0.0113 0.0, -0.1678 -0.0276 0.0, 3.937 -0.8858 0.0, 3.937 -0.6988 0.0, 4.7244 -0.8858 0.0, 4.7244 -0.6988 0.0, 5.5118 -0.8858 0.0, 5.5118 -0.6988 0.0, 6.2992 -0.8858 0.0, 6.2992 -0.6988 0.0, 7.9724 -0.8858 0.0, 7.9724 -0.6988 0.0, 0.1252 -0.8858 0.0, 0.1252 -0.6988 0.0, 0.7874 -0.8858 0.0, 0.7874 -0.6988 0.0, 1.5748 -0.8858 0.0, 1.5748 -0.6988 0.0, 2.3622 -0.8858 0.0, 2.3622 -0.6988 0.0, -0.694 -0.8858 0.0, -0.5158 -0.8858 0.0, -0.2085 -0.8858 0.0, -0.2085 -0.6988 0.0, -3.1496 -0.8858 0.0, -3.1496 -0.6988 0.0, -2.3622 -0.8858 0.0, -2.3622 -0.6988 0.0, -1.5748 -0.8858 0.0, -1.5748 -0.6988 0.0, -0.9782 -0.8858 0.0, -0.9782 -0.6988 0.0, -7.7854 -0.6988 0.0, -7.0866 -0.8858 0.0, -7.0866 -0.6988 0.0, -6.2992 -0.8858 0.0, -6.2992 -0.6988 0.0, -5.5118 -0.8858 0.0, -5.5118 -0.6988 0.0, -4.7244 -0.8858 0.0, -4.7244 -0.6988 0.0, 6.811 -0.2756 0.0, 7.3622 -0.2756 0.0, 6.811 -0.5118 0.0, 7.3622 -0.5118 0.0, 7.5984 -0.2756 0.0, 7.5984 -0.5118 0.0, 6.5748 -0.2756 0.0, 6.5748 -0.5118 0.0, 6.0236 -0.2756 0.0, 6.0236 -0.5118 0.0, 5.7874 -0.5118 0.0, 5.7874 -0.2756 0.0, 5.5118 -0.0903 0.0, 5.2362 -0.2756 0.0, 5.2362 -0.5118 0.0, 5.0 -0.5118 0.0, 5.0 -0.2756 0.0, 4.7244 -0.0903 0.0, 4.2126 -0.5118 0.0, 4.4488 -0.5118 0.0, 2.874 -0.2756 0.0, 2.6378 -0.2756 0.0, 2.3622 -0.0903 0.0, 3.6614 -0.2756 0.0, 3.4252 -0.2756 0.0, 2.6378 -0.5118 0.0, 2.874 -0.5118 0.0, 3.6614 -0.5118 0.0, 3.4252 -0.5118 0.0, 2.3622 0.1948 0.0, 2.0866 -0.2756 0.0, 2.0866 -0.5118 0.0, 1.8504 -0.5118 0.0, 1.8504 -0.2756 0.0, 1.5748 -0.0903 0.0, 1.2992 -0.2756 0.0, 1.2992 -0.5118 0.0, 1.063 -0.5118 0.0, 1.063 -0.2756 0.0, 0.7874 -0.0903 0.0, 0.5118 -0.2756 0.0, 0.5118 -0.5118 0.0, 0.2756 -0.5118 0.0, 0.2756 -0.2756 0.0, -1.063 -0.5118 0.0, -1.2992 -0.5118 0.0, -1.2992 -0.2756 0.0, -1.5748 -0.0903 0.0, -1.063 -0.2756 0.0, -0.9782 -0.0903 0.0, -1.8504 -0.5118 0.0, -2.0866 -0.5118 0.0, -2.0866 -0.2756 0.0, -2.3622 -0.0903 0.0, -1.8504 -0.2756 0.0, -2.874 -0.5118 0.0, -2.6378 -0.5118 0.0, -4.2126 -0.2756 0.0, -4.4488 -0.2756 0.0, -4.7244 -0.0903 0.0, -3.6614 -0.2756 0.0, -3.4252 -0.2756 0.0, -4.4488 -0.5118 0.0, -4.2126 -0.5118 0.0, -3.4252 -0.5118 0.0, -3.6614 -0.5118 0.0, -5.0 -0.5118 0.0, -5.2362 -0.5118 0.0, -5.2362 -0.2756 0.0, -5.5118 -0.0903 0.0, -5.0 -0.2756 0.0, -5.7874 -0.5118 0.0, -6.0236 -0.5118 0.0, -6.0236 -0.2756 0.0, -6.2992 -0.0903 0.0, -5.7874 -0.2756 0.0, -6.5748 -0.5118 0.0, -6.811 -0.5118 0.0, -6.811 -0.2756 0.0, -7.0866 -0.0903 0.0, -6.5748 -0.2756 0.0, -7.3622 -0.2756 0.0, -7.3622 -0.5118 0.0, -7.5984 -0.5118 0.0, -7.5984 -0.2756 0.0, -7.7854 -0.0903 0.0, 4.7244 0.1948 0.0, 5.5118 0.1948 0.0, 1.5748 0.1948 0.0, -0.6814 0.0081 0.0, -0.6786 -0.0182 0.0, -0.6709 -0.0401 0.0, -0.6575 -0.0604 0.0, -0.6428 -0.0734 0.0, -0.628 -0.081 0.0, -0.604 -0.0865 0.0, -0.6221 0.1019 0.0, -0.642 0.0919 0.0, -0.694 0.1948 0.0, -0.6564 0.0794 0.0, -0.5809 -0.0878 0.0, -0.2756 -0.5118 0.0, -0.5199 -0.0878 0.0, -0.5199 0.109 0.0, -0.5596 0.109 0.0, -0.5912 0.1078 0.0, -0.6689 0.0616 0.0, -0.6772 0.0411 0.0, -0.6811 0.0173 0.0, -0.8025 0.109 0.0, -0.8934 -0.0878 0.0, -0.8742 -0.0878 0.0, -0.8451 -0.0247 0.0, -0.7559 -0.0247 0.0, -0.7259 -0.0878 0.0, -0.7066 -0.0878 0.0, -2.3622 0.1948 0.0, -1.5748 0.1948 0.0, -0.9782 0.1948 0.0, -0.8 0.109 0.0, -7.0866 0.1948 0.0, -6.2992 0.1948 0.0, -5.5118 0.1948 0.0, -4.7244 0.1948 0.0, 7.3622 0.5118 0.0, 6.2992 0.8858 0.0, 7.5984 0.5118 0.0, 7.9724 0.8858 0.0, 7.9724 0.1948 0.0, 6.5748 0.5118 0.0, 6.811 0.5118 0.0, 5.7874 0.5118 0.0, 5.5118 0.8858 0.0, 6.0236 0.5118 0.0, 5.0 0.5118 0.0, 4.7244 0.8858 0.0, 5.2362 0.5118 0.0, 3.937 0.1948 0.0, 4.4488 0.5118 0.0, 3.937 0.8858 0.0, 4.2126 0.5118 0.0, 3.4252 0.5118 0.0, 2.3622 0.8858 0.0, 3.6614 0.5118 0.0, 2.874 0.5118 0.0, 2.6378 0.5118 0.0, 1.8504 0.5118 0.0, 1.5748 0.8858 0.0, 2.0866 0.5118 0.0, 0.7874 0.1948 0.0, 1.063 0.5118 0.0, 0.7874 0.8858 0.0, 1.2992 0.5118 0.0, 0.2756 0.5118 0.0, 0.5118 0.5118 0.0, 0.1252 0.8858 0.0, -0.2085 0.8858 0.0, -0.2756 0.5118 0.0, -0.5158 0.8858 0.0, -0.694 0.8858 0.0, -0.9782 0.8858 0.0, -1.063 0.5118 0.0, -1.5748 0.8858 0.0, -1.2992 0.5118 0.0, -2.0866 0.5118 0.0, -2.3622 0.8858 0.0, -1.8504 0.5118 0.0, -3.1496 0.1948 0.0, -2.6378 0.5118 0.0, -3.1496 0.8858 0.0, -2.874 0.5118 0.0, -3.6614 0.5118 0.0, -4.7244 0.8858 0.0, -3.4252 0.5118 0.0, -4.2126 0.5118 0.0, -4.4488 0.5118 0.0, -5.2362 0.5118 0.0, -5.5118 0.8858 0.0, -5.0 0.5118 0.0, -6.0236 0.5118 0.0, -6.2992 0.8858 0.0, -5.7874 0.5118 0.0, -6.811 0.5118 0.0, -7.0866 0.8858 0.0, -6.5748 0.5118 0.0, -7.7854 0.1948 0.0, -7.5984 0.2756 0.0, -7.3622 0.2756 0.0, -7.5984 0.5118 0.0, -7.7854 0.8858 0.0, -7.3622 0.5118 0.0, -7.9724 -0.0903 0.0, -7.9724 0.1948 0.0, -7.9724 0.8858 0.0
            ]
        }
        coordIndex [
            0,1,2,-1,1,0,3,-1,3,0,4,-1,3,4,5,-1,5,4,6,-1,5,6,2,-1,2,6,7,-1,2,7,0,-1,8,9,10,-1,9,8,11,-1,11,8,12,-1,11,12,13,-1,13,12,14,-1,13,14,10,-1,10,14,15,-1,10,15,8,-1,16,17,18,-1,17,16,19,-1,19,16,20,-1,19,20,21,-1,21,20,22,-1,21,22,18,-1,18,22,23,-1,18,23,16,-1,24,25,26,-1,25,24,27,-1,27,24,28,-1,27,28,29,-1,29,28,30,-1,29,30,26,-1,26,30,31,-1,26,31,24,-1,32,33,34,-1,33,32,35,-1,35,32,36,-1,35,36,37,-1,37,36,38,-1,37,38,34,-1,34,38,39,-1,34,39,32,-1,40,41,42,-1,41,40,43,-1,43,40,44,-1,43,44,45,-1,45,44,46,-1,45,46,42,-1,42,46,47,-1,42,47,40,-1,48,49,50,-1,49,48,51,-1,51,48,52,-1,51,52,53,-1,53,52,54,-1,53,54,50,-1,50,54,55,-1,50,55,48,-1,56,57,58,-1,57,56,59,-1,59,56,60,-1,59,60,61,-1,61,60,62,-1,61,62,58,-1,58,62,63,-1,58,63,56,-1,64,65,66,-1,65,64,67,-1,67,64,68,-1,67,68,69,-1,69,68,70,-1,69,70,66,-1,66,70,71,-1,66,71,64,-1,72,73,74,-1,73,72,75,-1,75,72,76,-1,75,76,77,-1,77,76,78,-1,77,78,74,-1,74,78,79,-1,74,79,72,-1,80,81,82,-1,81,80,83,-1,83,80,84,-1,83,84,85,-1,85,84,86,-1,85,86,82,-1,82,86,87,-1,82,87,80,-1,88,89,90,-1,89,88,91,-1,91,88,92,-1,91,92,93,-1,93,92,94,-1,93,94,90,-1,90,94,95,-1,90,95,88,-1,96,97,98,-1,97,96,99,-1,99,96,100,-1,99,100,101,-1,101,100,102,-1,101,102,98,-1,98,102,103,-1,98,103,96,-1,104,105,106,-1,105,104,107,-1,107,104,108,-1,107,108,109,-1,109,108,110,-1,109,110,106,-1,106,110,111,-1,106,111,104,-1,112,113,114,-1,113,112,115,-1,115,112,116,-1,115,116,117,-1,117,116,118,-1,117,118,114,-1,114,118,119,-1,114,119,112,-1,120,121,122,-1,121,120,123,-1,123,120,124,-1,123,124,125,-1,125,124,126,-1,125,126,122,-1,122,126,127,-1,122,127,120,-1,128,129,130,-1,129,128,131,-1,131,128,132,-1,131,132,133,-1,133,132,134,-1,133,134,130,-1,130,134,135,-1,130,135,128,-1,136,137,138,-1,137,136,139,-1,139,136,140,-1,139,140,141,-1,141,140,142,-1,141,142,138,-1,138,142,143,-1,138,143,136,-1,144,145,146,-1,145,144,147,-1,147,144,148,-1,147,148,149,-1,149,148,150,-1,149,150,146,-1,146,150,151,-1,146,151,144,-1,152,85,153,-1,154,155,156,-1,157,158,159,-1,160,161,162,-1,163,164,165,-1,166,167,168,-1,153,169,170,-1,171,172,173,-1,173,172,174,-1,170,175,153,-1,153,175,173,-1,153,173,176,-1,176,173,174,-1,176,174,177,-1,170,178,179,-1,180,181,169,-1,169,181,182,-1,169,182,170,-1,170,182,183,-1,170,183,178,-1,184,185,186,-1,186,185,187,-1,188,189,190,-1,191,192,177,-1,177,192,193,-1,177,193,176,-1,176,193,194,-1,176,194,195,-1,190,196,188,-1,188,196,197,-1,188,197,198,-1,198,197,186,-1,179,190,170,-1,170,190,189,-1,170,189,195,-1,195,189,199,-1,195,199,200,-1,187,201,186,-1,186,201,202,-1,186,202,198,-1,200,203,195,-1,195,203,204,-1,195,204,176,-1,205,206,207,-1,208,209,207,-1,210,211,169,-1,209,212,213,-1,214,215,169,-1,169,215,216,-1,169,216,180,-1,209,213,217,-1,217,213,218,-1,217,218,219,-1,214,169,220,-1,220,169,211,-1,220,211,221,-1,218,222,219,-1,219,222,223,-1,219,223,211,-1,211,223,224,-1,211,224,221,-1,225,226,208,-1,208,226,227,-1,208,227,209,-1,209,227,228,-1,209,228,212,-1,229,176,230,-1,230,176,204,-1,230,204,231,-1,231,204,232,-1,231,232,233,-1,234,235,236,-1,237,238,239,-1,184,240,185,-1,185,240,241,-1,185,241,242,-1,242,241,243,-1,242,243,244,-1,244,243,236,-1,244,236,245,-1,245,236,246,-1,237,239,236,-1,236,239,247,-1,236,247,234,-1,235,248,236,-1,236,248,249,-1,236,249,246,-1,250,251,252,-1,252,251,253,-1,252,253,254,-1,254,253,255,-1,254,255,256,-1,256,255,257,-1,256,257,258,-1,258,257,259,-1,260,261,262,-1,262,261,263,-1,262,263,264,-1,264,263,265,-1,264,265,266,-1,266,265,267,-1,268,161,269,-1,269,161,160,-1,269,160,270,-1,270,160,271,-1,272,273,274,-1,274,273,275,-1,274,275,276,-1,276,275,277,-1,276,277,278,-1,278,277,279,-1,166,280,281,-1,281,280,282,-1,281,282,283,-1,283,282,284,-1,283,284,285,-1,285,284,286,-1,285,286,287,-1,287,286,288,-1,289,290,291,-1,291,290,292,-1,293,154,294,-1,294,154,259,-1,294,259,292,-1,292,259,257,-1,292,257,291,-1,293,290,154,-1,154,290,289,-1,154,289,155,-1,155,289,295,-1,155,295,257,-1,257,295,296,-1,257,296,291,-1,297,155,298,-1,298,155,257,-1,298,257,299,-1,299,257,255,-1,299,255,300,-1,300,255,301,-1,302,301,303,-1,303,301,255,-1,303,255,304,-1,304,255,253,-1,304,253,305,-1,305,253,306,-1,305,306,302,-1,165,164,251,-1,251,164,307,-1,251,307,253,-1,253,307,308,-1,253,308,306,-1,309,310,311,-1,165,312,313,-1,311,310,267,-1,267,310,314,-1,267,314,315,-1,312,165,316,-1,316,165,251,-1,316,251,317,-1,318,165,311,-1,311,165,313,-1,311,313,309,-1,309,313,317,-1,309,317,315,-1,315,317,251,-1,315,251,267,-1,267,251,250,-1,267,250,266,-1,319,311,320,-1,320,311,267,-1,320,267,321,-1,321,267,265,-1,321,265,322,-1,322,265,323,-1,322,323,319,-1,324,323,325,-1,325,323,265,-1,325,265,326,-1,326,265,263,-1,326,263,327,-1,327,263,328,-1,329,328,330,-1,330,328,263,-1,330,263,331,-1,331,263,261,-1,331,261,332,-1,332,261,206,-1,332,206,329,-1,207,206,208,-1,208,206,261,-1,208,261,271,-1,271,261,260,-1,271,260,270,-1,333,279,334,-1,334,279,277,-1,334,277,335,-1,335,277,336,-1,335,336,337,-1,337,336,338,-1,337,338,333,-1,333,338,279,-1,339,277,340,-1,340,277,275,-1,340,275,341,-1,341,275,342,-1,341,342,343,-1,343,342,336,-1,343,336,339,-1,339,336,277,-1,159,158,273,-1,273,158,344,-1,273,344,275,-1,275,344,345,-1,275,345,342,-1,346,347,348,-1,348,159,349,-1,349,159,350,-1,348,347,288,-1,288,347,351,-1,288,351,352,-1,350,159,353,-1,353,159,273,-1,353,273,354,-1,348,349,346,-1,346,349,354,-1,346,354,352,-1,352,354,273,-1,352,273,288,-1,288,273,272,-1,288,272,287,-1,355,288,356,-1,356,288,286,-1,356,286,357,-1,357,286,358,-1,357,358,359,-1,359,358,348,-1,359,348,355,-1,355,348,288,-1,360,286,361,-1,361,286,284,-1,361,284,362,-1,362,284,363,-1,362,363,364,-1,364,363,358,-1,364,358,360,-1,360,358,286,-1,365,284,366,-1,366,284,282,-1,366,282,367,-1,367,282,368,-1,367,368,369,-1,369,368,363,-1,369,363,365,-1,365,363,284,-1,370,368,371,-1,371,368,282,-1,371,282,372,-1,372,282,280,-1,372,280,373,-1,373,280,374,-1,302,306,301,-1,301,306,375,-1,301,375,376,-1,319,323,311,-1,311,323,377,-1,311,377,318,-1,378,379,162,-1,162,379,380,-1,162,380,381,-1,381,382,162,-1,162,382,383,-1,162,383,384,-1,385,386,387,-1,387,386,388,-1,384,389,162,-1,162,389,176,-1,162,176,160,-1,160,176,229,-1,160,229,271,-1,271,229,390,-1,271,390,208,-1,208,390,231,-1,208,231,225,-1,225,231,233,-1,389,391,176,-1,176,391,392,-1,176,392,153,-1,153,392,393,-1,153,393,387,-1,387,393,394,-1,387,394,385,-1,388,395,387,-1,387,395,396,-1,387,396,397,-1,398,399,338,-1,338,399,400,-1,400,401,402,-1,403,404,162,-1,162,404,387,-1,162,387,378,-1,378,387,397,-1,402,403,400,-1,400,403,162,-1,400,162,338,-1,338,162,161,-1,338,161,279,-1,279,161,268,-1,279,268,278,-1,342,405,336,-1,336,405,406,-1,336,406,338,-1,338,406,407,-1,338,407,398,-1,398,407,408,-1,368,409,363,-1,363,409,410,-1,363,410,358,-1,358,410,411,-1,358,411,348,-1,348,411,412,-1,348,412,159,-1,413,414,415,-1,415,414,416,-1,415,416,2,-1,2,416,417,-1,2,417,5,-1,156,13,10,-1,13,156,418,-1,418,156,414,-1,418,414,419,-1,419,414,413,-1,419,413,10,-1,10,413,5,-1,10,5,156,-1,156,5,417,-1,156,417,154,-1,376,21,18,-1,21,376,420,-1,420,376,421,-1,420,421,422,-1,422,421,414,-1,422,414,18,-1,18,414,156,-1,18,156,376,-1,376,156,155,-1,376,155,301,-1,301,155,297,-1,301,297,300,-1,423,424,425,-1,425,424,421,-1,425,421,26,-1,26,421,376,-1,26,376,29,-1,29,376,375,-1,29,375,423,-1,423,375,424,-1,306,426,375,-1,375,426,34,-1,375,34,424,-1,424,34,427,-1,424,427,428,-1,428,427,429,-1,428,429,426,-1,426,429,37,-1,426,37,34,-1,430,431,432,-1,432,431,428,-1,432,428,42,-1,42,428,426,-1,42,426,45,-1,308,163,306,-1,306,163,165,-1,306,165,426,-1,426,165,318,-1,426,318,45,-1,45,318,50,-1,45,50,430,-1,430,50,433,-1,430,433,431,-1,431,433,434,-1,431,434,318,-1,318,434,53,-1,318,53,50,-1,435,436,437,-1,437,436,431,-1,437,431,58,-1,58,431,318,-1,58,318,61,-1,61,318,377,-1,61,377,435,-1,435,377,436,-1,438,69,66,-1,69,438,439,-1,439,438,440,-1,439,440,441,-1,441,440,436,-1,441,436,66,-1,66,436,377,-1,66,377,438,-1,438,377,323,-1,438,323,328,-1,328,323,324,-1,328,324,327,-1,442,77,205,-1,205,77,74,-1,329,206,328,-1,328,206,205,-1,328,205,438,-1,438,205,74,-1,438,74,440,-1,440,74,443,-1,440,443,444,-1,443,442,444,-1,444,442,205,-1,444,205,445,-1,153,85,169,-1,169,85,82,-1,169,82,446,-1,207,210,205,-1,205,210,169,-1,205,169,445,-1,445,169,446,-1,445,446,447,-1,446,152,447,-1,447,152,153,-1,447,153,448,-1,448,153,387,-1,448,387,449,-1,404,408,387,-1,387,408,407,-1,387,407,449,-1,449,407,450,-1,449,450,451,-1,451,450,452,-1,451,452,406,-1,406,452,93,-1,406,93,407,-1,407,93,90,-1,407,90,450,-1,453,454,455,-1,455,454,451,-1,455,451,98,-1,98,451,406,-1,98,406,101,-1,101,406,405,-1,101,405,453,-1,453,405,454,-1,342,456,405,-1,405,456,106,-1,405,106,454,-1,454,106,457,-1,454,457,458,-1,458,457,459,-1,458,459,456,-1,456,459,109,-1,456,109,106,-1,460,461,462,-1,462,461,458,-1,462,458,114,-1,114,458,456,-1,114,456,117,-1,345,157,342,-1,342,157,159,-1,342,159,456,-1,456,159,412,-1,456,412,117,-1,117,412,122,-1,117,122,460,-1,460,122,463,-1,460,463,461,-1,461,463,464,-1,461,464,412,-1,412,464,125,-1,412,125,122,-1,465,466,467,-1,467,466,461,-1,467,461,130,-1,130,461,412,-1,130,412,133,-1,133,412,411,-1,133,411,465,-1,465,411,466,-1,468,469,470,-1,470,469,466,-1,470,466,138,-1,138,466,411,-1,138,411,141,-1,141,411,410,-1,141,410,468,-1,468,410,469,-1,471,472,473,-1,473,472,469,-1,473,469,146,-1,146,469,410,-1,146,410,149,-1,149,410,409,-1,149,409,471,-1,471,409,472,-1,474,475,476,-1,475,474,477,-1,477,474,478,-1,477,478,479,-1,479,478,472,-1,479,472,476,-1,476,472,409,-1,476,409,474,-1,474,409,368,-1,474,368,374,-1,374,368,370,-1,374,370,373,-1,166,168,280,-1,280,168,480,-1,280,480,374,-1,374,480,481,-1,374,481,474,-1,474,481,482,-1,474,482,478,-1,
        ]
    }
}
Shape{
    appearance Appearance {
        material  Material 	{
            diffuseColor 0.5019607843137255 0.5019607843137255 0.0
            specularColor 0.25098039215686274 0.25098039215686274 0.0
            ambientIntensity 0.4447
            transparency 0.0
            shininess 0.5
        }
    }
    geometry IndexedFaceSet {
        ccw TRUE
        solid FALSE
        coord DEF co Coordinate {
            point [
                -7.5787 0.3201 0.0, -7.5787 0.4076 0.0, -7.5787 0.3543 -0.0707, -7.5787 0.4331 -0.0526, -7.5787 0.3543 -0.9842, -7.5787 0.4331 -0.9842, -7.3819 0.3543 -0.9842, -7.3819 0.4331 -0.9842, -7.3819 0.3543 -0.0707, -7.3819 0.4331 -0.0526, -7.3819 0.3201 0.0, -7.3819 0.4076 0.0
            ]
        }
        coordIndex [
            0,1,2,-1,2,1,3,-1,2,3,4,-1,4,3,5,-1,6,7,8,-1,8,7,9,-1,8,9,10,-1,10,9,11,-1,
        ]
    }
}
Shape{
    appearance Appearance {
        material  Material 	{
            diffuseColor 0.7529411764705882 0.7529411764705882 0.7529411764705882
            specularColor 0.3764705882352941 0.3764705882352941 0.3764705882352941
            ambientIntensity 0.7529
            transparency 0.0
            shininess 0.5
        }
    }
    geometry IndexedFaceSet {
        ccw TRUE
        solid FALSE
        coord DEF co Coordinate {
            point [
                -7.5787 -0.2756 0.1953, -7.5787 -0.2756 0.0917, -7.5787 -0.2927 0.1953, -7.5787 -0.2927 0.0565, -7.3819 -0.2927 0.0565, -7.3819 -0.2756 0.0917, -7.3819 -0.2927 0.1953, -7.3819 -0.2756 0.1953
            ]
        }
        coordIndex [
            0,1,2,-1,2,1,3,-1,4,5,6,-1,6,5,7,-1,
        ]
    }
}
Shape{
    appearance Appearance {
        material  Material 	{
            diffuseColor 0.14901960784313725 0.14901960784313725 0.14901960784313725
            specularColor 0.07450980392156863 0.07450980392156863 0.07450980392156863
            ambientIntensity 0.149
            transparency 0.0
            shininess 0.5
        }
    }
    geometry IndexedFaceSet {
        ccw TRUE
        solid FALSE
        coord DEF co Coordinate {
            point [
                -7.3819 0.2756 0.1953, -7.3622 0.2756 1.6142, -7.3622 0.2756 0.0, -7.5984 0.2756 1.6142, -7.5787 0.2756 0.1953, -7.5984 0.2756 0.0, -7.5787 0.2756 0.0917, -7.3819 0.2756 0.0917, 7.9724 0.1948 0.0, 7.9724 0.8858 0.0, 7.9724 0.8858 1.6929, 7.9724 -0.8858 1.6929, 7.9724 -0.8858 0.0, 7.9724 -0.6988 0.0, 7.9724 -0.1842 0.0, 7.9724 -0.0903 0.0, 7.9724 0.1116 0.0, -0.13 0.8858 0.0, -0.5022 0.8858 0.0, -0.694 0.8858 0.0, -7.9724 0.8858 1.6929, -0.3533 0.8858 0.0, -4.1278 0.8858 0.0, -7.7854 0.8858 0.0, -7.9724 0.8858 0.0, -7.9724 0.1948 0.0, -7.9724 0.1116 0.0, -7.9724 -0.8858 1.6929, -7.9724 -0.0903 0.0, -7.9724 -0.1842 0.0, -7.9724 -0.6988 0.0, -7.9724 -0.8858 0.0, -7.7854 -0.8858 0.0, -4.1278 -0.8858 0.0, -0.694 -0.8858 0.0, -0.5022 -0.8858 0.0, -0.3533 -0.8858 0.0, -0.13 -0.8858 0.0, 7.2835 0.5906 1.6929, 7.6772 0.5906 1.6929, 6.2992 0.8858 1.6929, 6.4961 0.5906 1.6929, 6.8898 0.5906 1.6929, 7.9724 -0.0 1.6929, 7.6772 0.1969 1.6929, 7.2835 0.1969 1.6929, 6.4961 0.1969 1.6929, 6.2992 -0.0 1.6929, 6.8898 0.1969 1.6929, 5.7087 0.1969 1.6929, 5.5118 -0.0 1.6929, 6.1024 0.1969 1.6929, 6.1024 0.5906 1.6929, 5.7087 0.5906 1.6929, 5.5118 0.8858 1.6929, 4.9213 0.1969 1.6929, 4.7244 -0.0 1.6929, 5.315 0.1969 1.6929, 5.315 0.5906 1.6929, 4.9213 0.5906 1.6929, 4.7244 0.8858 1.6929, 4.1339 0.1969 1.6929, 3.937 -0.0 1.6929, 4.5276 0.1969 1.6929, 4.5276 0.5906 1.6929, 4.1339 0.5906 1.6929, 3.937 0.8858 1.6929, 3.3465 0.5906 1.6929, 3.7402 0.5906 1.6929, 2.3622 0.8858 1.6929, 2.9528 0.5906 1.6929, 2.5591 0.5906 1.6929, 3.7402 0.1969 1.6929, 3.3465 0.1969 1.6929, 2.5591 0.1969 1.6929, 2.3622 -0.0 1.6929, 2.9528 0.1969 1.6929, 1.7717 0.1969 1.6929, 1.5748 -0.0 1.6929, 2.1654 0.1969 1.6929, 2.1654 0.5906 1.6929, 1.7717 0.5906 1.6929, 1.5748 0.8858 1.6929, 0.9843 0.1969 1.6929, 0.7874 -0.0 1.6929, 1.378 0.1969 1.6929, 1.378 0.5906 1.6929, 0.9843 0.5906 1.6929, 0.7874 0.8858 1.6929, 0.1969 0.1969 1.6929, 0.0 -0.0 1.6929, 0.5906 0.1969 1.6929, 0.5906 0.5906 1.6929, 0.1969 0.5906 1.6929, 0.0 0.8858 1.6929, -0.5906 0.5906 1.6929, -0.1969 0.5906 1.6929, -1.5748 0.8858 1.6929, -0.9843 0.5906 1.6929, -1.378 0.5906 1.6929, -0.1969 0.1969 1.6929, -0.5906 0.1969 1.6929, -1.378 0.1969 1.6929, -1.5748 -0.0 1.6929, -0.9843 0.1969 1.6929, -2.1654 0.1969 1.6929, -2.3622 -0.0 1.6929, -1.7717 0.1969 1.6929, -1.7717 0.5906 1.6929, -2.1654 0.5906 1.6929, -2.3622 0.8858 1.6929, -2.9528 0.1969 1.6929, -3.1496 -0.0 1.6929, -2.5591 0.1969 1.6929, -2.5591 0.5906 1.6929, -2.9528 0.5906 1.6929, -3.1496 0.8858 1.6929, -3.7402 0.1969 1.6929, -3.937 -0.0 1.6929, -3.3465 0.1969 1.6929, -3.3465 0.5906 1.6929, -3.7402 0.5906 1.6929, -3.937 0.8858 1.6929, -4.5276 0.5906 1.6929, -4.1339 0.5906 1.6929, -5.5118 0.8858 1.6929, -4.9213 0.5906 1.6929, -5.315 0.5906 1.6929, -4.1339 0.1969 1.6929, -4.5276 0.1969 1.6929, -5.315 0.1969 1.6929, -5.5118 -0.0 1.6929, -4.9213 0.1969 1.6929, -6.1024 0.1969 1.6929, -6.2992 -0.0 1.6929, -5.7087 0.1969 1.6929, -5.7087 0.5906 1.6929, -6.1024 0.5906 1.6929, -6.2992 0.8858 1.6929, -6.8898 0.1969 1.6929, -7.0866 -0.0 1.6929, -6.4961 0.1969 1.6929, -6.4961 0.5906 1.6929, -6.8898 0.5906 1.6929, -7.0866 0.8858 1.6929, -7.6772 0.1969 1.6929, -7.8248 -0.0 1.6929, -7.2835 0.1969 1.6929, -7.2835 0.5906 1.6929, -7.6772 0.5906 1.6929, -7.8248 0.8858 1.6929, 7.2835 -0.1969 1.6929, 7.6772 -0.1969 1.6929, 6.4961 -0.1969 1.6929, 6.8898 -0.1969 1.6929, 7.9724 -0.7382 1.6929, 7.6772 -0.5906 1.6929, 7.2835 -0.5906 1.6929, 6.4961 -0.5906 1.6929, 6.2992 -0.7382 1.6929, 6.8898 -0.5906 1.6929, 5.7087 -0.5906 1.6929, 5.5118 -0.7382 1.6929, 6.1024 -0.5906 1.6929, 6.1024 -0.1969 1.6929, 5.7087 -0.1969 1.6929, 4.9213 -0.5906 1.6929, 4.7244 -0.7382 1.6929, 5.315 -0.5906 1.6929, 5.315 -0.1969 1.6929, 4.9213 -0.1969 1.6929, 4.1339 -0.5906 1.6929, 3.937 -0.7382 1.6929, 4.5276 -0.5906 1.6929, 4.5276 -0.1969 1.6929, 4.1339 -0.1969 1.6929, 3.3465 -0.1969 1.6929, 3.7402 -0.1969 1.6929, 2.5591 -0.1969 1.6929, 2.9528 -0.1969 1.6929, 3.7402 -0.5906 1.6929, 3.3465 -0.5906 1.6929, 2.5591 -0.5906 1.6929, 2.3622 -0.7382 1.6929, 2.9528 -0.5906 1.6929, 1.7717 -0.5906 1.6929, 1.5748 -0.7382 1.6929, 2.1654 -0.5906 1.6929, 2.1654 -0.1969 1.6929, 1.7717 -0.1969 1.6929, 0.9843 -0.5906 1.6929, 0.7874 -0.7382 1.6929, 1.378 -0.5906 1.6929, 1.378 -0.1969 1.6929, 0.9843 -0.1969 1.6929, 0.1969 -0.5906 1.6929, 0.0 -0.7382 1.6929, 0.5906 -0.5906 1.6929, 0.5906 -0.1969 1.6929, 0.1969 -0.1969 1.6929, -0.5906 -0.1969 1.6929, -0.1969 -0.1969 1.6929, -1.378 -0.1969 1.6929, -0.9843 -0.1969 1.6929, -0.1969 -0.5906 1.6929, -0.5906 -0.5906 1.6929, -1.378 -0.5906 1.6929, -1.5748 -0.7382 1.6929, -0.9843 -0.5906 1.6929, -2.1654 -0.5906 1.6929, -2.3622 -0.7382 1.6929, -1.7717 -0.5906 1.6929, -1.7717 -0.1969 1.6929, -2.1654 -0.1969 1.6929, -2.9528 -0.5906 1.6929, -3.1496 -0.7382 1.6929, -2.5591 -0.5906 1.6929, -2.5591 -0.1969 1.6929, -2.9528 -0.1969 1.6929, -3.7402 -0.5906 1.6929, -3.937 -0.7382 1.6929, -3.3465 -0.5906 1.6929, -3.3465 -0.1969 1.6929, -3.7402 -0.1969 1.6929, -4.5276 -0.1969 1.6929, -4.1339 -0.1969 1.6929, -5.315 -0.1969 1.6929, -4.9213 -0.1969 1.6929, -4.1339 -0.5906 1.6929, -4.5276 -0.5906 1.6929, -5.315 -0.5906 1.6929, -5.5118 -0.7382 1.6929, -4.9213 -0.5906 1.6929, -6.1024 -0.5906 1.6929, -6.2992 -0.7382 1.6929, -5.7087 -0.5906 1.6929, -5.7087 -0.1969 1.6929, -6.1024 -0.1969 1.6929, -6.8898 -0.5906 1.6929, -7.0866 -0.7382 1.6929, -6.4961 -0.5906 1.6929, -6.4961 -0.1969 1.6929, -6.8898 -0.1969 1.6929, -7.6772 -0.5906 1.6929, -7.8248 -0.7382 1.6929, -7.2835 -0.5906 1.6929, -7.2835 -0.1969 1.6929, -7.6772 -0.1969 1.6929, -7.9724 -0.0 1.6929, -7.9724 -0.7382 1.6929, 6.2992 -0.8858 1.6929, 5.5118 -0.8858 1.6929, 4.7244 -0.8858 1.6929, 3.937 -0.8858 1.6929, 2.3622 -0.8858 1.6929, 1.5748 -0.8858 1.6929, 0.7874 -0.8858 1.6929, 0.0 -0.8858 1.6929, -1.5748 -0.8858 1.6929, -2.3622 -0.8858 1.6929, -3.1496 -0.8858 1.6929, -3.937 -0.8858 1.6929, -5.5118 -0.8858 1.6929, -6.2992 -0.8858 1.6929, -7.0866 -0.8858 1.6929, -7.8248 -0.8858 1.6929, -7.5984 -0.5118 1.6142, -7.5984 -0.5118 0.0, -7.5984 -0.2756 1.6142, -7.5984 -0.2756 0.0, -7.5787 -0.2756 0.0917, -7.5787 -0.2756 0.1953, -7.3819 -0.2756 0.0917, -7.3622 -0.2756 0.0, -7.3819 -0.2756 0.1953, -7.3622 -0.2756 1.6142, -7.3622 -0.5118 1.6142, -7.3622 -0.5118 0.0, -7.3622 0.5118 1.6142, -7.3622 0.5118 0.0, -7.5984 0.5118 1.6142, -7.5984 0.5118 0.0
            ]
        }
        coordIndex [
            0,1,2,-1,1,0,3,-1,3,0,4,-1,3,4,5,-1,5,4,6,-1,5,6,2,-1,2,6,7,-1,2,7,0,-1,8,9,10,-1,11,12,13,-1,13,14,11,-1,11,14,15,-1,11,15,10,-1,10,15,16,-1,10,16,8,-1,10,9,17,-1,18,19,20,-1,10,17,20,-1,20,17,21,-1,20,21,18,-1,19,22,20,-1,20,22,23,-1,20,23,24,-1,24,25,20,-1,20,25,26,-1,20,26,27,-1,27,26,28,-1,28,29,27,-1,27,29,30,-1,27,30,31,-1,31,32,27,-1,27,32,33,-1,27,33,34,-1,34,35,27,-1,27,35,36,-1,27,36,11,-1,11,36,37,-1,11,37,12,-1,38,39,10,-1,40,41,42,-1,10,39,43,-1,43,39,44,-1,43,44,45,-1,41,40,46,-1,46,40,47,-1,46,47,48,-1,49,50,51,-1,51,50,47,-1,51,47,52,-1,52,47,40,-1,52,40,53,-1,53,40,54,-1,53,54,49,-1,49,54,50,-1,55,56,57,-1,57,56,50,-1,57,50,58,-1,58,50,54,-1,58,54,59,-1,59,54,60,-1,59,60,55,-1,55,60,56,-1,61,62,63,-1,63,62,56,-1,63,56,64,-1,64,56,60,-1,64,60,65,-1,65,60,66,-1,65,66,61,-1,61,66,62,-1,67,68,66,-1,66,69,70,-1,70,69,71,-1,66,68,62,-1,62,68,72,-1,62,72,73,-1,71,69,74,-1,74,69,75,-1,74,75,76,-1,77,78,79,-1,79,78,75,-1,79,75,80,-1,80,75,69,-1,80,69,81,-1,81,69,82,-1,81,82,77,-1,77,82,78,-1,83,84,85,-1,85,84,78,-1,85,78,86,-1,86,78,82,-1,86,82,87,-1,87,82,88,-1,87,88,83,-1,83,88,84,-1,89,90,91,-1,91,90,84,-1,91,84,92,-1,92,84,88,-1,92,88,93,-1,93,88,94,-1,93,94,89,-1,89,94,90,-1,95,96,94,-1,94,97,98,-1,98,97,99,-1,94,96,90,-1,90,96,100,-1,90,100,101,-1,99,97,102,-1,102,97,103,-1,102,103,104,-1,105,106,107,-1,107,106,103,-1,107,103,108,-1,108,103,97,-1,108,97,109,-1,109,97,110,-1,109,110,105,-1,105,110,106,-1,111,112,113,-1,113,112,106,-1,113,106,114,-1,114,106,110,-1,114,110,115,-1,115,110,116,-1,115,116,111,-1,111,116,112,-1,117,118,119,-1,119,118,112,-1,119,112,120,-1,120,112,116,-1,120,116,121,-1,121,116,122,-1,121,122,117,-1,117,122,118,-1,123,124,122,-1,122,125,126,-1,126,125,127,-1,122,124,118,-1,118,124,128,-1,118,128,129,-1,127,125,130,-1,130,125,131,-1,130,131,132,-1,133,134,135,-1,135,134,131,-1,135,131,136,-1,136,131,125,-1,136,125,137,-1,137,125,138,-1,137,138,133,-1,133,138,134,-1,139,140,141,-1,141,140,134,-1,141,134,142,-1,142,134,138,-1,142,138,143,-1,143,138,144,-1,143,144,139,-1,139,144,140,-1,145,146,147,-1,147,146,140,-1,147,140,148,-1,148,140,144,-1,148,144,149,-1,149,144,150,-1,149,150,145,-1,145,150,146,-1,151,152,43,-1,47,153,154,-1,43,152,155,-1,155,152,156,-1,155,156,157,-1,153,47,158,-1,158,47,159,-1,158,159,160,-1,11,155,159,-1,159,155,157,-1,159,157,160,-1,160,157,151,-1,160,151,154,-1,154,151,43,-1,154,43,47,-1,47,43,45,-1,47,45,48,-1,48,45,38,-1,48,38,42,-1,42,38,10,-1,42,10,40,-1,161,162,163,-1,163,162,159,-1,163,159,164,-1,164,159,47,-1,164,47,165,-1,165,47,50,-1,165,50,161,-1,161,50,162,-1,166,167,168,-1,168,167,162,-1,168,162,169,-1,169,162,50,-1,169,50,170,-1,170,50,56,-1,170,56,166,-1,166,56,167,-1,171,172,173,-1,173,172,167,-1,173,167,174,-1,174,167,56,-1,174,56,175,-1,175,56,62,-1,175,62,171,-1,171,62,172,-1,176,177,62,-1,75,178,179,-1,62,177,172,-1,172,177,180,-1,172,180,181,-1,178,75,182,-1,182,75,183,-1,182,183,184,-1,66,70,67,-1,67,70,76,-1,67,76,73,-1,73,76,75,-1,73,75,62,-1,62,75,179,-1,62,179,176,-1,176,179,184,-1,176,184,181,-1,181,184,183,-1,181,183,172,-1,185,186,187,-1,187,186,183,-1,187,183,188,-1,188,183,75,-1,188,75,189,-1,189,75,78,-1,189,78,185,-1,185,78,186,-1,190,191,192,-1,192,191,186,-1,192,186,193,-1,193,186,78,-1,193,78,194,-1,194,78,84,-1,194,84,190,-1,190,84,191,-1,195,196,197,-1,197,196,191,-1,197,191,198,-1,198,191,84,-1,198,84,199,-1,199,84,90,-1,199,90,195,-1,195,90,196,-1,200,201,90,-1,103,202,203,-1,90,201,196,-1,196,201,204,-1,196,204,205,-1,202,103,206,-1,206,103,207,-1,206,207,208,-1,94,98,95,-1,95,98,104,-1,95,104,101,-1,101,104,103,-1,101,103,90,-1,90,103,203,-1,90,203,200,-1,200,203,208,-1,200,208,205,-1,205,208,207,-1,205,207,196,-1,209,210,211,-1,211,210,207,-1,211,207,212,-1,212,207,103,-1,212,103,213,-1,213,103,106,-1,213,106,209,-1,209,106,210,-1,214,215,216,-1,216,215,210,-1,216,210,217,-1,217,210,106,-1,217,106,218,-1,218,106,112,-1,218,112,214,-1,214,112,215,-1,219,220,221,-1,221,220,215,-1,221,215,222,-1,222,215,112,-1,222,112,223,-1,223,112,118,-1,223,118,219,-1,219,118,220,-1,224,225,118,-1,131,226,227,-1,118,225,220,-1,220,225,228,-1,220,228,229,-1,226,131,230,-1,230,131,231,-1,230,231,232,-1,122,126,123,-1,123,126,132,-1,123,132,129,-1,129,132,131,-1,129,131,118,-1,118,131,227,-1,118,227,224,-1,224,227,232,-1,224,232,229,-1,229,232,231,-1,229,231,220,-1,233,234,235,-1,235,234,231,-1,235,231,236,-1,236,231,131,-1,236,131,237,-1,237,131,134,-1,237,134,233,-1,233,134,234,-1,238,239,240,-1,240,239,234,-1,240,234,241,-1,241,234,134,-1,241,134,242,-1,242,134,140,-1,242,140,238,-1,238,140,239,-1,243,244,245,-1,245,244,239,-1,245,239,246,-1,246,239,140,-1,246,140,247,-1,247,140,146,-1,247,146,243,-1,243,146,244,-1,150,20,146,-1,146,20,248,-1,146,248,244,-1,244,248,249,-1,11,159,250,-1,250,159,162,-1,250,162,251,-1,251,162,167,-1,251,167,252,-1,252,167,172,-1,252,172,253,-1,253,172,183,-1,253,183,254,-1,254,183,186,-1,254,186,255,-1,255,186,191,-1,255,191,256,-1,256,191,196,-1,256,196,257,-1,257,196,207,-1,257,207,258,-1,258,207,210,-1,258,210,259,-1,259,210,215,-1,259,215,260,-1,260,215,220,-1,260,220,261,-1,261,220,231,-1,261,231,262,-1,262,231,234,-1,262,234,263,-1,263,234,239,-1,263,239,264,-1,264,239,244,-1,264,244,265,-1,265,244,249,-1,265,249,27,-1,266,267,268,-1,268,267,269,-1,269,270,271,-1,270,269,272,-1,272,269,273,-1,272,273,274,-1,274,273,275,-1,274,275,271,-1,271,275,268,-1,271,268,269,-1,275,273,276,-1,276,273,277,-1,276,277,266,-1,266,277,267,-1,278,279,1,-1,1,279,2,-1,3,5,280,-1,280,5,281,-1,280,281,278,-1,278,281,279,-1,243,266,247,-1,247,266,268,-1,245,276,243,-1,243,276,266,-1,275,246,268,-1,268,246,247,-1,246,275,245,-1,245,275,276,-1,145,3,149,-1,149,3,280,-1,147,1,145,-1,145,1,3,-1,278,148,280,-1,280,148,149,-1,148,278,147,-1,147,278,1,-1,
        ]
    }
}
Shape{
    appearance Appearance {
        material  Material 	{
            diffuseColor 0.7529411764705882 0.7529411764705882 0.7529411764705882
            specularColor 0.3764705882352941 0.3764705882352941 0.3764705882352941
            ambientIntensity 0.7529
            transparency 0.0
            shininess 0.5
        }
    }
    geometry IndexedFaceSet {
        ccw TRUE
        solid FALSE
        coord DEF co Coordinate {
            point [
                -7.3819 -0.2756 0.1953, -7.5787 -0.2756 0.1953, -7.3819 -0.2927 0.1953, -7.5787 -0.2927 0.1953, -7.3819 -0.3129 0.1953, -7.5787 -0.3129 0.1953
            ]
        }
        coordIndex [
            0,1,2,-1,2,1,3,-1,2,3,4,-1,4,3,5,-1,
        ]
    }
}
Shape{
    appearance Appearance {
        material  Material 	{
            diffuseColor 0.5019607843137255 0.5019607843137255 0.0
            specularColor 0.25098039215686274 0.25098039215686274 0.0
            ambientIntensity 0.4447
            transparency 0.0
            shininess 0.5
        }
    }
    geometry IndexedFaceSet {
        ccw TRUE
        solid FALSE
        coord DEF co Coordinate {
            point [
                -7.3819 -0.3543 -0.0707, -7.5787 -0.3543 -0.0707, -7.3819 -0.3201 0.0, -7.5787 -0.3201 0.0, -7.3819 -0.2927 0.0565, -7.5787 -0.2927 0.0565, -7.3819 -0.2756 0.0917, -7.5787 -0.2756 0.0917, -7.5787 -0.3543 -0.9842, -7.5787 -0.4331 -0.9842, -7.5787 -0.4331 -0.0526, -7.5787 -0.4076 0.0, -7.3819 -0.4076 0.0, -7.3819 -0.4331 -0.0526, -7.3819 -0.3543 -0.9842, -7.3819 -0.4331 -0.9842, -7.4606 -0.3543 -1.063, -7.5 -0.3543 -1.063, -7.4606 -0.4331 -1.063, -7.5 -0.4331 -1.063
            ]
        }
        coordIndex [
            0,1,2,-1,2,1,3,-1,2,3,4,-1,4,3,5,-1,4,5,6,-1,6,5,7,-1,8,9,1,-1,1,9,10,-1,1,10,3,-1,3,10,11,-1,2,12,0,-1,0,12,13,-1,0,13,14,-1,14,13,15,-1,16,17,14,-1,14,17,8,-1,14,8,0,-1,0,8,1,-1,18,19,16,-1,16,19,17,-1,13,10,15,-1,15,10,9,-1,15,9,18,-1,18,9,19,-1,
        ]
    }
}
Shape{
    appearance Appearance {
        material  Material 	{
            diffuseColor 0.7529411764705882 0.7529411764705882 0.7529411764705882
            specularColor 0.3764705882352941 0.3764705882352941 0.3764705882352941
            ambientIntensity 0.7529
            transparency 0.0
            shininess 0.5
        }
    }
    geometry IndexedFaceSet {
        ccw TRUE
        solid FALSE
        coord DEF co Coordinate {
            point [
                -7.3819 -0.3129 0.1953, -7.5787 -0.3129 0.1953, -7.3819 -0.4076 0.0, -7.5787 -0.4076 0.0, -7.3819 -0.4331 -0.0526, -7.5787 -0.4331 -0.0526
            ]
        }
        coordIndex [
            0,1,2,-1,2,1,3,-1,2,3,4,-1,4,3,5,-1,
        ]
    }
}
Shape{
    appearance Appearance {
        material  Material 	{
            diffuseColor 0.5019607843137255 0.5019607843137255 0.0
            specularColor 0.25098039215686274 0.25098039215686274 0.0
            ambientIntensity 0.4447
            transparency 0.0
            shininess 0.5
        }
    }
    geometry IndexedFaceSet {
        ccw TRUE
        solid FALSE
        coord DEF co Coordinate {
            point [
                -7.3819 0.2756 0.0917, -7.5787 0.2756 0.0917, -7.3819 0.2927 0.0565, -7.5787 0.2927 0.0565, -7.3819 0.3201 0.0, -7.5787 0.3201 0.0, -7.3819 0.3543 -0.0707, -7.5787 0.3543 -0.0707
            ]
        }
        coordIndex [
            0,1,2,-1,2,1,3,-1,2,3,4,-1,4,3,5,-1,4,5,6,-1,6,5,7,-1,
        ]
    }
}
Shape{
    appearance Appearance {
        material  Material 	{
            diffuseColor 0.7529411764705882 0.7529411764705882 0.7529411764705882
            specularColor 0.3764705882352941 0.3764705882352941 0.3764705882352941
            ambientIntensity 0.7529
            transparency 0.0
            shininess 0.5
        }
    }
    geometry IndexedFaceSet {
        ccw TRUE
        solid FALSE
        coord DEF co Coordinate {
            point [
                -7.3819 0.3129 0.1953, -7.5787 0.3129 0.1953, -7.3819 0.2927 0.1953, -7.5787 0.2927 0.1953, -7.3819 0.2756 0.1953, -7.5787 0.2756 0.1953, -7.5787 0.2927 0.0565, -7.5787 0.2756 0.0917, -7.3819 0.2756 0.0917, -7.3819 0.2927 0.0565
            ]
        }
        coordIndex [
            0,1,2,-1,2,1,3,-1,2,3,4,-1,4,3,5,-1,6,7,3,-1,3,7,5,-1,4,8,2,-1,2,8,9,-1,
        ]
    }
}
Shape{
    appearance Appearance {
        material  Material 	{
            diffuseColor 0.5019607843137255 0.5019607843137255 0.0
            specularColor 0.25098039215686274 0.25098039215686274 0.0
            ambientIntensity 0.4447
            transparency 0.0
            shininess 0.5
        }
    }
    geometry IndexedFaceSet {
        ccw TRUE
        solid FALSE
        coord DEF co Coordinate {
            point [
                -7.5787 0.4331 -0.9842, -7.5787 0.4331 -0.0526, -7.5 0.4331 -1.063, -7.3819 0.4331 -0.0526, -7.4606 0.4331 -1.063, -7.3819 0.4331 -0.9842, -7.5 0.3543 -1.063, -7.4606 0.3543 -1.063, -7.3819 0.3543 -0.9842, -7.3819 0.3543 -0.0707, -7.5787 0.3543 -0.9842, -7.5787 0.3543 -0.0707, -7.3819 0.4076 0.0, -7.5787 0.4076 0.0, -7.3819 0.3129 0.1953, -7.5787 0.3129 0.1953
            ]
        }
        coordIndex [
            0,1,2,-1,2,1,3,-1,2,3,4,-1,4,3,5,-1,2,4,6,-1,6,4,7,-1,7,8,6,-1,6,8,9,-1,6,9,10,-1,10,9,11,-1,3,1,12,-1,12,1,13,-1,12,13,14,-1,14,13,15,-1,
        ]
    }
}
Shape{
    appearance Appearance {
        material  Material 	{
            diffuseColor 0.7529411764705882 0.7529411764705882 0.7529411764705882
            specularColor 0.3764705882352941 0.3764705882352941 0.3764705882352941
            ambientIntensity 0.7529
            transparency 0.0
            shininess 0.5
        }
    }
    geometry IndexedFaceSet {
        ccw TRUE
        solid FALSE
        coord DEF co Coordinate {
            point [
                -7.3819 -0.2927 0.0565, -7.3819 -0.2927 0.0, -7.3819 -0.3201 0.0, -7.3819 -0.4076 0.0, -7.3819 -0.4861 0.0, -7.3819 -0.3129 0.1953, -7.3819 -0.4861 0.3937, -7.3819 -0.2927 0.1953, -7.3819 -0.2927 0.3937, -7.5787 -0.3201 0.0, -7.5787 -0.2927 0.0, -7.5787 -0.2927 0.0565, -7.5787 -0.2927 0.1953, -7.5787 -0.2927 0.3937, -7.5787 -0.3129 0.1953, -7.5787 -0.4861 0.3937, -7.5787 -0.4076 0.0, -7.5787 -0.4861 0.0, -7.3661 -0.2927 0.3937, -7.3661 -0.2927 0.0, -7.5945 -0.2927 0.3937, -7.5945 -0.2927 0.0, -7.5945 -0.5019 0.3937, -7.5945 -0.5019 0.0, -7.3661 -0.5019 0.3937, -7.3661 -0.5019 0.0, -7.5787 0.2927 0.0565, -7.5787 0.2927 0.0, -7.5787 0.3201 0.0, -7.5787 0.4076 0.0, -7.5787 0.4861 0.0, -7.5787 0.3129 0.1953, -7.5787 0.4861 0.3937, -7.5787 0.2927 0.1953, -7.5787 0.2927 0.3937, -7.3819 0.3201 0.0, -7.3819 0.2927 0.0, -7.3819 0.2927 0.0565, -7.3819 0.2927 0.1953, -7.3819 0.2927 0.3937, -7.3819 0.3129 0.1953, -7.3819 0.4861 0.3937, -7.3819 0.4076 0.0, -7.3819 0.4861 0.0, -7.5945 0.5019 0.3937, -7.3661 0.5019 0.3937, -7.5945 0.5019 0.0, -7.3661 0.5019 0.0, -7.5945 0.2927 0.3937, -7.5945 0.2927 0.0, -7.3661 0.2927 0.3937, -7.3661 0.2927 0.0
            ]
        }
        coordIndex [
            0,1,2,-1,3,4,5,-1,5,4,6,-1,5,6,7,-1,7,6,8,-1,9,10,11,-1,12,13,14,-1,14,13,15,-1,14,15,16,-1,16,15,17,-1,8,18,7,-1,7,18,19,-1,7,19,0,-1,0,19,1,-1,15,6,17,-1,17,6,4,-1,20,13,12,-1,20,12,21,-1,21,12,11,-1,21,11,10,-1,22,20,23,-1,23,20,21,-1,24,22,25,-1,25,22,23,-1,18,24,19,-1,19,24,25,-1,13,20,15,-1,15,20,22,-1,15,22,6,-1,6,22,24,-1,6,24,8,-1,8,24,18,-1,10,9,21,-1,21,9,16,-1,21,16,23,-1,23,16,17,-1,23,17,25,-1,17,4,25,-1,25,4,3,-1,25,3,19,-1,19,3,2,-1,19,2,1,-1,26,27,28,-1,29,30,31,-1,31,30,32,-1,31,32,33,-1,33,32,34,-1,35,36,37,-1,38,39,40,-1,40,39,41,-1,40,41,42,-1,42,41,43,-1,44,45,46,-1,46,45,47,-1,48,44,49,-1,49,44,46,-1,34,48,33,-1,33,48,49,-1,33,49,26,-1,26,49,27,-1,41,32,43,-1,43,32,30,-1,50,39,38,-1,50,38,51,-1,51,38,37,-1,51,37,36,-1,45,50,47,-1,47,50,51,-1,39,50,41,-1,41,50,45,-1,41,45,32,-1,32,45,44,-1,32,44,34,-1,34,44,48,-1,36,35,51,-1,51,35,42,-1,51,42,47,-1,47,42,43,-1,47,43,46,-1,43,30,46,-1,46,30,29,-1,46,29,49,-1,49,29,28,-1,49,28,27,-1,
        ]
    }
}
Shape{
    appearance Appearance {
        material  Material 	{
            diffuseColor 0.5019607843137255 0.5019607843137255 0.0
            specularColor 0.25098039215686274 0.25098039215686274 0.0
            ambientIntensity 0.4447
            transparency 0.0
            shininess 0.5
        }
    }
    geometry IndexedFaceSet {
        ccw TRUE
        solid FALSE
        coord DEF co Coordinate {
            point [
                -7.5 0.3543 -1.063, -7.5787 0.3543 -0.9842, -7.5 0.4331 -1.063, -7.5787 0.4331 -0.9842, -7.3819 0.3543 -0.9842, -7.4606 0.3543 -1.063, -7.3819 0.4331 -0.9842, -7.4606 0.4331 -1.063, -7.3819 -0.4331 -0.9842, -7.4606 -0.4331 -1.063, -7.3819 -0.3543 -0.9842, -7.4606 -0.3543 -1.063, -7.5 -0.4331 -1.063, -7.5787 -0.4331 -0.9842, -7.5 -0.3543 -1.063, -7.5787 -0.3543 -0.9842
            ]
        }
        coordIndex [
            0,1,2,-1,2,1,3,-1,4,5,6,-1,6,5,7,-1,8,9,10,-1,10,9,11,-1,12,13,14,-1,14,13,15,-1,
        ]
    }
}
Shape{
    appearance Appearance {
        material  Material 	{
            diffuseColor 0.7529411764705882 0.7529411764705882 0.7529411764705882
            specularColor 0.3764705882352941 0.3764705882352941 0.3764705882352941
            ambientIntensity 0.7529
            transparency 0.0
            shininess 0.5
        }
    }
    geometry IndexedFaceSet {
        ccw TRUE
        solid FALSE
        coord DEF co Coordinate {
            point [
                -0.8 0.109 0.0394, -0.8025 0.109 0.0394, -0.8 0.109 0.0, -0.8025 0.109 0.0, -0.8934 -0.0878 0.0394, -0.8934 -0.0878 0.0, -0.8742 -0.0878 0.0394, -0.8742 -0.0878 0.0, -0.8451 -0.0247 0.0394, -0.8451 -0.0247 0.0, -0.7559 -0.0247 0.0394, -0.7559 -0.0247 0.0, -0.7259 -0.0878 0.0394, -0.7259 -0.0878 0.0, -0.7066 -0.0878 0.0394, -0.7066 -0.0878 0.0, -0.8358 -0.0045 0.0394, -0.7654 -0.0045 0.0394, -0.8011 0.0707 0.0394, -0.8358 -0.0045 0.0, -0.8011 0.0707 0.0, -0.7654 -0.0045 0.0, -0.5809 -0.0878 0.0394, -0.5199 -0.0878 0.0394, -0.5809 -0.0878 0.0, -0.5199 -0.0878 0.0, -0.5199 0.109 0.0394, -0.5199 0.109 0.0, -0.5596 0.109 0.0394, -0.5596 0.109 0.0, -0.6221 0.1019 0.0394, -0.6221 0.1019 0.0, -0.5912 0.1078 0.0, -0.5912 0.1078 0.0394, -0.6814 0.0081 0.0394, -0.6814 0.0081 0.0, -0.6777 0.0391 0.0, -0.6777 0.0391 0.0394, -0.6576 0.0781 0.0, -0.6576 0.0781 0.0394, -0.6022 -0.0867 0.0, -0.6022 -0.0867 0.0394, -0.6418 -0.074 0.0, -0.6418 -0.074 0.0394, -0.6703 -0.0414 0.0, -0.6703 -0.0414 0.0394, -0.6606 -0.0163 0.0394, -0.6445 -0.0452 0.0394, -0.6164 -0.0626 0.0394, -0.5885 -0.0668 0.0394, -0.5601 -0.0676 0.0394, -0.5376 -0.0676 0.0394, -0.5376 0.0888 0.0394, -0.5514 0.0888 0.0394, -0.5818 0.0879 0.0394, -0.6119 0.0833 0.0394, -0.6337 0.0728 0.0394, -0.6551 0.0475 0.0394, -0.6637 0.0082 0.0394, -0.5376 0.0888 0.0, -0.5376 -0.0676 0.0, -0.5514 0.0888 0.0, -0.5818 0.0879 0.0, -0.6119 0.0833 0.0, -0.6337 0.0728 0.0, -0.6551 0.0475 0.0, -0.6637 0.0082 0.0, -0.6606 -0.0163 0.0, -0.6445 -0.0452 0.0, -0.6164 -0.0626 0.0, -0.5885 -0.0668 0.0, -0.5601 -0.0676 0.0, -0.3735 -0.0878 0.0394, -0.3735 0.109 0.0394, -0.3735 -0.0878 0.0, -0.3735 0.109 0.0, -0.4846 0.109 0.0394, -0.4846 0.109 0.0, -0.4846 0.0888 0.0394, -0.4846 0.0888 0.0, -0.3912 0.0888 0.0394, -0.3912 0.0888 0.0, -0.3912 0.0283 0.0394, -0.3912 0.0283 0.0, -0.4846 0.0283 0.0394, -0.4846 0.0283 0.0, -0.4846 0.0081 0.0394, -0.4846 0.0081 0.0, -0.3912 0.0081 0.0394, -0.3912 0.0081 0.0, -0.3912 -0.0676 0.0394, -0.3912 -0.0676 0.0, -0.4846 -0.0676 0.0394, -0.4846 -0.0676 0.0, -0.4846 -0.0878 0.0394, -0.4846 -0.0878 0.0, -0.2472 0.1141 0.0, -0.2472 0.1141 0.0394, -0.2592 0.1116 0.0, -0.2953 0.104 0.0394, -0.2953 0.104 0.0, -0.3154 0.0915 0.0394, -0.3154 0.0915 0.0, -0.3269 0.0806 0.0394, -0.3269 0.0806 0.0, -0.3331 0.0729 0.0394, -0.3331 0.0729 0.0, -0.3177 0.0611 0.0394, -0.3177 0.0611 0.0, -0.2461 0.0939 0.0394, -0.2461 0.0939 0.0, -0.2543 0.0936 0.0, -0.2543 0.0936 0.0394, -0.2672 0.0918 0.0, -0.2672 0.0918 0.0394, -0.2858 0.0858 0.0, -0.2858 0.0858 0.0394, -0.159 0.0104 0.0394, -0.159 0.0104 0.0, -0.1593 0.0184 0.0, -0.1593 0.0184 0.0394, -0.172 0.0556 0.0, -0.172 0.0556 0.0394, -0.2025 0.0831 0.0, -0.2025 0.0831 0.0394, -0.2474 -0.0727 0.0394, -0.2474 -0.0727 0.0, -0.235 -0.072 0.0, -0.235 -0.072 0.0394, -0.1963 -0.0586 0.0, -0.1963 -0.0586 0.0394, -0.1692 -0.0301 0.0, -0.1692 -0.0301 0.0394, -0.3177 -0.0399 0.0394, -0.3177 -0.0399 0.0, -0.2863 -0.0643 0.0, -0.2863 -0.0643 0.0394, -0.3331 -0.0516 0.0394, -0.3331 -0.0516 0.0, -0.2475 -0.0929 0.0394, -0.2475 -0.0929 0.0, -0.2573 -0.0925 0.0, -0.2573 -0.0925 0.0394, -0.2723 -0.0903 0.0, -0.273 -0.0902 0.0394, -0.273 -0.0902 0.0, -0.2954 -0.0826 0.0, -0.2954 -0.0826 0.0394, -0.2334 -0.0903 0.0, -0.2029 -0.0849 0.0394, -0.2029 -0.0849 0.0, -0.1837 -0.0744 0.0394, -0.1837 -0.0744 0.0, -0.1725 -0.0651 0.0394, -0.1725 -0.0651 0.0, -0.1663 -0.0584 0.0394, -0.1663 -0.0584 0.0, -0.1413 0.0118 0.0394, -0.1413 0.0118 0.0, -0.1473 -0.0257 0.0, -0.1473 -0.0257 0.0394, -0.2385 0.1138 0.0, -0.2385 0.1138 0.0394, -0.2316 0.1116 0.0, -0.1877 0.0975 0.0394, -0.1877 0.0975 0.0, -0.154 0.0621 0.0, -0.154 0.0621 0.0394, -0.0252 -0.0878 0.0394, -0.0252 0.109 0.0394, -0.0252 -0.0878 0.0, -0.0252 0.109 0.0, -0.0429 0.109 0.0394, -0.0429 0.109 0.0, -0.0429 -0.0676 0.0394, -0.0429 -0.0676 0.0, -0.1186 -0.0676 0.0394, -0.1186 -0.0676 0.0, -0.1186 -0.0878 0.0394, -0.1186 -0.0878 0.0
            ]
        }
        coordIndex [
            0,1,2,-1,2,1,3,-1,1,4,3,-1,3,4,5,-1,4,6,5,-1,5,6,7,-1,6,8,7,-1,7,8,9,-1,8,10,9,-1,9,10,11,-1,10,12,11,-1,11,12,13,-1,12,14,13,-1,13,14,15,-1,14,0,15,-1,15,0,2,-1,16,4,1,-1,0,17,1,-1,1,17,18,-1,1,18,16,-1,14,12,10,-1,6,4,8,-1,8,4,16,-1,8,16,10,-1,10,16,17,-1,10,17,14,-1,14,17,0,-1,16,18,19,-1,19,18,20,-1,17,16,21,-1,21,16,19,-1,18,17,20,-1,20,17,21,-1,22,23,24,-1,24,23,25,-1,23,26,25,-1,25,26,27,-1,26,28,27,-1,27,28,29,-1,30,31,32,-1,30,32,33,-1,33,32,29,-1,33,29,28,-1,34,35,36,-1,34,36,37,-1,37,36,38,-1,37,38,39,-1,39,38,31,-1,39,31,30,-1,22,24,40,-1,22,40,41,-1,41,40,42,-1,41,42,43,-1,43,42,44,-1,43,44,45,-1,45,44,35,-1,45,35,34,-1,46,47,43,-1,43,47,48,-1,43,48,41,-1,41,48,49,-1,41,49,22,-1,22,49,50,-1,22,50,23,-1,23,50,51,-1,23,51,26,-1,26,51,52,-1,26,52,28,-1,28,52,53,-1,28,53,33,-1,33,53,54,-1,33,54,30,-1,30,54,55,-1,30,55,39,-1,39,55,56,-1,39,56,37,-1,37,56,57,-1,37,57,34,-1,34,57,58,-1,34,58,45,-1,45,58,46,-1,45,46,43,-1,52,51,59,-1,59,51,60,-1,53,52,61,-1,61,52,59,-1,53,61,62,-1,53,62,54,-1,54,62,63,-1,54,63,55,-1,55,63,64,-1,55,64,56,-1,56,64,65,-1,56,65,57,-1,57,65,66,-1,57,66,58,-1,58,66,67,-1,58,67,46,-1,46,67,68,-1,46,68,47,-1,47,68,69,-1,47,69,48,-1,48,69,70,-1,48,70,49,-1,49,70,71,-1,49,71,50,-1,51,50,60,-1,60,50,71,-1,72,73,74,-1,74,73,75,-1,73,76,75,-1,75,76,77,-1,76,78,77,-1,77,78,79,-1,78,80,79,-1,79,80,81,-1,80,82,81,-1,81,82,83,-1,82,84,83,-1,83,84,85,-1,84,86,85,-1,85,86,87,-1,86,88,87,-1,87,88,89,-1,88,90,89,-1,89,90,91,-1,90,92,91,-1,91,92,93,-1,92,94,93,-1,93,94,95,-1,94,72,95,-1,95,72,74,-1,72,94,92,-1,92,90,72,-1,72,90,88,-1,72,88,73,-1,78,76,80,-1,80,76,73,-1,80,73,82,-1,82,73,88,-1,82,88,84,-1,84,88,86,-1,96,97,98,-1,98,97,99,-1,98,99,100,-1,100,99,101,-1,100,101,102,-1,102,101,103,-1,102,103,104,-1,104,103,105,-1,104,105,106,-1,105,107,106,-1,106,107,108,-1,109,110,111,-1,109,111,112,-1,112,111,113,-1,112,113,114,-1,114,113,115,-1,114,115,116,-1,116,115,108,-1,116,108,107,-1,117,118,119,-1,117,119,120,-1,120,119,121,-1,120,121,122,-1,122,121,123,-1,122,123,124,-1,124,123,110,-1,124,110,109,-1,125,126,127,-1,125,127,128,-1,128,127,129,-1,128,129,130,-1,130,129,131,-1,130,131,132,-1,132,131,118,-1,132,118,117,-1,133,134,135,-1,133,135,136,-1,136,135,126,-1,136,126,125,-1,133,137,134,-1,134,137,138,-1,139,140,141,-1,139,141,142,-1,142,141,143,-1,142,143,144,-1,143,145,144,-1,144,145,146,-1,144,146,147,-1,147,146,138,-1,147,138,137,-1,140,139,148,-1,148,139,149,-1,148,149,150,-1,150,149,151,-1,150,151,152,-1,152,151,153,-1,152,153,154,-1,154,153,155,-1,154,155,156,-1,157,158,159,-1,157,159,160,-1,160,159,156,-1,160,156,155,-1,97,96,161,-1,97,161,162,-1,162,161,163,-1,162,163,164,-1,163,165,164,-1,164,165,166,-1,164,166,167,-1,167,166,158,-1,167,158,157,-1,137,133,147,-1,147,133,136,-1,157,160,132,-1,132,160,130,-1,130,160,155,-1,130,155,153,-1,107,105,103,-1,107,103,116,-1,116,103,101,-1,116,101,99,-1,153,151,130,-1,130,151,149,-1,130,149,128,-1,128,149,139,-1,128,139,125,-1,125,139,142,-1,125,142,136,-1,136,142,144,-1,136,144,147,-1,132,117,157,-1,157,117,120,-1,157,120,167,-1,167,120,122,-1,167,122,164,-1,164,122,124,-1,164,124,162,-1,162,124,109,-1,162,109,97,-1,97,109,112,-1,97,112,99,-1,99,112,114,-1,99,114,116,-1,168,169,170,-1,170,169,171,-1,169,172,171,-1,171,172,173,-1,172,174,173,-1,173,174,175,-1,174,176,175,-1,175,176,177,-1,176,178,177,-1,177,178,179,-1,178,168,179,-1,179,168,170,-1,172,169,174,-1,174,169,168,-1,174,168,176,-1,176,168,178,-1,
        ]
    }
}
Shape{
    appearance Appearance {
        material  Material 	{
            diffuseColor 0.14901960784313725 0.14901960784313725 0.14901960784313725
            specularColor 0.07450980392156863 0.07450980392156863 0.07450980392156863
            ambientIntensity 0.149
            transparency 0.0
            shininess 0.5
        }
    }
    geometry IndexedFaceSet {
        ccw TRUE
        solid FALSE
        coord DEF co Coordinate {
            point [
                -0.8011 0.0707 0.0, -0.7654 -0.0045 0.0, -0.8358 -0.0045 0.0, -0.5376 0.0888 0.0, -0.5376 -0.0676 0.0, -0.5514 0.0888 0.0, -0.5601 -0.0676 0.0, -0.5818 0.0879 0.0, -0.5885 -0.0668 0.0, -0.6119 0.0833 0.0, -0.6164 -0.0626 0.0, -0.6445 -0.0452 0.0, -0.6606 -0.0163 0.0, -0.6637 0.0082 0.0, -0.6551 0.0475 0.0, -0.6337 0.0728 0.0, -6.5748 0.5118 1.6142, -6.5748 0.5118 0.0, -6.5748 0.2756 1.6142, -6.5748 0.2756 0.0, -6.811 0.2756 1.6142, -6.811 0.2756 0.0, -6.811 0.5118 1.6142, -6.811 0.5118 0.0, 7.5984 0.5118 1.6142, 7.5984 0.5118 0.0, 7.5984 0.2756 1.6142, 7.5984 0.2756 0.0, 7.3622 0.2756 1.6142, 7.3622 0.2756 0.0, 7.3622 0.5118 1.6142, 7.3622 0.5118 0.0, 6.5748 -0.5118 1.6142, 6.5748 -0.5118 0.0, 6.5748 -0.2756 1.6142, 6.5748 -0.2756 0.0, 6.5945 -0.2756 0.0917, 6.5945 -0.2756 0.1953, 6.7913 -0.2756 0.0917, 6.811 -0.2756 0.0, 6.7913 -0.2756 0.1953, 6.811 -0.2756 1.6142, 6.811 -0.5118 1.6142, 6.811 -0.5118 0.0, 6.811 0.5118 1.6142, 6.811 0.5118 0.0, 6.811 0.2756 1.6142, 6.811 0.2756 0.0, 6.5748 0.2756 1.6142, 6.5748 0.2756 0.0, 6.5748 0.5118 1.6142, 6.5748 0.5118 0.0, 5.7874 -0.5118 1.6142, 5.7874 -0.5118 0.0, 5.7874 -0.2756 1.6142, 5.7874 -0.2756 0.0, 5.8071 -0.2756 0.0917, 5.8071 -0.2756 0.1953, 6.0039 -0.2756 0.0917, 6.0236 -0.2756 0.0, 6.0039 -0.2756 0.1953, 6.0236 -0.2756 1.6142, 6.0236 -0.5118 1.6142, 6.0236 -0.5118 0.0, 7.3622 -0.5118 1.6142, 7.3622 -0.5118 0.0, 7.3622 -0.2756 1.6142, 7.3622 -0.2756 0.0, 7.3819 -0.2756 0.0917, 7.3819 -0.2756 0.1953, 7.5787 -0.2756 0.0917, 7.5984 -0.2756 0.0, 7.5787 -0.2756 0.1953, 7.5984 -0.2756 1.6142, 7.5984 -0.5118 1.6142, 7.5984 -0.5118 0.0, -1.8504 0.5118 1.6142, -1.8504 0.5118 0.0, -1.8504 0.2756 1.6142, -1.8504 0.2756 0.0, -2.0866 0.2756 1.6142, -2.0866 0.2756 0.0, -2.0866 0.5118 1.6142, -2.0866 0.5118 0.0, -2.874 -0.5118 1.6142, -2.874 -0.5118 0.0, -2.874 -0.2756 1.6142, -2.874 -0.2756 0.0, -2.8543 -0.2756 0.0917, -2.8543 -0.2756 0.1953, -2.6575 -0.2756 0.0917, -2.6378 -0.2756 0.0, -2.6575 -0.2756 0.1953, -2.6378 -0.2756 1.6142, -2.6378 -0.5118 1.6142, -2.6378 -0.5118 0.0, -2.6378 0.5118 1.6142, -2.6378 0.5118 0.0, -2.6378 0.2756 1.6142, -2.6378 0.2756 0.0, -2.874 0.2756 1.6142, -2.874 0.2756 0.0, -2.874 0.5118 1.6142, -2.874 0.5118 0.0, -3.6614 -0.5118 1.6142, -3.6614 -0.5118 0.0, -3.6614 -0.2756 1.6142, -3.6614 -0.2756 0.0, -3.6417 -0.2756 0.0917, -3.6417 -0.2756 0.1953, -3.4449 -0.2756 0.0917, -3.4252 -0.2756 0.0, -3.4449 -0.2756 0.1953, -3.4252 -0.2756 1.6142, -3.4252 -0.5118 1.6142, -3.4252 -0.5118 0.0, -0.2756 0.5118 1.6142, -0.2756 0.5118 0.0, -0.2756 0.2756 1.6142, -0.2756 0.2756 0.0, -0.5118 0.2756 1.6142, -0.5118 0.2756 0.0, -0.5118 0.5118 1.6142, -0.5118 0.5118 0.0, -1.2992 -0.5118 1.6142, -1.2992 -0.5118 0.0, -1.2992 -0.2756 1.6142, -1.2992 -0.2756 0.0, -1.2795 -0.2756 0.0917, -1.2795 -0.2756 0.1953, -1.0827 -0.2756 0.0917, -1.063 -0.2756 0.0, -1.0827 -0.2756 0.1953, -1.063 -0.2756 1.6142, -1.063 -0.5118 1.6142, -1.063 -0.5118 0.0, -1.063 0.5118 1.6142, -1.063 0.5118 0.0, -1.063 0.2756 1.6142, -1.063 0.2756 0.0, -1.2992 0.2756 1.6142, -1.2992 0.2756 0.0, -1.2992 0.5118 1.6142, -1.2992 0.5118 0.0, -2.0866 -0.5118 1.6142, -2.0866 -0.5118 0.0, -2.0866 -0.2756 1.6142, -2.0866 -0.2756 0.0, -2.0669 -0.2756 0.0917, -2.0669 -0.2756 0.1953, -1.8701 -0.2756 0.0917, -1.8504 -0.2756 0.0, -1.8701 -0.2756 0.1953, -1.8504 -0.2756 1.6142, -1.8504 -0.5118 1.6142, -1.8504 -0.5118 0.0, -5.0 0.5118 1.6142, -5.0 0.5118 0.0, -5.0 0.2756 1.6142, -5.0 0.2756 0.0, -5.2362 0.2756 1.6142, -5.2362 0.2756 0.0, -5.2362 0.5118 1.6142, -5.2362 0.5118 0.0, -6.0236 -0.5118 1.6142, -6.0236 -0.5118 0.0, -6.0236 -0.2756 1.6142, -6.0236 -0.2756 0.0, -6.0039 -0.2756 0.0917, -6.0039 -0.2756 0.1953, -5.8071 -0.2756 0.0917, -5.7874 -0.2756 0.0, -5.8071 -0.2756 0.1953, -5.7874 -0.2756 1.6142, -5.7874 -0.5118 1.6142, -5.7874 -0.5118 0.0, -5.7874 0.5118 1.6142, -5.7874 0.5118 0.0, -5.7874 0.2756 1.6142, -5.7874 0.2756 0.0, -6.0236 0.2756 1.6142, -6.0236 0.2756 0.0, -6.0236 0.5118 1.6142, -6.0236 0.5118 0.0, -6.811 -0.5118 1.6142, -6.811 -0.5118 0.0, -6.811 -0.2756 1.6142, -6.811 -0.2756 0.0, -6.7913 -0.2756 0.0917, -6.7913 -0.2756 0.1953, -6.5945 -0.2756 0.0917, -6.5748 -0.2756 0.0, -6.5945 -0.2756 0.1953, -6.5748 -0.2756 1.6142, -6.5748 -0.5118 1.6142, -6.5748 -0.5118 0.0, -3.4252 0.5118 1.6142, -3.4252 0.5118 0.0, -3.4252 0.2756 1.6142, -3.4252 0.2756 0.0, -3.6614 0.2756 1.6142, -3.6614 0.2756 0.0, -3.6614 0.5118 1.6142, -3.6614 0.5118 0.0, -4.4488 -0.5118 1.6142, -4.4488 -0.5118 0.0, -4.4488 -0.2756 1.6142, -4.4488 -0.2756 0.0, -4.4291 -0.2756 0.0917, -4.4291 -0.2756 0.1953, -4.2323 -0.2756 0.0917, -4.2126 -0.2756 0.0, -4.2323 -0.2756 0.1953, -4.2126 -0.2756 1.6142, -4.2126 -0.5118 1.6142, -4.2126 -0.5118 0.0, -4.2126 0.5118 1.6142, -4.2126 0.5118 0.0, -4.2126 0.2756 1.6142, -4.2126 0.2756 0.0, -4.4488 0.2756 1.6142, -4.4488 0.2756 0.0, -4.4488 0.5118 1.6142, -4.4488 0.5118 0.0, -5.2362 -0.5118 1.6142, -5.2362 -0.5118 0.0, -5.2362 -0.2756 1.6142, -5.2362 -0.2756 0.0, -5.2165 -0.2756 0.0917, -5.2165 -0.2756 0.1953, -5.0197 -0.2756 0.0917, -5.0 -0.2756 0.0, -5.0197 -0.2756 0.1953, -5.0 -0.2756 1.6142, -5.0 -0.5118 1.6142, -5.0 -0.5118 0.0, 4.4488 0.5118 1.6142, 4.4488 0.5118 0.0, 4.4488 0.2756 1.6142, 4.4488 0.2756 0.0, 4.2126 0.2756 1.6142, 4.2126 0.2756 0.0, 4.2126 0.5118 1.6142, 4.2126 0.5118 0.0, 3.4252 -0.5118 1.6142, 3.4252 -0.5118 0.0, 3.4252 -0.2756 1.6142, 3.4252 -0.2756 0.0, 3.4449 -0.2756 0.0917, 3.4449 -0.2756 0.1953, 3.6417 -0.2756 0.0917, 3.6614 -0.2756 0.0, 3.6417 -0.2756 0.1953, 3.6614 -0.2756 1.6142, 3.6614 -0.5118 1.6142, 3.6614 -0.5118 0.0, 3.6614 0.5118 1.6142, 3.6614 0.5118 0.0, 3.6614 0.2756 1.6142, 3.6614 0.2756 0.0, 3.4252 0.2756 1.6142, 3.4252 0.2756 0.0, 3.4252 0.5118 1.6142, 3.4252 0.5118 0.0, 2.6378 -0.5118 1.6142, 2.6378 -0.5118 0.0, 2.6378 -0.2756 1.6142, 2.6378 -0.2756 0.0, 2.6575 -0.2756 0.0917, 2.6575 -0.2756 0.1953, 2.8543 -0.2756 0.0917, 2.874 -0.2756 0.0, 2.8543 -0.2756 0.1953, 2.874 -0.2756 1.6142, 2.874 -0.5118 1.6142, 2.874 -0.5118 0.0, 6.0236 0.5118 1.6142, 6.0236 0.5118 0.0, 6.0236 0.2756 1.6142, 6.0236 0.2756 0.0, 5.7874 0.2756 1.6142, 5.7874 0.2756 0.0, 5.7874 0.5118 1.6142, 5.7874 0.5118 0.0, 5.0 -0.5118 1.6142, 5.0 -0.5118 0.0, 5.0 -0.2756 1.6142, 5.0 -0.2756 0.0, 5.0197 -0.2756 0.0917, 5.0197 -0.2756 0.1953, 5.2165 -0.2756 0.0917, 5.2362 -0.2756 0.0, 5.2165 -0.2756 0.1953, 5.2362 -0.2756 1.6142, 5.2362 -0.5118 1.6142, 5.2362 -0.5118 0.0, 5.2362 0.5118 1.6142, 5.2362 0.5118 0.0, 5.2362 0.2756 1.6142, 5.2362 0.2756 0.0, 5.0 0.2756 1.6142, 5.0 0.2756 0.0, 5.0 0.5118 1.6142, 5.0 0.5118 0.0, 4.2126 -0.5118 1.6142, 4.2126 -0.5118 0.0, 4.2126 -0.2756 1.6142, 4.2126 -0.2756 0.0, 4.2323 -0.2756 0.0917, 4.2323 -0.2756 0.1953, 4.4291 -0.2756 0.0917, 4.4488 -0.2756 0.0, 4.4291 -0.2756 0.1953, 4.4488 -0.2756 1.6142, 4.4488 -0.5118 1.6142, 4.4488 -0.5118 0.0, 1.2992 0.5118 1.6142, 1.2992 0.5118 0.0, 1.2992 0.2756 1.6142, 1.2992 0.2756 0.0, 1.063 0.2756 1.6142, 1.063 0.2756 0.0, 1.063 0.5118 1.6142, 1.063 0.5118 0.0, 0.2756 -0.5118 1.6142, 0.2756 -0.5118 0.0, 0.2756 -0.2756 1.6142, 0.2756 -0.2756 0.0, 0.2953 -0.2756 0.0917, 0.2953 -0.2756 0.1953, 0.4921 -0.2756 0.0917, 0.5118 -0.2756 0.0, 0.4921 -0.2756 0.1953, 0.5118 -0.2756 1.6142, 0.5118 -0.5118 1.6142, 0.5118 -0.5118 0.0, 0.5118 0.5118 1.6142, 0.5118 0.5118 0.0, 0.5118 0.2756 1.6142, 0.5118 0.2756 0.0, 0.2756 0.2756 1.6142, 0.2756 0.2756 0.0, 0.2756 0.5118 1.6142, 0.2756 0.5118 0.0, -0.5118 -0.5118 1.6142, -0.5118 -0.5118 0.0, -0.5118 -0.2756 1.6142, -0.5118 -0.2756 0.0, -0.4921 -0.2756 0.0917, -0.4921 -0.2756 0.1953, -0.2953 -0.2756 0.0917, -0.2756 -0.2756 0.0, -0.2953 -0.2756 0.1953, -0.2756 -0.2756 1.6142, -0.2756 -0.5118 1.6142, -0.2756 -0.5118 0.0, 2.874 0.5118 1.6142, 2.874 0.5118 0.0, 2.874 0.2756 1.6142, 2.874 0.2756 0.0, 2.6378 0.2756 1.6142, 2.6378 0.2756 0.0, 2.6378 0.5118 1.6142, 2.6378 0.5118 0.0, 1.8504 -0.5118 1.6142, 1.8504 -0.5118 0.0, 1.8504 -0.2756 1.6142, 1.8504 -0.2756 0.0, 1.8701 -0.2756 0.0917, 1.8701 -0.2756 0.1953, 2.0669 -0.2756 0.0917, 2.0866 -0.2756 0.0, 2.0669 -0.2756 0.1953, 2.0866 -0.2756 1.6142, 2.0866 -0.5118 1.6142, 2.0866 -0.5118 0.0, 2.0866 0.5118 1.6142, 2.0866 0.5118 0.0, 2.0866 0.2756 1.6142, 2.0866 0.2756 0.0, 1.8504 0.2756 1.6142, 1.8504 0.2756 0.0, 1.8504 0.5118 1.6142, 1.8504 0.5118 0.0, 1.063 -0.5118 1.6142, 1.063 -0.5118 0.0, 1.063 -0.2756 1.6142, 1.063 -0.2756 0.0, 1.0827 -0.2756 0.0917, 1.0827 -0.2756 0.1953, 1.2795 -0.2756 0.0917, 1.2992 -0.2756 0.0, 1.2795 -0.2756 0.1953, 1.2992 -0.2756 1.6142, 1.2992 -0.5118 1.6142, 1.2992 -0.5118 0.0, -6.8898 -0.5906 1.6929, -6.8898 -0.1969 1.6929, -6.4961 -0.5906 1.6929, -6.4961 -0.1969 1.6929, -6.8898 0.1969 1.6929, -6.8898 0.5906 1.6929, -6.4961 0.1969 1.6929, -6.4961 0.5906 1.6929, -6.1024 -0.5906 1.6929, -6.1024 -0.1969 1.6929, -5.7087 -0.5906 1.6929, -5.7087 -0.1969 1.6929, -6.1024 0.1969 1.6929, -6.1024 0.5906 1.6929, -5.7087 0.1969 1.6929, -5.7087 0.5906 1.6929, -5.315 -0.5906 1.6929, -5.315 -0.1969 1.6929, -4.9213 -0.5906 1.6929, -4.9213 -0.1969 1.6929, -5.315 0.1969 1.6929, -5.315 0.5906 1.6929, -4.9213 0.1969 1.6929, -4.9213 0.5906 1.6929, -4.5276 -0.5906 1.6929, -4.5276 -0.1969 1.6929, -4.1339 -0.5906 1.6929, -4.1339 -0.1969 1.6929, -4.5276 0.1969 1.6929, -4.5276 0.5906 1.6929, -4.1339 0.1969 1.6929, -4.1339 0.5906 1.6929, -3.7402 -0.5906 1.6929, -3.7402 -0.1969 1.6929, -3.3465 -0.5906 1.6929, -3.3465 -0.1969 1.6929, -3.7402 0.1969 1.6929, -3.7402 0.5906 1.6929, -3.3465 0.1969 1.6929, -3.3465 0.5906 1.6929, -2.9528 -0.5906 1.6929, -2.9528 -0.1969 1.6929, -2.5591 -0.5906 1.6929, -2.5591 -0.1969 1.6929, -2.9528 0.1969 1.6929, -2.9528 0.5906 1.6929, -2.5591 0.1969 1.6929, -2.5591 0.5906 1.6929, -2.1654 -0.5906 1.6929, -2.1654 -0.1969 1.6929, -1.7717 -0.5906 1.6929, -1.7717 -0.1969 1.6929, -2.1654 0.1969 1.6929, -2.1654 0.5906 1.6929, -1.7717 0.1969 1.6929, -1.7717 0.5906 1.6929, -1.378 -0.5906 1.6929, -1.378 -0.1969 1.6929, -0.9843 -0.5906 1.6929, -0.9843 -0.1969 1.6929, -1.378 0.1969 1.6929, -1.378 0.5906 1.6929, -0.9843 0.1969 1.6929, -0.9843 0.5906 1.6929, -0.5906 -0.5906 1.6929, -0.5906 -0.1969 1.6929, -0.1969 -0.5906 1.6929, -0.1969 -0.1969 1.6929, -0.5906 0.1969 1.6929, -0.5906 0.5906 1.6929, -0.1969 0.1969 1.6929, -0.1969 0.5906 1.6929, 0.1969 -0.5906 1.6929, 0.1969 -0.1969 1.6929, 0.5906 -0.5906 1.6929, 0.5906 -0.1969 1.6929, 0.1969 0.1969 1.6929, 0.1969 0.5906 1.6929, 0.5906 0.1969 1.6929, 0.5906 0.5906 1.6929, 0.9843 -0.5906 1.6929, 0.9843 -0.1969 1.6929, 1.378 -0.5906 1.6929, 1.378 -0.1969 1.6929, 0.9843 0.1969 1.6929, 0.9843 0.5906 1.6929, 1.378 0.1969 1.6929, 1.378 0.5906 1.6929, 1.7717 -0.5906 1.6929, 1.7717 -0.1969 1.6929, 2.1654 -0.5906 1.6929, 2.1654 -0.1969 1.6929, 1.7717 0.1969 1.6929, 1.7717 0.5906 1.6929, 2.1654 0.1969 1.6929, 2.1654 0.5906 1.6929, 2.5591 -0.5906 1.6929, 2.5591 -0.1969 1.6929, 2.9528 -0.5906 1.6929, 2.9528 -0.1969 1.6929, 2.5591 0.1969 1.6929, 2.5591 0.5906 1.6929, 2.9528 0.1969 1.6929, 2.9528 0.5906 1.6929, 3.3465 -0.5906 1.6929, 3.3465 -0.1969 1.6929, 3.7402 -0.5906 1.6929, 3.7402 -0.1969 1.6929, 3.3465 0.1969 1.6929, 3.3465 0.5906 1.6929, 3.7402 0.1969 1.6929, 3.7402 0.5906 1.6929, 4.1339 -0.5906 1.6929, 4.1339 -0.1969 1.6929, 4.5276 -0.5906 1.6929, 4.5276 -0.1969 1.6929, 4.1339 0.1969 1.6929, 4.1339 0.5906 1.6929, 4.5276 0.1969 1.6929, 4.5276 0.5906 1.6929, 4.9213 -0.5906 1.6929, 4.9213 -0.1969 1.6929, 5.315 -0.5906 1.6929, 5.315 -0.1969 1.6929, 4.9213 0.1969 1.6929, 4.9213 0.5906 1.6929, 5.315 0.1969 1.6929, 5.315 0.5906 1.6929, 5.7087 -0.5906 1.6929, 5.7087 -0.1969 1.6929, 6.1024 -0.5906 1.6929, 6.1024 -0.1969 1.6929, 5.7087 0.1969 1.6929, 5.7087 0.5906 1.6929, 6.1024 0.1969 1.6929, 6.1024 0.5906 1.6929, 6.4961 -0.5906 1.6929, 6.4961 -0.1969 1.6929, 6.8898 -0.5906 1.6929, 6.8898 -0.1969 1.6929, 6.4961 0.1969 1.6929, 6.4961 0.5906 1.6929, 6.8898 0.1969 1.6929, 6.8898 0.5906 1.6929, 7.2835 -0.5906 1.6929, 7.2835 -0.1969 1.6929, 7.6772 -0.5906 1.6929, 7.6772 -0.1969 1.6929, 7.2835 0.1969 1.6929, 7.2835 0.5906 1.6929, 7.6772 0.1969 1.6929, 7.6772 0.5906 1.6929
            ]
        }
        coordIndex [
            0,1,2,-1,3,4,5,-1,5,4,6,-1,5,6,7,-1,7,6,8,-1,7,8,9,-1,10,11,8,-1,8,11,12,-1,8,12,13,-1,13,14,8,-1,8,14,15,-1,8,15,9,-1,16,17,18,-1,18,17,19,-1,20,21,22,-1,22,21,23,-1,22,23,16,-1,16,23,17,-1,24,25,26,-1,26,25,27,-1,28,29,30,-1,30,29,31,-1,30,31,24,-1,24,31,25,-1,32,33,34,-1,34,33,35,-1,35,36,37,-1,36,35,38,-1,38,35,39,-1,38,39,40,-1,40,39,41,-1,40,41,37,-1,37,41,34,-1,37,34,35,-1,41,39,42,-1,42,39,43,-1,42,43,32,-1,32,43,33,-1,44,45,46,-1,46,45,47,-1,48,49,50,-1,50,49,51,-1,50,51,44,-1,44,51,45,-1,52,53,54,-1,54,53,55,-1,55,56,57,-1,56,55,58,-1,58,55,59,-1,58,59,60,-1,60,59,61,-1,60,61,57,-1,57,61,54,-1,57,54,55,-1,61,59,62,-1,62,59,63,-1,62,63,52,-1,52,63,53,-1,64,65,66,-1,66,65,67,-1,67,68,69,-1,68,67,70,-1,70,67,71,-1,70,71,72,-1,72,71,73,-1,72,73,69,-1,69,73,66,-1,69,66,67,-1,73,71,74,-1,74,71,75,-1,74,75,64,-1,64,75,65,-1,76,77,78,-1,78,77,79,-1,80,81,82,-1,82,81,83,-1,82,83,76,-1,76,83,77,-1,84,85,86,-1,86,85,87,-1,87,88,89,-1,88,87,90,-1,90,87,91,-1,90,91,92,-1,92,91,93,-1,92,93,89,-1,89,93,86,-1,89,86,87,-1,93,91,94,-1,94,91,95,-1,94,95,84,-1,84,95,85,-1,96,97,98,-1,98,97,99,-1,100,101,102,-1,102,101,103,-1,102,103,96,-1,96,103,97,-1,104,105,106,-1,106,105,107,-1,107,108,109,-1,108,107,110,-1,110,107,111,-1,110,111,112,-1,112,111,113,-1,112,113,109,-1,109,113,106,-1,109,106,107,-1,113,111,114,-1,114,111,115,-1,114,115,104,-1,104,115,105,-1,116,117,118,-1,118,117,119,-1,120,121,122,-1,122,121,123,-1,122,123,116,-1,116,123,117,-1,124,125,126,-1,126,125,127,-1,127,128,129,-1,128,127,130,-1,130,127,131,-1,130,131,132,-1,132,131,133,-1,132,133,129,-1,129,133,126,-1,129,126,127,-1,133,131,134,-1,134,131,135,-1,134,135,124,-1,124,135,125,-1,136,137,138,-1,138,137,139,-1,140,141,142,-1,142,141,143,-1,142,143,136,-1,136,143,137,-1,144,145,146,-1,146,145,147,-1,147,148,149,-1,148,147,150,-1,150,147,151,-1,150,151,152,-1,152,151,153,-1,152,153,149,-1,149,153,146,-1,149,146,147,-1,153,151,154,-1,154,151,155,-1,154,155,144,-1,144,155,145,-1,156,157,158,-1,158,157,159,-1,160,161,162,-1,162,161,163,-1,162,163,156,-1,156,163,157,-1,164,165,166,-1,166,165,167,-1,167,168,169,-1,168,167,170,-1,170,167,171,-1,170,171,172,-1,172,171,173,-1,172,173,169,-1,169,173,166,-1,169,166,167,-1,173,171,174,-1,174,171,175,-1,174,175,164,-1,164,175,165,-1,176,177,178,-1,178,177,179,-1,180,181,182,-1,182,181,183,-1,182,183,176,-1,176,183,177,-1,184,185,186,-1,186,185,187,-1,187,188,189,-1,188,187,190,-1,190,187,191,-1,190,191,192,-1,192,191,193,-1,192,193,189,-1,189,193,186,-1,189,186,187,-1,193,191,194,-1,194,191,195,-1,194,195,184,-1,184,195,185,-1,196,197,198,-1,198,197,199,-1,200,201,202,-1,202,201,203,-1,202,203,196,-1,196,203,197,-1,204,205,206,-1,206,205,207,-1,207,208,209,-1,208,207,210,-1,210,207,211,-1,210,211,212,-1,212,211,213,-1,212,213,209,-1,209,213,206,-1,209,206,207,-1,213,211,214,-1,214,211,215,-1,214,215,204,-1,204,215,205,-1,216,217,218,-1,218,217,219,-1,220,221,222,-1,222,221,223,-1,222,223,216,-1,216,223,217,-1,224,225,226,-1,226,225,227,-1,227,228,229,-1,228,227,230,-1,230,227,231,-1,230,231,232,-1,232,231,233,-1,232,233,229,-1,229,233,226,-1,229,226,227,-1,233,231,234,-1,234,231,235,-1,234,235,224,-1,224,235,225,-1,236,237,238,-1,238,237,239,-1,240,241,242,-1,242,241,243,-1,242,243,236,-1,236,243,237,-1,244,245,246,-1,246,245,247,-1,247,248,249,-1,248,247,250,-1,250,247,251,-1,250,251,252,-1,252,251,253,-1,252,253,249,-1,249,253,246,-1,249,246,247,-1,253,251,254,-1,254,251,255,-1,254,255,244,-1,244,255,245,-1,256,257,258,-1,258,257,259,-1,260,261,262,-1,262,261,263,-1,262,263,256,-1,256,263,257,-1,264,265,266,-1,266,265,267,-1,267,268,269,-1,268,267,270,-1,270,267,271,-1,270,271,272,-1,272,271,273,-1,272,273,269,-1,269,273,266,-1,269,266,267,-1,273,271,274,-1,274,271,275,-1,274,275,264,-1,264,275,265,-1,276,277,278,-1,278,277,279,-1,280,281,282,-1,282,281,283,-1,282,283,276,-1,276,283,277,-1,284,285,286,-1,286,285,287,-1,287,288,289,-1,288,287,290,-1,290,287,291,-1,290,291,292,-1,292,291,293,-1,292,293,289,-1,289,293,286,-1,289,286,287,-1,293,291,294,-1,294,291,295,-1,294,295,284,-1,284,295,285,-1,296,297,298,-1,298,297,299,-1,300,301,302,-1,302,301,303,-1,302,303,296,-1,296,303,297,-1,304,305,306,-1,306,305,307,-1,307,308,309,-1,308,307,310,-1,310,307,311,-1,310,311,312,-1,312,311,313,-1,312,313,309,-1,309,313,306,-1,309,306,307,-1,313,311,314,-1,314,311,315,-1,314,315,304,-1,304,315,305,-1,316,317,318,-1,318,317,319,-1,320,321,322,-1,322,321,323,-1,322,323,316,-1,316,323,317,-1,324,325,326,-1,326,325,327,-1,327,328,329,-1,328,327,330,-1,330,327,331,-1,330,331,332,-1,332,331,333,-1,332,333,329,-1,329,333,326,-1,329,326,327,-1,333,331,334,-1,334,331,335,-1,334,335,324,-1,324,335,325,-1,336,337,338,-1,338,337,339,-1,340,341,342,-1,342,341,343,-1,342,343,336,-1,336,343,337,-1,344,345,346,-1,346,345,347,-1,347,348,349,-1,348,347,350,-1,350,347,351,-1,350,351,352,-1,352,351,353,-1,352,353,349,-1,349,353,346,-1,349,346,347,-1,353,351,354,-1,354,351,355,-1,354,355,344,-1,344,355,345,-1,356,357,358,-1,358,357,359,-1,360,361,362,-1,362,361,363,-1,362,363,356,-1,356,363,357,-1,364,365,366,-1,366,365,367,-1,367,368,369,-1,368,367,370,-1,370,367,371,-1,370,371,372,-1,372,371,373,-1,372,373,369,-1,369,373,366,-1,369,366,367,-1,373,371,374,-1,374,371,375,-1,374,375,364,-1,364,375,365,-1,376,377,378,-1,378,377,379,-1,380,381,382,-1,382,381,383,-1,382,383,376,-1,376,383,377,-1,384,385,386,-1,386,385,387,-1,387,388,389,-1,388,387,390,-1,390,387,391,-1,390,391,392,-1,392,391,393,-1,392,393,389,-1,389,393,386,-1,389,386,387,-1,393,391,394,-1,394,391,395,-1,394,395,384,-1,384,395,385,-1,396,184,397,-1,397,184,186,-1,398,194,396,-1,396,194,184,-1,193,399,186,-1,186,399,397,-1,399,193,398,-1,398,193,194,-1,400,20,401,-1,401,20,22,-1,402,18,400,-1,400,18,20,-1,16,403,22,-1,22,403,401,-1,403,16,402,-1,402,16,18,-1,404,164,405,-1,405,164,166,-1,406,174,404,-1,404,174,164,-1,173,407,166,-1,166,407,405,-1,407,173,406,-1,406,173,174,-1,408,180,409,-1,409,180,182,-1,410,178,408,-1,408,178,180,-1,176,411,182,-1,182,411,409,-1,411,176,410,-1,410,176,178,-1,412,224,413,-1,413,224,226,-1,414,234,412,-1,412,234,224,-1,233,415,226,-1,226,415,413,-1,415,233,414,-1,414,233,234,-1,416,160,417,-1,417,160,162,-1,418,158,416,-1,416,158,160,-1,156,419,162,-1,162,419,417,-1,419,156,418,-1,418,156,158,-1,420,204,421,-1,421,204,206,-1,422,214,420,-1,420,214,204,-1,213,423,206,-1,206,423,421,-1,423,213,422,-1,422,213,214,-1,424,220,425,-1,425,220,222,-1,426,218,424,-1,424,218,220,-1,216,427,222,-1,222,427,425,-1,427,216,426,-1,426,216,218,-1,428,104,429,-1,429,104,106,-1,430,114,428,-1,428,114,104,-1,113,431,106,-1,106,431,429,-1,431,113,430,-1,430,113,114,-1,432,200,433,-1,433,200,202,-1,434,198,432,-1,432,198,200,-1,196,435,202,-1,202,435,433,-1,435,196,434,-1,434,196,198,-1,436,84,437,-1,437,84,86,-1,438,94,436,-1,436,94,84,-1,93,439,86,-1,86,439,437,-1,439,93,438,-1,438,93,94,-1,440,100,441,-1,441,100,102,-1,442,98,440,-1,440,98,100,-1,96,443,102,-1,102,443,441,-1,443,96,442,-1,442,96,98,-1,444,144,445,-1,445,144,146,-1,446,154,444,-1,444,154,144,-1,153,447,146,-1,146,447,445,-1,447,153,446,-1,446,153,154,-1,448,80,449,-1,449,80,82,-1,450,78,448,-1,448,78,80,-1,76,451,82,-1,82,451,449,-1,451,76,450,-1,450,76,78,-1,452,124,453,-1,453,124,126,-1,454,134,452,-1,452,134,124,-1,133,455,126,-1,126,455,453,-1,455,133,454,-1,454,133,134,-1,456,140,457,-1,457,140,142,-1,458,138,456,-1,456,138,140,-1,136,459,142,-1,142,459,457,-1,459,136,458,-1,458,136,138,-1,460,344,461,-1,461,344,346,-1,462,354,460,-1,460,354,344,-1,353,463,346,-1,346,463,461,-1,463,353,462,-1,462,353,354,-1,464,120,465,-1,465,120,122,-1,466,118,464,-1,464,118,120,-1,116,467,122,-1,122,467,465,-1,467,116,466,-1,466,116,118,-1,468,324,469,-1,469,324,326,-1,470,334,468,-1,468,334,324,-1,333,471,326,-1,326,471,469,-1,471,333,470,-1,470,333,334,-1,472,340,473,-1,473,340,342,-1,474,338,472,-1,472,338,340,-1,336,475,342,-1,342,475,473,-1,475,336,474,-1,474,336,338,-1,476,384,477,-1,477,384,386,-1,478,394,476,-1,476,394,384,-1,393,479,386,-1,386,479,477,-1,479,393,478,-1,478,393,394,-1,480,320,481,-1,481,320,322,-1,482,318,480,-1,480,318,320,-1,316,483,322,-1,322,483,481,-1,483,316,482,-1,482,316,318,-1,484,364,485,-1,485,364,366,-1,486,374,484,-1,484,374,364,-1,373,487,366,-1,366,487,485,-1,487,373,486,-1,486,373,374,-1,488,380,489,-1,489,380,382,-1,490,378,488,-1,488,378,380,-1,376,491,382,-1,382,491,489,-1,491,376,490,-1,490,376,378,-1,492,264,493,-1,493,264,266,-1,494,274,492,-1,492,274,264,-1,273,495,266,-1,266,495,493,-1,495,273,494,-1,494,273,274,-1,496,360,497,-1,497,360,362,-1,498,358,496,-1,496,358,360,-1,356,499,362,-1,362,499,497,-1,499,356,498,-1,498,356,358,-1,500,244,501,-1,501,244,246,-1,502,254,500,-1,500,254,244,-1,253,503,246,-1,246,503,501,-1,503,253,502,-1,502,253,254,-1,504,260,505,-1,505,260,262,-1,506,258,504,-1,504,258,260,-1,256,507,262,-1,262,507,505,-1,507,256,506,-1,506,256,258,-1,508,304,509,-1,509,304,306,-1,510,314,508,-1,508,314,304,-1,313,511,306,-1,306,511,509,-1,511,313,510,-1,510,313,314,-1,512,240,513,-1,513,240,242,-1,514,238,512,-1,512,238,240,-1,236,515,242,-1,242,515,513,-1,515,236,514,-1,514,236,238,-1,516,284,517,-1,517,284,286,-1,518,294,516,-1,516,294,284,-1,293,519,286,-1,286,519,517,-1,519,293,518,-1,518,293,294,-1,520,300,521,-1,521,300,302,-1,522,298,520,-1,520,298,300,-1,296,523,302,-1,302,523,521,-1,523,296,522,-1,522,296,298,-1,524,52,525,-1,525,52,54,-1,526,62,524,-1,524,62,52,-1,61,527,54,-1,54,527,525,-1,527,61,526,-1,526,61,62,-1,528,280,529,-1,529,280,282,-1,530,278,528,-1,528,278,280,-1,276,531,282,-1,282,531,529,-1,531,276,530,-1,530,276,278,-1,532,32,533,-1,533,32,34,-1,534,42,532,-1,532,42,32,-1,41,535,34,-1,34,535,533,-1,535,41,534,-1,534,41,42,-1,536,48,537,-1,537,48,50,-1,538,46,536,-1,536,46,48,-1,44,539,50,-1,50,539,537,-1,539,44,538,-1,538,44,46,-1,540,64,541,-1,541,64,66,-1,542,74,540,-1,540,74,64,-1,73,543,66,-1,66,543,541,-1,543,73,542,-1,542,73,74,-1,544,28,545,-1,545,28,30,-1,546,26,544,-1,544,26,28,-1,24,547,30,-1,30,547,545,-1,547,24,546,-1,546,24,26,-1,
        ]
    }
}
Shape{
    appearance Appearance {
        material  Material 	{
            diffuseColor 0.7529411764705882 0.7529411764705882 0.7529411764705882
            specularColor 0.3764705882352941 0.3764705882352941 0.3764705882352941
            ambientIntensity 0.7529
            transparency 0.0
            shininess 0.5
        }
    }
    geometry IndexedFaceSet {
        ccw TRUE
        solid FALSE
        coord DEF co Coordinate {
            point [
                -6.5945 -0.2756 0.1953, -6.7913 -0.2756 0.1953, -6.5945 -0.2927 0.1953, -6.7913 -0.2927 0.1953, -6.5945 -0.3129 0.1953, -6.7913 -0.3129 0.1953
            ]
        }
        coordIndex [
            0,1,2,-1,2,1,3,-1,2,3,4,-1,4,3,5,-1,
        ]
    }
}
Shape{
    appearance Appearance {
        material  Material 	{
            diffuseColor 0.5019607843137255 0.5019607843137255 0.0
            specularColor 0.25098039215686274 0.25098039215686274 0.0
            ambientIntensity 0.4447
            transparency 0.0
            shininess 0.5
        }
    }
    geometry IndexedFaceSet {
        ccw TRUE
        solid FALSE
        coord DEF co Coordinate {
            point [
                -6.5945 -0.3543 -0.0707, -6.7913 -0.3543 -0.0707, -6.5945 -0.3201 0.0, -6.7913 -0.3201 0.0, -6.5945 -0.2927 0.0565, -6.7913 -0.2927 0.0565, -6.5945 -0.2756 0.0917, -6.7913 -0.2756 0.0917, -6.7913 -0.3543 -0.9842, -6.7913 -0.4331 -0.9842, -6.7913 -0.4331 -0.0526, -6.7913 -0.4076 0.0, -6.5945 -0.4076 0.0, -6.5945 -0.4331 -0.0526, -6.5945 -0.3543 -0.9842, -6.5945 -0.4331 -0.9842, -6.6732 -0.3543 -1.063, -6.7126 -0.3543 -1.063, -6.6732 -0.4331 -1.063, -6.7126 -0.4331 -1.063
            ]
        }
        coordIndex [
            0,1,2,-1,2,1,3,-1,2,3,4,-1,4,3,5,-1,4,5,6,-1,6,5,7,-1,8,9,1,-1,1,9,10,-1,1,10,3,-1,3,10,11,-1,2,12,0,-1,0,12,13,-1,0,13,14,-1,14,13,15,-1,16,17,14,-1,14,17,8,-1,14,8,0,-1,0,8,1,-1,18,19,16,-1,16,19,17,-1,13,10,15,-1,15,10,9,-1,15,9,18,-1,18,9,19,-1,
        ]
    }
}
Shape{
    appearance Appearance {
        material  Material 	{
            diffuseColor 0.7529411764705882 0.7529411764705882 0.7529411764705882
            specularColor 0.3764705882352941 0.3764705882352941 0.3764705882352941
            ambientIntensity 0.7529
            transparency 0.0
            shininess 0.5
        }
    }
    geometry IndexedFaceSet {
        ccw TRUE
        solid FALSE
        coord DEF co Coordinate {
            point [
                -6.5945 -0.3129 0.1953, -6.7913 -0.3129 0.1953, -6.5945 -0.4076 0.0, -6.7913 -0.4076 0.0, -6.5945 -0.4331 -0.0526, -6.7913 -0.4331 -0.0526
            ]
        }
        coordIndex [
            0,1,2,-1,2,1,3,-1,2,3,4,-1,4,3,5,-1,
        ]
    }
}
Shape{
    appearance Appearance {
        material  Material 	{
            diffuseColor 0.5019607843137255 0.5019607843137255 0.0
            specularColor 0.25098039215686274 0.25098039215686274 0.0
            ambientIntensity 0.4447
            transparency 0.0
            shininess 0.5
        }
    }
    geometry IndexedFaceSet {
        ccw TRUE
        solid FALSE
        coord DEF co Coordinate {
            point [
                -6.5945 0.2756 0.0917, -6.7913 0.2756 0.0917, -6.5945 0.2927 0.0565, -6.7913 0.2927 0.0565, -6.5945 0.3201 0.0, -6.7913 0.3201 0.0, -6.5945 0.3543 -0.0707, -6.7913 0.3543 -0.0707
            ]
        }
        coordIndex [
            0,1,2,-1,2,1,3,-1,2,3,4,-1,4,3,5,-1,4,5,6,-1,6,5,7,-1,
        ]
    }
}
Shape{
    appearance Appearance {
        material  Material 	{
            diffuseColor 0.7529411764705882 0.7529411764705882 0.7529411764705882
            specularColor 0.3764705882352941 0.3764705882352941 0.3764705882352941
            ambientIntensity 0.7529
            transparency 0.0
            shininess 0.5
        }
    }
    geometry IndexedFaceSet {
        ccw TRUE
        solid FALSE
        coord DEF co Coordinate {
            point [
                -6.5945 0.3129 0.1953, -6.7913 0.3129 0.1953, -6.5945 0.2927 0.1953, -6.7913 0.2927 0.1953, -6.5945 0.2756 0.1953, -6.7913 0.2756 0.1953
            ]
        }
        coordIndex [
            0,1,2,-1,2,1,3,-1,2,3,4,-1,4,3,5,-1,
        ]
    }
}
Shape{
    appearance Appearance {
        material  Material 	{
            diffuseColor 0.5019607843137255 0.5019607843137255 0.0
            specularColor 0.25098039215686274 0.25098039215686274 0.0
            ambientIntensity 0.4447
            transparency 0.0
            shininess 0.5
        }
    }
    geometry IndexedFaceSet {
        ccw TRUE
        solid FALSE
        coord DEF co Coordinate {
            point [
                -6.7913 0.2927 0.0565, -6.7913 0.2756 0.0917, -6.7913 0.2927 0.1953, -6.7913 0.2756 0.1953, -6.5945 0.2756 0.1953, -6.5945 0.2756 0.0917, -6.5945 0.2927 0.1953, -6.5945 0.2927 0.0565, -6.7913 0.4331 -0.9842, -6.7913 0.4331 -0.0526, -6.7126 0.4331 -1.063, -6.5945 0.4331 -0.0526, -6.6732 0.4331 -1.063, -6.5945 0.4331 -0.9842, -6.7126 0.3543 -1.063, -6.6732 0.3543 -1.063, -6.5945 0.3543 -0.9842, -6.5945 0.3543 -0.0707, -6.7913 0.3543 -0.9842, -6.7913 0.3543 -0.0707, -6.5945 0.4076 0.0, -6.7913 0.4076 0.0, -6.5945 0.3129 0.1953, -6.7913 0.3129 0.1953
            ]
        }
        coordIndex [
            0,1,2,-1,2,1,3,-1,4,5,6,-1,6,5,7,-1,8,9,10,-1,10,9,11,-1,10,11,12,-1,12,11,13,-1,10,12,14,-1,14,12,15,-1,15,16,14,-1,14,16,17,-1,14,17,18,-1,18,17,19,-1,11,9,20,-1,20,9,21,-1,20,21,22,-1,22,21,23,-1,
        ]
    }
}
Shape{
    appearance Appearance {
        material  Material 	{
            diffuseColor 0.7529411764705882 0.7529411764705882 0.7529411764705882
            specularColor 0.3764705882352941 0.3764705882352941 0.3764705882352941
            ambientIntensity 0.7529
            transparency 0.0
            shininess 0.5
        }
    }
    geometry IndexedFaceSet {
        ccw TRUE
        solid FALSE
        coord DEF co Coordinate {
            point [
                -5.8071 -0.2756 0.1953, -6.0039 -0.2756 0.1953, -5.8071 -0.2927 0.1953, -6.0039 -0.2927 0.1953, -5.8071 -0.3129 0.1953, -6.0039 -0.3129 0.1953
            ]
        }
        coordIndex [
            0,1,2,-1,2,1,3,-1,2,3,4,-1,4,3,5,-1,
        ]
    }
}
Shape{
    appearance Appearance {
        material  Material 	{
            diffuseColor 0.5019607843137255 0.5019607843137255 0.0
            specularColor 0.25098039215686274 0.25098039215686274 0.0
            ambientIntensity 0.4447
            transparency 0.0
            shininess 0.5
        }
    }
    geometry IndexedFaceSet {
        ccw TRUE
        solid FALSE
        coord DEF co Coordinate {
            point [
                -5.8071 -0.3543 -0.0707, -6.0039 -0.3543 -0.0707, -5.8071 -0.3201 0.0, -6.0039 -0.3201 0.0, -5.8071 -0.2927 0.0565, -6.0039 -0.2927 0.0565, -5.8071 -0.2756 0.0917, -6.0039 -0.2756 0.0917, -6.0039 -0.3543 -0.9842, -6.0039 -0.4331 -0.9842, -6.0039 -0.4331 -0.0526, -6.0039 -0.4076 0.0, -5.8071 -0.4076 0.0, -5.8071 -0.4331 -0.0526, -5.8071 -0.3543 -0.9842, -5.8071 -0.4331 -0.9842, -5.8858 -0.3543 -1.063, -5.9252 -0.3543 -1.063, -5.8858 -0.4331 -1.063, -5.9252 -0.4331 -1.063
            ]
        }
        coordIndex [
            0,1,2,-1,2,1,3,-1,2,3,4,-1,4,3,5,-1,4,5,6,-1,6,5,7,-1,8,9,1,-1,1,9,10,-1,1,10,3,-1,3,10,11,-1,2,12,0,-1,0,12,13,-1,0,13,14,-1,14,13,15,-1,16,17,14,-1,14,17,8,-1,14,8,0,-1,0,8,1,-1,18,19,16,-1,16,19,17,-1,13,10,15,-1,15,10,9,-1,15,9,18,-1,18,9,19,-1,
        ]
    }
}
Shape{
    appearance Appearance {
        material  Material 	{
            diffuseColor 0.7529411764705882 0.7529411764705882 0.7529411764705882
            specularColor 0.3764705882352941 0.3764705882352941 0.3764705882352941
            ambientIntensity 0.7529
            transparency 0.0
            shininess 0.5
        }
    }
    geometry IndexedFaceSet {
        ccw TRUE
        solid FALSE
        coord DEF co Coordinate {
            point [
                -5.8071 -0.3129 0.1953, -6.0039 -0.3129 0.1953, -5.8071 -0.4076 0.0, -6.0039 -0.4076 0.0, -5.8071 -0.4331 -0.0526, -6.0039 -0.4331 -0.0526
            ]
        }
        coordIndex [
            0,1,2,-1,2,1,3,-1,2,3,4,-1,4,3,5,-1,
        ]
    }
}
Shape{
    appearance Appearance {
        material  Material 	{
            diffuseColor 0.5019607843137255 0.5019607843137255 0.0
            specularColor 0.25098039215686274 0.25098039215686274 0.0
            ambientIntensity 0.4447
            transparency 0.0
            shininess 0.5
        }
    }
    geometry IndexedFaceSet {
        ccw TRUE
        solid FALSE
        coord DEF co Coordinate {
            point [
                -5.8071 0.2756 0.0917, -6.0039 0.2756 0.0917, -5.8071 0.2927 0.0565, -6.0039 0.2927 0.0565, -5.8071 0.3201 0.0, -6.0039 0.3201 0.0, -5.8071 0.3543 -0.0707, -6.0039 0.3543 -0.0707
            ]
        }
        coordIndex [
            0,1,2,-1,2,1,3,-1,2,3,4,-1,4,3,5,-1,4,5,6,-1,6,5,7,-1,
        ]
    }
}
Shape{
    appearance Appearance {
        material  Material 	{
            diffuseColor 0.7529411764705882 0.7529411764705882 0.7529411764705882
            specularColor 0.3764705882352941 0.3764705882352941 0.3764705882352941
            ambientIntensity 0.7529
            transparency 0.0
            shininess 0.5
        }
    }
    geometry IndexedFaceSet {
        ccw TRUE
        solid FALSE
        coord DEF co Coordinate {
            point [
                -5.8071 0.3129 0.1953, -6.0039 0.3129 0.1953, -5.8071 0.2927 0.1953, -6.0039 0.2927 0.1953, -5.8071 0.2756 0.1953, -6.0039 0.2756 0.1953
            ]
        }
        coordIndex [
            0,1,2,-1,2,1,3,-1,2,3,4,-1,4,3,5,-1,
        ]
    }
}
Shape{
    appearance Appearance {
        material  Material 	{
            diffuseColor 0.5019607843137255 0.5019607843137255 0.0
            specularColor 0.25098039215686274 0.25098039215686274 0.0
            ambientIntensity 0.4447
            transparency 0.0
            shininess 0.5
        }
    }
    geometry IndexedFaceSet {
        ccw TRUE
        solid FALSE
        coord DEF co Coordinate {
            point [
                -6.0039 0.2927 0.0565, -6.0039 0.2756 0.0917, -6.0039 0.2927 0.1953, -6.0039 0.2756 0.1953, -5.8071 0.2756 0.1953, -5.8071 0.2756 0.0917, -5.8071 0.2927 0.1953, -5.8071 0.2927 0.0565, -6.0039 0.4331 -0.9842, -6.0039 0.4331 -0.0526, -5.9252 0.4331 -1.063, -5.8071 0.4331 -0.0526, -5.8858 0.4331 -1.063, -5.8071 0.4331 -0.9842, -5.9252 0.3543 -1.063, -5.8858 0.3543 -1.063, -6.0039 0.3543 -0.9842, -5.8071 0.3543 -0.9842, -6.0039 0.3543 -0.0707, -5.8071 0.3543 -0.0707, -5.8071 0.4076 0.0, -6.0039 0.4076 0.0, -5.8071 0.3129 0.1953, -6.0039 0.3129 0.1953
            ]
        }
        coordIndex [
            0,1,2,-1,2,1,3,-1,4,5,6,-1,6,5,7,-1,8,9,10,-1,10,9,11,-1,10,11,12,-1,12,11,13,-1,10,12,14,-1,14,12,15,-1,14,15,16,-1,16,15,17,-1,16,17,18,-1,18,17,19,-1,11,9,20,-1,20,9,21,-1,20,21,22,-1,22,21,23,-1,
        ]
    }
}
Shape{
    appearance Appearance {
        material  Material 	{
            diffuseColor 0.7529411764705882 0.7529411764705882 0.7529411764705882
            specularColor 0.3764705882352941 0.3764705882352941 0.3764705882352941
            ambientIntensity 0.7529
            transparency 0.0
            shininess 0.5
        }
    }
    geometry IndexedFaceSet {
        ccw TRUE
        solid FALSE
        coord DEF co Coordinate {
            point [
                -5.0197 -0.2756 0.1953, -5.2165 -0.2756 0.1953, -5.0197 -0.2927 0.1953, -5.2165 -0.2927 0.1953, -5.0197 -0.3129 0.1953, -5.2165 -0.3129 0.1953
            ]
        }
        coordIndex [
            0,1,2,-1,2,1,3,-1,2,3,4,-1,4,3,5,-1,
        ]
    }
}
Shape{
    appearance Appearance {
        material  Material 	{
            diffuseColor 0.5019607843137255 0.5019607843137255 0.0
            specularColor 0.25098039215686274 0.25098039215686274 0.0
            ambientIntensity 0.4447
            transparency 0.0
            shininess 0.5
        }
    }
    geometry IndexedFaceSet {
        ccw TRUE
        solid FALSE
        coord DEF co Coordinate {
            point [
                -5.0197 -0.3543 -0.0707, -5.2165 -0.3543 -0.0707, -5.0197 -0.3201 0.0, -5.2165 -0.3201 0.0, -5.0197 -0.2927 0.0565, -5.2165 -0.2927 0.0565, -5.0197 -0.2756 0.0917, -5.2165 -0.2756 0.0917, -5.2165 -0.3543 -0.9842, -5.2165 -0.4331 -0.9842, -5.2165 -0.4331 -0.0526, -5.2165 -0.4076 0.0, -5.0197 -0.4076 0.0, -5.0197 -0.4331 -0.0526, -5.0197 -0.3543 -0.9842, -5.0197 -0.4331 -0.9842, -5.0984 -0.3543 -1.063, -5.1378 -0.3543 -1.063, -5.0984 -0.4331 -1.063, -5.1378 -0.4331 -1.063
            ]
        }
        coordIndex [
            0,1,2,-1,2,1,3,-1,2,3,4,-1,4,3,5,-1,4,5,6,-1,6,5,7,-1,8,9,1,-1,1,9,10,-1,1,10,3,-1,3,10,11,-1,2,12,0,-1,0,12,13,-1,0,13,14,-1,14,13,15,-1,16,17,14,-1,14,17,8,-1,14,8,0,-1,0,8,1,-1,18,19,16,-1,16,19,17,-1,13,10,15,-1,15,10,9,-1,15,9,18,-1,18,9,19,-1,
        ]
    }
}
Shape{
    appearance Appearance {
        material  Material 	{
            diffuseColor 0.7529411764705882 0.7529411764705882 0.7529411764705882
            specularColor 0.3764705882352941 0.3764705882352941 0.3764705882352941
            ambientIntensity 0.7529
            transparency 0.0
            shininess 0.5
        }
    }
    geometry IndexedFaceSet {
        ccw TRUE
        solid FALSE
        coord DEF co Coordinate {
            point [
                -5.0197 -0.3129 0.1953, -5.2165 -0.3129 0.1953, -5.0197 -0.4076 0.0, -5.2165 -0.4076 0.0, -5.0197 -0.4331 -0.0526, -5.2165 -0.4331 -0.0526
            ]
        }
        coordIndex [
            0,1,2,-1,2,1,3,-1,2,3,4,-1,4,3,5,-1,
        ]
    }
}
Shape{
    appearance Appearance {
        material  Material 	{
            diffuseColor 0.5019607843137255 0.5019607843137255 0.0
            specularColor 0.25098039215686274 0.25098039215686274 0.0
            ambientIntensity 0.4447
            transparency 0.0
            shininess 0.5
        }
    }
    geometry IndexedFaceSet {
        ccw TRUE
        solid FALSE
        coord DEF co Coordinate {
            point [
                -5.0197 0.2756 0.0917, -5.2165 0.2756 0.0917, -5.0197 0.2927 0.0565, -5.2165 0.2927 0.0565, -5.0197 0.3201 0.0, -5.2165 0.3201 0.0, -5.0197 0.3543 -0.0707, -5.2165 0.3543 -0.0707
            ]
        }
        coordIndex [
            0,1,2,-1,2,1,3,-1,2,3,4,-1,4,3,5,-1,4,5,6,-1,6,5,7,-1,
        ]
    }
}
Shape{
    appearance Appearance {
        material  Material 	{
            diffuseColor 0.7529411764705882 0.7529411764705882 0.7529411764705882
            specularColor 0.3764705882352941 0.3764705882352941 0.3764705882352941
            ambientIntensity 0.7529
            transparency 0.0
            shininess 0.5
        }
    }
    geometry IndexedFaceSet {
        ccw TRUE
        solid FALSE
        coord DEF co Coordinate {
            point [
                -5.0197 0.3129 0.1953, -5.2165 0.3129 0.1953, -5.0197 0.2927 0.1953, -5.2165 0.2927 0.1953, -5.0197 0.2756 0.1953, -5.2165 0.2756 0.1953
            ]
        }
        coordIndex [
            0,1,2,-1,2,1,3,-1,2,3,4,-1,4,3,5,-1,
        ]
    }
}
Shape{
    appearance Appearance {
        material  Material 	{
            diffuseColor 0.5019607843137255 0.5019607843137255 0.0
            specularColor 0.25098039215686274 0.25098039215686274 0.0
            ambientIntensity 0.4447
            transparency 0.0
            shininess 0.5
        }
    }
    geometry IndexedFaceSet {
        ccw TRUE
        solid FALSE
        coord DEF co Coordinate {
            point [
                -5.2165 0.2927 0.0565, -5.2165 0.2756 0.0917, -5.2165 0.2927 0.1953, -5.2165 0.2756 0.1953, -5.0197 0.2756 0.1953, -5.0197 0.2756 0.0917, -5.0197 0.2927 0.1953, -5.0197 0.2927 0.0565, -5.2165 0.4331 -0.9842, -5.2165 0.4331 -0.0526, -5.1378 0.4331 -1.063, -5.0197 0.4331 -0.0526, -5.0984 0.4331 -1.063, -5.0197 0.4331 -0.9842, -5.1378 0.3543 -1.063, -5.0984 0.3543 -1.063, -5.2165 0.3543 -0.9842, -5.0197 0.3543 -0.9842, -5.2165 0.3543 -0.0707, -5.0197 0.3543 -0.0707, -5.0197 0.4076 0.0, -5.2165 0.4076 0.0, -5.0197 0.3129 0.1953, -5.2165 0.3129 0.1953
            ]
        }
        coordIndex [
            0,1,2,-1,2,1,3,-1,4,5,6,-1,6,5,7,-1,8,9,10,-1,10,9,11,-1,10,11,12,-1,12,11,13,-1,10,12,14,-1,14,12,15,-1,14,15,16,-1,16,15,17,-1,16,17,18,-1,18,17,19,-1,11,9,20,-1,20,9,21,-1,20,21,22,-1,22,21,23,-1,
        ]
    }
}
Shape{
    appearance Appearance {
        material  Material 	{
            diffuseColor 0.7529411764705882 0.7529411764705882 0.7529411764705882
            specularColor 0.3764705882352941 0.3764705882352941 0.3764705882352941
            ambientIntensity 0.7529
            transparency 0.0
            shininess 0.5
        }
    }
    geometry IndexedFaceSet {
        ccw TRUE
        solid FALSE
        coord DEF co Coordinate {
            point [
                -4.2323 -0.2756 0.1953, -4.4291 -0.2756 0.1953, -4.2323 -0.2927 0.1953, -4.4291 -0.2927 0.1953, -4.2323 -0.3129 0.1953, -4.4291 -0.3129 0.1953
            ]
        }
        coordIndex [
            0,1,2,-1,2,1,3,-1,2,3,4,-1,4,3,5,-1,
        ]
    }
}
Shape{
    appearance Appearance {
        material  Material 	{
            diffuseColor 0.5019607843137255 0.5019607843137255 0.0
            specularColor 0.25098039215686274 0.25098039215686274 0.0
            ambientIntensity 0.4447
            transparency 0.0
            shininess 0.5
        }
    }
    geometry IndexedFaceSet {
        ccw TRUE
        solid FALSE
        coord DEF co Coordinate {
            point [
                -4.2323 -0.3543 -0.0707, -4.4291 -0.3543 -0.0707, -4.2323 -0.3201 0.0, -4.4291 -0.3201 0.0, -4.2323 -0.2927 0.0565, -4.4291 -0.2927 0.0565, -4.2323 -0.2756 0.0917, -4.4291 -0.2756 0.0917, -4.4291 -0.3543 -0.9842, -4.4291 -0.4331 -0.9842, -4.4291 -0.4331 -0.0526, -4.4291 -0.4076 0.0, -4.2323 -0.4076 0.0, -4.2323 -0.4331 -0.0526, -4.2323 -0.3543 -0.9842, -4.2323 -0.4331 -0.9842, -4.311 -0.3543 -1.063, -4.3504 -0.3543 -1.063, -4.311 -0.4331 -1.063, -4.3504 -0.4331 -1.063
            ]
        }
        coordIndex [
            0,1,2,-1,2,1,3,-1,2,3,4,-1,4,3,5,-1,4,5,6,-1,6,5,7,-1,8,9,1,-1,1,9,10,-1,1,10,3,-1,3,10,11,-1,2,12,0,-1,0,12,13,-1,0,13,14,-1,14,13,15,-1,16,17,14,-1,14,17,8,-1,14,8,0,-1,0,8,1,-1,18,19,16,-1,16,19,17,-1,13,10,15,-1,15,10,9,-1,15,9,18,-1,18,9,19,-1,
        ]
    }
}
Shape{
    appearance Appearance {
        material  Material 	{
            diffuseColor 0.7529411764705882 0.7529411764705882 0.7529411764705882
            specularColor 0.3764705882352941 0.3764705882352941 0.3764705882352941
            ambientIntensity 0.7529
            transparency 0.0
            shininess 0.5
        }
    }
    geometry IndexedFaceSet {
        ccw TRUE
        solid FALSE
        coord DEF co Coordinate {
            point [
                -4.2323 -0.3129 0.1953, -4.4291 -0.3129 0.1953, -4.2323 -0.4076 0.0, -4.4291 -0.4076 0.0, -4.2323 -0.4331 -0.0526, -4.4291 -0.4331 -0.0526
            ]
        }
        coordIndex [
            0,1,2,-1,2,1,3,-1,2,3,4,-1,4,3,5,-1,
        ]
    }
}
Shape{
    appearance Appearance {
        material  Material 	{
            diffuseColor 0.5019607843137255 0.5019607843137255 0.0
            specularColor 0.25098039215686274 0.25098039215686274 0.0
            ambientIntensity 0.4447
            transparency 0.0
            shininess 0.5
        }
    }
    geometry IndexedFaceSet {
        ccw TRUE
        solid FALSE
        coord DEF co Coordinate {
            point [
                -4.2323 0.2756 0.0917, -4.4291 0.2756 0.0917, -4.2323 0.2927 0.0565, -4.4291 0.2927 0.0565, -4.2323 0.3201 0.0, -4.4291 0.3201 0.0, -4.2323 0.3543 -0.0707, -4.4291 0.3543 -0.0707
            ]
        }
        coordIndex [
            0,1,2,-1,2,1,3,-1,2,3,4,-1,4,3,5,-1,4,5,6,-1,6,5,7,-1,
        ]
    }
}
Shape{
    appearance Appearance {
        material  Material 	{
            diffuseColor 0.7529411764705882 0.7529411764705882 0.7529411764705882
            specularColor 0.3764705882352941 0.3764705882352941 0.3764705882352941
            ambientIntensity 0.7529
            transparency 0.0
            shininess 0.5
        }
    }
    geometry IndexedFaceSet {
        ccw TRUE
        solid FALSE
        coord DEF co Coordinate {
            point [
                -4.2323 0.3129 0.1953, -4.4291 0.3129 0.1953, -4.2323 0.2927 0.1953, -4.4291 0.2927 0.1953, -4.2323 0.2756 0.1953, -4.4291 0.2756 0.1953
            ]
        }
        coordIndex [
            0,1,2,-1,2,1,3,-1,2,3,4,-1,4,3,5,-1,
        ]
    }
}
Shape{
    appearance Appearance {
        material  Material 	{
            diffuseColor 0.5019607843137255 0.5019607843137255 0.0
            specularColor 0.25098039215686274 0.25098039215686274 0.0
            ambientIntensity 0.4447
            transparency 0.0
            shininess 0.5
        }
    }
    geometry IndexedFaceSet {
        ccw TRUE
        solid FALSE
        coord DEF co Coordinate {
            point [
                -4.4291 0.2927 0.0565, -4.4291 0.2756 0.0917, -4.4291 0.2927 0.1953, -4.4291 0.2756 0.1953, -4.2323 0.2756 0.1953, -4.2323 0.2756 0.0917, -4.2323 0.2927 0.1953, -4.2323 0.2927 0.0565, -4.4291 0.4331 -0.9842, -4.4291 0.4331 -0.0526, -4.3504 0.4331 -1.063, -4.2323 0.4331 -0.0526, -4.311 0.4331 -1.063, -4.2323 0.4331 -0.9842, -4.3504 0.3543 -1.063, -4.311 0.3543 -1.063, -4.2323 0.3543 -0.9842, -4.2323 0.3543 -0.0707, -4.4291 0.3543 -0.9842, -4.4291 0.3543 -0.0707, -4.2323 0.4076 0.0, -4.4291 0.4076 0.0, -4.2323 0.3129 0.1953, -4.4291 0.3129 0.1953
            ]
        }
        coordIndex [
            0,1,2,-1,2,1,3,-1,4,5,6,-1,6,5,7,-1,8,9,10,-1,10,9,11,-1,10,11,12,-1,12,11,13,-1,10,12,14,-1,14,12,15,-1,15,16,14,-1,14,16,17,-1,14,17,18,-1,18,17,19,-1,11,9,20,-1,20,9,21,-1,20,21,22,-1,22,21,23,-1,
        ]
    }
}
Shape{
    appearance Appearance {
        material  Material 	{
            diffuseColor 0.7529411764705882 0.7529411764705882 0.7529411764705882
            specularColor 0.3764705882352941 0.3764705882352941 0.3764705882352941
            ambientIntensity 0.7529
            transparency 0.0
            shininess 0.5
        }
    }
    geometry IndexedFaceSet {
        ccw TRUE
        solid FALSE
        coord DEF co Coordinate {
            point [
                -3.4449 -0.2756 0.1953, -3.6417 -0.2756 0.1953, -3.4449 -0.2927 0.1953, -3.6417 -0.2927 0.1953, -3.4449 -0.3129 0.1953, -3.6417 -0.3129 0.1953
            ]
        }
        coordIndex [
            0,1,2,-1,2,1,3,-1,2,3,4,-1,4,3,5,-1,
        ]
    }
}
Shape{
    appearance Appearance {
        material  Material 	{
            diffuseColor 0.5019607843137255 0.5019607843137255 0.0
            specularColor 0.25098039215686274 0.25098039215686274 0.0
            ambientIntensity 0.4447
            transparency 0.0
            shininess 0.5
        }
    }
    geometry IndexedFaceSet {
        ccw TRUE
        solid FALSE
        coord DEF co Coordinate {
            point [
                -3.4449 -0.3543 -0.0707, -3.6417 -0.3543 -0.0707, -3.4449 -0.3201 0.0, -3.6417 -0.3201 0.0, -3.4449 -0.2927 0.0565, -3.6417 -0.2927 0.0565, -3.4449 -0.2756 0.0917, -3.6417 -0.2756 0.0917, -3.6417 -0.3543 -0.9842, -3.6417 -0.4331 -0.9842, -3.6417 -0.4331 -0.0526, -3.6417 -0.4076 0.0, -3.4449 -0.4076 0.0, -3.4449 -0.4331 -0.0526, -3.4449 -0.3543 -0.9842, -3.4449 -0.4331 -0.9842, -3.5236 -0.3543 -1.063, -3.563 -0.3543 -1.063, -3.5236 -0.4331 -1.063, -3.563 -0.4331 -1.063
            ]
        }
        coordIndex [
            0,1,2,-1,2,1,3,-1,2,3,4,-1,4,3,5,-1,4,5,6,-1,6,5,7,-1,8,9,1,-1,1,9,10,-1,1,10,3,-1,3,10,11,-1,2,12,0,-1,0,12,13,-1,0,13,14,-1,14,13,15,-1,16,17,14,-1,14,17,8,-1,14,8,0,-1,0,8,1,-1,18,19,16,-1,16,19,17,-1,13,10,15,-1,15,10,9,-1,15,9,18,-1,18,9,19,-1,
        ]
    }
}
Shape{
    appearance Appearance {
        material  Material 	{
            diffuseColor 0.7529411764705882 0.7529411764705882 0.7529411764705882
            specularColor 0.3764705882352941 0.3764705882352941 0.3764705882352941
            ambientIntensity 0.7529
            transparency 0.0
            shininess 0.5
        }
    }
    geometry IndexedFaceSet {
        ccw TRUE
        solid FALSE
        coord DEF co Coordinate {
            point [
                -3.4449 -0.3129 0.1953, -3.6417 -0.3129 0.1953, -3.4449 -0.4076 0.0, -3.6417 -0.4076 0.0, -3.4449 -0.4331 -0.0526, -3.6417 -0.4331 -0.0526
            ]
        }
        coordIndex [
            0,1,2,-1,2,1,3,-1,2,3,4,-1,4,3,5,-1,
        ]
    }
}
Shape{
    appearance Appearance {
        material  Material 	{
            diffuseColor 0.5019607843137255 0.5019607843137255 0.0
            specularColor 0.25098039215686274 0.25098039215686274 0.0
            ambientIntensity 0.4447
            transparency 0.0
            shininess 0.5
        }
    }
    geometry IndexedFaceSet {
        ccw TRUE
        solid FALSE
        coord DEF co Coordinate {
            point [
                -3.4449 0.2756 0.0917, -3.6417 0.2756 0.0917, -3.4449 0.2927 0.0565, -3.6417 0.2927 0.0565, -3.4449 0.3201 0.0, -3.6417 0.3201 0.0, -3.4449 0.3543 -0.0707, -3.6417 0.3543 -0.0707
            ]
        }
        coordIndex [
            0,1,2,-1,2,1,3,-1,2,3,4,-1,4,3,5,-1,4,5,6,-1,6,5,7,-1,
        ]
    }
}
Shape{
    appearance Appearance {
        material  Material 	{
            diffuseColor 0.7529411764705882 0.7529411764705882 0.7529411764705882
            specularColor 0.3764705882352941 0.3764705882352941 0.3764705882352941
            ambientIntensity 0.7529
            transparency 0.0
            shininess 0.5
        }
    }
    geometry IndexedFaceSet {
        ccw TRUE
        solid FALSE
        coord DEF co Coordinate {
            point [
                -3.4449 0.3129 0.1953, -3.6417 0.3129 0.1953, -3.4449 0.2927 0.1953, -3.6417 0.2927 0.1953, -3.4449 0.2756 0.1953, -3.6417 0.2756 0.1953
            ]
        }
        coordIndex [
            0,1,2,-1,2,1,3,-1,2,3,4,-1,4,3,5,-1,
        ]
    }
}
Shape{
    appearance Appearance {
        material  Material 	{
            diffuseColor 0.5019607843137255 0.5019607843137255 0.0
            specularColor 0.25098039215686274 0.25098039215686274 0.0
            ambientIntensity 0.4447
            transparency 0.0
            shininess 0.5
        }
    }
    geometry IndexedFaceSet {
        ccw TRUE
        solid FALSE
        coord DEF co Coordinate {
            point [
                -3.6417 0.2927 0.0565, -3.6417 0.2756 0.0917, -3.6417 0.2927 0.1953, -3.6417 0.2756 0.1953, -3.4449 0.2756 0.1953, -3.4449 0.2756 0.0917, -3.4449 0.2927 0.1953, -3.4449 0.2927 0.0565, -3.6417 0.4331 -0.9842, -3.6417 0.4331 -0.0526, -3.563 0.4331 -1.063, -3.4449 0.4331 -0.0526, -3.5236 0.4331 -1.063, -3.4449 0.4331 -0.9842, -3.563 0.3543 -1.063, -3.5236 0.3543 -1.063, -3.6417 0.3543 -0.9842, -3.4449 0.3543 -0.9842, -3.6417 0.3543 -0.0707, -3.4449 0.3543 -0.0707, -3.4449 0.4076 0.0, -3.6417 0.4076 0.0, -3.4449 0.3129 0.1953, -3.6417 0.3129 0.1953
            ]
        }
        coordIndex [
            0,1,2,-1,2,1,3,-1,4,5,6,-1,6,5,7,-1,8,9,10,-1,10,9,11,-1,10,11,12,-1,12,11,13,-1,10,12,14,-1,14,12,15,-1,14,15,16,-1,16,15,17,-1,16,17,18,-1,18,17,19,-1,11,9,20,-1,20,9,21,-1,20,21,22,-1,22,21,23,-1,
        ]
    }
}
Shape{
    appearance Appearance {
        material  Material 	{
            diffuseColor 0.7529411764705882 0.7529411764705882 0.7529411764705882
            specularColor 0.3764705882352941 0.3764705882352941 0.3764705882352941
            ambientIntensity 0.7529
            transparency 0.0
            shininess 0.5
        }
    }
    geometry IndexedFaceSet {
        ccw TRUE
        solid FALSE
        coord DEF co Coordinate {
            point [
                -2.6575 -0.2756 0.1953, -2.8543 -0.2756 0.1953, -2.6575 -0.2927 0.1953, -2.8543 -0.2927 0.1953, -2.6575 -0.3129 0.1953, -2.8543 -0.3129 0.1953
            ]
        }
        coordIndex [
            0,1,2,-1,2,1,3,-1,2,3,4,-1,4,3,5,-1,
        ]
    }
}
Shape{
    appearance Appearance {
        material  Material 	{
            diffuseColor 0.5019607843137255 0.5019607843137255 0.0
            specularColor 0.25098039215686274 0.25098039215686274 0.0
            ambientIntensity 0.4447
            transparency 0.0
            shininess 0.5
        }
    }
    geometry IndexedFaceSet {
        ccw TRUE
        solid FALSE
        coord DEF co Coordinate {
            point [
                -2.6575 -0.3543 -0.0707, -2.8543 -0.3543 -0.0707, -2.6575 -0.3201 0.0, -2.8543 -0.3201 0.0, -2.6575 -0.2927 0.0565, -2.8543 -0.2927 0.0565, -2.6575 -0.2756 0.0917, -2.8543 -0.2756 0.0917, -2.8543 -0.3543 -0.9842, -2.8543 -0.4331 -0.9842, -2.8543 -0.4331 -0.0526, -2.8543 -0.4076 0.0, -2.6575 -0.4076 0.0, -2.6575 -0.4331 -0.0526, -2.6575 -0.3543 -0.9842, -2.6575 -0.4331 -0.9842, -2.7756 -0.3543 -1.063, -2.7362 -0.3543 -1.063, -2.7362 -0.4331 -1.063, -2.7756 -0.4331 -1.063
            ]
        }
        coordIndex [
            0,1,2,-1,2,1,3,-1,2,3,4,-1,4,3,5,-1,4,5,6,-1,6,5,7,-1,8,9,1,-1,1,9,10,-1,1,10,3,-1,3,10,11,-1,2,12,0,-1,0,12,13,-1,0,13,14,-1,14,13,15,-1,8,1,16,-1,16,1,0,-1,16,0,17,-1,17,0,14,-1,18,19,17,-1,17,19,16,-1,18,15,19,-1,19,15,13,-1,19,13,9,-1,9,13,10,-1,
        ]
    }
}
Shape{
    appearance Appearance {
        material  Material 	{
            diffuseColor 0.7529411764705882 0.7529411764705882 0.7529411764705882
            specularColor 0.3764705882352941 0.3764705882352941 0.3764705882352941
            ambientIntensity 0.7529
            transparency 0.0
            shininess 0.5
        }
    }
    geometry IndexedFaceSet {
        ccw TRUE
        solid FALSE
        coord DEF co Coordinate {
            point [
                -2.6575 -0.3129 0.1953, -2.8543 -0.3129 0.1953, -2.6575 -0.4076 0.0, -2.8543 -0.4076 0.0, -2.6575 -0.4331 -0.0526, -2.8543 -0.4331 -0.0526
            ]
        }
        coordIndex [
            0,1,2,-1,2,1,3,-1,2,3,4,-1,4,3,5,-1,
        ]
    }
}
Shape{
    appearance Appearance {
        material  Material 	{
            diffuseColor 0.5019607843137255 0.5019607843137255 0.0
            specularColor 0.25098039215686274 0.25098039215686274 0.0
            ambientIntensity 0.4447
            transparency 0.0
            shininess 0.5
        }
    }
    geometry IndexedFaceSet {
        ccw TRUE
        solid FALSE
        coord DEF co Coordinate {
            point [
                -2.6575 0.2756 0.0917, -2.8543 0.2756 0.0917, -2.6575 0.2927 0.0565, -2.8543 0.2927 0.0565, -2.6575 0.3201 0.0, -2.8543 0.3201 0.0, -2.6575 0.3543 -0.0707, -2.8543 0.3543 -0.0707
            ]
        }
        coordIndex [
            0,1,2,-1,2,1,3,-1,2,3,4,-1,4,3,5,-1,4,5,6,-1,6,5,7,-1,
        ]
    }
}
Shape{
    appearance Appearance {
        material  Material 	{
            diffuseColor 0.7529411764705882 0.7529411764705882 0.7529411764705882
            specularColor 0.3764705882352941 0.3764705882352941 0.3764705882352941
            ambientIntensity 0.7529
            transparency 0.0
            shininess 0.5
        }
    }
    geometry IndexedFaceSet {
        ccw TRUE
        solid FALSE
        coord DEF co Coordinate {
            point [
                -2.6575 0.3129 0.1953, -2.8543 0.3129 0.1953, -2.6575 0.2927 0.1953, -2.8543 0.2927 0.1953, -2.6575 0.2756 0.1953, -2.8543 0.2756 0.1953
            ]
        }
        coordIndex [
            0,1,2,-1,2,1,3,-1,2,3,4,-1,4,3,5,-1,
        ]
    }
}
Shape{
    appearance Appearance {
        material  Material 	{
            diffuseColor 0.5019607843137255 0.5019607843137255 0.0
            specularColor 0.25098039215686274 0.25098039215686274 0.0
            ambientIntensity 0.4447
            transparency 0.0
            shininess 0.5
        }
    }
    geometry IndexedFaceSet {
        ccw TRUE
        solid FALSE
        coord DEF co Coordinate {
            point [
                -2.8543 0.2927 0.0565, -2.8543 0.2756 0.0917, -2.8543 0.2927 0.1953, -2.8543 0.2756 0.1953, -2.6575 0.2756 0.1953, -2.6575 0.2756 0.0917, -2.6575 0.2927 0.1953, -2.6575 0.2927 0.0565, -2.8543 0.4331 -0.9842, -2.8543 0.4331 -0.0526, -2.7756 0.4331 -1.063, -2.6575 0.4331 -0.0526, -2.7362 0.4331 -1.063, -2.6575 0.4331 -0.9842, -2.7756 0.3543 -1.063, -2.7362 0.3543 -1.063, -2.6575 0.3543 -0.9842, -2.6575 0.3543 -0.0707, -2.8543 0.3543 -0.9842, -2.8543 0.3543 -0.0707, -2.6575 0.4076 0.0, -2.8543 0.4076 0.0, -2.6575 0.3129 0.1953, -2.8543 0.3129 0.1953
            ]
        }
        coordIndex [
            0,1,2,-1,2,1,3,-1,4,5,6,-1,6,5,7,-1,8,9,10,-1,10,9,11,-1,10,11,12,-1,12,11,13,-1,10,12,14,-1,14,12,15,-1,15,16,14,-1,14,16,17,-1,14,17,18,-1,18,17,19,-1,11,9,20,-1,20,9,21,-1,20,21,22,-1,22,21,23,-1,
        ]
    }
}
Shape{
    appearance Appearance {
        material  Material 	{
            diffuseColor 0.7529411764705882 0.7529411764705882 0.7529411764705882
            specularColor 0.3764705882352941 0.3764705882352941 0.3764705882352941
            ambientIntensity 0.7529
            transparency 0.0
            shininess 0.5
        }
    }
    geometry IndexedFaceSet {
        ccw TRUE
        solid FALSE
        coord DEF co Coordinate {
            point [
                -1.8701 -0.2756 0.1953, -2.0669 -0.2756 0.1953, -1.8701 -0.2927 0.1953, -2.0669 -0.2927 0.1953, -1.8701 -0.3129 0.1953, -2.0669 -0.3129 0.1953
            ]
        }
        coordIndex [
            0,1,2,-1,2,1,3,-1,2,3,4,-1,4,3,5,-1,
        ]
    }
}
Shape{
    appearance Appearance {
        material  Material 	{
            diffuseColor 0.5019607843137255 0.5019607843137255 0.0
            specularColor 0.25098039215686274 0.25098039215686274 0.0
            ambientIntensity 0.4447
            transparency 0.0
            shininess 0.5
        }
    }
    geometry IndexedFaceSet {
        ccw TRUE
        solid FALSE
        coord DEF co Coordinate {
            point [
                -1.8701 -0.3543 -0.0707, -2.0669 -0.3543 -0.0707, -1.8701 -0.3201 0.0, -2.0669 -0.3201 0.0, -1.8701 -0.2927 0.0565, -2.0669 -0.2927 0.0565, -1.8701 -0.2756 0.0917, -2.0669 -0.2756 0.0917, -2.0669 -0.3543 -0.9842, -2.0669 -0.4331 -0.9842, -2.0669 -0.4331 -0.0526, -2.0669 -0.4076 0.0, -1.8701 -0.4076 0.0, -1.8701 -0.4331 -0.0526, -1.8701 -0.3543 -0.9842, -1.8701 -0.4331 -0.9842, -1.9488 -0.3543 -1.063, -1.9882 -0.3543 -1.063, -1.9488 -0.4331 -1.063, -1.9882 -0.4331 -1.063
            ]
        }
        coordIndex [
            0,1,2,-1,2,1,3,-1,2,3,4,-1,4,3,5,-1,4,5,6,-1,6,5,7,-1,8,9,1,-1,1,9,10,-1,1,10,3,-1,3,10,11,-1,2,12,0,-1,0,12,13,-1,0,13,14,-1,14,13,15,-1,16,17,14,-1,14,17,8,-1,14,8,0,-1,0,8,1,-1,18,19,16,-1,16,19,17,-1,15,13,18,-1,18,13,10,-1,18,10,19,-1,19,10,9,-1,
        ]
    }
}
Shape{
    appearance Appearance {
        material  Material 	{
            diffuseColor 0.7529411764705882 0.7529411764705882 0.7529411764705882
            specularColor 0.3764705882352941 0.3764705882352941 0.3764705882352941
            ambientIntensity 0.7529
            transparency 0.0
            shininess 0.5
        }
    }
    geometry IndexedFaceSet {
        ccw TRUE
        solid FALSE
        coord DEF co Coordinate {
            point [
                -1.8701 -0.3129 0.1953, -2.0669 -0.3129 0.1953, -1.8701 -0.4076 0.0, -2.0669 -0.4076 0.0, -1.8701 -0.4331 -0.0526, -2.0669 -0.4331 -0.0526
            ]
        }
        coordIndex [
            0,1,2,-1,2,1,3,-1,2,3,4,-1,4,3,5,-1,
        ]
    }
}
Shape{
    appearance Appearance {
        material  Material 	{
            diffuseColor 0.5019607843137255 0.5019607843137255 0.0
            specularColor 0.25098039215686274 0.25098039215686274 0.0
            ambientIntensity 0.4447
            transparency 0.0
            shininess 0.5
        }
    }
    geometry IndexedFaceSet {
        ccw TRUE
        solid FALSE
        coord DEF co Coordinate {
            point [
                -1.8701 0.2756 0.0917, -2.0669 0.2756 0.0917, -1.8701 0.2927 0.0565, -2.0669 0.2927 0.0565, -1.8701 0.3201 0.0, -2.0669 0.3201 0.0, -1.8701 0.3543 -0.0707, -2.0669 0.3543 -0.0707
            ]
        }
        coordIndex [
            0,1,2,-1,2,1,3,-1,2,3,4,-1,4,3,5,-1,4,5,6,-1,6,5,7,-1,
        ]
    }
}
Shape{
    appearance Appearance {
        material  Material 	{
            diffuseColor 0.7529411764705882 0.7529411764705882 0.7529411764705882
            specularColor 0.3764705882352941 0.3764705882352941 0.3764705882352941
            ambientIntensity 0.7529
            transparency 0.0
            shininess 0.5
        }
    }
    geometry IndexedFaceSet {
        ccw TRUE
        solid FALSE
        coord DEF co Coordinate {
            point [
                -1.8701 0.3129 0.1953, -2.0669 0.3129 0.1953, -1.8701 0.2927 0.1953, -2.0669 0.2927 0.1953, -1.8701 0.2756 0.1953, -2.0669 0.2756 0.1953
            ]
        }
        coordIndex [
            0,1,2,-1,2,1,3,-1,2,3,4,-1,4,3,5,-1,
        ]
    }
}
Shape{
    appearance Appearance {
        material  Material 	{
            diffuseColor 0.5019607843137255 0.5019607843137255 0.0
            specularColor 0.25098039215686274 0.25098039215686274 0.0
            ambientIntensity 0.4447
            transparency 0.0
            shininess 0.5
        }
    }
    geometry IndexedFaceSet {
        ccw TRUE
        solid FALSE
        coord DEF co Coordinate {
            point [
                -2.0669 0.2927 0.0565, -2.0669 0.2756 0.0917, -2.0669 0.2927 0.1953, -2.0669 0.2756 0.1953, -1.8701 0.2756 0.1953, -1.8701 0.2756 0.0917, -1.8701 0.2927 0.1953, -1.8701 0.2927 0.0565, -1.9488 0.4331 -1.063, -1.9882 0.4331 -1.063, -1.8701 0.4331 -0.9842, -2.0669 0.4331 -0.9842, -1.8701 0.4331 -0.0526, -2.0669 0.4331 -0.0526, -1.9882 0.3543 -1.063, -1.9488 0.3543 -1.063, -1.8701 0.3543 -0.0707, -2.0669 0.3543 -0.0707, -1.8701 0.3543 -0.9842, -2.0669 0.3543 -0.9842, -1.8701 0.4076 0.0, -2.0669 0.4076 0.0, -1.8701 0.3129 0.1953, -2.0669 0.3129 0.1953
            ]
        }
        coordIndex [
            0,1,2,-1,2,1,3,-1,4,5,6,-1,6,5,7,-1,8,9,10,-1,10,9,11,-1,10,11,12,-1,12,11,13,-1,9,8,14,-1,14,8,15,-1,16,17,18,-1,18,17,19,-1,18,19,15,-1,15,19,14,-1,12,13,20,-1,20,13,21,-1,20,21,22,-1,22,21,23,-1,
        ]
    }
}
Shape{
    appearance Appearance {
        material  Material 	{
            diffuseColor 0.7529411764705882 0.7529411764705882 0.7529411764705882
            specularColor 0.3764705882352941 0.3764705882352941 0.3764705882352941
            ambientIntensity 0.7529
            transparency 0.0
            shininess 0.5
        }
    }
    geometry IndexedFaceSet {
        ccw TRUE
        solid FALSE
        coord DEF co Coordinate {
            point [
                -1.2795 -0.3129 0.1953, -1.0827 -0.3129 0.1953, -1.2795 -0.2927 0.1953, -1.0827 -0.2927 0.1953, -1.2795 -0.2756 0.1953, -1.0827 -0.2756 0.1953
            ]
        }
        coordIndex [
            0,1,2,-1,2,1,3,-1,2,3,4,-1,4,3,5,-1,
        ]
    }
}
Shape{
    appearance Appearance {
        material  Material 	{
            diffuseColor 0.5019607843137255 0.5019607843137255 0.0
            specularColor 0.25098039215686274 0.25098039215686274 0.0
            ambientIntensity 0.4447
            transparency 0.0
            shininess 0.5
        }
    }
    geometry IndexedFaceSet {
        ccw TRUE
        solid FALSE
        coord DEF co Coordinate {
            point [
                -1.0827 -0.3543 -0.0707, -1.2795 -0.3543 -0.0707, -1.0827 -0.3201 0.0, -1.2795 -0.3201 0.0, -1.0827 -0.2927 0.0565, -1.2795 -0.2927 0.0565, -1.0827 -0.2756 0.0917, -1.2795 -0.2756 0.0917, -1.2795 -0.3543 -0.9842, -1.2795 -0.4331 -0.9842, -1.2795 -0.4331 -0.0526, -1.2795 -0.4076 0.0, -1.0827 -0.4076 0.0, -1.0827 -0.4331 -0.0526, -1.0827 -0.3543 -0.9842, -1.0827 -0.4331 -0.9842, -1.2008 -0.3543 -1.063, -1.1614 -0.3543 -1.063, -1.1614 -0.4331 -1.063, -1.2008 -0.4331 -1.063
            ]
        }
        coordIndex [
            0,1,2,-1,2,1,3,-1,2,3,4,-1,4,3,5,-1,4,5,6,-1,6,5,7,-1,8,9,1,-1,1,9,10,-1,1,10,3,-1,3,10,11,-1,2,12,0,-1,0,12,13,-1,0,13,14,-1,14,13,15,-1,8,1,16,-1,16,1,0,-1,16,0,17,-1,17,0,14,-1,18,19,17,-1,17,19,16,-1,18,15,19,-1,19,15,13,-1,19,13,9,-1,9,13,10,-1,
        ]
    }
}
Shape{
    appearance Appearance {
        material  Material 	{
            diffuseColor 0.7529411764705882 0.7529411764705882 0.7529411764705882
            specularColor 0.3764705882352941 0.3764705882352941 0.3764705882352941
            ambientIntensity 0.7529
            transparency 0.0
            shininess 0.5
        }
    }
    geometry IndexedFaceSet {
        ccw TRUE
        solid FALSE
        coord DEF co Coordinate {
            point [
                -1.2795 -0.4331 -0.0526, -1.0827 -0.4331 -0.0526, -1.2795 -0.4076 0.0, -1.0827 -0.4076 0.0, -1.2795 -0.3129 0.1953, -1.0827 -0.3129 0.1953
            ]
        }
        coordIndex [
            0,1,2,-1,2,1,3,-1,2,3,4,-1,4,3,5,-1,
        ]
    }
}
Shape{
    appearance Appearance {
        material  Material 	{
            diffuseColor 0.5019607843137255 0.5019607843137255 0.0
            specularColor 0.25098039215686274 0.25098039215686274 0.0
            ambientIntensity 0.4447
            transparency 0.0
            shininess 0.5
        }
    }
    geometry IndexedFaceSet {
        ccw TRUE
        solid FALSE
        coord DEF co Coordinate {
            point [
                -1.0827 0.2756 0.0917, -1.2795 0.2756 0.0917, -1.0827 0.2927 0.0565, -1.2795 0.2927 0.0565, -1.0827 0.3201 0.0, -1.2795 0.3201 0.0, -1.0827 0.3543 -0.0707, -1.2795 0.3543 -0.0707
            ]
        }
        coordIndex [
            0,1,2,-1,2,1,3,-1,2,3,4,-1,4,3,5,-1,4,5,6,-1,6,5,7,-1,
        ]
    }
}
Shape{
    appearance Appearance {
        material  Material 	{
            diffuseColor 0.7529411764705882 0.7529411764705882 0.7529411764705882
            specularColor 0.3764705882352941 0.3764705882352941 0.3764705882352941
            ambientIntensity 0.7529
            transparency 0.0
            shininess 0.5
        }
    }
    geometry IndexedFaceSet {
        ccw TRUE
        solid FALSE
        coord DEF co Coordinate {
            point [
                -1.0827 0.3129 0.1953, -1.2795 0.3129 0.1953, -1.0827 0.2927 0.1953, -1.2795 0.2927 0.1953, -1.0827 0.2756 0.1953, -1.2795 0.2756 0.1953
            ]
        }
        coordIndex [
            0,1,2,-1,2,1,3,-1,2,3,4,-1,4,3,5,-1,
        ]
    }
}
Shape{
    appearance Appearance {
        material  Material 	{
            diffuseColor 0.5019607843137255 0.5019607843137255 0.0
            specularColor 0.25098039215686274 0.25098039215686274 0.0
            ambientIntensity 0.4447
            transparency 0.0
            shininess 0.5
        }
    }
    geometry IndexedFaceSet {
        ccw TRUE
        solid FALSE
        coord DEF co Coordinate {
            point [
                -1.2795 0.2927 0.0565, -1.2795 0.2756 0.0917, -1.2795 0.2927 0.1953, -1.2795 0.2756 0.1953, -1.0827 0.2756 0.1953, -1.0827 0.2756 0.0917, -1.0827 0.2927 0.1953, -1.0827 0.2927 0.0565, -1.2795 0.4331 -0.9842, -1.2795 0.4331 -0.0526, -1.2008 0.4331 -1.063, -1.0827 0.4331 -0.0526, -1.1614 0.4331 -1.063, -1.0827 0.4331 -0.9842, -1.2008 0.3543 -1.063, -1.1614 0.3543 -1.063, -1.0827 0.3543 -0.9842, -1.0827 0.3543 -0.0707, -1.2795 0.3543 -0.9842, -1.2795 0.3543 -0.0707, -1.0827 0.4076 0.0, -1.2795 0.4076 0.0, -1.0827 0.3129 0.1953, -1.2795 0.3129 0.1953
            ]
        }
        coordIndex [
            0,1,2,-1,2,1,3,-1,4,5,6,-1,6,5,7,-1,8,9,10,-1,10,9,11,-1,10,11,12,-1,12,11,13,-1,10,12,14,-1,14,12,15,-1,15,16,14,-1,14,16,17,-1,14,17,18,-1,18,17,19,-1,11,9,20,-1,20,9,21,-1,20,21,22,-1,22,21,23,-1,
        ]
    }
}
Shape{
    appearance Appearance {
        material  Material 	{
            diffuseColor 0.7529411764705882 0.7529411764705882 0.7529411764705882
            specularColor 0.3764705882352941 0.3764705882352941 0.3764705882352941
            ambientIntensity 0.7529
            transparency 0.0
            shininess 0.5
        }
    }
    geometry IndexedFaceSet {
        ccw TRUE
        solid FALSE
        coord DEF co Coordinate {
            point [
                -0.4921 -0.3129 0.1953, -0.2953 -0.3129 0.1953, -0.4921 -0.2927 0.1953, -0.2953 -0.2927 0.1953, -0.4921 -0.2756 0.1953, -0.2953 -0.2756 0.1953
            ]
        }
        coordIndex [
            0,1,2,-1,2,1,3,-1,2,3,4,-1,4,3,5,-1,
        ]
    }
}
Shape{
    appearance Appearance {
        material  Material 	{
            diffuseColor 0.5019607843137255 0.5019607843137255 0.0
            specularColor 0.25098039215686274 0.25098039215686274 0.0
            ambientIntensity 0.4447
            transparency 0.0
            shininess 0.5
        }
    }
    geometry IndexedFaceSet {
        ccw TRUE
        solid FALSE
        coord DEF co Coordinate {
            point [
                -0.4921 -0.2756 0.0917, -0.2953 -0.2756 0.0917, -0.4921 -0.2927 0.0565, -0.2953 -0.2927 0.0565, -0.4921 -0.3201 0.0, -0.2953 -0.3201 0.0, -0.4921 -0.3543 -0.0707, -0.2953 -0.3543 -0.0707, -0.4921 -0.3543 -0.9842, -0.4921 -0.4331 -0.9842, -0.4921 -0.4331 -0.0526, -0.4921 -0.4076 0.0, -0.2953 -0.4076 0.0, -0.2953 -0.4331 -0.0526, -0.2953 -0.3543 -0.9842, -0.2953 -0.4331 -0.9842, -0.374 -0.3543 -1.063, -0.4134 -0.3543 -1.063, -0.374 -0.4331 -1.063, -0.4134 -0.4331 -1.063
            ]
        }
        coordIndex [
            0,1,2,-1,2,1,3,-1,2,3,4,-1,4,3,5,-1,4,5,6,-1,6,5,7,-1,8,9,6,-1,6,9,10,-1,6,10,4,-1,4,10,11,-1,5,12,7,-1,7,12,13,-1,7,13,14,-1,14,13,15,-1,16,17,14,-1,14,17,8,-1,14,8,7,-1,7,8,6,-1,18,19,16,-1,16,19,17,-1,13,10,15,-1,15,10,9,-1,15,9,18,-1,18,9,19,-1,
        ]
    }
}
Shape{
    appearance Appearance {
        material  Material 	{
            diffuseColor 0.7529411764705882 0.7529411764705882 0.7529411764705882
            specularColor 0.3764705882352941 0.3764705882352941 0.3764705882352941
            ambientIntensity 0.7529
            transparency 0.0
            shininess 0.5
        }
    }
    geometry IndexedFaceSet {
        ccw TRUE
        solid FALSE
        coord DEF co Coordinate {
            point [
                -0.4921 -0.4331 -0.0526, -0.2953 -0.4331 -0.0526, -0.4921 -0.4076 0.0, -0.2953 -0.4076 0.0, -0.4921 -0.3129 0.1953, -0.2953 -0.3129 0.1953
            ]
        }
        coordIndex [
            0,1,2,-1,2,1,3,-1,2,3,4,-1,4,3,5,-1,
        ]
    }
}
Shape{
    appearance Appearance {
        material  Material 	{
            diffuseColor 0.5019607843137255 0.5019607843137255 0.0
            specularColor 0.25098039215686274 0.25098039215686274 0.0
            ambientIntensity 0.4447
            transparency 0.0
            shininess 0.5
        }
    }
    geometry IndexedFaceSet {
        ccw TRUE
        solid FALSE
        coord DEF co Coordinate {
            point [
                -0.4921 0.3543 -0.0707, -0.2953 0.3543 -0.0707, -0.4921 0.3201 0.0, -0.2953 0.3201 0.0, -0.4921 0.2927 0.0565, -0.2953 0.2927 0.0565, -0.4921 0.2756 0.0917, -0.2953 0.2756 0.0917
            ]
        }
        coordIndex [
            0,1,2,-1,2,1,3,-1,2,3,4,-1,4,3,5,-1,4,5,6,-1,6,5,7,-1,
        ]
    }
}
Shape{
    appearance Appearance {
        material  Material 	{
            diffuseColor 0.7529411764705882 0.7529411764705882 0.7529411764705882
            specularColor 0.3764705882352941 0.3764705882352941 0.3764705882352941
            ambientIntensity 0.7529
            transparency 0.0
            shininess 0.5
        }
    }
    geometry IndexedFaceSet {
        ccw TRUE
        solid FALSE
        coord DEF co Coordinate {
            point [
                -0.4921 0.2756 0.1953, -0.2953 0.2756 0.1953, -0.4921 0.2927 0.1953, -0.2953 0.2927 0.1953, -0.4921 0.3129 0.1953, -0.2953 0.3129 0.1953
            ]
        }
        coordIndex [
            0,1,2,-1,2,1,3,-1,2,3,4,-1,4,3,5,-1,
        ]
    }
}
Shape{
    appearance Appearance {
        material  Material 	{
            diffuseColor 0.5019607843137255 0.5019607843137255 0.0
            specularColor 0.25098039215686274 0.25098039215686274 0.0
            ambientIntensity 0.4447
            transparency 0.0
            shininess 0.5
        }
    }
    geometry IndexedFaceSet {
        ccw TRUE
        solid FALSE
        coord DEF co Coordinate {
            point [
                -0.4921 0.2927 0.0565, -0.4921 0.2756 0.0917, -0.4921 0.2927 0.1953, -0.4921 0.2756 0.1953, -0.2953 0.2756 0.1953, -0.2953 0.2756 0.0917, -0.2953 0.2927 0.1953, -0.2953 0.2927 0.0565, -0.4921 0.4331 -0.9842, -0.4921 0.4331 -0.0526, -0.4134 0.4331 -1.063, -0.2953 0.4331 -0.0526, -0.374 0.4331 -1.063, -0.2953 0.4331 -0.9842, -0.4134 0.3543 -1.063, -0.374 0.3543 -1.063, -0.2953 0.3543 -0.9842, -0.2953 0.3543 -0.0707, -0.4921 0.3543 -0.9842, -0.4921 0.3543 -0.0707, -0.2953 0.4076 0.0, -0.4921 0.4076 0.0, -0.2953 0.3129 0.1953, -0.4921 0.3129 0.1953
            ]
        }
        coordIndex [
            0,1,2,-1,2,1,3,-1,4,5,6,-1,6,5,7,-1,8,9,10,-1,10,9,11,-1,10,11,12,-1,12,11,13,-1,10,12,14,-1,14,12,15,-1,15,16,14,-1,14,16,17,-1,14,17,18,-1,18,17,19,-1,11,9,20,-1,20,9,21,-1,20,21,22,-1,22,21,23,-1,
        ]
    }
}
Shape{
    appearance Appearance {
        material  Material 	{
            diffuseColor 0.7529411764705882 0.7529411764705882 0.7529411764705882
            specularColor 0.3764705882352941 0.3764705882352941 0.3764705882352941
            ambientIntensity 0.7529
            transparency 0.0
            shininess 0.5
        }
    }
    geometry IndexedFaceSet {
        ccw TRUE
        solid FALSE
        coord DEF co Coordinate {
            point [
                0.2953 -0.3129 0.1953, 0.4921 -0.3129 0.1953, 0.2953 -0.2927 0.1953, 0.4921 -0.2927 0.1953, 0.2953 -0.2756 0.1953, 0.4921 -0.2756 0.1953
            ]
        }
        coordIndex [
            0,1,2,-1,2,1,3,-1,2,3,4,-1,4,3,5,-1,
        ]
    }
}
Shape{
    appearance Appearance {
        material  Material 	{
            diffuseColor 0.5019607843137255 0.5019607843137255 0.0
            specularColor 0.25098039215686274 0.25098039215686274 0.0
            ambientIntensity 0.4447
            transparency 0.0
            shininess 0.5
        }
    }
    geometry IndexedFaceSet {
        ccw TRUE
        solid FALSE
        coord DEF co Coordinate {
            point [
                0.2953 -0.2756 0.0917, 0.4921 -0.2756 0.0917, 0.2953 -0.2927 0.0565, 0.4921 -0.2927 0.0565, 0.2953 -0.3201 0.0, 0.4921 -0.3201 0.0, 0.2953 -0.3543 -0.0707, 0.4921 -0.3543 -0.0707, 0.2953 -0.3543 -0.9842, 0.2953 -0.4331 -0.9842, 0.2953 -0.4331 -0.0526, 0.2953 -0.4076 0.0, 0.4921 -0.4076 0.0, 0.4921 -0.4331 -0.0526, 0.4921 -0.3543 -0.9842, 0.4921 -0.4331 -0.9842, 0.4134 -0.3543 -1.063, 0.374 -0.3543 -1.063, 0.4134 -0.4331 -1.063, 0.374 -0.4331 -1.063
            ]
        }
        coordIndex [
            0,1,2,-1,2,1,3,-1,2,3,4,-1,4,3,5,-1,4,5,6,-1,6,5,7,-1,8,9,6,-1,6,9,10,-1,6,10,4,-1,4,10,11,-1,5,12,7,-1,7,12,13,-1,7,13,14,-1,14,13,15,-1,16,17,14,-1,14,17,8,-1,14,8,7,-1,7,8,6,-1,18,19,16,-1,16,19,17,-1,13,10,15,-1,15,10,9,-1,15,9,18,-1,18,9,19,-1,
        ]
    }
}
Shape{
    appearance Appearance {
        material  Material 	{
            diffuseColor 0.7529411764705882 0.7529411764705882 0.7529411764705882
            specularColor 0.3764705882352941 0.3764705882352941 0.3764705882352941
            ambientIntensity 0.7529
            transparency 0.0
            shininess 0.5
        }
    }
    geometry IndexedFaceSet {
        ccw TRUE
        solid FALSE
        coord DEF co Coordinate {
            point [
                0.2953 -0.4331 -0.0526, 0.4921 -0.4331 -0.0526, 0.2953 -0.4076 0.0, 0.4921 -0.4076 0.0, 0.2953 -0.3129 0.1953, 0.4921 -0.3129 0.1953
            ]
        }
        coordIndex [
            0,1,2,-1,2,1,3,-1,2,3,4,-1,4,3,5,-1,
        ]
    }
}
Shape{
    appearance Appearance {
        material  Material 	{
            diffuseColor 0.5019607843137255 0.5019607843137255 0.0
            specularColor 0.25098039215686274 0.25098039215686274 0.0
            ambientIntensity 0.4447
            transparency 0.0
            shininess 0.5
        }
    }
    geometry IndexedFaceSet {
        ccw TRUE
        solid FALSE
        coord DEF co Coordinate {
            point [
                0.2953 0.3543 -0.0707, 0.4921 0.3543 -0.0707, 0.2953 0.3201 0.0, 0.4921 0.3201 0.0, 0.2953 0.2927 0.0565, 0.4921 0.2927 0.0565, 0.2953 0.2756 0.0917, 0.4921 0.2756 0.0917
            ]
        }
        coordIndex [
            0,1,2,-1,2,1,3,-1,2,3,4,-1,4,3,5,-1,4,5,6,-1,6,5,7,-1,
        ]
    }
}
Shape{
    appearance Appearance {
        material  Material 	{
            diffuseColor 0.7529411764705882 0.7529411764705882 0.7529411764705882
            specularColor 0.3764705882352941 0.3764705882352941 0.3764705882352941
            ambientIntensity 0.7529
            transparency 0.0
            shininess 0.5
        }
    }
    geometry IndexedFaceSet {
        ccw TRUE
        solid FALSE
        coord DEF co Coordinate {
            point [
                0.2953 0.2756 0.1953, 0.4921 0.2756 0.1953, 0.2953 0.2927 0.1953, 0.4921 0.2927 0.1953, 0.2953 0.3129 0.1953, 0.4921 0.3129 0.1953
            ]
        }
        coordIndex [
            0,1,2,-1,2,1,3,-1,2,3,4,-1,4,3,5,-1,
        ]
    }
}
Shape{
    appearance Appearance {
        material  Material 	{
            diffuseColor 0.5019607843137255 0.5019607843137255 0.0
            specularColor 0.25098039215686274 0.25098039215686274 0.0
            ambientIntensity 0.4447
            transparency 0.0
            shininess 0.5
        }
    }
    geometry IndexedFaceSet {
        ccw TRUE
        solid FALSE
        coord DEF co Coordinate {
            point [
                0.2953 0.2927 0.0565, 0.2953 0.2756 0.0917, 0.2953 0.2927 0.1953, 0.2953 0.2756 0.1953, 0.4921 0.2756 0.1953, 0.4921 0.2756 0.0917, 0.4921 0.2927 0.1953, 0.4921 0.2927 0.0565, 0.2953 0.4331 -0.9842, 0.2953 0.4331 -0.0526, 0.374 0.4331 -1.063, 0.4921 0.4331 -0.0526, 0.4134 0.4331 -1.063, 0.4921 0.4331 -0.9842, 0.374 0.3543 -1.063, 0.4134 0.3543 -1.063, 0.4921 0.3543 -0.9842, 0.4921 0.3543 -0.0707, 0.2953 0.3543 -0.9842, 0.2953 0.3543 -0.0707, 0.4921 0.4076 0.0, 0.2953 0.4076 0.0, 0.4921 0.3129 0.1953, 0.2953 0.3129 0.1953
            ]
        }
        coordIndex [
            0,1,2,-1,2,1,3,-1,4,5,6,-1,6,5,7,-1,8,9,10,-1,10,9,11,-1,10,11,12,-1,12,11,13,-1,10,12,14,-1,14,12,15,-1,15,16,14,-1,14,16,17,-1,14,17,18,-1,18,17,19,-1,11,9,20,-1,20,9,21,-1,20,21,22,-1,22,21,23,-1,
        ]
    }
}
Shape{
    appearance Appearance {
        material  Material 	{
            diffuseColor 0.7529411764705882 0.7529411764705882 0.7529411764705882
            specularColor 0.3764705882352941 0.3764705882352941 0.3764705882352941
            ambientIntensity 0.7529
            transparency 0.0
            shininess 0.5
        }
    }
    geometry IndexedFaceSet {
        ccw TRUE
        solid FALSE
        coord DEF co Coordinate {
            point [
                1.0827 -0.3129 0.1953, 1.2795 -0.3129 0.1953, 1.0827 -0.2927 0.1953, 1.2795 -0.2927 0.1953, 1.0827 -0.2756 0.1953, 1.2795 -0.2756 0.1953
            ]
        }
        coordIndex [
            0,1,2,-1,2,1,3,-1,2,3,4,-1,4,3,5,-1,
        ]
    }
}
Shape{
    appearance Appearance {
        material  Material 	{
            diffuseColor 0.5019607843137255 0.5019607843137255 0.0
            specularColor 0.25098039215686274 0.25098039215686274 0.0
            ambientIntensity 0.4447
            transparency 0.0
            shininess 0.5
        }
    }
    geometry IndexedFaceSet {
        ccw TRUE
        solid FALSE
        coord DEF co Coordinate {
            point [
                1.2795 -0.3543 -0.0707, 1.0827 -0.3543 -0.0707, 1.2795 -0.3201 0.0, 1.0827 -0.3201 0.0, 1.2795 -0.2927 0.0565, 1.0827 -0.2927 0.0565, 1.2795 -0.2756 0.0917, 1.0827 -0.2756 0.0917, 1.0827 -0.3543 -0.9842, 1.0827 -0.4331 -0.9842, 1.0827 -0.4331 -0.0526, 1.0827 -0.4076 0.0, 1.2795 -0.4076 0.0, 1.2795 -0.4331 -0.0526, 1.2795 -0.3543 -0.9842, 1.2795 -0.4331 -0.9842, 1.1614 -0.3543 -1.063, 1.2008 -0.3543 -1.063, 1.2008 -0.4331 -1.063, 1.1614 -0.4331 -1.063
            ]
        }
        coordIndex [
            0,1,2,-1,2,1,3,-1,2,3,4,-1,4,3,5,-1,4,5,6,-1,6,5,7,-1,8,9,1,-1,1,9,10,-1,1,10,3,-1,3,10,11,-1,2,12,0,-1,0,12,13,-1,0,13,14,-1,14,13,15,-1,8,1,16,-1,16,1,0,-1,16,0,17,-1,17,0,14,-1,18,19,17,-1,17,19,16,-1,18,15,19,-1,19,15,13,-1,19,13,9,-1,9,13,10,-1,
        ]
    }
}
Shape{
    appearance Appearance {
        material  Material 	{
            diffuseColor 0.7529411764705882 0.7529411764705882 0.7529411764705882
            specularColor 0.3764705882352941 0.3764705882352941 0.3764705882352941
            ambientIntensity 0.7529
            transparency 0.0
            shininess 0.5
        }
    }
    geometry IndexedFaceSet {
        ccw TRUE
        solid FALSE
        coord DEF co Coordinate {
            point [
                1.0827 -0.4331 -0.0526, 1.2795 -0.4331 -0.0526, 1.0827 -0.4076 0.0, 1.2795 -0.4076 0.0, 1.0827 -0.3129 0.1953, 1.2795 -0.3129 0.1953
            ]
        }
        coordIndex [
            0,1,2,-1,2,1,3,-1,2,3,4,-1,4,3,5,-1,
        ]
    }
}
Shape{
    appearance Appearance {
        material  Material 	{
            diffuseColor 0.5019607843137255 0.5019607843137255 0.0
            specularColor 0.25098039215686274 0.25098039215686274 0.0
            ambientIntensity 0.4447
            transparency 0.0
            shininess 0.5
        }
    }
    geometry IndexedFaceSet {
        ccw TRUE
        solid FALSE
        coord DEF co Coordinate {
            point [
                1.2795 0.2756 0.0917, 1.0827 0.2756 0.0917, 1.2795 0.2927 0.0565, 1.0827 0.2927 0.0565, 1.2795 0.3201 0.0, 1.0827 0.3201 0.0, 1.2795 0.3543 -0.0707, 1.0827 0.3543 -0.0707
            ]
        }
        coordIndex [
            0,1,2,-1,2,1,3,-1,2,3,4,-1,4,3,5,-1,4,5,6,-1,6,5,7,-1,
        ]
    }
}
Shape{
    appearance Appearance {
        material  Material 	{
            diffuseColor 0.7529411764705882 0.7529411764705882 0.7529411764705882
            specularColor 0.3764705882352941 0.3764705882352941 0.3764705882352941
            ambientIntensity 0.7529
            transparency 0.0
            shininess 0.5
        }
    }
    geometry IndexedFaceSet {
        ccw TRUE
        solid FALSE
        coord DEF co Coordinate {
            point [
                1.2795 0.3129 0.1953, 1.0827 0.3129 0.1953, 1.2795 0.2927 0.1953, 1.0827 0.2927 0.1953, 1.2795 0.2756 0.1953, 1.0827 0.2756 0.1953
            ]
        }
        coordIndex [
            0,1,2,-1,2,1,3,-1,2,3,4,-1,4,3,5,-1,
        ]
    }
}
Shape{
    appearance Appearance {
        material  Material 	{
            diffuseColor 0.5019607843137255 0.5019607843137255 0.0
            specularColor 0.25098039215686274 0.25098039215686274 0.0
            ambientIntensity 0.4447
            transparency 0.0
            shininess 0.5
        }
    }
    geometry IndexedFaceSet {
        ccw TRUE
        solid FALSE
        coord DEF co Coordinate {
            point [
                1.0827 0.2927 0.0565, 1.0827 0.2756 0.0917, 1.0827 0.2927 0.1953, 1.0827 0.2756 0.1953, 1.2795 0.2756 0.1953, 1.2795 0.2756 0.0917, 1.2795 0.2927 0.1953, 1.2795 0.2927 0.0565, 1.0827 0.4331 -0.9842, 1.0827 0.4331 -0.0526, 1.1614 0.4331 -1.063, 1.2795 0.4331 -0.0526, 1.2008 0.4331 -1.063, 1.2795 0.4331 -0.9842, 1.1614 0.3543 -1.063, 1.2008 0.3543 -1.063, 1.2795 0.3543 -0.9842, 1.2795 0.3543 -0.0707, 1.0827 0.3543 -0.9842, 1.0827 0.3543 -0.0707, 1.2795 0.4076 0.0, 1.0827 0.4076 0.0, 1.2795 0.3129 0.1953, 1.0827 0.3129 0.1953
            ]
        }
        coordIndex [
            0,1,2,-1,2,1,3,-1,4,5,6,-1,6,5,7,-1,8,9,10,-1,10,9,11,-1,10,11,12,-1,12,11,13,-1,10,12,14,-1,14,12,15,-1,15,16,14,-1,14,16,17,-1,14,17,18,-1,18,17,19,-1,11,9,20,-1,20,9,21,-1,20,21,22,-1,22,21,23,-1,
        ]
    }
}
Shape{
    appearance Appearance {
        material  Material 	{
            diffuseColor 0.7529411764705882 0.7529411764705882 0.7529411764705882
            specularColor 0.3764705882352941 0.3764705882352941 0.3764705882352941
            ambientIntensity 0.7529
            transparency 0.0
            shininess 0.5
        }
    }
    geometry IndexedFaceSet {
        ccw TRUE
        solid FALSE
        coord DEF co Coordinate {
            point [
                2.0669 -0.2756 0.1953, 1.8701 -0.2756 0.1953, 2.0669 -0.2927 0.1953, 1.8701 -0.2927 0.1953, 2.0669 -0.3129 0.1953, 1.8701 -0.3129 0.1953
            ]
        }
        coordIndex [
            0,1,2,-1,2,1,3,-1,2,3,4,-1,4,3,5,-1,
        ]
    }
}
Shape{
    appearance Appearance {
        material  Material 	{
            diffuseColor 0.5019607843137255 0.5019607843137255 0.0
            specularColor 0.25098039215686274 0.25098039215686274 0.0
            ambientIntensity 0.4447
            transparency 0.0
            shininess 0.5
        }
    }
    geometry IndexedFaceSet {
        ccw TRUE
        solid FALSE
        coord DEF co Coordinate {
            point [
                2.0669 -0.3543 -0.0707, 1.8701 -0.3543 -0.0707, 2.0669 -0.3201 0.0, 1.8701 -0.3201 0.0, 2.0669 -0.2927 0.0565, 1.8701 -0.2927 0.0565, 2.0669 -0.2756 0.0917, 1.8701 -0.2756 0.0917, 1.8701 -0.3543 -0.9842, 1.8701 -0.4331 -0.9842, 1.8701 -0.4331 -0.0526, 1.8701 -0.4076 0.0, 2.0669 -0.4076 0.0, 2.0669 -0.4331 -0.0526, 2.0669 -0.3543 -0.9842, 2.0669 -0.4331 -0.9842, 1.9488 -0.3543 -1.063, 1.9882 -0.3543 -1.063, 1.9882 -0.4331 -1.063, 1.9488 -0.4331 -1.063
            ]
        }
        coordIndex [
            0,1,2,-1,2,1,3,-1,2,3,4,-1,4,3,5,-1,4,5,6,-1,6,5,7,-1,8,9,1,-1,1,9,10,-1,1,10,3,-1,3,10,11,-1,2,12,0,-1,0,12,13,-1,0,13,14,-1,14,13,15,-1,8,1,16,-1,16,1,0,-1,16,0,17,-1,17,0,14,-1,18,19,17,-1,17,19,16,-1,18,15,19,-1,19,15,13,-1,19,13,9,-1,9,13,10,-1,
        ]
    }
}
Shape{
    appearance Appearance {
        material  Material 	{
            diffuseColor 0.7529411764705882 0.7529411764705882 0.7529411764705882
            specularColor 0.3764705882352941 0.3764705882352941 0.3764705882352941
            ambientIntensity 0.7529
            transparency 0.0
            shininess 0.5
        }
    }
    geometry IndexedFaceSet {
        ccw TRUE
        solid FALSE
        coord DEF co Coordinate {
            point [
                2.0669 -0.3129 0.1953, 1.8701 -0.3129 0.1953, 2.0669 -0.4076 0.0, 1.8701 -0.4076 0.0, 2.0669 -0.4331 -0.0526, 1.8701 -0.4331 -0.0526
            ]
        }
        coordIndex [
            0,1,2,-1,2,1,3,-1,2,3,4,-1,4,3,5,-1,
        ]
    }
}
Shape{
    appearance Appearance {
        material  Material 	{
            diffuseColor 0.5019607843137255 0.5019607843137255 0.0
            specularColor 0.25098039215686274 0.25098039215686274 0.0
            ambientIntensity 0.4447
            transparency 0.0
            shininess 0.5
        }
    }
    geometry IndexedFaceSet {
        ccw TRUE
        solid FALSE
        coord DEF co Coordinate {
            point [
                2.0669 0.2756 0.0917, 1.8701 0.2756 0.0917, 2.0669 0.2927 0.0565, 1.8701 0.2927 0.0565, 2.0669 0.3201 0.0, 1.8701 0.3201 0.0, 2.0669 0.3543 -0.0707, 1.8701 0.3543 -0.0707
            ]
        }
        coordIndex [
            0,1,2,-1,2,1,3,-1,2,3,4,-1,4,3,5,-1,4,5,6,-1,6,5,7,-1,
        ]
    }
}
Shape{
    appearance Appearance {
        material  Material 	{
            diffuseColor 0.7529411764705882 0.7529411764705882 0.7529411764705882
            specularColor 0.3764705882352941 0.3764705882352941 0.3764705882352941
            ambientIntensity 0.7529
            transparency 0.0
            shininess 0.5
        }
    }
    geometry IndexedFaceSet {
        ccw TRUE
        solid FALSE
        coord DEF co Coordinate {
            point [
                2.0669 0.3129 0.1953, 1.8701 0.3129 0.1953, 2.0669 0.2927 0.1953, 1.8701 0.2927 0.1953, 2.0669 0.2756 0.1953, 1.8701 0.2756 0.1953
            ]
        }
        coordIndex [
            0,1,2,-1,2,1,3,-1,2,3,4,-1,4,3,5,-1,
        ]
    }
}
Shape{
    appearance Appearance {
        material  Material 	{
            diffuseColor 0.5019607843137255 0.5019607843137255 0.0
            specularColor 0.25098039215686274 0.25098039215686274 0.0
            ambientIntensity 0.4447
            transparency 0.0
            shininess 0.5
        }
    }
    geometry IndexedFaceSet {
        ccw TRUE
        solid FALSE
        coord DEF co Coordinate {
            point [
                1.8701 0.2927 0.0565, 1.8701 0.2756 0.0917, 1.8701 0.2927 0.1953, 1.8701 0.2756 0.1953, 2.0669 0.2756 0.1953, 2.0669 0.2756 0.0917, 2.0669 0.2927 0.1953, 2.0669 0.2927 0.0565, 1.8701 0.4331 -0.9842, 1.8701 0.4331 -0.0526, 1.9488 0.4331 -1.063, 2.0669 0.4331 -0.0526, 1.9882 0.4331 -1.063, 2.0669 0.4331 -0.9842, 1.9488 0.3543 -1.063, 1.9882 0.3543 -1.063, 2.0669 0.3543 -0.9842, 2.0669 0.3543 -0.0707, 1.8701 0.3543 -0.9842, 1.8701 0.3543 -0.0707, 2.0669 0.4076 0.0, 1.8701 0.4076 0.0, 2.0669 0.3129 0.1953, 1.8701 0.3129 0.1953
            ]
        }
        coordIndex [
            0,1,2,-1,2,1,3,-1,4,5,6,-1,6,5,7,-1,8,9,10,-1,10,9,11,-1,10,11,12,-1,12,11,13,-1,10,12,14,-1,14,12,15,-1,15,16,14,-1,14,16,17,-1,14,17,18,-1,18,17,19,-1,11,9,20,-1,20,9,21,-1,20,21,22,-1,22,21,23,-1,
        ]
    }
}
Shape{
    appearance Appearance {
        material  Material 	{
            diffuseColor 0.7529411764705882 0.7529411764705882 0.7529411764705882
            specularColor 0.3764705882352941 0.3764705882352941 0.3764705882352941
            ambientIntensity 0.7529
            transparency 0.0
            shininess 0.5
        }
    }
    geometry IndexedFaceSet {
        ccw TRUE
        solid FALSE
        coord DEF co Coordinate {
            point [
                2.8543 -0.2756 0.1953, 2.6575 -0.2756 0.1953, 2.8543 -0.2927 0.1953, 2.6575 -0.2927 0.1953, 2.8543 -0.3129 0.1953, 2.6575 -0.3129 0.1953
            ]
        }
        coordIndex [
            0,1,2,-1,2,1,3,-1,2,3,4,-1,4,3,5,-1,
        ]
    }
}
Shape{
    appearance Appearance {
        material  Material 	{
            diffuseColor 0.5019607843137255 0.5019607843137255 0.0
            specularColor 0.25098039215686274 0.25098039215686274 0.0
            ambientIntensity 0.4447
            transparency 0.0
            shininess 0.5
        }
    }
    geometry IndexedFaceSet {
        ccw TRUE
        solid FALSE
        coord DEF co Coordinate {
            point [
                2.8543 -0.3543 -0.0707, 2.6575 -0.3543 -0.0707, 2.8543 -0.3201 0.0, 2.6575 -0.3201 0.0, 2.8543 -0.2927 0.0565, 2.6575 -0.2927 0.0565, 2.8543 -0.2756 0.0917, 2.6575 -0.2756 0.0917, 2.6575 -0.3543 -0.9842, 2.6575 -0.4331 -0.9842, 2.6575 -0.4331 -0.0526, 2.6575 -0.4076 0.0, 2.8543 -0.4076 0.0, 2.8543 -0.4331 -0.0526, 2.8543 -0.3543 -0.9842, 2.8543 -0.4331 -0.9842, 2.7362 -0.3543 -1.063, 2.7756 -0.3543 -1.063, 2.7756 -0.4331 -1.063, 2.7362 -0.4331 -1.063
            ]
        }
        coordIndex [
            0,1,2,-1,2,1,3,-1,2,3,4,-1,4,3,5,-1,4,5,6,-1,6,5,7,-1,8,9,1,-1,1,9,10,-1,1,10,3,-1,3,10,11,-1,2,12,0,-1,0,12,13,-1,0,13,14,-1,14,13,15,-1,8,1,16,-1,16,1,0,-1,16,0,17,-1,17,0,14,-1,18,19,17,-1,17,19,16,-1,18,15,19,-1,19,15,13,-1,19,13,9,-1,9,13,10,-1,
        ]
    }
}
Shape{
    appearance Appearance {
        material  Material 	{
            diffuseColor 0.7529411764705882 0.7529411764705882 0.7529411764705882
            specularColor 0.3764705882352941 0.3764705882352941 0.3764705882352941
            ambientIntensity 0.7529
            transparency 0.0
            shininess 0.5
        }
    }
    geometry IndexedFaceSet {
        ccw TRUE
        solid FALSE
        coord DEF co Coordinate {
            point [
                2.8543 -0.3129 0.1953, 2.6575 -0.3129 0.1953, 2.8543 -0.4076 0.0, 2.6575 -0.4076 0.0, 2.8543 -0.4331 -0.0526, 2.6575 -0.4331 -0.0526
            ]
        }
        coordIndex [
            0,1,2,-1,2,1,3,-1,2,3,4,-1,4,3,5,-1,
        ]
    }
}
Shape{
    appearance Appearance {
        material  Material 	{
            diffuseColor 0.5019607843137255 0.5019607843137255 0.0
            specularColor 0.25098039215686274 0.25098039215686274 0.0
            ambientIntensity 0.4447
            transparency 0.0
            shininess 0.5
        }
    }
    geometry IndexedFaceSet {
        ccw TRUE
        solid FALSE
        coord DEF co Coordinate {
            point [
                2.8543 0.2756 0.0917, 2.6575 0.2756 0.0917, 2.8543 0.2927 0.0565, 2.6575 0.2927 0.0565, 2.8543 0.3201 0.0, 2.6575 0.3201 0.0, 2.8543 0.3543 -0.0707, 2.6575 0.3543 -0.0707
            ]
        }
        coordIndex [
            0,1,2,-1,2,1,3,-1,2,3,4,-1,4,3,5,-1,4,5,6,-1,6,5,7,-1,
        ]
    }
}
Shape{
    appearance Appearance {
        material  Material 	{
            diffuseColor 0.7529411764705882 0.7529411764705882 0.7529411764705882
            specularColor 0.3764705882352941 0.3764705882352941 0.3764705882352941
            ambientIntensity 0.7529
            transparency 0.0
            shininess 0.5
        }
    }
    geometry IndexedFaceSet {
        ccw TRUE
        solid FALSE
        coord DEF co Coordinate {
            point [
                2.8543 0.3129 0.1953, 2.6575 0.3129 0.1953, 2.8543 0.2927 0.1953, 2.6575 0.2927 0.1953, 2.8543 0.2756 0.1953, 2.6575 0.2756 0.1953
            ]
        }
        coordIndex [
            0,1,2,-1,2,1,3,-1,2,3,4,-1,4,3,5,-1,
        ]
    }
}
Shape{
    appearance Appearance {
        material  Material 	{
            diffuseColor 0.5019607843137255 0.5019607843137255 0.0
            specularColor 0.25098039215686274 0.25098039215686274 0.0
            ambientIntensity 0.4447
            transparency 0.0
            shininess 0.5
        }
    }
    geometry IndexedFaceSet {
        ccw TRUE
        solid FALSE
        coord DEF co Coordinate {
            point [
                2.6575 0.2927 0.0565, 2.6575 0.2756 0.0917, 2.6575 0.2927 0.1953, 2.6575 0.2756 0.1953, 2.8543 0.2756 0.1953, 2.8543 0.2756 0.0917, 2.8543 0.2927 0.1953, 2.8543 0.2927 0.0565, 2.6575 0.4331 -0.9842, 2.6575 0.4331 -0.0526, 2.7362 0.4331 -1.063, 2.8543 0.4331 -0.0526, 2.7756 0.4331 -1.063, 2.8543 0.4331 -0.9842, 2.7362 0.3543 -1.063, 2.7756 0.3543 -1.063, 2.8543 0.3543 -0.9842, 2.8543 0.3543 -0.0707, 2.6575 0.3543 -0.9842, 2.6575 0.3543 -0.0707, 2.8543 0.4076 0.0, 2.6575 0.4076 0.0, 2.8543 0.3129 0.1953, 2.6575 0.3129 0.1953
            ]
        }
        coordIndex [
            0,1,2,-1,2,1,3,-1,4,5,6,-1,6,5,7,-1,8,9,10,-1,10,9,11,-1,10,11,12,-1,12,11,13,-1,10,12,14,-1,14,12,15,-1,15,16,14,-1,14,16,17,-1,14,17,18,-1,18,17,19,-1,11,9,20,-1,20,9,21,-1,20,21,22,-1,22,21,23,-1,
        ]
    }
}
Shape{
    appearance Appearance {
        material  Material 	{
            diffuseColor 0.7529411764705882 0.7529411764705882 0.7529411764705882
            specularColor 0.3764705882352941 0.3764705882352941 0.3764705882352941
            ambientIntensity 0.7529
            transparency 0.0
            shininess 0.5
        }
    }
    geometry IndexedFaceSet {
        ccw TRUE
        solid FALSE
        coord DEF co Coordinate {
            point [
                3.6417 -0.2756 0.1953, 3.4449 -0.2756 0.1953, 3.6417 -0.2927 0.1953, 3.4449 -0.2927 0.1953, 3.6417 -0.3129 0.1953, 3.4449 -0.3129 0.1953
            ]
        }
        coordIndex [
            0,1,2,-1,2,1,3,-1,2,3,4,-1,4,3,5,-1,
        ]
    }
}
Shape{
    appearance Appearance {
        material  Material 	{
            diffuseColor 0.5019607843137255 0.5019607843137255 0.0
            specularColor 0.25098039215686274 0.25098039215686274 0.0
            ambientIntensity 0.4447
            transparency 0.0
            shininess 0.5
        }
    }
    geometry IndexedFaceSet {
        ccw TRUE
        solid FALSE
        coord DEF co Coordinate {
            point [
                3.6417 -0.3543 -0.0707, 3.4449 -0.3543 -0.0707, 3.6417 -0.3201 0.0, 3.4449 -0.3201 0.0, 3.6417 -0.2927 0.0565, 3.4449 -0.2927 0.0565, 3.6417 -0.2756 0.0917, 3.4449 -0.2756 0.0917, 3.4449 -0.3543 -0.9842, 3.4449 -0.4331 -0.9842, 3.4449 -0.4331 -0.0526, 3.4449 -0.4076 0.0, 3.6417 -0.4076 0.0, 3.6417 -0.4331 -0.0526, 3.6417 -0.3543 -0.9842, 3.6417 -0.4331 -0.9842, 3.563 -0.3543 -1.063, 3.5236 -0.3543 -1.063, 3.563 -0.4331 -1.063, 3.5236 -0.4331 -1.063
            ]
        }
        coordIndex [
            0,1,2,-1,2,1,3,-1,2,3,4,-1,4,3,5,-1,4,5,6,-1,6,5,7,-1,8,9,1,-1,1,9,10,-1,1,10,3,-1,3,10,11,-1,2,12,0,-1,0,12,13,-1,0,13,14,-1,14,13,15,-1,16,17,14,-1,14,17,8,-1,14,8,0,-1,0,8,1,-1,18,19,16,-1,16,19,17,-1,13,10,15,-1,15,10,9,-1,15,9,18,-1,18,9,19,-1,
        ]
    }
}
Shape{
    appearance Appearance {
        material  Material 	{
            diffuseColor 0.7529411764705882 0.7529411764705882 0.7529411764705882
            specularColor 0.3764705882352941 0.3764705882352941 0.3764705882352941
            ambientIntensity 0.7529
            transparency 0.0
            shininess 0.5
        }
    }
    geometry IndexedFaceSet {
        ccw TRUE
        solid FALSE
        coord DEF co Coordinate {
            point [
                3.6417 -0.3129 0.1953, 3.4449 -0.3129 0.1953, 3.6417 -0.4076 0.0, 3.4449 -0.4076 0.0, 3.6417 -0.4331 -0.0526, 3.4449 -0.4331 -0.0526
            ]
        }
        coordIndex [
            0,1,2,-1,2,1,3,-1,2,3,4,-1,4,3,5,-1,
        ]
    }
}
Shape{
    appearance Appearance {
        material  Material 	{
            diffuseColor 0.5019607843137255 0.5019607843137255 0.0
            specularColor 0.25098039215686274 0.25098039215686274 0.0
            ambientIntensity 0.4447
            transparency 0.0
            shininess 0.5
        }
    }
    geometry IndexedFaceSet {
        ccw TRUE
        solid FALSE
        coord DEF co Coordinate {
            point [
                3.6417 0.2756 0.0917, 3.4449 0.2756 0.0917, 3.6417 0.2927 0.0565, 3.4449 0.2927 0.0565, 3.6417 0.3201 0.0, 3.4449 0.3201 0.0, 3.6417 0.3543 -0.0707, 3.4449 0.3543 -0.0707
            ]
        }
        coordIndex [
            0,1,2,-1,2,1,3,-1,2,3,4,-1,4,3,5,-1,4,5,6,-1,6,5,7,-1,
        ]
    }
}
Shape{
    appearance Appearance {
        material  Material 	{
            diffuseColor 0.7529411764705882 0.7529411764705882 0.7529411764705882
            specularColor 0.3764705882352941 0.3764705882352941 0.3764705882352941
            ambientIntensity 0.7529
            transparency 0.0
            shininess 0.5
        }
    }
    geometry IndexedFaceSet {
        ccw TRUE
        solid FALSE
        coord DEF co Coordinate {
            point [
                3.6417 0.3129 0.1953, 3.4449 0.3129 0.1953, 3.6417 0.2927 0.1953, 3.4449 0.2927 0.1953, 3.6417 0.2756 0.1953, 3.4449 0.2756 0.1953
            ]
        }
        coordIndex [
            0,1,2,-1,2,1,3,-1,2,3,4,-1,4,3,5,-1,
        ]
    }
}
Shape{
    appearance Appearance {
        material  Material 	{
            diffuseColor 0.5019607843137255 0.5019607843137255 0.0
            specularColor 0.25098039215686274 0.25098039215686274 0.0
            ambientIntensity 0.4447
            transparency 0.0
            shininess 0.5
        }
    }
    geometry IndexedFaceSet {
        ccw TRUE
        solid FALSE
        coord DEF co Coordinate {
            point [
                3.4449 0.2927 0.0565, 3.4449 0.2756 0.0917, 3.4449 0.2927 0.1953, 3.4449 0.2756 0.1953, 3.6417 0.2756 0.1953, 3.6417 0.2756 0.0917, 3.6417 0.2927 0.1953, 3.6417 0.2927 0.0565, 3.4449 0.4331 -0.9842, 3.4449 0.4331 -0.0526, 3.5236 0.4331 -1.063, 3.6417 0.4331 -0.0526, 3.563 0.4331 -1.063, 3.6417 0.4331 -0.9842, 3.5236 0.3543 -1.063, 3.563 0.3543 -1.063, 3.4449 0.3543 -0.9842, 3.6417 0.3543 -0.9842, 3.4449 0.3543 -0.0707, 3.6417 0.3543 -0.0707, 3.6417 0.4076 0.0, 3.4449 0.4076 0.0, 3.6417 0.3129 0.1953, 3.4449 0.3129 0.1953
            ]
        }
        coordIndex [
            0,1,2,-1,2,1,3,-1,4,5,6,-1,6,5,7,-1,8,9,10,-1,10,9,11,-1,10,11,12,-1,12,11,13,-1,10,12,14,-1,14,12,15,-1,14,15,16,-1,16,15,17,-1,16,17,18,-1,18,17,19,-1,11,9,20,-1,20,9,21,-1,20,21,22,-1,22,21,23,-1,
        ]
    }
}
Shape{
    appearance Appearance {
        material  Material 	{
            diffuseColor 0.7529411764705882 0.7529411764705882 0.7529411764705882
            specularColor 0.3764705882352941 0.3764705882352941 0.3764705882352941
            ambientIntensity 0.7529
            transparency 0.0
            shininess 0.5
        }
    }
    geometry IndexedFaceSet {
        ccw TRUE
        solid FALSE
        coord DEF co Coordinate {
            point [
                4.4291 -0.2756 0.1953, 4.2323 -0.2756 0.1953, 4.4291 -0.2927 0.1953, 4.2323 -0.2927 0.1953, 4.4291 -0.3129 0.1953, 4.2323 -0.3129 0.1953
            ]
        }
        coordIndex [
            0,1,2,-1,2,1,3,-1,2,3,4,-1,4,3,5,-1,
        ]
    }
}
Shape{
    appearance Appearance {
        material  Material 	{
            diffuseColor 0.5019607843137255 0.5019607843137255 0.0
            specularColor 0.25098039215686274 0.25098039215686274 0.0
            ambientIntensity 0.4447
            transparency 0.0
            shininess 0.5
        }
    }
    geometry IndexedFaceSet {
        ccw TRUE
        solid FALSE
        coord DEF co Coordinate {
            point [
                4.4291 -0.3543 -0.0707, 4.2323 -0.3543 -0.0707, 4.4291 -0.3201 0.0, 4.2323 -0.3201 0.0, 4.4291 -0.2927 0.0565, 4.2323 -0.2927 0.0565, 4.4291 -0.2756 0.0917, 4.2323 -0.2756 0.0917, 4.2323 -0.3543 -0.9842, 4.2323 -0.4331 -0.9842, 4.2323 -0.4331 -0.0526, 4.2323 -0.4076 0.0, 4.4291 -0.4076 0.0, 4.4291 -0.4331 -0.0526, 4.4291 -0.3543 -0.9842, 4.4291 -0.4331 -0.9842, 4.3504 -0.3543 -1.063, 4.311 -0.3543 -1.063, 4.3504 -0.4331 -1.063, 4.311 -0.4331 -1.063
            ]
        }
        coordIndex [
            0,1,2,-1,2,1,3,-1,2,3,4,-1,4,3,5,-1,4,5,6,-1,6,5,7,-1,8,9,1,-1,1,9,10,-1,1,10,3,-1,3,10,11,-1,2,12,0,-1,0,12,13,-1,0,13,14,-1,14,13,15,-1,16,17,14,-1,14,17,8,-1,14,8,0,-1,0,8,1,-1,18,19,16,-1,16,19,17,-1,13,10,15,-1,15,10,9,-1,15,9,18,-1,18,9,19,-1,
        ]
    }
}
Shape{
    appearance Appearance {
        material  Material 	{
            diffuseColor 0.7529411764705882 0.7529411764705882 0.7529411764705882
            specularColor 0.3764705882352941 0.3764705882352941 0.3764705882352941
            ambientIntensity 0.7529
            transparency 0.0
            shininess 0.5
        }
    }
    geometry IndexedFaceSet {
        ccw TRUE
        solid FALSE
        coord DEF co Coordinate {
            point [
                4.4291 -0.3129 0.1953, 4.2323 -0.3129 0.1953, 4.4291 -0.4076 0.0, 4.2323 -0.4076 0.0, 4.4291 -0.4331 -0.0526, 4.2323 -0.4331 -0.0526
            ]
        }
        coordIndex [
            0,1,2,-1,2,1,3,-1,2,3,4,-1,4,3,5,-1,
        ]
    }
}
Shape{
    appearance Appearance {
        material  Material 	{
            diffuseColor 0.5019607843137255 0.5019607843137255 0.0
            specularColor 0.25098039215686274 0.25098039215686274 0.0
            ambientIntensity 0.4447
            transparency 0.0
            shininess 0.5
        }
    }
    geometry IndexedFaceSet {
        ccw TRUE
        solid FALSE
        coord DEF co Coordinate {
            point [
                4.4291 0.2756 0.0917, 4.2323 0.2756 0.0917, 4.4291 0.2927 0.0565, 4.2323 0.2927 0.0565, 4.4291 0.3201 0.0, 4.2323 0.3201 0.0, 4.4291 0.3543 -0.0707, 4.2323 0.3543 -0.0707
            ]
        }
        coordIndex [
            0,1,2,-1,2,1,3,-1,2,3,4,-1,4,3,5,-1,4,5,6,-1,6,5,7,-1,
        ]
    }
}
Shape{
    appearance Appearance {
        material  Material 	{
            diffuseColor 0.7529411764705882 0.7529411764705882 0.7529411764705882
            specularColor 0.3764705882352941 0.3764705882352941 0.3764705882352941
            ambientIntensity 0.7529
            transparency 0.0
            shininess 0.5
        }
    }
    geometry IndexedFaceSet {
        ccw TRUE
        solid FALSE
        coord DEF co Coordinate {
            point [
                4.4291 0.3129 0.1953, 4.2323 0.3129 0.1953, 4.4291 0.2927 0.1953, 4.2323 0.2927 0.1953, 4.4291 0.2756 0.1953, 4.2323 0.2756 0.1953
            ]
        }
        coordIndex [
            0,1,2,-1,2,1,3,-1,2,3,4,-1,4,3,5,-1,
        ]
    }
}
Shape{
    appearance Appearance {
        material  Material 	{
            diffuseColor 0.5019607843137255 0.5019607843137255 0.0
            specularColor 0.25098039215686274 0.25098039215686274 0.0
            ambientIntensity 0.4447
            transparency 0.0
            shininess 0.5
        }
    }
    geometry IndexedFaceSet {
        ccw TRUE
        solid FALSE
        coord DEF co Coordinate {
            point [
                4.2323 0.2927 0.0565, 4.2323 0.2756 0.0917, 4.2323 0.2927 0.1953, 4.2323 0.2756 0.1953, 4.4291 0.2756 0.1953, 4.4291 0.2756 0.0917, 4.4291 0.2927 0.1953, 4.4291 0.2927 0.0565, 4.2323 0.4331 -0.9842, 4.2323 0.4331 -0.0526, 4.311 0.4331 -1.063, 4.4291 0.4331 -0.0526, 4.3504 0.4331 -1.063, 4.4291 0.4331 -0.9842, 4.311 0.3543 -1.063, 4.3504 0.3543 -1.063, 4.4291 0.3543 -0.9842, 4.4291 0.3543 -0.0707, 4.2323 0.3543 -0.9842, 4.2323 0.3543 -0.0707, 4.4291 0.4076 0.0, 4.2323 0.4076 0.0, 4.4291 0.3129 0.1953, 4.2323 0.3129 0.1953
            ]
        }
        coordIndex [
            0,1,2,-1,2,1,3,-1,4,5,6,-1,6,5,7,-1,8,9,10,-1,10,9,11,-1,10,11,12,-1,12,11,13,-1,10,12,14,-1,14,12,15,-1,15,16,14,-1,14,16,17,-1,14,17,18,-1,18,17,19,-1,11,9,20,-1,20,9,21,-1,20,21,22,-1,22,21,23,-1,
        ]
    }
}
Shape{
    appearance Appearance {
        material  Material 	{
            diffuseColor 0.7529411764705882 0.7529411764705882 0.7529411764705882
            specularColor 0.3764705882352941 0.3764705882352941 0.3764705882352941
            ambientIntensity 0.7529
            transparency 0.0
            shininess 0.5
        }
    }
    geometry IndexedFaceSet {
        ccw TRUE
        solid FALSE
        coord DEF co Coordinate {
            point [
                5.2165 -0.2756 0.1953, 5.0197 -0.2756 0.1953, 5.2165 -0.2927 0.1953, 5.0197 -0.2927 0.1953, 5.2165 -0.3129 0.1953, 5.0197 -0.3129 0.1953
            ]
        }
        coordIndex [
            0,1,2,-1,2,1,3,-1,2,3,4,-1,4,3,5,-1,
        ]
    }
}
Shape{
    appearance Appearance {
        material  Material 	{
            diffuseColor 0.5019607843137255 0.5019607843137255 0.0
            specularColor 0.25098039215686274 0.25098039215686274 0.0
            ambientIntensity 0.4447
            transparency 0.0
            shininess 0.5
        }
    }
    geometry IndexedFaceSet {
        ccw TRUE
        solid FALSE
        coord DEF co Coordinate {
            point [
                5.2165 -0.3543 -0.0707, 5.0197 -0.3543 -0.0707, 5.2165 -0.3201 0.0, 5.0197 -0.3201 0.0, 5.2165 -0.2927 0.0565, 5.0197 -0.2927 0.0565, 5.2165 -0.2756 0.0917, 5.0197 -0.2756 0.0917, 5.0197 -0.3543 -0.9842, 5.0197 -0.4331 -0.9842, 5.0197 -0.4331 -0.0526, 5.0197 -0.4076 0.0, 5.2165 -0.4076 0.0, 5.2165 -0.4331 -0.0526, 5.2165 -0.3543 -0.9842, 5.2165 -0.4331 -0.9842, 5.1378 -0.3543 -1.063, 5.0984 -0.3543 -1.063, 5.1378 -0.4331 -1.063, 5.0984 -0.4331 -1.063
            ]
        }
        coordIndex [
            0,1,2,-1,2,1,3,-1,2,3,4,-1,4,3,5,-1,4,5,6,-1,6,5,7,-1,8,9,1,-1,1,9,10,-1,1,10,3,-1,3,10,11,-1,2,12,0,-1,0,12,13,-1,0,13,14,-1,14,13,15,-1,16,17,14,-1,14,17,8,-1,14,8,0,-1,0,8,1,-1,18,19,16,-1,16,19,17,-1,13,10,15,-1,15,10,9,-1,15,9,18,-1,18,9,19,-1,
        ]
    }
}
Shape{
    appearance Appearance {
        material  Material 	{
            diffuseColor 0.7529411764705882 0.7529411764705882 0.7529411764705882
            specularColor 0.3764705882352941 0.3764705882352941 0.3764705882352941
            ambientIntensity 0.7529
            transparency 0.0
            shininess 0.5
        }
    }
    geometry IndexedFaceSet {
        ccw TRUE
        solid FALSE
        coord DEF co Coordinate {
            point [
                5.2165 -0.3129 0.1953, 5.0197 -0.3129 0.1953, 5.2165 -0.4076 0.0, 5.0197 -0.4076 0.0, 5.2165 -0.4331 -0.0526, 5.0197 -0.4331 -0.0526
            ]
        }
        coordIndex [
            0,1,2,-1,2,1,3,-1,2,3,4,-1,4,3,5,-1,
        ]
    }
}
Shape{
    appearance Appearance {
        material  Material 	{
            diffuseColor 0.5019607843137255 0.5019607843137255 0.0
            specularColor 0.25098039215686274 0.25098039215686274 0.0
            ambientIntensity 0.4447
            transparency 0.0
            shininess 0.5
        }
    }
    geometry IndexedFaceSet {
        ccw TRUE
        solid FALSE
        coord DEF co Coordinate {
            point [
                5.2165 0.2756 0.0917, 5.0197 0.2756 0.0917, 5.2165 0.2927 0.0565, 5.0197 0.2927 0.0565, 5.2165 0.3201 0.0, 5.0197 0.3201 0.0, 5.2165 0.3543 -0.0707, 5.0197 0.3543 -0.0707
            ]
        }
        coordIndex [
            0,1,2,-1,2,1,3,-1,2,3,4,-1,4,3,5,-1,4,5,6,-1,6,5,7,-1,
        ]
    }
}
Shape{
    appearance Appearance {
        material  Material 	{
            diffuseColor 0.7529411764705882 0.7529411764705882 0.7529411764705882
            specularColor 0.3764705882352941 0.3764705882352941 0.3764705882352941
            ambientIntensity 0.7529
            transparency 0.0
            shininess 0.5
        }
    }
    geometry IndexedFaceSet {
        ccw TRUE
        solid FALSE
        coord DEF co Coordinate {
            point [
                5.2165 0.3129 0.1953, 5.0197 0.3129 0.1953, 5.2165 0.2927 0.1953, 5.0197 0.2927 0.1953, 5.2165 0.2756 0.1953, 5.0197 0.2756 0.1953
            ]
        }
        coordIndex [
            0,1,2,-1,2,1,3,-1,2,3,4,-1,4,3,5,-1,
        ]
    }
}
Shape{
    appearance Appearance {
        material  Material 	{
            diffuseColor 0.5019607843137255 0.5019607843137255 0.0
            specularColor 0.25098039215686274 0.25098039215686274 0.0
            ambientIntensity 0.4447
            transparency 0.0
            shininess 0.5
        }
    }
    geometry IndexedFaceSet {
        ccw TRUE
        solid FALSE
        coord DEF co Coordinate {
            point [
                5.0197 0.2927 0.0565, 5.0197 0.2756 0.0917, 5.0197 0.2927 0.1953, 5.0197 0.2756 0.1953, 5.2165 0.2756 0.1953, 5.2165 0.2756 0.0917, 5.2165 0.2927 0.1953, 5.2165 0.2927 0.0565, 5.0197 0.4331 -0.9842, 5.0197 0.4331 -0.0526, 5.0984 0.4331 -1.063, 5.2165 0.4331 -0.0526, 5.1378 0.4331 -1.063, 5.2165 0.4331 -0.9842, 5.0984 0.3543 -1.063, 5.1378 0.3543 -1.063, 5.2165 0.3543 -0.9842, 5.2165 0.3543 -0.0707, 5.0197 0.3543 -0.9842, 5.0197 0.3543 -0.0707, 5.2165 0.4076 0.0, 5.0197 0.4076 0.0, 5.2165 0.3129 0.1953, 5.0197 0.3129 0.1953
            ]
        }
        coordIndex [
            0,1,2,-1,2,1,3,-1,4,5,6,-1,6,5,7,-1,8,9,10,-1,10,9,11,-1,10,11,12,-1,12,11,13,-1,10,12,14,-1,14,12,15,-1,15,16,14,-1,14,16,17,-1,14,17,18,-1,18,17,19,-1,11,9,20,-1,20,9,21,-1,20,21,22,-1,22,21,23,-1,
        ]
    }
}
Shape{
    appearance Appearance {
        material  Material 	{
            diffuseColor 0.7529411764705882 0.7529411764705882 0.7529411764705882
            specularColor 0.3764705882352941 0.3764705882352941 0.3764705882352941
            ambientIntensity 0.7529
            transparency 0.0
            shininess 0.5
        }
    }
    geometry IndexedFaceSet {
        ccw TRUE
        solid FALSE
        coord DEF co Coordinate {
            point [
                6.0039 -0.2756 0.1953, 5.8071 -0.2756 0.1953, 6.0039 -0.2927 0.1953, 5.8071 -0.2927 0.1953, 6.0039 -0.3129 0.1953, 5.8071 -0.3129 0.1953
            ]
        }
        coordIndex [
            0,1,2,-1,2,1,3,-1,2,3,4,-1,4,3,5,-1,
        ]
    }
}
Shape{
    appearance Appearance {
        material  Material 	{
            diffuseColor 0.5019607843137255 0.5019607843137255 0.0
            specularColor 0.25098039215686274 0.25098039215686274 0.0
            ambientIntensity 0.4447
            transparency 0.0
            shininess 0.5
        }
    }
    geometry IndexedFaceSet {
        ccw TRUE
        solid FALSE
        coord DEF co Coordinate {
            point [
                6.0039 -0.3543 -0.0707, 5.8071 -0.3543 -0.0707, 6.0039 -0.3201 0.0, 5.8071 -0.3201 0.0, 6.0039 -0.2927 0.0565, 5.8071 -0.2927 0.0565, 6.0039 -0.2756 0.0917, 5.8071 -0.2756 0.0917, 5.8071 -0.3543 -0.9842, 5.8071 -0.4331 -0.9842, 5.8071 -0.4331 -0.0526, 5.8071 -0.4076 0.0, 6.0039 -0.4076 0.0, 6.0039 -0.4331 -0.0526, 6.0039 -0.3543 -0.9842, 6.0039 -0.4331 -0.9842, 5.9252 -0.3543 -1.063, 5.8858 -0.3543 -1.063, 5.9252 -0.4331 -1.063, 5.8858 -0.4331 -1.063
            ]
        }
        coordIndex [
            0,1,2,-1,2,1,3,-1,2,3,4,-1,4,3,5,-1,4,5,6,-1,6,5,7,-1,8,9,1,-1,1,9,10,-1,1,10,3,-1,3,10,11,-1,2,12,0,-1,0,12,13,-1,0,13,14,-1,14,13,15,-1,16,17,14,-1,14,17,8,-1,14,8,0,-1,0,8,1,-1,18,19,16,-1,16,19,17,-1,13,10,15,-1,15,10,9,-1,15,9,18,-1,18,9,19,-1,
        ]
    }
}
Shape{
    appearance Appearance {
        material  Material 	{
            diffuseColor 0.7529411764705882 0.7529411764705882 0.7529411764705882
            specularColor 0.3764705882352941 0.3764705882352941 0.3764705882352941
            ambientIntensity 0.7529
            transparency 0.0
            shininess 0.5
        }
    }
    geometry IndexedFaceSet {
        ccw TRUE
        solid FALSE
        coord DEF co Coordinate {
            point [
                6.0039 -0.3129 0.1953, 5.8071 -0.3129 0.1953, 6.0039 -0.4076 0.0, 5.8071 -0.4076 0.0, 6.0039 -0.4331 -0.0526, 5.8071 -0.4331 -0.0526
            ]
        }
        coordIndex [
            0,1,2,-1,2,1,3,-1,2,3,4,-1,4,3,5,-1,
        ]
    }
}
Shape{
    appearance Appearance {
        material  Material 	{
            diffuseColor 0.5019607843137255 0.5019607843137255 0.0
            specularColor 0.25098039215686274 0.25098039215686274 0.0
            ambientIntensity 0.4447
            transparency 0.0
            shininess 0.5
        }
    }
    geometry IndexedFaceSet {
        ccw TRUE
        solid FALSE
        coord DEF co Coordinate {
            point [
                6.0039 0.2756 0.0917, 5.8071 0.2756 0.0917, 6.0039 0.2927 0.0565, 5.8071 0.2927 0.0565, 6.0039 0.3201 0.0, 5.8071 0.3201 0.0, 6.0039 0.3543 -0.0707, 5.8071 0.3543 -0.0707
            ]
        }
        coordIndex [
            0,1,2,-1,2,1,3,-1,2,3,4,-1,4,3,5,-1,4,5,6,-1,6,5,7,-1,
        ]
    }
}
Shape{
    appearance Appearance {
        material  Material 	{
            diffuseColor 0.7529411764705882 0.7529411764705882 0.7529411764705882
            specularColor 0.3764705882352941 0.3764705882352941 0.3764705882352941
            ambientIntensity 0.7529
            transparency 0.0
            shininess 0.5
        }
    }
    geometry IndexedFaceSet {
        ccw TRUE
        solid FALSE
        coord DEF co Coordinate {
            point [
                6.0039 0.3129 0.1953, 5.8071 0.3129 0.1953, 6.0039 0.2927 0.1953, 5.8071 0.2927 0.1953, 6.0039 0.2756 0.1953, 5.8071 0.2756 0.1953
            ]
        }
        coordIndex [
            0,1,2,-1,2,1,3,-1,2,3,4,-1,4,3,5,-1,
        ]
    }
}
Shape{
    appearance Appearance {
        material  Material 	{
            diffuseColor 0.5019607843137255 0.5019607843137255 0.0
            specularColor 0.25098039215686274 0.25098039215686274 0.0
            ambientIntensity 0.4447
            transparency 0.0
            shininess 0.5
        }
    }
    geometry IndexedFaceSet {
        ccw TRUE
        solid FALSE
        coord DEF co Coordinate {
            point [
                5.8071 0.2927 0.0565, 5.8071 0.2756 0.0917, 5.8071 0.2927 0.1953, 5.8071 0.2756 0.1953, 6.0039 0.2756 0.1953, 6.0039 0.2756 0.0917, 6.0039 0.2927 0.1953, 6.0039 0.2927 0.0565, 5.8071 0.4331 -0.9842, 5.8071 0.4331 -0.0526, 5.8858 0.4331 -1.063, 6.0039 0.4331 -0.0526, 5.9252 0.4331 -1.063, 6.0039 0.4331 -0.9842, 5.8858 0.3543 -1.063, 5.9252 0.3543 -1.063, 6.0039 0.3543 -0.9842, 6.0039 0.3543 -0.0707, 5.8071 0.3543 -0.9842, 5.8071 0.3543 -0.0707, 6.0039 0.4076 0.0, 5.8071 0.4076 0.0, 6.0039 0.3129 0.1953, 5.8071 0.3129 0.1953
            ]
        }
        coordIndex [
            0,1,2,-1,2,1,3,-1,4,5,6,-1,6,5,7,-1,8,9,10,-1,10,9,11,-1,10,11,12,-1,12,11,13,-1,10,12,14,-1,14,12,15,-1,15,16,14,-1,14,16,17,-1,14,17,18,-1,18,17,19,-1,11,9,20,-1,20,9,21,-1,20,21,22,-1,22,21,23,-1,
        ]
    }
}
Shape{
    appearance Appearance {
        material  Material 	{
            diffuseColor 0.7529411764705882 0.7529411764705882 0.7529411764705882
            specularColor 0.3764705882352941 0.3764705882352941 0.3764705882352941
            ambientIntensity 0.7529
            transparency 0.0
            shininess 0.5
        }
    }
    geometry IndexedFaceSet {
        ccw TRUE
        solid FALSE
        coord DEF co Coordinate {
            point [
                6.7913 -0.2756 0.1953, 6.5945 -0.2756 0.1953, 6.7913 -0.2927 0.1953, 6.5945 -0.2927 0.1953, 6.7913 -0.3129 0.1953, 6.5945 -0.3129 0.1953
            ]
        }
        coordIndex [
            0,1,2,-1,2,1,3,-1,2,3,4,-1,4,3,5,-1,
        ]
    }
}
Shape{
    appearance Appearance {
        material  Material 	{
            diffuseColor 0.5019607843137255 0.5019607843137255 0.0
            specularColor 0.25098039215686274 0.25098039215686274 0.0
            ambientIntensity 0.4447
            transparency 0.0
            shininess 0.5
        }
    }
    geometry IndexedFaceSet {
        ccw TRUE
        solid FALSE
        coord DEF co Coordinate {
            point [
                6.7913 -0.3543 -0.0707, 6.5945 -0.3543 -0.0707, 6.7913 -0.3201 0.0, 6.5945 -0.3201 0.0, 6.7913 -0.2927 0.0565, 6.5945 -0.2927 0.0565, 6.7913 -0.2756 0.0917, 6.5945 -0.2756 0.0917, 6.5945 -0.3543 -0.9842, 6.5945 -0.4331 -0.9842, 6.5945 -0.4331 -0.0526, 6.5945 -0.4076 0.0, 6.7913 -0.4076 0.0, 6.7913 -0.4331 -0.0526, 6.7913 -0.3543 -0.9842, 6.7913 -0.4331 -0.9842, 6.7126 -0.3543 -1.063, 6.6732 -0.3543 -1.063, 6.7126 -0.4331 -1.063, 6.6732 -0.4331 -1.063
            ]
        }
        coordIndex [
            0,1,2,-1,2,1,3,-1,2,3,4,-1,4,3,5,-1,4,5,6,-1,6,5,7,-1,8,9,1,-1,1,9,10,-1,1,10,3,-1,3,10,11,-1,2,12,0,-1,0,12,13,-1,0,13,14,-1,14,13,15,-1,16,17,14,-1,14,17,8,-1,14,8,0,-1,0,8,1,-1,18,19,16,-1,16,19,17,-1,13,10,15,-1,15,10,9,-1,15,9,18,-1,18,9,19,-1,
        ]
    }
}
Shape{
    appearance Appearance {
        material  Material 	{
            diffuseColor 0.7529411764705882 0.7529411764705882 0.7529411764705882
            specularColor 0.3764705882352941 0.3764705882352941 0.3764705882352941
            ambientIntensity 0.7529
            transparency 0.0
            shininess 0.5
        }
    }
    geometry IndexedFaceSet {
        ccw TRUE
        solid FALSE
        coord DEF co Coordinate {
            point [
                6.7913 -0.3129 0.1953, 6.5945 -0.3129 0.1953, 6.7913 -0.4076 0.0, 6.5945 -0.4076 0.0, 6.7913 -0.4331 -0.0526, 6.5945 -0.4331 -0.0526
            ]
        }
        coordIndex [
            0,1,2,-1,2,1,3,-1,2,3,4,-1,4,3,5,-1,
        ]
    }
}
Shape{
    appearance Appearance {
        material  Material 	{
            diffuseColor 0.5019607843137255 0.5019607843137255 0.0
            specularColor 0.25098039215686274 0.25098039215686274 0.0
            ambientIntensity 0.4447
            transparency 0.0
            shininess 0.5
        }
    }
    geometry IndexedFaceSet {
        ccw TRUE
        solid FALSE
        coord DEF co Coordinate {
            point [
                6.7913 0.2756 0.0917, 6.5945 0.2756 0.0917, 6.7913 0.2927 0.0565, 6.5945 0.2927 0.0565, 6.7913 0.3201 0.0, 6.5945 0.3201 0.0, 6.7913 0.3543 -0.0707, 6.5945 0.3543 -0.0707
            ]
        }
        coordIndex [
            0,1,2,-1,2,1,3,-1,2,3,4,-1,4,3,5,-1,4,5,6,-1,6,5,7,-1,
        ]
    }
}
Shape{
    appearance Appearance {
        material  Material 	{
            diffuseColor 0.7529411764705882 0.7529411764705882 0.7529411764705882
            specularColor 0.3764705882352941 0.3764705882352941 0.3764705882352941
            ambientIntensity 0.7529
            transparency 0.0
            shininess 0.5
        }
    }
    geometry IndexedFaceSet {
        ccw TRUE
        solid FALSE
        coord DEF co Coordinate {
            point [
                6.7913 0.3129 0.1953, 6.5945 0.3129 0.1953, 6.7913 0.2927 0.1953, 6.5945 0.2927 0.1953, 6.7913 0.2756 0.1953, 6.5945 0.2756 0.1953
            ]
        }
        coordIndex [
            0,1,2,-1,2,1,3,-1,2,3,4,-1,4,3,5,-1,
        ]
    }
}
Shape{
    appearance Appearance {
        material  Material 	{
            diffuseColor 0.5019607843137255 0.5019607843137255 0.0
            specularColor 0.25098039215686274 0.25098039215686274 0.0
            ambientIntensity 0.4447
            transparency 0.0
            shininess 0.5
        }
    }
    geometry IndexedFaceSet {
        ccw TRUE
        solid FALSE
        coord DEF co Coordinate {
            point [
                6.5945 0.2927 0.0565, 6.5945 0.2756 0.0917, 6.5945 0.2927 0.1953, 6.5945 0.2756 0.1953, 6.7913 0.2756 0.1953, 6.7913 0.2756 0.0917, 6.7913 0.2927 0.1953, 6.7913 0.2927 0.0565, 6.5945 0.4331 -0.9842, 6.5945 0.4331 -0.0526, 6.6732 0.4331 -1.063, 6.7913 0.4331 -0.0526, 6.7126 0.4331 -1.063, 6.7913 0.4331 -0.9842, 6.6732 0.3543 -1.063, 6.7126 0.3543 -1.063, 6.7913 0.3543 -0.9842, 6.7913 0.3543 -0.0707, 6.5945 0.3543 -0.9842, 6.5945 0.3543 -0.0707, 6.7913 0.4076 0.0, 6.5945 0.4076 0.0, 6.7913 0.3129 0.1953, 6.5945 0.3129 0.1953
            ]
        }
        coordIndex [
            0,1,2,-1,2,1,3,-1,4,5,6,-1,6,5,7,-1,8,9,10,-1,10,9,11,-1,10,11,12,-1,12,11,13,-1,10,12,14,-1,14,12,15,-1,15,16,14,-1,14,16,17,-1,14,17,18,-1,18,17,19,-1,11,9,20,-1,20,9,21,-1,20,21,22,-1,22,21,23,-1,
        ]
    }
}
Shape{
    appearance Appearance {
        material  Material 	{
            diffuseColor 0.7529411764705882 0.7529411764705882 0.7529411764705882
            specularColor 0.3764705882352941 0.3764705882352941 0.3764705882352941
            ambientIntensity 0.7529
            transparency 0.0
            shininess 0.5
        }
    }
    geometry IndexedFaceSet {
        ccw TRUE
        solid FALSE
        coord DEF co Coordinate {
            point [
                7.5787 -0.2756 0.1953, 7.3819 -0.2756 0.1953, 7.5787 -0.2927 0.1953, 7.3819 -0.2927 0.1953, 7.5787 -0.3129 0.1953, 7.3819 -0.3129 0.1953
            ]
        }
        coordIndex [
            0,1,2,-1,2,1,3,-1,2,3,4,-1,4,3,5,-1,
        ]
    }
}
Shape{
    appearance Appearance {
        material  Material 	{
            diffuseColor 0.5019607843137255 0.5019607843137255 0.0
            specularColor 0.25098039215686274 0.25098039215686274 0.0
            ambientIntensity 0.4447
            transparency 0.0
            shininess 0.5
        }
    }
    geometry IndexedFaceSet {
        ccw TRUE
        solid FALSE
        coord DEF co Coordinate {
            point [
                7.5787 -0.3543 -0.0707, 7.3819 -0.3543 -0.0707, 7.5787 -0.3201 0.0, 7.3819 -0.3201 0.0, 7.5787 -0.2927 0.0565, 7.3819 -0.2927 0.0565, 7.5787 -0.2756 0.0917, 7.3819 -0.2756 0.0917, 7.3819 -0.3543 -0.9842, 7.3819 -0.4331 -0.9842, 7.3819 -0.4331 -0.0526, 7.3819 -0.4076 0.0, 7.5787 -0.4076 0.0, 7.5787 -0.4331 -0.0526, 7.5787 -0.3543 -0.9842, 7.5787 -0.4331 -0.9842, 7.4606 -0.3543 -1.063, 7.5 -0.3543 -1.063, 7.5 -0.4331 -1.063, 7.4606 -0.4331 -1.063
            ]
        }
        coordIndex [
            0,1,2,-1,2,1,3,-1,2,3,4,-1,4,3,5,-1,4,5,6,-1,6,5,7,-1,8,9,1,-1,1,9,10,-1,1,10,3,-1,3,10,11,-1,2,12,0,-1,0,12,13,-1,0,13,14,-1,14,13,15,-1,8,1,16,-1,16,1,0,-1,16,0,17,-1,17,0,14,-1,18,19,17,-1,17,19,16,-1,18,15,19,-1,19,15,13,-1,19,13,9,-1,9,13,10,-1,
        ]
    }
}
Shape{
    appearance Appearance {
        material  Material 	{
            diffuseColor 0.7529411764705882 0.7529411764705882 0.7529411764705882
            specularColor 0.3764705882352941 0.3764705882352941 0.3764705882352941
            ambientIntensity 0.7529
            transparency 0.0
            shininess 0.5
        }
    }
    geometry IndexedFaceSet {
        ccw TRUE
        solid FALSE
        coord DEF co Coordinate {
            point [
                7.5787 -0.3129 0.1953, 7.3819 -0.3129 0.1953, 7.5787 -0.4076 0.0, 7.3819 -0.4076 0.0, 7.5787 -0.4331 -0.0526, 7.3819 -0.4331 -0.0526
            ]
        }
        coordIndex [
            0,1,2,-1,2,1,3,-1,2,3,4,-1,4,3,5,-1,
        ]
    }
}
Shape{
    appearance Appearance {
        material  Material 	{
            diffuseColor 0.5019607843137255 0.5019607843137255 0.0
            specularColor 0.25098039215686274 0.25098039215686274 0.0
            ambientIntensity 0.4447
            transparency 0.0
            shininess 0.5
        }
    }
    geometry IndexedFaceSet {
        ccw TRUE
        solid FALSE
        coord DEF co Coordinate {
            point [
                7.5787 0.2756 0.0917, 7.3819 0.2756 0.0917, 7.5787 0.2927 0.0565, 7.3819 0.2927 0.0565, 7.5787 0.3201 0.0, 7.3819 0.3201 0.0, 7.5787 0.3543 -0.0707, 7.3819 0.3543 -0.0707
            ]
        }
        coordIndex [
            0,1,2,-1,2,1,3,-1,2,3,4,-1,4,3,5,-1,4,5,6,-1,6,5,7,-1,
        ]
    }
}
Shape{
    appearance Appearance {
        material  Material 	{
            diffuseColor 0.7529411764705882 0.7529411764705882 0.7529411764705882
            specularColor 0.3764705882352941 0.3764705882352941 0.3764705882352941
            ambientIntensity 0.7529
            transparency 0.0
            shininess 0.5
        }
    }
    geometry IndexedFaceSet {
        ccw TRUE
        solid FALSE
        coord DEF co Coordinate {
            point [
                7.5787 0.3129 0.1953, 7.3819 0.3129 0.1953, 7.5787 0.2927 0.1953, 7.3819 0.2927 0.1953, 7.5787 0.2756 0.1953, 7.3819 0.2756 0.1953
            ]
        }
        coordIndex [
            0,1,2,-1,2,1,3,-1,2,3,4,-1,4,3,5,-1,
        ]
    }
}
Shape{
    appearance Appearance {
        material  Material 	{
            diffuseColor 0.5019607843137255 0.5019607843137255 0.0
            specularColor 0.25098039215686274 0.25098039215686274 0.0
            ambientIntensity 0.4447
            transparency 0.0
            shininess 0.5
        }
    }
    geometry IndexedFaceSet {
        ccw TRUE
        solid FALSE
        coord DEF co Coordinate {
            point [
                7.3819 0.2927 0.0565, 7.3819 0.2756 0.0917, 7.3819 0.2927 0.1953, 7.3819 0.2756 0.1953, 7.5787 0.2756 0.1953, 7.5787 0.2756 0.0917, 7.5787 0.2927 0.1953, 7.5787 0.2927 0.0565, 7.3819 0.4331 -0.9842, 7.3819 0.4331 -0.0526, 7.4606 0.4331 -1.063, 7.5787 0.4331 -0.0526, 7.5 0.4331 -1.063, 7.5787 0.4331 -0.9842, 7.4606 0.3543 -1.063, 7.5 0.3543 -1.063, 7.5787 0.3543 -0.9842, 7.5787 0.3543 -0.0707, 7.3819 0.3543 -0.9842, 7.3819 0.3543 -0.0707, 7.5787 0.4076 0.0, 7.3819 0.4076 0.0, 7.5787 0.3129 0.1953, 7.3819 0.3129 0.1953
            ]
        }
        coordIndex [
            0,1,2,-1,2,1,3,-1,4,5,6,-1,6,5,7,-1,8,9,10,-1,10,9,11,-1,10,11,12,-1,12,11,13,-1,10,12,14,-1,14,12,15,-1,15,16,14,-1,14,16,17,-1,14,17,18,-1,18,17,19,-1,11,9,20,-1,20,9,21,-1,20,21,22,-1,22,21,23,-1,
        ]
    }
}
Shape{
    appearance Appearance {
        material  Material 	{
            diffuseColor 0.7529411764705882 0.7529411764705882 0.7529411764705882
            specularColor 0.3764705882352941 0.3764705882352941 0.3764705882352941
            ambientIntensity 0.7529
            transparency 0.0
            shininess 0.5
        }
    }
    geometry IndexedFaceSet {
        ccw TRUE
        solid FALSE
        coord DEF co Coordinate {
            point [
                -6.5945 -0.2927 0.0565, -6.5945 -0.2927 0.0, -6.5945 -0.3201 0.0, -6.5945 -0.4076 0.0, -6.5945 -0.4861 0.0, -6.5945 -0.3129 0.1953, -6.5945 -0.4861 0.3937, -6.5945 -0.2927 0.1953, -6.5945 -0.2927 0.3937, -6.7913 -0.3201 0.0, -6.7913 -0.2927 0.0, -6.7913 -0.2927 0.0565, -6.7913 -0.2927 0.1953, -6.7913 -0.2927 0.3937, -6.7913 -0.3129 0.1953, -6.7913 -0.4861 0.3937, -6.7913 -0.4076 0.0, -6.7913 -0.4861 0.0, -6.5787 -0.2927 0.3937, -6.5787 -0.2927 0.0, -6.8071 -0.2927 0.3937, -6.8071 -0.2927 0.0, -6.8071 -0.5019 0.3937, -6.8071 -0.5019 0.0, -6.5787 -0.5019 0.3937, -6.5787 -0.5019 0.0, -6.7913 0.2927 0.0565, -6.7913 0.2927 0.0, -6.7913 0.3201 0.0, -6.7913 0.4076 0.0, -6.7913 0.4861 0.0, -6.7913 0.3129 0.1953, -6.7913 0.4861 0.3937, -6.7913 0.2927 0.1953, -6.7913 0.2927 0.3937, -6.5945 0.3201 0.0, -6.5945 0.2927 0.0, -6.5945 0.2927 0.0565, -6.5945 0.2927 0.1953, -6.5945 0.2927 0.3937, -6.5945 0.3129 0.1953, -6.5945 0.4861 0.3937, -6.5945 0.4076 0.0, -6.5945 0.4861 0.0, -6.8071 0.5019 0.3937, -6.5787 0.5019 0.3937, -6.8071 0.5019 0.0, -6.5787 0.5019 0.0, -6.8071 0.2927 0.3937, -6.8071 0.2927 0.0, -6.5787 0.2927 0.3937, -6.5787 0.2927 0.0, -5.8071 -0.2927 0.0565, -5.8071 -0.2927 0.0, -5.8071 -0.3201 0.0, -5.8071 -0.4076 0.0, -5.8071 -0.4861 0.0, -5.8071 -0.3129 0.1953, -5.8071 -0.4861 0.3937, -5.8071 -0.2927 0.1953, -5.8071 -0.2927 0.3937, -6.0039 -0.3201 0.0, -6.0039 -0.2927 0.0, -6.0039 -0.2927 0.0565, -6.0039 -0.2927 0.1953, -6.0039 -0.2927 0.3937, -6.0039 -0.3129 0.1953, -6.0039 -0.4861 0.3937, -6.0039 -0.4076 0.0, -6.0039 -0.4861 0.0, -5.7913 -0.2927 0.3937, -5.7913 -0.2927 0.0, -6.0197 -0.2927 0.3937, -6.0197 -0.2927 0.0, -6.0197 -0.5019 0.3937, -6.0197 -0.5019 0.0, -5.7913 -0.5019 0.3937, -5.7913 -0.5019 0.0, -6.0039 0.2927 0.0565, -6.0039 0.2927 0.0, -6.0039 0.3201 0.0, -6.0039 0.4076 0.0, -6.0039 0.4861 0.0, -6.0039 0.3129 0.1953, -6.0039 0.4861 0.3937, -6.0039 0.2927 0.1953, -6.0039 0.2927 0.3937, -5.8071 0.3201 0.0, -5.8071 0.2927 0.0, -5.8071 0.2927 0.0565, -5.8071 0.2927 0.1953, -5.8071 0.2927 0.3937, -5.8071 0.3129 0.1953, -5.8071 0.4861 0.3937, -5.8071 0.4076 0.0, -5.8071 0.4861 0.0, -6.0197 0.5019 0.3937, -5.7913 0.5019 0.3937, -6.0197 0.5019 0.0, -5.7913 0.5019 0.0, -6.0197 0.2927 0.3937, -6.0197 0.2927 0.0, -5.7913 0.2927 0.3937, -5.7913 0.2927 0.0, -5.0197 -0.2927 0.0565, -5.0197 -0.2927 0.0, -5.0197 -0.3201 0.0, -5.0197 -0.4076 0.0, -5.0197 -0.4861 0.0, -5.0197 -0.3129 0.1953, -5.0197 -0.4861 0.3937, -5.0197 -0.2927 0.1953, -5.0197 -0.2927 0.3937, -5.2165 -0.3201 0.0, -5.2165 -0.2927 0.0, -5.2165 -0.2927 0.0565, -5.2165 -0.2927 0.1953, -5.2165 -0.2927 0.3937, -5.2165 -0.3129 0.1953, -5.2165 -0.4861 0.3937, -5.2165 -0.4076 0.0, -5.2165 -0.4861 0.0, -5.0039 -0.2927 0.3937, -5.0039 -0.2927 0.0, -5.2323 -0.2927 0.3937, -5.2323 -0.2927 0.0, -5.2323 -0.5019 0.3937, -5.2323 -0.5019 0.0, -5.0039 -0.5019 0.3937, -5.0039 -0.5019 0.0, -5.2165 0.2927 0.0565, -5.2165 0.2927 0.0, -5.2165 0.3201 0.0, -5.2165 0.4076 0.0, -5.2165 0.4861 0.0, -5.2165 0.3129 0.1953, -5.2165 0.4861 0.3937, -5.2165 0.2927 0.1953, -5.2165 0.2927 0.3937, -5.0197 0.3201 0.0, -5.0197 0.2927 0.0, -5.0197 0.2927 0.0565, -5.0197 0.2927 0.1953, -5.0197 0.2927 0.3937, -5.0197 0.3129 0.1953, -5.0197 0.4861 0.3937, -5.0197 0.4076 0.0, -5.0197 0.4861 0.0, -5.2323 0.5019 0.3937, -5.0039 0.5019 0.3937, -5.2323 0.5019 0.0, -5.0039 0.5019 0.0, -5.2323 0.2927 0.3937, -5.2323 0.2927 0.0, -5.0039 0.2927 0.3937, -5.0039 0.2927 0.0, -4.2323 -0.2927 0.0565, -4.2323 -0.2927 0.0, -4.2323 -0.3201 0.0, -4.2323 -0.4076 0.0, -4.2323 -0.4861 0.0, -4.2323 -0.3129 0.1953, -4.2323 -0.4861 0.3937, -4.2323 -0.2927 0.1953, -4.2323 -0.2927 0.3937, -4.4291 -0.3201 0.0, -4.4291 -0.2927 0.0, -4.4291 -0.2927 0.0565, -4.4291 -0.2927 0.1953, -4.4291 -0.2927 0.3937, -4.4291 -0.3129 0.1953, -4.4291 -0.4861 0.3937, -4.4291 -0.4076 0.0, -4.4291 -0.4861 0.0, -4.2165 -0.2927 0.3937, -4.2165 -0.2927 0.0, -4.4449 -0.2927 0.3937, -4.4449 -0.2927 0.0, -4.4449 -0.5019 0.3937, -4.4449 -0.5019 0.0, -4.2165 -0.5019 0.3937, -4.2165 -0.5019 0.0, -4.4291 0.2927 0.0565, -4.4291 0.2927 0.0, -4.4291 0.3201 0.0, -4.4291 0.4076 0.0, -4.4291 0.4861 0.0, -4.4291 0.3129 0.1953, -4.4291 0.4861 0.3937, -4.4291 0.2927 0.1953, -4.4291 0.2927 0.3937, -4.2323 0.3201 0.0, -4.2323 0.2927 0.0, -4.2323 0.2927 0.0565, -4.2323 0.2927 0.1953, -4.2323 0.2927 0.3937, -4.2323 0.3129 0.1953, -4.2323 0.4861 0.3937, -4.2323 0.4076 0.0, -4.2323 0.4861 0.0, -4.4449 0.5019 0.3937, -4.2165 0.5019 0.3937, -4.4449 0.5019 0.0, -4.2165 0.5019 0.0, -4.4449 0.2927 0.3937, -4.4449 0.2927 0.0, -4.2165 0.2927 0.3937, -4.2165 0.2927 0.0, -3.4449 -0.2927 0.0565, -3.4449 -0.2927 0.0, -3.4449 -0.3201 0.0, -3.4449 -0.4076 0.0, -3.4449 -0.4861 0.0, -3.4449 -0.3129 0.1953, -3.4449 -0.4861 0.3937, -3.4449 -0.2927 0.1953, -3.4449 -0.2927 0.3937, -3.6417 -0.3201 0.0, -3.6417 -0.2927 0.0, -3.6417 -0.2927 0.0565, -3.6417 -0.2927 0.1953, -3.6417 -0.2927 0.3937, -3.6417 -0.3129 0.1953, -3.6417 -0.4861 0.3937, -3.6417 -0.4076 0.0, -3.6417 -0.4861 0.0, -3.4291 -0.2927 0.3937, -3.4291 -0.2927 0.0, -3.6575 -0.2927 0.3937, -3.6575 -0.2927 0.0, -3.6575 -0.5019 0.3937, -3.6575 -0.5019 0.0, -3.4291 -0.5019 0.3937, -3.4291 -0.5019 0.0, -3.6417 0.2927 0.0565, -3.6417 0.2927 0.0, -3.6417 0.3201 0.0, -3.6417 0.4076 0.0, -3.6417 0.4861 0.0, -3.6417 0.3129 0.1953, -3.6417 0.4861 0.3937, -3.6417 0.2927 0.1953, -3.6417 0.2927 0.3937, -3.4449 0.3201 0.0, -3.4449 0.2927 0.0, -3.4449 0.2927 0.0565, -3.4449 0.2927 0.1953, -3.4449 0.2927 0.3937, -3.4449 0.3129 0.1953, -3.4449 0.4861 0.3937, -3.4449 0.4076 0.0, -3.4449 0.4861 0.0, -3.6575 0.5019 0.3937, -3.4291 0.5019 0.3937, -3.6575 0.5019 0.0, -3.4291 0.5019 0.0, -3.6575 0.2927 0.3937, -3.6575 0.2927 0.0, -3.4291 0.2927 0.3937, -3.4291 0.2927 0.0, -2.6575 -0.2927 0.0565, -2.6575 -0.2927 0.0, -2.6575 -0.3201 0.0, -2.6575 -0.4076 0.0, -2.6575 -0.4861 0.0, -2.6575 -0.3129 0.1953, -2.6575 -0.4861 0.3937, -2.6575 -0.2927 0.1953, -2.6575 -0.2927 0.3937, -2.8543 -0.3201 0.0, -2.8543 -0.2927 0.0, -2.8543 -0.2927 0.0565, -2.8543 -0.2927 0.1953, -2.8543 -0.2927 0.3937, -2.8543 -0.3129 0.1953, -2.8543 -0.4861 0.3937, -2.8543 -0.4076 0.0, -2.8543 -0.4861 0.0, -2.6417 -0.2927 0.3937, -2.6417 -0.2927 0.0, -2.8701 -0.2927 0.3937, -2.8701 -0.2927 0.0, -2.8701 -0.5019 0.3937, -2.8701 -0.5019 0.0, -2.6417 -0.5019 0.3937, -2.6417 -0.5019 0.0, -2.8543 0.2927 0.0565, -2.8543 0.2927 0.0, -2.8543 0.3201 0.0, -2.8543 0.4076 0.0, -2.8543 0.4861 0.0, -2.8543 0.3129 0.1953, -2.8543 0.4861 0.3937, -2.8543 0.2927 0.1953, -2.8543 0.2927 0.3937, -2.6575 0.3201 0.0, -2.6575 0.2927 0.0, -2.6575 0.2927 0.0565, -2.6575 0.2927 0.1953, -2.6575 0.2927 0.3937, -2.6575 0.3129 0.1953, -2.6575 0.4861 0.3937, -2.6575 0.4076 0.0, -2.6575 0.4861 0.0, -2.8701 0.5019 0.3937, -2.6417 0.5019 0.3937, -2.8701 0.5019 0.0, -2.6417 0.5019 0.0, -2.8701 0.2927 0.3937, -2.8701 0.2927 0.0, -2.6417 0.2927 0.3937, -2.6417 0.2927 0.0, -1.8701 -0.2927 0.0565, -1.8701 -0.2927 0.0, -1.8701 -0.3201 0.0, -1.8701 -0.4076 0.0, -1.8701 -0.4861 0.0, -1.8701 -0.3129 0.1953, -1.8701 -0.4861 0.3937, -1.8701 -0.2927 0.1953, -1.8701 -0.2927 0.3937, -2.0669 -0.3201 0.0, -2.0669 -0.2927 0.0, -2.0669 -0.2927 0.0565, -2.0669 -0.2927 0.1953, -2.0669 -0.2927 0.3937, -2.0669 -0.3129 0.1953, -2.0669 -0.4861 0.3937, -2.0669 -0.4076 0.0, -2.0669 -0.4861 0.0, -1.8543 -0.2927 0.3937, -1.8543 -0.2927 0.0, -2.0827 -0.2927 0.3937, -2.0827 -0.2927 0.0, -2.0827 -0.5019 0.3937, -2.0827 -0.5019 0.0, -1.8543 -0.5019 0.3937, -1.8543 -0.5019 0.0, -2.0669 0.2927 0.0565, -2.0669 0.2927 0.0, -2.0669 0.3201 0.0, -2.0669 0.4076 0.0, -2.0669 0.4861 0.0, -2.0669 0.3129 0.1953, -2.0669 0.4861 0.3937, -2.0669 0.2927 0.1953, -2.0669 0.2927 0.3937, -1.8701 0.3201 0.0, -1.8701 0.2927 0.0, -1.8701 0.2927 0.0565, -1.8701 0.2927 0.1953, -1.8701 0.2927 0.3937, -1.8701 0.3129 0.1953, -1.8701 0.4861 0.3937, -1.8701 0.4076 0.0, -1.8701 0.4861 0.0, -2.0827 0.5019 0.3937, -1.8543 0.5019 0.3937, -2.0827 0.5019 0.0, -1.8543 0.5019 0.0, -2.0827 0.2927 0.3937, -2.0827 0.2927 0.0, -1.8543 0.2927 0.3937, -1.8543 0.2927 0.0, -1.0827 -0.2927 0.0565, -1.0827 -0.2927 0.0, -1.0827 -0.3201 0.0, -1.0827 -0.4076 0.0, -1.0827 -0.4861 0.0, -1.0827 -0.3129 0.1953, -1.0827 -0.4861 0.3937, -1.0827 -0.2927 0.1953, -1.0827 -0.2927 0.3937, -1.2795 -0.3201 0.0, -1.2795 -0.2927 0.0, -1.2795 -0.2927 0.0565, -1.2795 -0.2927 0.1953, -1.2795 -0.2927 0.3937, -1.2795 -0.3129 0.1953, -1.2795 -0.4861 0.3937, -1.2795 -0.4076 0.0, -1.2795 -0.4861 0.0, -1.0669 -0.2927 0.3937, -1.0669 -0.2927 0.0, -1.2953 -0.2927 0.3937, -1.2953 -0.2927 0.0, -1.2953 -0.5019 0.3937, -1.2953 -0.5019 0.0, -1.0669 -0.5019 0.3937, -1.0669 -0.5019 0.0, -1.2795 0.2927 0.0565, -1.2795 0.2927 0.0, -1.2795 0.3201 0.0, -1.2795 0.4076 0.0, -1.2795 0.4861 0.0, -1.2795 0.3129 0.1953, -1.2795 0.4861 0.3937, -1.2795 0.2927 0.1953, -1.2795 0.2927 0.3937, -1.0827 0.3201 0.0, -1.0827 0.2927 0.0, -1.0827 0.2927 0.0565, -1.0827 0.2927 0.1953, -1.0827 0.2927 0.3937, -1.0827 0.3129 0.1953, -1.0827 0.4861 0.3937, -1.0827 0.4076 0.0, -1.0827 0.4861 0.0, -1.2953 0.5019 0.3937, -1.0669 0.5019 0.3937, -1.2953 0.5019 0.0, -1.0669 0.5019 0.0, -1.2953 0.2927 0.3937, -1.2953 0.2927 0.0, -1.0669 0.2927 0.3937, -1.0669 0.2927 0.0, -0.2953 -0.2927 0.0565, -0.2953 -0.2927 0.0, -0.2953 -0.3201 0.0, -0.2953 -0.4076 0.0, -0.2953 -0.4861 0.0, -0.2953 -0.3129 0.1953, -0.2953 -0.4861 0.3937, -0.2953 -0.2927 0.1953, -0.2953 -0.2927 0.3937, -0.4921 -0.3201 0.0, -0.4921 -0.2927 0.0, -0.4921 -0.2927 0.0565, -0.4921 -0.2927 0.1953, -0.4921 -0.2927 0.3937, -0.4921 -0.3129 0.1953, -0.4921 -0.4861 0.3937, -0.4921 -0.4076 0.0, -0.4921 -0.4861 0.0, -0.2795 -0.2927 0.3937, -0.2795 -0.2927 0.0, -0.5079 -0.2927 0.3937, -0.5079 -0.2927 0.0, -0.5079 -0.5019 0.3937, -0.5079 -0.5019 0.0, -0.2795 -0.5019 0.3937, -0.2795 -0.5019 0.0, -0.4921 0.2927 0.0565, -0.4921 0.2927 0.0, -0.4921 0.3201 0.0, -0.4921 0.4076 0.0, -0.4921 0.4861 0.0, -0.4921 0.3129 0.1953, -0.4921 0.4861 0.3937, -0.4921 0.2927 0.1953, -0.4921 0.2927 0.3937, -0.2953 0.3201 0.0, -0.2953 0.2927 0.0, -0.2953 0.2927 0.0565, -0.2953 0.2927 0.1953, -0.2953 0.2927 0.3937, -0.2953 0.3129 0.1953, -0.2953 0.4861 0.3937, -0.2953 0.4076 0.0, -0.2953 0.4861 0.0, -0.5079 0.5019 0.3937, -0.2795 0.5019 0.3937, -0.5079 0.5019 0.0, -0.2795 0.5019 0.0, -0.5079 0.2927 0.3937, -0.5079 0.2927 0.0, -0.2795 0.2927 0.3937, -0.2795 0.2927 0.0, 0.4921 -0.2927 0.0565, 0.4921 -0.2927 0.0, 0.4921 -0.3201 0.0, 0.4921 -0.4076 0.0, 0.4921 -0.4861 0.0, 0.4921 -0.3129 0.1953, 0.4921 -0.4861 0.3937, 0.4921 -0.2927 0.1953, 0.4921 -0.2927 0.3937, 0.2953 -0.3201 0.0, 0.2953 -0.2927 0.0, 0.2953 -0.2927 0.0565, 0.2953 -0.2927 0.1953, 0.2953 -0.2927 0.3937, 0.2953 -0.3129 0.1953, 0.2953 -0.4861 0.3937, 0.2953 -0.4076 0.0, 0.2953 -0.4861 0.0, 0.5079 -0.2927 0.3937, 0.5079 -0.2927 0.0, 0.2795 -0.2927 0.3937, 0.2795 -0.2927 0.0, 0.2795 -0.5019 0.3937, 0.2795 -0.5019 0.0, 0.5079 -0.5019 0.3937, 0.5079 -0.5019 0.0, 0.2953 0.2927 0.0565, 0.2953 0.2927 0.0, 0.2953 0.3201 0.0, 0.2953 0.4076 0.0, 0.2953 0.4861 0.0, 0.2953 0.3129 0.1953, 0.2953 0.4861 0.3937, 0.2953 0.2927 0.1953, 0.2953 0.2927 0.3937, 0.4921 0.3201 0.0, 0.4921 0.2927 0.0, 0.4921 0.2927 0.0565, 0.4921 0.2927 0.1953, 0.4921 0.2927 0.3937, 0.4921 0.3129 0.1953, 0.4921 0.4861 0.3937, 0.4921 0.4076 0.0, 0.4921 0.4861 0.0, 0.2795 0.5019 0.3937, 0.5079 0.5019 0.3937, 0.2795 0.5019 0.0, 0.5079 0.5019 0.0, 0.2795 0.2927 0.3937, 0.2795 0.2927 0.0, 0.5079 0.2927 0.3937, 0.5079 0.2927 0.0, 1.2795 -0.2927 0.0565, 1.2795 -0.2927 0.0, 1.2795 -0.3201 0.0, 1.2795 -0.4076 0.0, 1.2795 -0.4861 0.0, 1.2795 -0.3129 0.1953, 1.2795 -0.4861 0.3937, 1.2795 -0.2927 0.1953, 1.2795 -0.2927 0.3937, 1.0827 -0.3201 0.0, 1.0827 -0.2927 0.0, 1.0827 -0.2927 0.0565, 1.0827 -0.2927 0.1953, 1.0827 -0.2927 0.3937, 1.0827 -0.3129 0.1953, 1.0827 -0.4861 0.3937, 1.0827 -0.4076 0.0, 1.0827 -0.4861 0.0, 1.2953 -0.2927 0.3937, 1.2953 -0.2927 0.0, 1.0669 -0.2927 0.3937, 1.0669 -0.2927 0.0, 1.0669 -0.5019 0.3937, 1.0669 -0.5019 0.0, 1.2953 -0.5019 0.3937, 1.2953 -0.5019 0.0, 1.0827 0.2927 0.0565, 1.0827 0.2927 0.0, 1.0827 0.3201 0.0, 1.0827 0.4076 0.0, 1.0827 0.4861 0.0, 1.0827 0.3129 0.1953, 1.0827 0.4861 0.3937, 1.0827 0.2927 0.1953, 1.0827 0.2927 0.3937, 1.2795 0.3201 0.0, 1.2795 0.2927 0.0, 1.2795 0.2927 0.0565, 1.2795 0.2927 0.1953, 1.2795 0.2927 0.3937, 1.2795 0.3129 0.1953, 1.2795 0.4861 0.3937, 1.2795 0.4076 0.0, 1.2795 0.4861 0.0, 1.0669 0.5019 0.3937, 1.2953 0.5019 0.3937, 1.0669 0.5019 0.0, 1.2953 0.5019 0.0, 1.0669 0.2927 0.3937, 1.0669 0.2927 0.0, 1.2953 0.2927 0.3937, 1.2953 0.2927 0.0, 2.0669 -0.2927 0.0565, 2.0669 -0.2927 0.0, 2.0669 -0.3201 0.0, 2.0669 -0.4076 0.0, 2.0669 -0.4861 0.0, 2.0669 -0.3129 0.1953, 2.0669 -0.4861 0.3937, 2.0669 -0.2927 0.1953, 2.0669 -0.2927 0.3937, 1.8701 -0.3201 0.0, 1.8701 -0.2927 0.0, 1.8701 -0.2927 0.0565, 1.8701 -0.2927 0.1953, 1.8701 -0.2927 0.3937, 1.8701 -0.3129 0.1953, 1.8701 -0.4861 0.3937, 1.8701 -0.4076 0.0, 1.8701 -0.4861 0.0, 2.0827 -0.2927 0.3937, 2.0827 -0.2927 0.0, 1.8543 -0.2927 0.3937, 1.8543 -0.2927 0.0, 1.8543 -0.5019 0.3937, 1.8543 -0.5019 0.0, 2.0827 -0.5019 0.3937, 2.0827 -0.5019 0.0, 1.8701 0.2927 0.0565, 1.8701 0.2927 0.0, 1.8701 0.3201 0.0, 1.8701 0.4076 0.0, 1.8701 0.4861 0.0, 1.8701 0.3129 0.1953, 1.8701 0.4861 0.3937, 1.8701 0.2927 0.1953, 1.8701 0.2927 0.3937, 2.0669 0.3201 0.0, 2.0669 0.2927 0.0, 2.0669 0.2927 0.0565, 2.0669 0.2927 0.1953, 2.0669 0.2927 0.3937, 2.0669 0.3129 0.1953, 2.0669 0.4861 0.3937, 2.0669 0.4076 0.0, 2.0669 0.4861 0.0, 1.8543 0.5019 0.3937, 2.0827 0.5019 0.3937, 1.8543 0.5019 0.0, 2.0827 0.5019 0.0, 1.8543 0.2927 0.3937, 1.8543 0.2927 0.0, 2.0827 0.2927 0.3937, 2.0827 0.2927 0.0, 2.8543 -0.2927 0.0565, 2.8543 -0.2927 0.0, 2.8543 -0.3201 0.0, 2.8543 -0.4076 0.0, 2.8543 -0.4861 0.0, 2.8543 -0.3129 0.1953, 2.8543 -0.4861 0.3937, 2.8543 -0.2927 0.1953, 2.8543 -0.2927 0.3937, 2.6575 -0.3201 0.0, 2.6575 -0.2927 0.0, 2.6575 -0.2927 0.0565, 2.6575 -0.2927 0.1953, 2.6575 -0.2927 0.3937, 2.6575 -0.3129 0.1953, 2.6575 -0.4861 0.3937, 2.6575 -0.4076 0.0, 2.6575 -0.4861 0.0, 2.8701 -0.2927 0.3937, 2.8701 -0.2927 0.0, 2.6417 -0.2927 0.3937, 2.6417 -0.2927 0.0, 2.6417 -0.5019 0.3937, 2.6417 -0.5019 0.0, 2.8701 -0.5019 0.3937, 2.8701 -0.5019 0.0, 2.6575 0.2927 0.0565, 2.6575 0.2927 0.0, 2.6575 0.3201 0.0, 2.6575 0.4076 0.0, 2.6575 0.4861 0.0, 2.6575 0.3129 0.1953, 2.6575 0.4861 0.3937, 2.6575 0.2927 0.1953, 2.6575 0.2927 0.3937, 2.8543 0.3201 0.0, 2.8543 0.2927 0.0, 2.8543 0.2927 0.0565, 2.8543 0.2927 0.1953, 2.8543 0.2927 0.3937, 2.8543 0.3129 0.1953, 2.8543 0.4861 0.3937, 2.8543 0.4076 0.0, 2.8543 0.4861 0.0, 2.6417 0.5019 0.3937, 2.8701 0.5019 0.3937, 2.6417 0.5019 0.0, 2.8701 0.5019 0.0, 2.6417 0.2927 0.3937, 2.6417 0.2927 0.0, 2.8701 0.2927 0.3937, 2.8701 0.2927 0.0, 3.6417 -0.2927 0.0565, 3.6417 -0.2927 0.0, 3.6417 -0.3201 0.0, 3.6417 -0.4076 0.0, 3.6417 -0.4861 0.0, 3.6417 -0.3129 0.1953, 3.6417 -0.4861 0.3937, 3.6417 -0.2927 0.1953, 3.6417 -0.2927 0.3937, 3.4449 -0.3201 0.0, 3.4449 -0.2927 0.0, 3.4449 -0.2927 0.0565, 3.4449 -0.2927 0.1953, 3.4449 -0.2927 0.3937, 3.4449 -0.3129 0.1953, 3.4449 -0.4861 0.3937, 3.4449 -0.4076 0.0, 3.4449 -0.4861 0.0, 3.6575 -0.2927 0.3937, 3.6575 -0.2927 0.0, 3.4291 -0.2927 0.3937, 3.4291 -0.2927 0.0, 3.4291 -0.5019 0.3937, 3.4291 -0.5019 0.0, 3.6575 -0.5019 0.3937, 3.6575 -0.5019 0.0, 3.4449 0.2927 0.0565, 3.4449 0.2927 0.0, 3.4449 0.3201 0.0, 3.4449 0.4076 0.0, 3.4449 0.4861 0.0, 3.4449 0.3129 0.1953, 3.4449 0.4861 0.3937, 3.4449 0.2927 0.1953, 3.4449 0.2927 0.3937, 3.6417 0.3201 0.0, 3.6417 0.2927 0.0, 3.6417 0.2927 0.0565, 3.6417 0.2927 0.1953, 3.6417 0.2927 0.3937, 3.6417 0.3129 0.1953, 3.6417 0.4861 0.3937, 3.6417 0.4076 0.0, 3.6417 0.4861 0.0, 3.4291 0.5019 0.3937, 3.6575 0.5019 0.3937, 3.4291 0.5019 0.0, 3.6575 0.5019 0.0, 3.4291 0.2927 0.3937, 3.4291 0.2927 0.0, 3.6575 0.2927 0.3937, 3.6575 0.2927 0.0, 4.4291 -0.2927 0.0565, 4.4291 -0.2927 0.0, 4.4291 -0.3201 0.0, 4.4291 -0.4076 0.0, 4.4291 -0.4861 0.0, 4.4291 -0.3129 0.1953, 4.4291 -0.4861 0.3937, 4.4291 -0.2927 0.1953, 4.4291 -0.2927 0.3937, 4.2323 -0.3201 0.0, 4.2323 -0.2927 0.0, 4.2323 -0.2927 0.0565, 4.2323 -0.2927 0.1953, 4.2323 -0.2927 0.3937, 4.2323 -0.3129 0.1953, 4.2323 -0.4861 0.3937, 4.2323 -0.4076 0.0, 4.2323 -0.4861 0.0, 4.4449 -0.2927 0.3937, 4.4449 -0.2927 0.0, 4.2165 -0.2927 0.3937, 4.2165 -0.2927 0.0, 4.2165 -0.5019 0.3937, 4.2165 -0.5019 0.0, 4.4449 -0.5019 0.3937, 4.4449 -0.5019 0.0, 4.2323 0.2927 0.0565, 4.2323 0.2927 0.0, 4.2323 0.3201 0.0, 4.2323 0.4076 0.0, 4.2323 0.4861 0.0, 4.2323 0.3129 0.1953, 4.2323 0.4861 0.3937, 4.2323 0.2927 0.1953, 4.2323 0.2927 0.3937, 4.4291 0.3201 0.0, 4.4291 0.2927 0.0, 4.4291 0.2927 0.0565, 4.4291 0.2927 0.1953, 4.4291 0.2927 0.3937, 4.4291 0.3129 0.1953, 4.4291 0.4861 0.3937, 4.4291 0.4076 0.0, 4.4291 0.4861 0.0, 4.2165 0.5019 0.3937, 4.4449 0.5019 0.3937, 4.2165 0.5019 0.0, 4.4449 0.5019 0.0, 4.2165 0.2927 0.3937, 4.2165 0.2927 0.0, 4.4449 0.2927 0.3937, 4.4449 0.2927 0.0, 5.2165 -0.2927 0.0565, 5.2165 -0.2927 0.0, 5.2165 -0.3201 0.0, 5.2165 -0.4076 0.0, 5.2165 -0.4861 0.0, 5.2165 -0.3129 0.1953, 5.2165 -0.4861 0.3937, 5.2165 -0.2927 0.1953, 5.2165 -0.2927 0.3937, 5.0197 -0.3201 0.0, 5.0197 -0.2927 0.0, 5.0197 -0.2927 0.0565, 5.0197 -0.2927 0.1953, 5.0197 -0.2927 0.3937, 5.0197 -0.3129 0.1953, 5.0197 -0.4861 0.3937, 5.0197 -0.4076 0.0, 5.0197 -0.4861 0.0, 5.2323 -0.2927 0.3937, 5.2323 -0.2927 0.0, 5.0039 -0.2927 0.3937, 5.0039 -0.2927 0.0, 5.0039 -0.5019 0.3937, 5.0039 -0.5019 0.0, 5.2323 -0.5019 0.3937, 5.2323 -0.5019 0.0, 5.0197 0.2927 0.0565, 5.0197 0.2927 0.0, 5.0197 0.3201 0.0, 5.0197 0.4076 0.0, 5.0197 0.4861 0.0, 5.0197 0.3129 0.1953, 5.0197 0.4861 0.3937, 5.0197 0.2927 0.1953, 5.0197 0.2927 0.3937, 5.2165 0.3201 0.0, 5.2165 0.2927 0.0, 5.2165 0.2927 0.0565, 5.2165 0.2927 0.1953, 5.2165 0.2927 0.3937, 5.2165 0.3129 0.1953, 5.2165 0.4861 0.3937, 5.2165 0.4076 0.0, 5.2165 0.4861 0.0, 5.0039 0.5019 0.3937, 5.2323 0.5019 0.3937, 5.0039 0.5019 0.0, 5.2323 0.5019 0.0, 5.0039 0.2927 0.3937, 5.0039 0.2927 0.0, 5.2323 0.2927 0.3937, 5.2323 0.2927 0.0, 6.0039 -0.2927 0.0565, 6.0039 -0.2927 0.0, 6.0039 -0.3201 0.0, 6.0039 -0.4076 0.0, 6.0039 -0.4861 0.0, 6.0039 -0.3129 0.1953, 6.0039 -0.4861 0.3937, 6.0039 -0.2927 0.1953, 6.0039 -0.2927 0.3937, 5.8071 -0.3201 0.0, 5.8071 -0.2927 0.0, 5.8071 -0.2927 0.0565, 5.8071 -0.2927 0.1953, 5.8071 -0.2927 0.3937, 5.8071 -0.3129 0.1953, 5.8071 -0.4861 0.3937, 5.8071 -0.4076 0.0, 5.8071 -0.4861 0.0, 6.0197 -0.2927 0.3937, 6.0197 -0.2927 0.0, 5.7913 -0.2927 0.3937, 5.7913 -0.2927 0.0, 5.7913 -0.5019 0.3937, 5.7913 -0.5019 0.0, 6.0197 -0.5019 0.3937, 6.0197 -0.5019 0.0, 5.8071 0.2927 0.0565, 5.8071 0.2927 0.0, 5.8071 0.3201 0.0, 5.8071 0.4076 0.0, 5.8071 0.4861 0.0, 5.8071 0.3129 0.1953, 5.8071 0.4861 0.3937, 5.8071 0.2927 0.1953, 5.8071 0.2927 0.3937, 6.0039 0.3201 0.0, 6.0039 0.2927 0.0, 6.0039 0.2927 0.0565, 6.0039 0.2927 0.1953, 6.0039 0.2927 0.3937, 6.0039 0.3129 0.1953, 6.0039 0.4861 0.3937, 6.0039 0.4076 0.0, 6.0039 0.4861 0.0, 5.7913 0.5019 0.3937, 6.0197 0.5019 0.3937, 5.7913 0.5019 0.0, 6.0197 0.5019 0.0, 5.7913 0.2927 0.3937, 5.7913 0.2927 0.0, 6.0197 0.2927 0.3937, 6.0197 0.2927 0.0, 6.7913 -0.2927 0.0565, 6.7913 -0.2927 0.0, 6.7913 -0.3201 0.0, 6.7913 -0.4076 0.0, 6.7913 -0.4861 0.0, 6.7913 -0.3129 0.1953, 6.7913 -0.4861 0.3937, 6.7913 -0.2927 0.1953, 6.7913 -0.2927 0.3937, 6.5945 -0.3201 0.0, 6.5945 -0.2927 0.0, 6.5945 -0.2927 0.0565, 6.5945 -0.2927 0.1953, 6.5945 -0.2927 0.3937, 6.5945 -0.3129 0.1953, 6.5945 -0.4861 0.3937, 6.5945 -0.4076 0.0, 6.5945 -0.4861 0.0, 6.8071 -0.2927 0.3937, 6.8071 -0.2927 0.0, 6.5787 -0.2927 0.3937, 6.5787 -0.2927 0.0, 6.5787 -0.5019 0.3937, 6.5787 -0.5019 0.0, 6.8071 -0.5019 0.3937, 6.8071 -0.5019 0.0, 6.5945 0.2927 0.0565, 6.5945 0.2927 0.0, 6.5945 0.3201 0.0, 6.5945 0.4076 0.0, 6.5945 0.4861 0.0, 6.5945 0.3129 0.1953, 6.5945 0.4861 0.3937, 6.5945 0.2927 0.1953, 6.5945 0.2927 0.3937, 6.7913 0.3201 0.0, 6.7913 0.2927 0.0, 6.7913 0.2927 0.0565, 6.7913 0.2927 0.1953, 6.7913 0.2927 0.3937, 6.7913 0.3129 0.1953, 6.7913 0.4861 0.3937, 6.7913 0.4076 0.0, 6.7913 0.4861 0.0, 6.5787 0.5019 0.3937, 6.8071 0.5019 0.3937, 6.5787 0.5019 0.0, 6.8071 0.5019 0.0, 6.5787 0.2927 0.3937, 6.5787 0.2927 0.0, 6.8071 0.2927 0.3937, 6.8071 0.2927 0.0, 7.5787 -0.2927 0.0565, 7.5787 -0.2927 0.0, 7.5787 -0.3201 0.0, 7.5787 -0.4076 0.0, 7.5787 -0.4861 0.0, 7.5787 -0.3129 0.1953, 7.5787 -0.4861 0.3937, 7.5787 -0.2927 0.1953, 7.5787 -0.2927 0.3937, 7.3819 -0.3201 0.0, 7.3819 -0.2927 0.0, 7.3819 -0.2927 0.0565, 7.3819 -0.2927 0.1953, 7.3819 -0.2927 0.3937, 7.3819 -0.3129 0.1953, 7.3819 -0.4861 0.3937, 7.3819 -0.4076 0.0, 7.3819 -0.4861 0.0, 7.5945 -0.2927 0.3937, 7.5945 -0.2927 0.0, 7.3661 -0.2927 0.3937, 7.3661 -0.2927 0.0, 7.3661 -0.5019 0.3937, 7.3661 -0.5019 0.0, 7.5945 -0.5019 0.3937, 7.5945 -0.5019 0.0, 7.3819 0.2927 0.0565, 7.3819 0.2927 0.0, 7.3819 0.3201 0.0, 7.3819 0.4076 0.0, 7.3819 0.4861 0.0, 7.3819 0.3129 0.1953, 7.3819 0.4861 0.3937, 7.3819 0.2927 0.1953, 7.3819 0.2927 0.3937, 7.5787 0.3201 0.0, 7.5787 0.2927 0.0, 7.5787 0.2927 0.0565, 7.5787 0.2927 0.1953, 7.5787 0.2927 0.3937, 7.5787 0.3129 0.1953, 7.5787 0.4861 0.3937, 7.5787 0.4076 0.0, 7.5787 0.4861 0.0, 7.3661 0.5019 0.3937, 7.5945 0.5019 0.3937, 7.3661 0.5019 0.0, 7.5945 0.5019 0.0, 7.3661 0.2927 0.3937, 7.3661 0.2927 0.0, 7.5945 0.2927 0.3937, 7.5945 0.2927 0.0
            ]
        }
        coordIndex [
            0,1,2,-1,3,4,5,-1,5,4,6,-1,5,6,7,-1,7,6,8,-1,9,10,11,-1,12,13,14,-1,14,13,15,-1,14,15,16,-1,16,15,17,-1,8,18,7,-1,7,18,19,-1,7,19,0,-1,0,19,1,-1,15,6,17,-1,17,6,4,-1,20,13,12,-1,20,12,21,-1,21,12,11,-1,21,11,10,-1,22,20,23,-1,23,20,21,-1,24,22,25,-1,25,22,23,-1,18,24,19,-1,19,24,25,-1,13,20,15,-1,15,20,22,-1,15,22,6,-1,6,22,24,-1,6,24,8,-1,8,24,18,-1,10,9,21,-1,21,9,16,-1,21,16,23,-1,23,16,17,-1,23,17,25,-1,17,4,25,-1,25,4,3,-1,25,3,19,-1,19,3,2,-1,19,2,1,-1,26,27,28,-1,29,30,31,-1,31,30,32,-1,31,32,33,-1,33,32,34,-1,35,36,37,-1,38,39,40,-1,40,39,41,-1,40,41,42,-1,42,41,43,-1,44,45,46,-1,46,45,47,-1,48,44,49,-1,49,44,46,-1,34,48,33,-1,33,48,49,-1,33,49,26,-1,26,49,27,-1,41,32,43,-1,43,32,30,-1,50,39,38,-1,50,38,51,-1,51,38,37,-1,51,37,36,-1,45,50,47,-1,47,50,51,-1,39,50,41,-1,41,50,45,-1,41,45,32,-1,32,45,44,-1,32,44,34,-1,34,44,48,-1,36,35,51,-1,51,35,42,-1,51,42,47,-1,47,42,43,-1,47,43,46,-1,43,30,46,-1,46,30,29,-1,46,29,49,-1,49,29,28,-1,49,28,27,-1,52,53,54,-1,55,56,57,-1,57,56,58,-1,57,58,59,-1,59,58,60,-1,61,62,63,-1,64,65,66,-1,66,65,67,-1,66,67,68,-1,68,67,69,-1,60,70,59,-1,59,70,71,-1,59,71,52,-1,52,71,53,-1,67,58,69,-1,69,58,56,-1,72,65,64,-1,72,64,73,-1,73,64,63,-1,73,63,62,-1,74,72,75,-1,75,72,73,-1,76,74,77,-1,77,74,75,-1,70,76,71,-1,71,76,77,-1,65,72,67,-1,67,72,74,-1,67,74,58,-1,58,74,76,-1,58,76,60,-1,60,76,70,-1,62,61,73,-1,73,61,68,-1,73,68,75,-1,75,68,69,-1,75,69,77,-1,69,56,77,-1,77,56,55,-1,77,55,71,-1,71,55,54,-1,71,54,53,-1,78,79,80,-1,81,82,83,-1,83,82,84,-1,83,84,85,-1,85,84,86,-1,87,88,89,-1,90,91,92,-1,92,91,93,-1,92,93,94,-1,94,93,95,-1,96,97,98,-1,98,97,99,-1,100,96,101,-1,101,96,98,-1,86,100,85,-1,85,100,101,-1,85,101,78,-1,78,101,79,-1,93,84,95,-1,95,84,82,-1,102,91,90,-1,102,90,103,-1,103,90,89,-1,103,89,88,-1,97,102,99,-1,99,102,103,-1,91,102,93,-1,93,102,97,-1,93,97,84,-1,84,97,96,-1,84,96,86,-1,86,96,100,-1,88,87,103,-1,103,87,94,-1,103,94,99,-1,99,94,95,-1,99,95,98,-1,95,82,98,-1,98,82,81,-1,98,81,101,-1,101,81,80,-1,101,80,79,-1,104,105,106,-1,107,108,109,-1,109,108,110,-1,109,110,111,-1,111,110,112,-1,113,114,115,-1,116,117,118,-1,118,117,119,-1,118,119,120,-1,120,119,121,-1,112,122,111,-1,111,122,123,-1,111,123,104,-1,104,123,105,-1,119,110,121,-1,121,110,108,-1,124,117,116,-1,124,116,125,-1,125,116,115,-1,125,115,114,-1,126,124,127,-1,127,124,125,-1,128,126,129,-1,129,126,127,-1,122,128,123,-1,123,128,129,-1,117,124,119,-1,119,124,126,-1,119,126,110,-1,110,126,128,-1,110,128,112,-1,112,128,122,-1,114,113,125,-1,125,113,120,-1,125,120,127,-1,127,120,121,-1,127,121,129,-1,121,108,129,-1,129,108,107,-1,129,107,123,-1,123,107,106,-1,123,106,105,-1,130,131,132,-1,133,134,135,-1,135,134,136,-1,135,136,137,-1,137,136,138,-1,139,140,141,-1,142,143,144,-1,144,143,145,-1,144,145,146,-1,146,145,147,-1,148,149,150,-1,150,149,151,-1,152,148,153,-1,153,148,150,-1,138,152,137,-1,137,152,153,-1,137,153,130,-1,130,153,131,-1,145,136,147,-1,147,136,134,-1,154,143,142,-1,154,142,155,-1,155,142,141,-1,155,141,140,-1,149,154,151,-1,151,154,155,-1,143,154,145,-1,145,154,149,-1,145,149,136,-1,136,149,148,-1,136,148,138,-1,138,148,152,-1,140,139,155,-1,155,139,146,-1,155,146,151,-1,151,146,147,-1,151,147,150,-1,147,134,150,-1,150,134,133,-1,150,133,153,-1,153,133,132,-1,153,132,131,-1,156,157,158,-1,159,160,161,-1,161,160,162,-1,161,162,163,-1,163,162,164,-1,165,166,167,-1,168,169,170,-1,170,169,171,-1,170,171,172,-1,172,171,173,-1,164,174,163,-1,163,174,175,-1,163,175,156,-1,156,175,157,-1,171,162,173,-1,173,162,160,-1,176,169,168,-1,176,168,177,-1,177,168,167,-1,177,167,166,-1,178,176,179,-1,179,176,177,-1,180,178,181,-1,181,178,179,-1,174,180,175,-1,175,180,181,-1,169,176,171,-1,171,176,178,-1,171,178,162,-1,162,178,180,-1,162,180,164,-1,164,180,174,-1,166,165,177,-1,177,165,172,-1,177,172,179,-1,179,172,173,-1,179,173,181,-1,173,160,181,-1,181,160,159,-1,181,159,175,-1,175,159,158,-1,175,158,157,-1,182,183,184,-1,185,186,187,-1,187,186,188,-1,187,188,189,-1,189,188,190,-1,191,192,193,-1,194,195,196,-1,196,195,197,-1,196,197,198,-1,198,197,199,-1,200,201,202,-1,202,201,203,-1,204,200,205,-1,205,200,202,-1,190,204,189,-1,189,204,205,-1,189,205,182,-1,182,205,183,-1,197,188,199,-1,199,188,186,-1,206,195,194,-1,206,194,207,-1,207,194,193,-1,207,193,192,-1,201,206,203,-1,203,206,207,-1,195,206,197,-1,197,206,201,-1,197,201,188,-1,188,201,200,-1,188,200,190,-1,190,200,204,-1,192,191,207,-1,207,191,198,-1,207,198,203,-1,203,198,199,-1,203,199,202,-1,199,186,202,-1,202,186,185,-1,202,185,205,-1,205,185,184,-1,205,184,183,-1,208,209,210,-1,211,212,213,-1,213,212,214,-1,213,214,215,-1,215,214,216,-1,217,218,219,-1,220,221,222,-1,222,221,223,-1,222,223,224,-1,224,223,225,-1,216,226,215,-1,215,226,227,-1,215,227,208,-1,208,227,209,-1,223,214,225,-1,225,214,212,-1,228,221,220,-1,228,220,229,-1,229,220,219,-1,229,219,218,-1,230,228,231,-1,231,228,229,-1,232,230,233,-1,233,230,231,-1,226,232,227,-1,227,232,233,-1,221,228,223,-1,223,228,230,-1,223,230,214,-1,214,230,232,-1,214,232,216,-1,216,232,226,-1,218,217,229,-1,229,217,224,-1,229,224,231,-1,231,224,225,-1,231,225,233,-1,225,212,233,-1,233,212,211,-1,233,211,227,-1,227,211,210,-1,227,210,209,-1,234,235,236,-1,237,238,239,-1,239,238,240,-1,239,240,241,-1,241,240,242,-1,243,244,245,-1,246,247,248,-1,248,247,249,-1,248,249,250,-1,250,249,251,-1,252,253,254,-1,254,253,255,-1,256,252,257,-1,257,252,254,-1,242,256,241,-1,241,256,257,-1,241,257,234,-1,234,257,235,-1,249,240,251,-1,251,240,238,-1,258,247,246,-1,258,246,259,-1,259,246,245,-1,259,245,244,-1,253,258,255,-1,255,258,259,-1,247,258,249,-1,249,258,253,-1,249,253,240,-1,240,253,252,-1,240,252,242,-1,242,252,256,-1,244,243,259,-1,259,243,250,-1,259,250,255,-1,255,250,251,-1,255,251,254,-1,251,238,254,-1,254,238,237,-1,254,237,257,-1,257,237,236,-1,257,236,235,-1,260,261,262,-1,263,264,265,-1,265,264,266,-1,265,266,267,-1,267,266,268,-1,269,270,271,-1,272,273,274,-1,274,273,275,-1,274,275,276,-1,276,275,277,-1,268,278,267,-1,267,278,279,-1,267,279,260,-1,260,279,261,-1,275,266,277,-1,277,266,264,-1,280,273,272,-1,280,272,281,-1,281,272,271,-1,281,271,270,-1,282,280,283,-1,283,280,281,-1,284,282,285,-1,285,282,283,-1,278,284,279,-1,279,284,285,-1,273,280,275,-1,275,280,282,-1,275,282,266,-1,266,282,284,-1,266,284,268,-1,268,284,278,-1,270,269,281,-1,281,269,276,-1,281,276,283,-1,283,276,277,-1,283,277,285,-1,277,264,285,-1,285,264,263,-1,285,263,279,-1,279,263,262,-1,279,262,261,-1,286,287,288,-1,289,290,291,-1,291,290,292,-1,291,292,293,-1,293,292,294,-1,295,296,297,-1,298,299,300,-1,300,299,301,-1,300,301,302,-1,302,301,303,-1,304,305,306,-1,306,305,307,-1,308,304,309,-1,309,304,306,-1,294,308,293,-1,293,308,309,-1,293,309,286,-1,286,309,287,-1,301,292,303,-1,303,292,290,-1,310,299,298,-1,310,298,311,-1,311,298,297,-1,311,297,296,-1,305,310,307,-1,307,310,311,-1,299,310,301,-1,301,310,305,-1,301,305,292,-1,292,305,304,-1,292,304,294,-1,294,304,308,-1,296,295,311,-1,311,295,302,-1,311,302,307,-1,307,302,303,-1,307,303,306,-1,303,290,306,-1,306,290,289,-1,306,289,309,-1,309,289,288,-1,309,288,287,-1,312,313,314,-1,315,316,317,-1,317,316,318,-1,317,318,319,-1,319,318,320,-1,321,322,323,-1,324,325,326,-1,326,325,327,-1,326,327,328,-1,328,327,329,-1,320,330,319,-1,319,330,331,-1,319,331,312,-1,312,331,313,-1,327,318,329,-1,329,318,316,-1,332,325,324,-1,332,324,333,-1,333,324,323,-1,333,323,322,-1,334,332,335,-1,335,332,333,-1,336,334,337,-1,337,334,335,-1,330,336,331,-1,331,336,337,-1,325,332,327,-1,327,332,334,-1,327,334,318,-1,318,334,336,-1,318,336,320,-1,320,336,330,-1,322,321,333,-1,333,321,328,-1,333,328,335,-1,335,328,329,-1,335,329,337,-1,329,316,337,-1,337,316,315,-1,337,315,331,-1,331,315,314,-1,331,314,313,-1,338,339,340,-1,341,342,343,-1,343,342,344,-1,343,344,345,-1,345,344,346,-1,347,348,349,-1,350,351,352,-1,352,351,353,-1,352,353,354,-1,354,353,355,-1,356,357,358,-1,358,357,359,-1,360,356,361,-1,361,356,358,-1,346,360,345,-1,345,360,361,-1,345,361,338,-1,338,361,339,-1,353,344,355,-1,355,344,342,-1,362,351,350,-1,362,350,363,-1,363,350,349,-1,363,349,348,-1,357,362,359,-1,359,362,363,-1,351,362,353,-1,353,362,357,-1,353,357,344,-1,344,357,356,-1,344,356,346,-1,346,356,360,-1,348,347,363,-1,363,347,354,-1,363,354,359,-1,359,354,355,-1,359,355,358,-1,355,342,358,-1,358,342,341,-1,358,341,361,-1,361,341,340,-1,361,340,339,-1,364,365,366,-1,367,368,369,-1,369,368,370,-1,369,370,371,-1,371,370,372,-1,373,374,375,-1,376,377,378,-1,378,377,379,-1,378,379,380,-1,380,379,381,-1,372,382,371,-1,371,382,383,-1,371,383,364,-1,364,383,365,-1,379,370,381,-1,381,370,368,-1,384,377,376,-1,384,376,385,-1,385,376,375,-1,385,375,374,-1,386,384,387,-1,387,384,385,-1,388,386,389,-1,389,386,387,-1,382,388,383,-1,383,388,389,-1,377,384,379,-1,379,384,386,-1,379,386,370,-1,370,386,388,-1,370,388,372,-1,372,388,382,-1,374,373,385,-1,385,373,380,-1,385,380,387,-1,387,380,381,-1,387,381,389,-1,381,368,389,-1,389,368,367,-1,389,367,383,-1,383,367,366,-1,383,366,365,-1,390,391,392,-1,393,394,395,-1,395,394,396,-1,395,396,397,-1,397,396,398,-1,399,400,401,-1,402,403,404,-1,404,403,405,-1,404,405,406,-1,406,405,407,-1,408,409,410,-1,410,409,411,-1,412,408,413,-1,413,408,410,-1,398,412,397,-1,397,412,413,-1,397,413,390,-1,390,413,391,-1,405,396,407,-1,407,396,394,-1,414,403,402,-1,414,402,415,-1,415,402,401,-1,415,401,400,-1,409,414,411,-1,411,414,415,-1,403,414,405,-1,405,414,409,-1,405,409,396,-1,396,409,408,-1,396,408,398,-1,398,408,412,-1,400,399,415,-1,415,399,406,-1,415,406,411,-1,411,406,407,-1,411,407,410,-1,407,394,410,-1,410,394,393,-1,410,393,413,-1,413,393,392,-1,413,392,391,-1,416,417,418,-1,419,420,421,-1,421,420,422,-1,421,422,423,-1,423,422,424,-1,425,426,427,-1,428,429,430,-1,430,429,431,-1,430,431,432,-1,432,431,433,-1,424,434,423,-1,423,434,435,-1,423,435,416,-1,416,435,417,-1,431,422,433,-1,433,422,420,-1,436,429,428,-1,436,428,437,-1,437,428,427,-1,437,427,426,-1,438,436,439,-1,439,436,437,-1,440,438,441,-1,441,438,439,-1,434,440,435,-1,435,440,441,-1,429,436,431,-1,431,436,438,-1,431,438,422,-1,422,438,440,-1,422,440,424,-1,424,440,434,-1,426,425,437,-1,437,425,432,-1,437,432,439,-1,439,432,433,-1,439,433,441,-1,433,420,441,-1,441,420,419,-1,441,419,435,-1,435,419,418,-1,435,418,417,-1,442,443,444,-1,445,446,447,-1,447,446,448,-1,447,448,449,-1,449,448,450,-1,451,452,453,-1,454,455,456,-1,456,455,457,-1,456,457,458,-1,458,457,459,-1,460,461,462,-1,462,461,463,-1,464,460,465,-1,465,460,462,-1,450,464,449,-1,449,464,465,-1,449,465,442,-1,442,465,443,-1,457,448,459,-1,459,448,446,-1,466,455,454,-1,466,454,467,-1,467,454,453,-1,467,453,452,-1,461,466,463,-1,463,466,467,-1,455,466,457,-1,457,466,461,-1,457,461,448,-1,448,461,460,-1,448,460,450,-1,450,460,464,-1,452,451,467,-1,467,451,458,-1,467,458,463,-1,463,458,459,-1,463,459,462,-1,459,446,462,-1,462,446,445,-1,462,445,465,-1,465,445,444,-1,465,444,443,-1,468,469,470,-1,471,472,473,-1,473,472,474,-1,473,474,475,-1,475,474,476,-1,477,478,479,-1,480,481,482,-1,482,481,483,-1,482,483,484,-1,484,483,485,-1,476,486,475,-1,475,486,487,-1,475,487,468,-1,468,487,469,-1,483,474,485,-1,485,474,472,-1,488,481,480,-1,488,480,489,-1,489,480,479,-1,489,479,478,-1,490,488,491,-1,491,488,489,-1,492,490,493,-1,493,490,491,-1,486,492,487,-1,487,492,493,-1,481,488,483,-1,483,488,490,-1,483,490,474,-1,474,490,492,-1,474,492,476,-1,476,492,486,-1,478,477,489,-1,489,477,484,-1,489,484,491,-1,491,484,485,-1,491,485,493,-1,485,472,493,-1,493,472,471,-1,493,471,487,-1,487,471,470,-1,487,470,469,-1,494,495,496,-1,497,498,499,-1,499,498,500,-1,499,500,501,-1,501,500,502,-1,503,504,505,-1,506,507,508,-1,508,507,509,-1,508,509,510,-1,510,509,511,-1,512,513,514,-1,514,513,515,-1,516,512,517,-1,517,512,514,-1,502,516,501,-1,501,516,517,-1,501,517,494,-1,494,517,495,-1,509,500,511,-1,511,500,498,-1,518,507,506,-1,518,506,519,-1,519,506,505,-1,519,505,504,-1,513,518,515,-1,515,518,519,-1,507,518,509,-1,509,518,513,-1,509,513,500,-1,500,513,512,-1,500,512,502,-1,502,512,516,-1,504,503,519,-1,519,503,510,-1,519,510,515,-1,515,510,511,-1,515,511,514,-1,511,498,514,-1,514,498,497,-1,514,497,517,-1,517,497,496,-1,517,496,495,-1,520,521,522,-1,523,524,525,-1,525,524,526,-1,525,526,527,-1,527,526,528,-1,529,530,531,-1,532,533,534,-1,534,533,535,-1,534,535,536,-1,536,535,537,-1,528,538,527,-1,527,538,539,-1,527,539,520,-1,520,539,521,-1,535,526,537,-1,537,526,524,-1,540,533,532,-1,540,532,541,-1,541,532,531,-1,541,531,530,-1,542,540,543,-1,543,540,541,-1,544,542,545,-1,545,542,543,-1,538,544,539,-1,539,544,545,-1,533,540,535,-1,535,540,542,-1,535,542,526,-1,526,542,544,-1,526,544,528,-1,528,544,538,-1,530,529,541,-1,541,529,536,-1,541,536,543,-1,543,536,537,-1,543,537,545,-1,537,524,545,-1,545,524,523,-1,545,523,539,-1,539,523,522,-1,539,522,521,-1,546,547,548,-1,549,550,551,-1,551,550,552,-1,551,552,553,-1,553,552,554,-1,555,556,557,-1,558,559,560,-1,560,559,561,-1,560,561,562,-1,562,561,563,-1,564,565,566,-1,566,565,567,-1,568,564,569,-1,569,564,566,-1,554,568,553,-1,553,568,569,-1,553,569,546,-1,546,569,547,-1,561,552,563,-1,563,552,550,-1,570,559,558,-1,570,558,571,-1,571,558,557,-1,571,557,556,-1,565,570,567,-1,567,570,571,-1,559,570,561,-1,561,570,565,-1,561,565,552,-1,552,565,564,-1,552,564,554,-1,554,564,568,-1,556,555,571,-1,571,555,562,-1,571,562,567,-1,567,562,563,-1,567,563,566,-1,563,550,566,-1,566,550,549,-1,566,549,569,-1,569,549,548,-1,569,548,547,-1,572,573,574,-1,575,576,577,-1,577,576,578,-1,577,578,579,-1,579,578,580,-1,581,582,583,-1,584,585,586,-1,586,585,587,-1,586,587,588,-1,588,587,589,-1,580,590,579,-1,579,590,591,-1,579,591,572,-1,572,591,573,-1,587,578,589,-1,589,578,576,-1,592,585,584,-1,592,584,593,-1,593,584,583,-1,593,583,582,-1,594,592,595,-1,595,592,593,-1,596,594,597,-1,597,594,595,-1,590,596,591,-1,591,596,597,-1,585,592,587,-1,587,592,594,-1,587,594,578,-1,578,594,596,-1,578,596,580,-1,580,596,590,-1,582,581,593,-1,593,581,588,-1,593,588,595,-1,595,588,589,-1,595,589,597,-1,589,576,597,-1,597,576,575,-1,597,575,591,-1,591,575,574,-1,591,574,573,-1,598,599,600,-1,601,602,603,-1,603,602,604,-1,603,604,605,-1,605,604,606,-1,607,608,609,-1,610,611,612,-1,612,611,613,-1,612,613,614,-1,614,613,615,-1,616,617,618,-1,618,617,619,-1,620,616,621,-1,621,616,618,-1,606,620,605,-1,605,620,621,-1,605,621,598,-1,598,621,599,-1,613,604,615,-1,615,604,602,-1,622,611,610,-1,622,610,623,-1,623,610,609,-1,623,609,608,-1,617,622,619,-1,619,622,623,-1,611,622,613,-1,613,622,617,-1,613,617,604,-1,604,617,616,-1,604,616,606,-1,606,616,620,-1,608,607,623,-1,623,607,614,-1,623,614,619,-1,619,614,615,-1,619,615,618,-1,615,602,618,-1,618,602,601,-1,618,601,621,-1,621,601,600,-1,621,600,599,-1,624,625,626,-1,627,628,629,-1,629,628,630,-1,629,630,631,-1,631,630,632,-1,633,634,635,-1,636,637,638,-1,638,637,639,-1,638,639,640,-1,640,639,641,-1,632,642,631,-1,631,642,643,-1,631,643,624,-1,624,643,625,-1,639,630,641,-1,641,630,628,-1,644,637,636,-1,644,636,645,-1,645,636,635,-1,645,635,634,-1,646,644,647,-1,647,644,645,-1,648,646,649,-1,649,646,647,-1,642,648,643,-1,643,648,649,-1,637,644,639,-1,639,644,646,-1,639,646,630,-1,630,646,648,-1,630,648,632,-1,632,648,642,-1,634,633,645,-1,645,633,640,-1,645,640,647,-1,647,640,641,-1,647,641,649,-1,641,628,649,-1,649,628,627,-1,649,627,643,-1,643,627,626,-1,643,626,625,-1,650,651,652,-1,653,654,655,-1,655,654,656,-1,655,656,657,-1,657,656,658,-1,659,660,661,-1,662,663,664,-1,664,663,665,-1,664,665,666,-1,666,665,667,-1,668,669,670,-1,670,669,671,-1,672,668,673,-1,673,668,670,-1,658,672,657,-1,657,672,673,-1,657,673,650,-1,650,673,651,-1,665,656,667,-1,667,656,654,-1,674,663,662,-1,674,662,675,-1,675,662,661,-1,675,661,660,-1,669,674,671,-1,671,674,675,-1,663,674,665,-1,665,674,669,-1,665,669,656,-1,656,669,668,-1,656,668,658,-1,658,668,672,-1,660,659,675,-1,675,659,666,-1,675,666,671,-1,671,666,667,-1,671,667,670,-1,667,654,670,-1,670,654,653,-1,670,653,673,-1,673,653,652,-1,673,652,651,-1,676,677,678,-1,679,680,681,-1,681,680,682,-1,681,682,683,-1,683,682,684,-1,685,686,687,-1,688,689,690,-1,690,689,691,-1,690,691,692,-1,692,691,693,-1,684,694,683,-1,683,694,695,-1,683,695,676,-1,676,695,677,-1,691,682,693,-1,693,682,680,-1,696,689,688,-1,696,688,697,-1,697,688,687,-1,697,687,686,-1,698,696,699,-1,699,696,697,-1,700,698,701,-1,701,698,699,-1,694,700,695,-1,695,700,701,-1,689,696,691,-1,691,696,698,-1,691,698,682,-1,682,698,700,-1,682,700,684,-1,684,700,694,-1,686,685,697,-1,697,685,692,-1,697,692,699,-1,699,692,693,-1,699,693,701,-1,693,680,701,-1,701,680,679,-1,701,679,695,-1,695,679,678,-1,695,678,677,-1,702,703,704,-1,705,706,707,-1,707,706,708,-1,707,708,709,-1,709,708,710,-1,711,712,713,-1,714,715,716,-1,716,715,717,-1,716,717,718,-1,718,717,719,-1,720,721,722,-1,722,721,723,-1,724,720,725,-1,725,720,722,-1,710,724,709,-1,709,724,725,-1,709,725,702,-1,702,725,703,-1,717,708,719,-1,719,708,706,-1,726,715,714,-1,726,714,727,-1,727,714,713,-1,727,713,712,-1,721,726,723,-1,723,726,727,-1,715,726,717,-1,717,726,721,-1,717,721,708,-1,708,721,720,-1,708,720,710,-1,710,720,724,-1,712,711,727,-1,727,711,718,-1,727,718,723,-1,723,718,719,-1,723,719,722,-1,719,706,722,-1,722,706,705,-1,722,705,725,-1,725,705,704,-1,725,704,703,-1,728,729,730,-1,731,732,733,-1,733,732,734,-1,733,734,735,-1,735,734,736,-1,737,738,739,-1,740,741,742,-1,742,741,743,-1,742,743,744,-1,744,743,745,-1,736,746,735,-1,735,746,747,-1,735,747,728,-1,728,747,729,-1,743,734,745,-1,745,734,732,-1,748,741,740,-1,748,740,749,-1,749,740,739,-1,749,739,738,-1,750,748,751,-1,751,748,749,-1,752,750,753,-1,753,750,751,-1,746,752,747,-1,747,752,753,-1,741,748,743,-1,743,748,750,-1,743,750,734,-1,734,750,752,-1,734,752,736,-1,736,752,746,-1,738,737,749,-1,749,737,744,-1,749,744,751,-1,751,744,745,-1,751,745,753,-1,745,732,753,-1,753,732,731,-1,753,731,747,-1,747,731,730,-1,747,730,729,-1,754,755,756,-1,757,758,759,-1,759,758,760,-1,759,760,761,-1,761,760,762,-1,763,764,765,-1,766,767,768,-1,768,767,769,-1,768,769,770,-1,770,769,771,-1,772,773,774,-1,774,773,775,-1,776,772,777,-1,777,772,774,-1,762,776,761,-1,761,776,777,-1,761,777,754,-1,754,777,755,-1,769,760,771,-1,771,760,758,-1,778,767,766,-1,778,766,779,-1,779,766,765,-1,779,765,764,-1,773,778,775,-1,775,778,779,-1,767,778,769,-1,769,778,773,-1,769,773,760,-1,760,773,772,-1,760,772,762,-1,762,772,776,-1,764,763,779,-1,779,763,770,-1,779,770,775,-1,775,770,771,-1,775,771,774,-1,771,758,774,-1,774,758,757,-1,774,757,777,-1,777,757,756,-1,777,756,755,-1,780,781,782,-1,783,784,785,-1,785,784,786,-1,785,786,787,-1,787,786,788,-1,789,790,791,-1,792,793,794,-1,794,793,795,-1,794,795,796,-1,796,795,797,-1,788,798,787,-1,787,798,799,-1,787,799,780,-1,780,799,781,-1,795,786,797,-1,797,786,784,-1,800,793,792,-1,800,792,801,-1,801,792,791,-1,801,791,790,-1,802,800,803,-1,803,800,801,-1,804,802,805,-1,805,802,803,-1,798,804,799,-1,799,804,805,-1,793,800,795,-1,795,800,802,-1,795,802,786,-1,786,802,804,-1,786,804,788,-1,788,804,798,-1,790,789,801,-1,801,789,796,-1,801,796,803,-1,803,796,797,-1,803,797,805,-1,797,784,805,-1,805,784,783,-1,805,783,799,-1,799,783,782,-1,799,782,781,-1,806,807,808,-1,809,810,811,-1,811,810,812,-1,811,812,813,-1,813,812,814,-1,815,816,817,-1,818,819,820,-1,820,819,821,-1,820,821,822,-1,822,821,823,-1,824,825,826,-1,826,825,827,-1,828,824,829,-1,829,824,826,-1,814,828,813,-1,813,828,829,-1,813,829,806,-1,806,829,807,-1,821,812,823,-1,823,812,810,-1,830,819,818,-1,830,818,831,-1,831,818,817,-1,831,817,816,-1,825,830,827,-1,827,830,831,-1,819,830,821,-1,821,830,825,-1,821,825,812,-1,812,825,824,-1,812,824,814,-1,814,824,828,-1,816,815,831,-1,831,815,822,-1,831,822,827,-1,827,822,823,-1,827,823,826,-1,823,810,826,-1,826,810,809,-1,826,809,829,-1,829,809,808,-1,829,808,807,-1,832,833,834,-1,835,836,837,-1,837,836,838,-1,837,838,839,-1,839,838,840,-1,841,842,843,-1,844,845,846,-1,846,845,847,-1,846,847,848,-1,848,847,849,-1,840,850,839,-1,839,850,851,-1,839,851,832,-1,832,851,833,-1,847,838,849,-1,849,838,836,-1,852,845,844,-1,852,844,853,-1,853,844,843,-1,853,843,842,-1,854,852,855,-1,855,852,853,-1,856,854,857,-1,857,854,855,-1,850,856,851,-1,851,856,857,-1,845,852,847,-1,847,852,854,-1,847,854,838,-1,838,854,856,-1,838,856,840,-1,840,856,850,-1,842,841,853,-1,853,841,848,-1,853,848,855,-1,855,848,849,-1,855,849,857,-1,849,836,857,-1,857,836,835,-1,857,835,851,-1,851,835,834,-1,851,834,833,-1,858,859,860,-1,861,862,863,-1,863,862,864,-1,863,864,865,-1,865,864,866,-1,867,868,869,-1,870,871,872,-1,872,871,873,-1,872,873,874,-1,874,873,875,-1,876,877,878,-1,878,877,879,-1,880,876,881,-1,881,876,878,-1,866,880,865,-1,865,880,881,-1,865,881,858,-1,858,881,859,-1,873,864,875,-1,875,864,862,-1,882,871,870,-1,882,870,883,-1,883,870,869,-1,883,869,868,-1,877,882,879,-1,879,882,883,-1,871,882,873,-1,873,882,877,-1,873,877,864,-1,864,877,876,-1,864,876,866,-1,866,876,880,-1,868,867,883,-1,883,867,874,-1,883,874,879,-1,879,874,875,-1,879,875,878,-1,875,862,878,-1,878,862,861,-1,878,861,881,-1,881,861,860,-1,881,860,859,-1,884,885,886,-1,887,888,889,-1,889,888,890,-1,889,890,891,-1,891,890,892,-1,893,894,895,-1,896,897,898,-1,898,897,899,-1,898,899,900,-1,900,899,901,-1,892,902,891,-1,891,902,903,-1,891,903,884,-1,884,903,885,-1,899,890,901,-1,901,890,888,-1,904,897,896,-1,904,896,905,-1,905,896,895,-1,905,895,894,-1,906,904,907,-1,907,904,905,-1,908,906,909,-1,909,906,907,-1,902,908,903,-1,903,908,909,-1,897,904,899,-1,899,904,906,-1,899,906,890,-1,890,906,908,-1,890,908,892,-1,892,908,902,-1,894,893,905,-1,905,893,900,-1,905,900,907,-1,907,900,901,-1,907,901,909,-1,901,888,909,-1,909,888,887,-1,909,887,903,-1,903,887,886,-1,903,886,885,-1,910,911,912,-1,913,914,915,-1,915,914,916,-1,915,916,917,-1,917,916,918,-1,919,920,921,-1,922,923,924,-1,924,923,925,-1,924,925,926,-1,926,925,927,-1,928,929,930,-1,930,929,931,-1,932,928,933,-1,933,928,930,-1,918,932,917,-1,917,932,933,-1,917,933,910,-1,910,933,911,-1,925,916,927,-1,927,916,914,-1,934,923,922,-1,934,922,935,-1,935,922,921,-1,935,921,920,-1,929,934,931,-1,931,934,935,-1,923,934,925,-1,925,934,929,-1,925,929,916,-1,916,929,928,-1,916,928,918,-1,918,928,932,-1,920,919,935,-1,935,919,926,-1,935,926,931,-1,931,926,927,-1,931,927,930,-1,927,914,930,-1,930,914,913,-1,930,913,933,-1,933,913,912,-1,933,912,911,-1,936,937,938,-1,939,940,941,-1,941,940,942,-1,941,942,943,-1,943,942,944,-1,945,946,947,-1,948,949,950,-1,950,949,951,-1,950,951,952,-1,952,951,953,-1,944,954,943,-1,943,954,955,-1,943,955,936,-1,936,955,937,-1,951,942,953,-1,953,942,940,-1,956,949,948,-1,956,948,957,-1,957,948,947,-1,957,947,946,-1,958,956,959,-1,959,956,957,-1,960,958,961,-1,961,958,959,-1,954,960,955,-1,955,960,961,-1,949,956,951,-1,951,956,958,-1,951,958,942,-1,942,958,960,-1,942,960,944,-1,944,960,954,-1,946,945,957,-1,957,945,952,-1,957,952,959,-1,959,952,953,-1,959,953,961,-1,953,940,961,-1,961,940,939,-1,961,939,955,-1,955,939,938,-1,955,938,937,-1,962,963,964,-1,965,966,967,-1,967,966,968,-1,967,968,969,-1,969,968,970,-1,971,972,973,-1,974,975,976,-1,976,975,977,-1,976,977,978,-1,978,977,979,-1,980,981,982,-1,982,981,983,-1,984,980,985,-1,985,980,982,-1,970,984,969,-1,969,984,985,-1,969,985,962,-1,962,985,963,-1,977,968,979,-1,979,968,966,-1,986,975,974,-1,986,974,987,-1,987,974,973,-1,987,973,972,-1,981,986,983,-1,983,986,987,-1,975,986,977,-1,977,986,981,-1,977,981,968,-1,968,981,980,-1,968,980,970,-1,970,980,984,-1,972,971,987,-1,987,971,978,-1,987,978,983,-1,983,978,979,-1,983,979,982,-1,979,966,982,-1,982,966,965,-1,982,965,985,-1,985,965,964,-1,985,964,963,-1,
        ]
    }
}
Shape{
    appearance Appearance {
        material  Material 	{
            diffuseColor 0.5019607843137255 0.5019607843137255 0.0
            specularColor 0.25098039215686274 0.25098039215686274 0.0
            ambientIntensity 0.4447
            transparency 0.0
            shininess 0.5
        }
    }
    geometry IndexedFaceSet {
        ccw TRUE
        solid FALSE
        coord DEF co Coordinate {
            point [
                -6.7126 0.3543 -1.063, -6.7913 0.3543 -0.9842, -6.7126 0.4331 -1.063, -6.7913 0.4331 -0.9842, -6.5945 0.3543 -0.9842, -6.6732 0.3543 -1.063, -6.5945 0.4331 -0.9842, -6.6732 0.4331 -1.063, -6.5945 -0.4331 -0.9842, -6.6732 -0.4331 -1.063, -6.5945 -0.3543 -0.9842, -6.6732 -0.3543 -1.063, -6.7126 -0.4331 -1.063, -6.7913 -0.4331 -0.9842, -6.7126 -0.3543 -1.063, -6.7913 -0.3543 -0.9842, -5.9252 0.3543 -1.063, -6.0039 0.3543 -0.9842, -5.9252 0.4331 -1.063, -6.0039 0.4331 -0.9842, -5.8071 0.3543 -0.9842, -5.8858 0.3543 -1.063, -5.8071 0.4331 -0.9842, -5.8858 0.4331 -1.063, -5.8071 -0.4331 -0.9842, -5.8858 -0.4331 -1.063, -5.8071 -0.3543 -0.9842, -5.8858 -0.3543 -1.063, -5.9252 -0.4331 -1.063, -6.0039 -0.4331 -0.9842, -5.9252 -0.3543 -1.063, -6.0039 -0.3543 -0.9842, -5.1378 0.3543 -1.063, -5.2165 0.3543 -0.9842, -5.1378 0.4331 -1.063, -5.2165 0.4331 -0.9842, -5.0197 0.3543 -0.9842, -5.0984 0.3543 -1.063, -5.0197 0.4331 -0.9842, -5.0984 0.4331 -1.063, -5.0197 -0.4331 -0.9842, -5.0984 -0.4331 -1.063, -5.0197 -0.3543 -0.9842, -5.0984 -0.3543 -1.063, -5.1378 -0.4331 -1.063, -5.2165 -0.4331 -0.9842, -5.1378 -0.3543 -1.063, -5.2165 -0.3543 -0.9842, -4.3504 0.3543 -1.063, -4.4291 0.3543 -0.9842, -4.3504 0.4331 -1.063, -4.4291 0.4331 -0.9842, -4.2323 0.3543 -0.9842, -4.311 0.3543 -1.063, -4.2323 0.4331 -0.9842, -4.311 0.4331 -1.063, -4.2323 -0.4331 -0.9842, -4.311 -0.4331 -1.063, -4.2323 -0.3543 -0.9842, -4.311 -0.3543 -1.063, -4.3504 -0.4331 -1.063, -4.4291 -0.4331 -0.9842, -4.3504 -0.3543 -1.063, -4.4291 -0.3543 -0.9842, -3.563 0.3543 -1.063, -3.6417 0.3543 -0.9842, -3.563 0.4331 -1.063, -3.6417 0.4331 -0.9842, -3.4449 0.3543 -0.9842, -3.5236 0.3543 -1.063, -3.4449 0.4331 -0.9842, -3.5236 0.4331 -1.063, -3.4449 -0.4331 -0.9842, -3.5236 -0.4331 -1.063, -3.4449 -0.3543 -0.9842, -3.5236 -0.3543 -1.063, -3.563 -0.4331 -1.063, -3.6417 -0.4331 -0.9842, -3.563 -0.3543 -1.063, -3.6417 -0.3543 -0.9842, -2.7756 0.3543 -1.063, -2.8543 0.3543 -0.9842, -2.7756 0.4331 -1.063, -2.8543 0.4331 -0.9842, -2.6575 0.3543 -0.9842, -2.7362 0.3543 -1.063, -2.6575 0.4331 -0.9842, -2.7362 0.4331 -1.063, -2.6575 -0.4331 -0.9842, -2.7362 -0.4331 -1.063, -2.6575 -0.3543 -0.9842, -2.7362 -0.3543 -1.063, -2.7756 -0.4331 -1.063, -2.8543 -0.4331 -0.9842, -2.7756 -0.3543 -1.063, -2.8543 -0.3543 -0.9842, -1.9882 0.3543 -1.063, -2.0669 0.3543 -0.9842, -1.9882 0.4331 -1.063, -2.0669 0.4331 -0.9842, -1.8701 0.3543 -0.9842, -1.9488 0.3543 -1.063, -1.8701 0.4331 -0.9842, -1.9488 0.4331 -1.063, -1.8701 -0.4331 -0.9842, -1.9488 -0.4331 -1.063, -1.8701 -0.3543 -0.9842, -1.9488 -0.3543 -1.063, -1.9882 -0.4331 -1.063, -2.0669 -0.4331 -0.9842, -1.9882 -0.3543 -1.063, -2.0669 -0.3543 -0.9842, -1.2008 0.3543 -1.063, -1.2795 0.3543 -0.9842, -1.2008 0.4331 -1.063, -1.2795 0.4331 -0.9842, -1.0827 0.3543 -0.9842, -1.1614 0.3543 -1.063, -1.0827 0.4331 -0.9842, -1.1614 0.4331 -1.063, -1.0827 -0.4331 -0.9842, -1.1614 -0.4331 -1.063, -1.0827 -0.3543 -0.9842, -1.1614 -0.3543 -1.063, -1.2008 -0.4331 -1.063, -1.2795 -0.4331 -0.9842, -1.2008 -0.3543 -1.063, -1.2795 -0.3543 -0.9842, -0.4134 0.3543 -1.063, -0.4921 0.3543 -0.9842, -0.4134 0.4331 -1.063, -0.4921 0.4331 -0.9842, -0.2953 0.3543 -0.9842, -0.374 0.3543 -1.063, -0.2953 0.4331 -0.9842, -0.374 0.4331 -1.063, -0.2953 -0.4331 -0.9842, -0.374 -0.4331 -1.063, -0.2953 -0.3543 -0.9842, -0.374 -0.3543 -1.063, -0.4134 -0.4331 -1.063, -0.4921 -0.4331 -0.9842, -0.4134 -0.3543 -1.063, -0.4921 -0.3543 -0.9842, 0.374 0.3543 -1.063, 0.2953 0.3543 -0.9842, 0.374 0.4331 -1.063, 0.2953 0.4331 -0.9842, 0.4921 0.3543 -0.9842, 0.4134 0.3543 -1.063, 0.4921 0.4331 -0.9842, 0.4134 0.4331 -1.063, 0.4921 -0.4331 -0.9842, 0.4134 -0.4331 -1.063, 0.4921 -0.3543 -0.9842, 0.4134 -0.3543 -1.063, 0.374 -0.4331 -1.063, 0.2953 -0.4331 -0.9842, 0.374 -0.3543 -1.063, 0.2953 -0.3543 -0.9842, 1.1614 0.3543 -1.063, 1.0827 0.3543 -0.9842, 1.1614 0.4331 -1.063, 1.0827 0.4331 -0.9842, 1.2795 0.3543 -0.9842, 1.2008 0.3543 -1.063, 1.2795 0.4331 -0.9842, 1.2008 0.4331 -1.063, 1.2795 -0.4331 -0.9842, 1.2008 -0.4331 -1.063, 1.2795 -0.3543 -0.9842, 1.2008 -0.3543 -1.063, 1.1614 -0.4331 -1.063, 1.0827 -0.4331 -0.9842, 1.1614 -0.3543 -1.063, 1.0827 -0.3543 -0.9842, 1.9488 0.3543 -1.063, 1.8701 0.3543 -0.9842, 1.9488 0.4331 -1.063, 1.8701 0.4331 -0.9842, 2.0669 0.3543 -0.9842, 1.9882 0.3543 -1.063, 2.0669 0.4331 -0.9842, 1.9882 0.4331 -1.063, 2.0669 -0.4331 -0.9842, 1.9882 -0.4331 -1.063, 2.0669 -0.3543 -0.9842, 1.9882 -0.3543 -1.063, 1.9488 -0.4331 -1.063, 1.8701 -0.4331 -0.9842, 1.9488 -0.3543 -1.063, 1.8701 -0.3543 -0.9842, 2.7362 0.3543 -1.063, 2.6575 0.3543 -0.9842, 2.7362 0.4331 -1.063, 2.6575 0.4331 -0.9842, 2.8543 0.3543 -0.9842, 2.7756 0.3543 -1.063, 2.8543 0.4331 -0.9842, 2.7756 0.4331 -1.063, 2.8543 -0.4331 -0.9842, 2.7756 -0.4331 -1.063, 2.8543 -0.3543 -0.9842, 2.7756 -0.3543 -1.063, 2.7362 -0.4331 -1.063, 2.6575 -0.4331 -0.9842, 2.7362 -0.3543 -1.063, 2.6575 -0.3543 -0.9842, 3.5236 0.3543 -1.063, 3.4449 0.3543 -0.9842, 3.5236 0.4331 -1.063, 3.4449 0.4331 -0.9842, 3.6417 0.3543 -0.9842, 3.563 0.3543 -1.063, 3.6417 0.4331 -0.9842, 3.563 0.4331 -1.063, 3.6417 -0.4331 -0.9842, 3.563 -0.4331 -1.063, 3.6417 -0.3543 -0.9842, 3.563 -0.3543 -1.063, 3.5236 -0.4331 -1.063, 3.4449 -0.4331 -0.9842, 3.5236 -0.3543 -1.063, 3.4449 -0.3543 -0.9842, 4.311 0.3543 -1.063, 4.2323 0.3543 -0.9842, 4.311 0.4331 -1.063, 4.2323 0.4331 -0.9842, 4.4291 0.3543 -0.9842, 4.3504 0.3543 -1.063, 4.4291 0.4331 -0.9842, 4.3504 0.4331 -1.063, 4.4291 -0.4331 -0.9842, 4.3504 -0.4331 -1.063, 4.4291 -0.3543 -0.9842, 4.3504 -0.3543 -1.063, 4.311 -0.4331 -1.063, 4.2323 -0.4331 -0.9842, 4.311 -0.3543 -1.063, 4.2323 -0.3543 -0.9842, 5.0984 0.3543 -1.063, 5.0197 0.3543 -0.9842, 5.0984 0.4331 -1.063, 5.0197 0.4331 -0.9842, 5.2165 0.3543 -0.9842, 5.1378 0.3543 -1.063, 5.2165 0.4331 -0.9842, 5.1378 0.4331 -1.063, 5.2165 -0.4331 -0.9842, 5.1378 -0.4331 -1.063, 5.2165 -0.3543 -0.9842, 5.1378 -0.3543 -1.063, 5.0984 -0.4331 -1.063, 5.0197 -0.4331 -0.9842, 5.0984 -0.3543 -1.063, 5.0197 -0.3543 -0.9842, 5.8858 0.3543 -1.063, 5.8071 0.3543 -0.9842, 5.8858 0.4331 -1.063, 5.8071 0.4331 -0.9842, 6.0039 0.3543 -0.9842, 5.9252 0.3543 -1.063, 6.0039 0.4331 -0.9842, 5.9252 0.4331 -1.063, 6.0039 -0.4331 -0.9842, 5.9252 -0.4331 -1.063, 6.0039 -0.3543 -0.9842, 5.9252 -0.3543 -1.063, 5.8858 -0.4331 -1.063, 5.8071 -0.4331 -0.9842, 5.8858 -0.3543 -1.063, 5.8071 -0.3543 -0.9842, 6.6732 0.3543 -1.063, 6.5945 0.3543 -0.9842, 6.6732 0.4331 -1.063, 6.5945 0.4331 -0.9842, 6.7913 0.3543 -0.9842, 6.7126 0.3543 -1.063, 6.7913 0.4331 -0.9842, 6.7126 0.4331 -1.063, 6.7913 -0.4331 -0.9842, 6.7126 -0.4331 -1.063, 6.7913 -0.3543 -0.9842, 6.7126 -0.3543 -1.063, 6.6732 -0.4331 -1.063, 6.5945 -0.4331 -0.9842, 6.6732 -0.3543 -1.063, 6.5945 -0.3543 -0.9842, 7.4606 0.3543 -1.063, 7.3819 0.3543 -0.9842, 7.4606 0.4331 -1.063, 7.3819 0.4331 -0.9842, 7.5787 0.3543 -0.9842, 7.5 0.3543 -1.063, 7.5787 0.4331 -0.9842, 7.5 0.4331 -1.063, 7.5787 -0.4331 -0.9842, 7.5 -0.4331 -1.063, 7.5787 -0.3543 -0.9842, 7.5 -0.3543 -1.063, 7.4606 -0.4331 -1.063, 7.3819 -0.4331 -0.9842, 7.4606 -0.3543 -1.063, 7.3819 -0.3543 -0.9842
            ]
        }
        coordIndex [
            0,1,2,-1,2,1,3,-1,4,5,6,-1,6,5,7,-1,8,9,10,-1,10,9,11,-1,12,13,14,-1,14,13,15,-1,16,17,18,-1,18,17,19,-1,20,21,22,-1,22,21,23,-1,24,25,26,-1,26,25,27,-1,28,29,30,-1,30,29,31,-1,32,33,34,-1,34,33,35,-1,36,37,38,-1,38,37,39,-1,40,41,42,-1,42,41,43,-1,44,45,46,-1,46,45,47,-1,48,49,50,-1,50,49,51,-1,52,53,54,-1,54,53,55,-1,56,57,58,-1,58,57,59,-1,60,61,62,-1,62,61,63,-1,64,65,66,-1,66,65,67,-1,68,69,70,-1,70,69,71,-1,72,73,74,-1,74,73,75,-1,76,77,78,-1,78,77,79,-1,80,81,82,-1,82,81,83,-1,84,85,86,-1,86,85,87,-1,88,89,90,-1,90,89,91,-1,92,93,94,-1,94,93,95,-1,96,97,98,-1,98,97,99,-1,100,101,102,-1,102,101,103,-1,104,105,106,-1,106,105,107,-1,108,109,110,-1,110,109,111,-1,112,113,114,-1,114,113,115,-1,116,117,118,-1,118,117,119,-1,120,121,122,-1,122,121,123,-1,124,125,126,-1,126,125,127,-1,128,129,130,-1,130,129,131,-1,132,133,134,-1,134,133,135,-1,136,137,138,-1,138,137,139,-1,140,141,142,-1,142,141,143,-1,144,145,146,-1,146,145,147,-1,148,149,150,-1,150,149,151,-1,152,153,154,-1,154,153,155,-1,156,157,158,-1,158,157,159,-1,160,161,162,-1,162,161,163,-1,164,165,166,-1,166,165,167,-1,168,169,170,-1,170,169,171,-1,172,173,174,-1,174,173,175,-1,176,177,178,-1,178,177,179,-1,180,181,182,-1,182,181,183,-1,184,185,186,-1,186,185,187,-1,188,189,190,-1,190,189,191,-1,192,193,194,-1,194,193,195,-1,196,197,198,-1,198,197,199,-1,200,201,202,-1,202,201,203,-1,204,205,206,-1,206,205,207,-1,208,209,210,-1,210,209,211,-1,212,213,214,-1,214,213,215,-1,216,217,218,-1,218,217,219,-1,220,221,222,-1,222,221,223,-1,224,225,226,-1,226,225,227,-1,228,229,230,-1,230,229,231,-1,232,233,234,-1,234,233,235,-1,236,237,238,-1,238,237,239,-1,240,241,242,-1,242,241,243,-1,244,245,246,-1,246,245,247,-1,248,249,250,-1,250,249,251,-1,252,253,254,-1,254,253,255,-1,256,257,258,-1,258,257,259,-1,260,261,262,-1,262,261,263,-1,264,265,266,-1,266,265,267,-1,268,269,270,-1,270,269,271,-1,272,273,274,-1,274,273,275,-1,276,277,278,-1,278,277,279,-1,280,281,282,-1,282,281,283,-1,284,285,286,-1,286,285,287,-1,288,289,290,-1,290,289,291,-1,292,293,294,-1,294,293,295,-1,296,297,298,-1,298,297,299,-1,300,301,302,-1,302,301,303,-1,
        ]
    }
}