#VRML V2.0 utf8
# 3D model generated by easyeda2kicad.py (https://github.com/uPesy/easyeda2kicad.py)

Shape{
    appearance Appearance {
        material  Material 	{
            diffuseColor 0.9686274509803922 0.8784313725490196 0.6
            specularColor 0.6784313725490196 0.615686274509804 0.4196078431372549
            ambientIntensity 0.8737
            transparency 0.0
            shininess 0.5
        }
    }
    geometry IndexedFaceSet {
        ccw TRUE
        solid FALSE
        coord DEF co Coordinate {
            point [
                0.5768 -0.5642 -1.1417, 0.5768 -0.4067 -1.1417, 0.5768 -0.5642 0.2638, 0.5768 -0.4067 0.2638, 0.5768 -0.5695 0.3045, 0.5768 -0.4146 0.3339, 0.5768 -0.5853 0.3425, 0.5768 -0.4379 0.4004, 0.5768 -0.6103 0.3751, 0.5768 -0.4754 0.4602, 0.5768 -0.5253 0.51, 0.5768 -0.6429 0.4002, 0.5768 -0.585 0.5476, 0.5768 -0.6809 0.4159, 0.5768 -0.6516 0.5708, 0.5768 -0.7217 0.4213, 0.5768 -0.7217 0.5787, 0.5768 -1.9205 0.4213, 0.5768 -1.9205 0.5787, 0.4193 -0.6429 0.4002, 0.4193 -0.5253 0.51, 0.4193 -0.6103 0.3751, 0.4193 -0.4754 0.4602, 0.4193 -0.5853 0.3425, 0.4193 -0.4379 0.4004, 0.4193 -0.5695 0.3045, 0.4193 -0.4146 0.3339, 0.4193 -0.5642 0.2638, 0.4193 -0.4067 0.2638, 0.4193 -0.5642 -1.1417, 0.4193 -0.4067 -1.1417, 0.4193 -1.9205 0.4213, 0.4193 -1.9205 0.5787, 0.4193 -0.7217 0.4213, 0.4193 -0.7217 0.5787, 0.4193 -0.6809 0.4159, 0.4193 -0.6516 0.5708, 0.4193 -0.585 0.5476, 0.5768 -2.6033 0.4213, 0.5768 -2.6033 0.5787, 0.4193 -2.6033 0.4213, 0.4193 -2.6033 0.5787, 0.3996 -2.8768 0.4213, 0.4088 -3.2653 0.4213, 0.3175 -3.277 0.4213, 0.5768 -1.9713 0.4213, 0.6785 -3.277 0.4213, 0.5872 -3.2653 0.4213, 0.7244 -2.9178 0.4213, 0.5965 -2.8768 0.4213, 0.7244 -1.9336 0.4213, 0.5965 -1.9713 0.4213, 0.4193 -1.9713 0.4213, 0.7169 -1.9205 0.4213, 0.2717 -2.9178 0.4213, 0.2717 -1.9336 0.4213, 0.3996 -1.9713 0.4213, 0.2792 -1.9205 0.4213, 0.4509 -0.5642 -1.2598, 0.5451 -0.5642 -1.2598, 0.4509 -0.4067 -1.2598, 0.5451 -0.4067 -1.2598, 0.5965 -2.8768 0.5787, 0.5872 -3.2653 0.5787, 0.6785 -3.277 0.5787, 0.4193 -1.9713 0.5787, 0.3175 -3.277 0.5787, 0.4088 -3.2653 0.5787, 0.2717 -2.9178 0.5787, 0.3996 -2.8768 0.5787, 0.2717 -1.9336 0.5787, 0.3996 -1.9713 0.5787, 0.5768 -1.9713 0.5787, 0.2792 -1.9205 0.5787, 0.7244 -2.9178 0.5787, 0.7244 -1.9336 0.5787, 0.5965 -1.9713 0.5787, 0.7169 -1.9205 0.5787, -0.4232 -0.5642 -1.1417, -0.4232 -0.4067 -1.1417, -0.4232 -0.5642 0.2638, -0.4232 -0.4067 0.2638, -0.4232 -0.5695 0.3045, -0.4232 -0.4146 0.3339, -0.4232 -0.5853 0.3425, -0.4232 -0.4379 0.4004, -0.4232 -0.6103 0.3751, -0.4232 -0.4754 0.4602, -0.4232 -0.5253 0.51, -0.4232 -0.6429 0.4002, -0.4232 -0.585 0.5476, -0.4232 -0.6809 0.4159, -0.4232 -0.6516 0.5708, -0.4232 -0.7217 0.4213, -0.4232 -0.7217 0.5787, -0.4232 -1.9205 0.4213, -0.4232 -1.9205 0.5787, -0.5807 -0.6429 0.4002, -0.5807 -0.5253 0.51, -0.5807 -0.6103 0.3751, -0.5807 -0.4754 0.4602, -0.5807 -0.5853 0.3425, -0.5807 -0.4379 0.4004, -0.5807 -0.5695 0.3045, -0.5807 -0.4146 0.3339, -0.5807 -0.5642 0.2638, -0.5807 -0.4067 0.2638, -0.5807 -0.5642 -1.1417, -0.5807 -0.4067 -1.1417, -0.5807 -1.9205 0.4213, -0.5807 -1.9205 0.5787, -0.5807 -0.7217 0.4213, -0.5807 -0.7217 0.5787, -0.5807 -0.6809 0.4159, -0.5807 -0.6516 0.5708, -0.5807 -0.585 0.5476, -0.4232 -2.6033 0.4213, -0.4232 -2.6033 0.5787, -0.5807 -2.6033 0.4213, -0.5807 -2.6033 0.5787, -0.6004 -2.8768 0.4213, -0.5912 -3.2653 0.4213, -0.6825 -3.277 0.4213, -0.4232 -1.9713 0.4213, -0.3215 -3.277 0.4213, -0.4128 -3.2653 0.4213, -0.2756 -2.9178 0.4213, -0.4035 -2.8768 0.4213, -0.2756 -1.9336 0.4213, -0.4035 -1.9713 0.4213, -0.5807 -1.9713 0.4213, -0.2831 -1.9205 0.4213, -0.7283 -2.9178 0.4213, -0.7283 -1.9336 0.4213, -0.6004 -1.9713 0.4213, -0.7208 -1.9205 0.4213, -0.5491 -0.5642 -1.2598, -0.4549 -0.5642 -1.2598, -0.5491 -0.4067 -1.2598, -0.4549 -0.4067 -1.2598, -0.4035 -2.8768 0.5787, -0.4128 -3.2653 0.5787, -0.3215 -3.277 0.5787, -0.5807 -1.9713 0.5787, -0.6825 -3.277 0.5787, -0.5912 -3.2653 0.5787, -0.7283 -2.9178 0.5787, -0.6004 -2.8768 0.5787, -0.7283 -1.9336 0.5787, -0.6004 -1.9713 0.5787, -0.4232 -1.9713 0.5787, -0.7208 -1.9205 0.5787, -0.2756 -2.9178 0.5787, -0.2756 -1.9336 0.5787, -0.4035 -1.9713 0.5787, -0.2831 -1.9205 0.5787, -1.4232 -0.5642 -1.1417, -1.4232 -0.4067 -1.1417, -1.4232 -0.5642 0.2638, -1.4232 -0.4067 0.2638, -1.4232 -0.5695 0.3045, -1.4232 -0.4146 0.3339, -1.4232 -0.5853 0.3425, -1.4232 -0.4379 0.4004, -1.4232 -0.6103 0.3751, -1.4232 -0.4754 0.4602, -1.4232 -0.5253 0.51, -1.4232 -0.6429 0.4002, -1.4232 -0.585 0.5476, -1.4232 -0.6809 0.4159, -1.4232 -0.6516 0.5708, -1.4232 -0.7217 0.4213, -1.4232 -0.7217 0.5787, -1.4232 -1.9205 0.4213, -1.4232 -1.9205 0.5787, -1.5807 -0.6429 0.4002, -1.5807 -0.5253 0.51, -1.5807 -0.6103 0.3751, -1.5807 -0.4754 0.4602, -1.5807 -0.5853 0.3425, -1.5807 -0.4379 0.4004, -1.5807 -0.5695 0.3045, -1.5807 -0.4146 0.3339, -1.5807 -0.5642 0.2638, -1.5807 -0.4067 0.2638, -1.5807 -0.5642 -1.1417, -1.5807 -0.4067 -1.1417, -1.5807 -1.9205 0.4213, -1.5807 -1.9205 0.5787, -1.5807 -0.7217 0.4213, -1.5807 -0.7217 0.5787, -1.5807 -0.6809 0.4159, -1.5807 -0.6516 0.5708, -1.5807 -0.585 0.5476, -1.4232 -2.6033 0.4213, -1.4232 -2.6033 0.5787, -1.5807 -2.6033 0.4213, -1.5807 -2.6033 0.5787, -1.6004 -2.8768 0.4213, -1.5912 -3.2653 0.4213, -1.6825 -3.277 0.4213, -1.4232 -1.9713 0.4213, -1.3215 -3.277 0.4213, -1.4128 -3.2653 0.4213, -1.2756 -2.9178 0.4213, -1.4035 -2.8768 0.4213, -1.2756 -1.9336 0.4213, -1.4035 -1.9713 0.4213, -1.5807 -1.9713 0.4213, -1.2831 -1.9205 0.4213, -1.7283 -2.9178 0.4213, -1.7283 -1.9336 0.4213, -1.6004 -1.9713 0.4213, -1.7208 -1.9205 0.4213, -1.4549 -0.5642 -1.2598, -1.5491 -0.5642 -1.2598, -1.5491 -0.4067 -1.2598, -1.4549 -0.4067 -1.2598, -1.4035 -2.8768 0.5787, -1.4128 -3.2653 0.5787, -1.3215 -3.277 0.5787, -1.5807 -1.9713 0.5787, -1.6825 -3.277 0.5787, -1.5912 -3.2653 0.5787, -1.7283 -2.9178 0.5787, -1.6004 -2.8768 0.5787, -1.7283 -1.9336 0.5787, -1.6004 -1.9713 0.5787, -1.4232 -1.9713 0.5787, -1.7208 -1.9205 0.5787, -1.2756 -2.9178 0.5787, -1.2756 -1.9336 0.5787, -1.4035 -1.9713 0.5787, -1.2831 -1.9205 0.5787, -2.4232 -0.5642 -1.1417, -2.4232 -0.4067 -1.1417, -2.4232 -0.5642 0.2638, -2.4232 -0.4067 0.2638, -2.4232 -0.5695 0.3045, -2.4232 -0.4146 0.3339, -2.4232 -0.5853 0.3425, -2.4232 -0.4379 0.4004, -2.4232 -0.6103 0.3751, -2.4232 -0.4754 0.4602, -2.4232 -0.5253 0.51, -2.4232 -0.6429 0.4002, -2.4232 -0.585 0.5476, -2.4232 -0.6809 0.4159, -2.4232 -0.6516 0.5708, -2.4232 -0.7217 0.4213, -2.4232 -0.7217 0.5787, -2.4232 -1.9205 0.4213, -2.4232 -1.9205 0.5787, -2.5807 -0.6429 0.4002, -2.5807 -0.5253 0.51, -2.5807 -0.6103 0.3751, -2.5807 -0.4754 0.4602, -2.5807 -0.5853 0.3425, -2.5807 -0.4379 0.4004, -2.5807 -0.5695 0.3045, -2.5807 -0.4146 0.3339, -2.5807 -0.5642 0.2638, -2.5807 -0.4067 0.2638, -2.5807 -0.5642 -1.1417, -2.5807 -0.4067 -1.1417, -2.5807 -1.9205 0.4213, -2.5807 -1.9205 0.5787, -2.5807 -0.7217 0.4213, -2.5807 -0.7217 0.5787, -2.5807 -0.6809 0.4159, -2.5807 -0.6516 0.5708, -2.5807 -0.585 0.5476, -2.4232 -2.6033 0.4213, -2.4232 -2.6033 0.5787, -2.5807 -2.6033 0.4213, -2.5807 -2.6033 0.5787, -2.6004 -2.8768 0.4213, -2.5912 -3.2653 0.4213, -2.6825 -3.277 0.4213, -2.4232 -1.9713 0.4213, -2.3215 -3.277 0.4213, -2.4128 -3.2653 0.4213, -2.2756 -2.9178 0.4213, -2.4035 -2.8768 0.4213, -2.2756 -1.9336 0.4213, -2.4035 -1.9713 0.4213, -2.5807 -1.9713 0.4213, -2.2831 -1.9205 0.4213, -2.7283 -2.9178 0.4213, -2.7283 -1.9336 0.4213, -2.6004 -1.9713 0.4213, -2.7208 -1.9205 0.4213, -2.4549 -0.5642 -1.2598, -2.5491 -0.5642 -1.2598, -2.5491 -0.4067 -1.2598, -2.4549 -0.4067 -1.2598, -2.4035 -2.8768 0.5787, -2.4128 -3.2653 0.5787, -2.3215 -3.277 0.5787, -2.5807 -1.9713 0.5787, -2.6825 -3.277 0.5787, -2.5912 -3.2653 0.5787, -2.7283 -2.9178 0.5787, -2.6004 -2.8768 0.5787, -2.7283 -1.9336 0.5787, -2.6004 -1.9713 0.5787, -2.4232 -1.9713 0.5787, -2.7208 -1.9205 0.5787, -2.2756 -2.9178 0.5787, -2.2756 -1.9336 0.5787, -2.4035 -1.9713 0.5787, -2.2831 -1.9205 0.5787, -3.4232 -0.5642 -1.1417, -3.4232 -0.4067 -1.1417, -3.4232 -0.5642 0.2638, -3.4232 -0.4067 0.2638, -3.4232 -0.5695 0.3045, -3.4232 -0.4146 0.3339, -3.4232 -0.5853 0.3425, -3.4232 -0.4379 0.4004, -3.4232 -0.6103 0.3751, -3.4232 -0.4754 0.4602, -3.4232 -0.5253 0.51, -3.4232 -0.6429 0.4002, -3.4232 -0.585 0.5476, -3.4232 -0.6809 0.4159, -3.4232 -0.6516 0.5708, -3.4232 -0.7217 0.4213, -3.4232 -0.7217 0.5787, -3.4232 -1.9205 0.4213, -3.4232 -1.9205 0.5787, -3.5807 -0.6429 0.4002, -3.5807 -0.5253 0.51, -3.5807 -0.6103 0.3751, -3.5807 -0.4754 0.4602, -3.5807 -0.5853 0.3425, -3.5807 -0.4379 0.4004, -3.5807 -0.5695 0.3045, -3.5807 -0.4146 0.3339, -3.5807 -0.5642 0.2638, -3.5807 -0.4067 0.2638, -3.5807 -0.5642 -1.1417, -3.5807 -0.4067 -1.1417, -3.5807 -1.9205 0.4213, -3.5807 -1.9205 0.5787, -3.5807 -0.7217 0.4213, -3.5807 -0.7217 0.5787, -3.5807 -0.6809 0.4159, -3.5807 -0.6516 0.5708, -3.5807 -0.585 0.5476, -3.4232 -2.6033 0.4213, -3.4232 -2.6033 0.5787, -3.5807 -2.6033 0.4213, -3.5807 -2.6033 0.5787, -3.6004 -2.8768 0.4213, -3.5912 -3.2653 0.4213, -3.6825 -3.277 0.4213, -3.4232 -1.9713 0.4213, -3.3215 -3.277 0.4213, -3.4128 -3.2653 0.4213, -3.2756 -2.9178 0.4213, -3.4035 -2.8768 0.4213, -3.2756 -1.9336 0.4213, -3.4035 -1.9713 0.4213, -3.5807 -1.9713 0.4213, -3.2831 -1.9205 0.4213, -3.7283 -2.9178 0.4213, -3.7283 -1.9336 0.4213, -3.6004 -1.9713 0.4213, -3.7208 -1.9205 0.4213, -3.5491 -0.5642 -1.2598, -3.4549 -0.5642 -1.2598, -3.5491 -0.4067 -1.2598, -3.4549 -0.4067 -1.2598, -3.4035 -2.8768 0.5787, -3.4128 -3.2653 0.5787, -3.3215 -3.277 0.5787, -3.5807 -1.9713 0.5787, -3.6825 -3.277 0.5787, -3.5912 -3.2653 0.5787, -3.7283 -2.9178 0.5787, -3.6004 -2.8768 0.5787, -3.7283 -1.9336 0.5787, -3.6004 -1.9713 0.5787, -3.4232 -1.9713 0.5787, -3.7208 -1.9205 0.5787, -3.2756 -2.9178 0.5787, -3.2756 -1.9336 0.5787, -3.4035 -1.9713 0.5787, -3.2831 -1.9205 0.5787, -4.4232 -0.5642 -1.1417, -4.4232 -0.4067 -1.1417, -4.4232 -0.5642 0.2638, -4.4232 -0.4067 0.2638, -4.4232 -0.5695 0.3045, -4.4232 -0.4146 0.3339, -4.4232 -0.5853 0.3425, -4.4232 -0.4379 0.4004, -4.4232 -0.6103 0.3751, -4.4232 -0.4754 0.4602, -4.4232 -0.5253 0.51, -4.4232 -0.6429 0.4002, -4.4232 -0.585 0.5476, -4.4232 -0.6809 0.4159, -4.4232 -0.6516 0.5708, -4.4232 -0.7217 0.4213, -4.4232 -0.7217 0.5787, -4.4232 -1.9205 0.4213, -4.4232 -1.9205 0.5787, -4.5807 -0.6429 0.4002, -4.5807 -0.5253 0.51, -4.5807 -0.6103 0.3751, -4.5807 -0.4754 0.4602, -4.5807 -0.5853 0.3425, -4.5807 -0.4379 0.4004, -4.5807 -0.5695 0.3045, -4.5807 -0.4146 0.3339, -4.5807 -0.5642 0.2638, -4.5807 -0.4067 0.2638, -4.5807 -0.5642 -1.1417, -4.5807 -0.4067 -1.1417, -4.5807 -1.9205 0.4213, -4.5807 -1.9205 0.5787, -4.5807 -0.7217 0.4213, -4.5807 -0.7217 0.5787, -4.5807 -0.6809 0.4159, -4.5807 -0.6516 0.5708, -4.5807 -0.585 0.5476, -4.4232 -2.6033 0.4213, -4.4232 -2.6033 0.5787, -4.5807 -2.6033 0.4213, -4.5807 -2.6033 0.5787, -4.6004 -2.8768 0.4213, -4.5912 -3.2653 0.4213, -4.6825 -3.277 0.4213, -4.4232 -1.9713 0.4213, -4.3215 -3.277 0.4213, -4.4128 -3.2653 0.4213, -4.2756 -2.9178 0.4213, -4.4035 -2.8768 0.4213, -4.2756 -1.9336 0.4213, -4.4035 -1.9713 0.4213, -4.5807 -1.9713 0.4213, -4.2831 -1.9205 0.4213, -4.7283 -2.9178 0.4213, -4.7283 -1.9336 0.4213, -4.6004 -1.9713 0.4213, -4.7208 -1.9205 0.4213, -4.5491 -0.5642 -1.2598, -4.4549 -0.5642 -1.2598, -4.5491 -0.4067 -1.2598, -4.4549 -0.4067 -1.2598, -4.4035 -2.8768 0.5787, -4.4128 -3.2653 0.5787, -4.3215 -3.277 0.5787, -4.5807 -1.9713 0.5787, -4.6825 -3.277 0.5787, -4.5912 -3.2653 0.5787, -4.7283 -2.9178 0.5787, -4.6004 -2.8768 0.5787, -4.7283 -1.9336 0.5787, -4.6004 -1.9713 0.5787, -4.4232 -1.9713 0.5787, -4.7208 -1.9205 0.5787, -4.2756 -2.9178 0.5787, -4.2756 -1.9336 0.5787, -4.4035 -1.9713 0.5787, -4.2831 -1.9205 0.5787
            ]
        }
        coordIndex [
            0,1,2,-1,2,1,3,-1,2,3,4,-1,4,3,5,-1,4,5,6,-1,6,5,7,-1,6,7,8,-1,7,9,8,-1,8,9,10,-1,8,10,11,-1,11,10,12,-1,11,12,13,-1,13,12,14,-1,13,14,15,-1,15,14,16,-1,15,16,17,-1,17,16,18,-1,19,20,21,-1,21,20,22,-1,21,22,23,-1,23,22,24,-1,23,24,25,-1,25,24,26,-1,25,26,27,-1,27,26,28,-1,27,28,29,-1,29,28,30,-1,31,32,33,-1,33,32,34,-1,33,34,35,-1,35,34,36,-1,35,36,19,-1,19,36,37,-1,19,37,20,-1,38,39,40,-1,40,39,41,-1,42,43,44,-1,45,38,40,-1,31,33,15,-1,46,47,48,-1,48,47,49,-1,48,49,50,-1,50,49,51,-1,40,52,45,-1,45,52,17,-1,45,17,51,-1,51,17,53,-1,51,53,50,-1,44,54,42,-1,42,54,55,-1,42,55,56,-1,56,55,57,-1,56,57,52,-1,52,57,31,-1,52,31,17,-1,17,31,15,-1,15,33,13,-1,13,33,35,-1,13,35,11,-1,11,35,19,-1,11,19,8,-1,8,19,21,-1,8,21,6,-1,6,21,23,-1,6,23,4,-1,4,23,25,-1,4,25,2,-1,2,25,27,-1,58,59,29,-1,29,59,0,-1,29,0,27,-1,27,0,2,-1,60,61,58,-1,58,61,59,-1,28,3,30,-1,30,3,1,-1,30,1,60,-1,60,1,61,-1,3,28,26,-1,3,26,5,-1,5,26,24,-1,5,24,7,-1,7,24,22,-1,7,22,9,-1,9,22,20,-1,9,20,10,-1,10,20,37,-1,10,37,12,-1,12,37,36,-1,12,36,14,-1,14,36,34,-1,14,34,16,-1,62,63,64,-1,65,41,39,-1,18,16,34,-1,66,67,68,-1,68,67,69,-1,68,69,70,-1,70,69,71,-1,39,72,65,-1,65,72,32,-1,65,32,71,-1,71,32,73,-1,71,73,70,-1,64,74,62,-1,62,74,75,-1,62,75,76,-1,76,75,77,-1,76,77,72,-1,72,77,18,-1,72,18,32,-1,32,18,34,-1,39,38,72,-1,72,38,45,-1,52,40,65,-1,65,40,41,-1,58,29,60,-1,60,29,30,-1,0,59,1,-1,1,59,61,-1,42,56,69,-1,69,56,71,-1,43,42,67,-1,67,42,69,-1,44,43,66,-1,66,43,67,-1,54,44,68,-1,68,44,66,-1,55,54,70,-1,70,54,68,-1,57,55,73,-1,73,55,70,-1,71,56,65,-1,65,56,52,-1,57,73,31,-1,31,73,32,-1,18,77,17,-1,17,77,53,-1,50,53,75,-1,75,53,77,-1,48,50,74,-1,74,50,75,-1,46,48,64,-1,64,48,74,-1,47,46,63,-1,63,46,64,-1,49,47,62,-1,62,47,63,-1,51,49,76,-1,76,49,62,-1,45,51,72,-1,72,51,76,-1,78,79,80,-1,80,79,81,-1,80,81,82,-1,82,81,83,-1,82,83,84,-1,84,83,85,-1,84,85,86,-1,85,87,86,-1,86,87,88,-1,86,88,89,-1,89,88,90,-1,89,90,91,-1,91,90,92,-1,91,92,93,-1,93,92,94,-1,93,94,95,-1,95,94,96,-1,97,98,99,-1,99,98,100,-1,99,100,101,-1,101,100,102,-1,101,102,103,-1,103,102,104,-1,103,104,105,-1,105,104,106,-1,105,106,107,-1,107,106,108,-1,109,110,111,-1,111,110,112,-1,111,112,113,-1,113,112,114,-1,113,114,97,-1,97,114,115,-1,97,115,98,-1,116,117,118,-1,118,117,119,-1,120,121,122,-1,123,116,118,-1,109,111,93,-1,124,125,126,-1,126,125,127,-1,126,127,128,-1,128,127,129,-1,118,130,123,-1,123,130,95,-1,123,95,129,-1,129,95,131,-1,129,131,128,-1,122,132,120,-1,120,132,133,-1,120,133,134,-1,134,133,135,-1,134,135,130,-1,130,135,109,-1,130,109,95,-1,95,109,93,-1,93,111,91,-1,91,111,113,-1,91,113,89,-1,89,113,97,-1,89,97,86,-1,86,97,99,-1,86,99,84,-1,84,99,101,-1,84,101,82,-1,82,101,103,-1,82,103,80,-1,80,103,105,-1,136,137,107,-1,107,137,78,-1,107,78,105,-1,105,78,80,-1,138,139,136,-1,136,139,137,-1,106,81,108,-1,108,81,79,-1,108,79,138,-1,138,79,139,-1,81,106,104,-1,81,104,83,-1,83,104,102,-1,83,102,85,-1,85,102,100,-1,85,100,87,-1,87,100,98,-1,87,98,88,-1,88,98,115,-1,88,115,90,-1,90,115,114,-1,90,114,92,-1,92,114,112,-1,92,112,94,-1,140,141,142,-1,143,119,117,-1,96,94,112,-1,144,145,146,-1,146,145,147,-1,146,147,148,-1,148,147,149,-1,117,150,143,-1,143,150,110,-1,143,110,149,-1,149,110,151,-1,149,151,148,-1,142,152,140,-1,140,152,153,-1,140,153,154,-1,154,153,155,-1,154,155,150,-1,150,155,96,-1,150,96,110,-1,110,96,112,-1,117,116,150,-1,150,116,123,-1,130,118,143,-1,143,118,119,-1,136,107,138,-1,138,107,108,-1,78,137,79,-1,79,137,139,-1,120,134,147,-1,147,134,149,-1,121,120,145,-1,145,120,147,-1,122,121,144,-1,144,121,145,-1,132,122,146,-1,146,122,144,-1,133,132,148,-1,148,132,146,-1,135,133,151,-1,151,133,148,-1,149,134,143,-1,143,134,130,-1,135,151,109,-1,109,151,110,-1,96,155,95,-1,95,155,131,-1,128,131,153,-1,153,131,155,-1,126,128,152,-1,152,128,153,-1,124,126,142,-1,142,126,152,-1,125,124,141,-1,141,124,142,-1,127,125,140,-1,140,125,141,-1,129,127,154,-1,154,127,140,-1,123,129,150,-1,150,129,154,-1,156,157,158,-1,158,157,159,-1,158,159,160,-1,160,159,161,-1,160,161,162,-1,162,161,163,-1,162,163,164,-1,163,165,164,-1,164,165,166,-1,164,166,167,-1,167,166,168,-1,167,168,169,-1,169,168,170,-1,169,170,171,-1,171,170,172,-1,171,172,173,-1,173,172,174,-1,175,176,177,-1,177,176,178,-1,177,178,179,-1,179,178,180,-1,179,180,181,-1,181,180,182,-1,181,182,183,-1,183,182,184,-1,183,184,185,-1,185,184,186,-1,187,188,189,-1,189,188,190,-1,189,190,191,-1,191,190,192,-1,191,192,175,-1,175,192,193,-1,175,193,176,-1,194,195,196,-1,196,195,197,-1,198,199,200,-1,201,194,196,-1,187,189,171,-1,202,203,204,-1,204,203,205,-1,204,205,206,-1,206,205,207,-1,196,208,201,-1,201,208,173,-1,201,173,207,-1,207,173,209,-1,207,209,206,-1,200,210,198,-1,198,210,211,-1,198,211,212,-1,212,211,213,-1,212,213,208,-1,208,213,187,-1,208,187,173,-1,173,187,171,-1,171,189,169,-1,169,189,191,-1,169,191,167,-1,167,191,175,-1,167,175,164,-1,164,175,177,-1,164,177,162,-1,162,177,179,-1,162,179,160,-1,160,179,181,-1,160,181,158,-1,158,181,183,-1,158,183,156,-1,156,183,185,-1,156,185,214,-1,214,185,215,-1,216,217,215,-1,215,217,214,-1,217,216,157,-1,157,216,186,-1,157,186,159,-1,159,186,184,-1,159,184,182,-1,159,182,161,-1,161,182,180,-1,161,180,163,-1,163,180,178,-1,163,178,165,-1,165,178,176,-1,165,176,166,-1,166,176,193,-1,166,193,168,-1,168,193,192,-1,168,192,170,-1,170,192,190,-1,170,190,172,-1,218,219,220,-1,221,197,195,-1,174,172,190,-1,222,223,224,-1,224,223,225,-1,224,225,226,-1,226,225,227,-1,195,228,221,-1,221,228,188,-1,221,188,227,-1,227,188,229,-1,227,229,226,-1,220,230,218,-1,218,230,231,-1,218,231,232,-1,232,231,233,-1,232,233,228,-1,228,233,174,-1,228,174,188,-1,188,174,190,-1,195,194,228,-1,228,194,201,-1,208,196,221,-1,221,196,197,-1,215,185,216,-1,216,185,186,-1,156,214,157,-1,157,214,217,-1,198,212,225,-1,225,212,227,-1,199,198,223,-1,223,198,225,-1,200,199,222,-1,222,199,223,-1,210,200,224,-1,224,200,222,-1,211,210,226,-1,226,210,224,-1,213,211,229,-1,229,211,226,-1,227,212,221,-1,221,212,208,-1,213,229,187,-1,187,229,188,-1,174,233,173,-1,173,233,209,-1,206,209,231,-1,231,209,233,-1,204,206,230,-1,230,206,231,-1,202,204,220,-1,220,204,230,-1,203,202,219,-1,219,202,220,-1,205,203,218,-1,218,203,219,-1,207,205,232,-1,232,205,218,-1,201,207,228,-1,228,207,232,-1,234,235,236,-1,236,235,237,-1,236,237,238,-1,238,237,239,-1,238,239,240,-1,240,239,241,-1,240,241,242,-1,241,243,242,-1,242,243,244,-1,242,244,245,-1,245,244,246,-1,245,246,247,-1,247,246,248,-1,247,248,249,-1,249,248,250,-1,249,250,251,-1,251,250,252,-1,253,254,255,-1,255,254,256,-1,255,256,257,-1,257,256,258,-1,257,258,259,-1,259,258,260,-1,259,260,261,-1,261,260,262,-1,261,262,263,-1,263,262,264,-1,265,266,267,-1,267,266,268,-1,267,268,269,-1,269,268,270,-1,269,270,253,-1,253,270,271,-1,253,271,254,-1,272,273,274,-1,274,273,275,-1,276,277,278,-1,279,272,274,-1,265,267,249,-1,280,281,282,-1,282,281,283,-1,282,283,284,-1,284,283,285,-1,274,286,279,-1,279,286,251,-1,279,251,285,-1,285,251,287,-1,285,287,284,-1,278,288,276,-1,276,288,289,-1,276,289,290,-1,290,289,291,-1,290,291,286,-1,286,291,265,-1,286,265,251,-1,251,265,249,-1,249,267,247,-1,247,267,269,-1,247,269,245,-1,245,269,253,-1,245,253,242,-1,242,253,255,-1,242,255,240,-1,240,255,257,-1,240,257,238,-1,238,257,259,-1,238,259,236,-1,236,259,261,-1,236,261,234,-1,234,261,263,-1,234,263,292,-1,292,263,293,-1,294,295,293,-1,293,295,292,-1,295,294,235,-1,235,294,264,-1,235,264,237,-1,237,264,262,-1,237,262,260,-1,237,260,239,-1,239,260,258,-1,239,258,241,-1,241,258,256,-1,241,256,243,-1,243,256,254,-1,243,254,244,-1,244,254,271,-1,244,271,246,-1,246,271,270,-1,246,270,248,-1,248,270,268,-1,248,268,250,-1,296,297,298,-1,299,275,273,-1,252,250,268,-1,300,301,302,-1,302,301,303,-1,302,303,304,-1,304,303,305,-1,273,306,299,-1,299,306,266,-1,299,266,305,-1,305,266,307,-1,305,307,304,-1,298,308,296,-1,296,308,309,-1,296,309,310,-1,310,309,311,-1,310,311,306,-1,306,311,252,-1,306,252,266,-1,266,252,268,-1,273,272,306,-1,306,272,279,-1,286,274,299,-1,299,274,275,-1,293,263,294,-1,294,263,264,-1,234,292,235,-1,235,292,295,-1,276,290,303,-1,303,290,305,-1,277,276,301,-1,301,276,303,-1,278,277,300,-1,300,277,301,-1,288,278,302,-1,302,278,300,-1,289,288,304,-1,304,288,302,-1,291,289,307,-1,307,289,304,-1,305,290,299,-1,299,290,286,-1,291,307,265,-1,265,307,266,-1,252,311,251,-1,251,311,287,-1,284,287,309,-1,309,287,311,-1,282,284,308,-1,308,284,309,-1,280,282,298,-1,298,282,308,-1,281,280,297,-1,297,280,298,-1,283,281,296,-1,296,281,297,-1,285,283,310,-1,310,283,296,-1,279,285,306,-1,306,285,310,-1,312,313,314,-1,314,313,315,-1,314,315,316,-1,316,315,317,-1,316,317,318,-1,318,317,319,-1,318,319,320,-1,319,321,320,-1,320,321,322,-1,320,322,323,-1,323,322,324,-1,323,324,325,-1,325,324,326,-1,325,326,327,-1,327,326,328,-1,327,328,329,-1,329,328,330,-1,331,332,333,-1,333,332,334,-1,333,334,335,-1,335,334,336,-1,335,336,337,-1,337,336,338,-1,337,338,339,-1,339,338,340,-1,339,340,341,-1,341,340,342,-1,343,344,345,-1,345,344,346,-1,345,346,347,-1,347,346,348,-1,347,348,331,-1,331,348,349,-1,331,349,332,-1,350,351,352,-1,352,351,353,-1,354,355,356,-1,357,350,352,-1,343,345,327,-1,358,359,360,-1,360,359,361,-1,360,361,362,-1,362,361,363,-1,352,364,357,-1,357,364,329,-1,357,329,363,-1,363,329,365,-1,363,365,362,-1,356,366,354,-1,354,366,367,-1,354,367,368,-1,368,367,369,-1,368,369,364,-1,364,369,343,-1,364,343,329,-1,329,343,327,-1,327,345,325,-1,325,345,347,-1,325,347,323,-1,323,347,331,-1,323,331,320,-1,320,331,333,-1,320,333,318,-1,318,333,335,-1,318,335,316,-1,316,335,337,-1,316,337,314,-1,314,337,339,-1,370,371,341,-1,341,371,312,-1,341,312,339,-1,339,312,314,-1,372,373,370,-1,370,373,371,-1,340,315,342,-1,342,315,313,-1,342,313,372,-1,372,313,373,-1,315,340,338,-1,315,338,317,-1,317,338,336,-1,317,336,319,-1,319,336,334,-1,319,334,321,-1,321,334,332,-1,321,332,322,-1,322,332,349,-1,322,349,324,-1,324,349,348,-1,324,348,326,-1,326,348,346,-1,326,346,328,-1,374,375,376,-1,377,353,351,-1,330,328,346,-1,378,379,380,-1,380,379,381,-1,380,381,382,-1,382,381,383,-1,351,384,377,-1,377,384,344,-1,377,344,383,-1,383,344,385,-1,383,385,382,-1,376,386,374,-1,374,386,387,-1,374,387,388,-1,388,387,389,-1,388,389,384,-1,384,389,330,-1,384,330,344,-1,344,330,346,-1,351,350,384,-1,384,350,357,-1,364,352,377,-1,377,352,353,-1,370,341,372,-1,372,341,342,-1,312,371,313,-1,313,371,373,-1,354,368,381,-1,381,368,383,-1,355,354,379,-1,379,354,381,-1,356,355,378,-1,378,355,379,-1,366,356,380,-1,380,356,378,-1,367,366,382,-1,382,366,380,-1,369,367,385,-1,385,367,382,-1,383,368,377,-1,377,368,364,-1,369,385,343,-1,343,385,344,-1,330,389,329,-1,329,389,365,-1,362,365,387,-1,387,365,389,-1,360,362,386,-1,386,362,387,-1,358,360,376,-1,376,360,386,-1,359,358,375,-1,375,358,376,-1,361,359,374,-1,374,359,375,-1,363,361,388,-1,388,361,374,-1,357,363,384,-1,384,363,388,-1,390,391,392,-1,392,391,393,-1,392,393,394,-1,394,393,395,-1,394,395,396,-1,396,395,397,-1,396,397,398,-1,397,399,398,-1,398,399,400,-1,398,400,401,-1,401,400,402,-1,401,402,403,-1,403,402,404,-1,403,404,405,-1,405,404,406,-1,405,406,407,-1,407,406,408,-1,409,410,411,-1,411,410,412,-1,411,412,413,-1,413,412,414,-1,413,414,415,-1,415,414,416,-1,415,416,417,-1,417,416,418,-1,417,418,419,-1,419,418,420,-1,421,422,423,-1,423,422,424,-1,423,424,425,-1,425,424,426,-1,425,426,409,-1,409,426,427,-1,409,427,410,-1,428,429,430,-1,430,429,431,-1,432,433,434,-1,435,428,430,-1,421,423,405,-1,436,437,438,-1,438,437,439,-1,438,439,440,-1,440,439,441,-1,430,442,435,-1,435,442,407,-1,435,407,441,-1,441,407,443,-1,441,443,440,-1,434,444,432,-1,432,444,445,-1,432,445,446,-1,446,445,447,-1,446,447,442,-1,442,447,421,-1,442,421,407,-1,407,421,405,-1,405,423,403,-1,403,423,425,-1,403,425,401,-1,401,425,409,-1,401,409,398,-1,398,409,411,-1,398,411,396,-1,396,411,413,-1,396,413,394,-1,394,413,415,-1,394,415,392,-1,392,415,417,-1,448,449,419,-1,419,449,390,-1,419,390,417,-1,417,390,392,-1,450,451,448,-1,448,451,449,-1,418,393,420,-1,420,393,391,-1,420,391,450,-1,450,391,451,-1,393,418,416,-1,393,416,395,-1,395,416,414,-1,395,414,397,-1,397,414,412,-1,397,412,399,-1,399,412,410,-1,399,410,400,-1,400,410,427,-1,400,427,402,-1,402,427,426,-1,402,426,404,-1,404,426,424,-1,404,424,406,-1,452,453,454,-1,455,431,429,-1,408,406,424,-1,456,457,458,-1,458,457,459,-1,458,459,460,-1,460,459,461,-1,429,462,455,-1,455,462,422,-1,455,422,461,-1,461,422,463,-1,461,463,460,-1,454,464,452,-1,452,464,465,-1,452,465,466,-1,466,465,467,-1,466,467,462,-1,462,467,408,-1,462,408,422,-1,422,408,424,-1,429,428,462,-1,462,428,435,-1,442,430,455,-1,455,430,431,-1,448,419,450,-1,450,419,420,-1,390,449,391,-1,391,449,451,-1,432,446,459,-1,459,446,461,-1,433,432,457,-1,457,432,459,-1,434,433,456,-1,456,433,457,-1,444,434,458,-1,458,434,456,-1,445,444,460,-1,460,444,458,-1,447,445,463,-1,463,445,460,-1,461,446,455,-1,455,446,442,-1,447,463,421,-1,421,463,422,-1,408,467,407,-1,407,467,443,-1,440,443,465,-1,465,443,467,-1,438,440,464,-1,464,440,465,-1,436,438,454,-1,454,438,464,-1,437,436,453,-1,453,436,454,-1,439,437,452,-1,452,437,453,-1,441,439,466,-1,466,439,452,-1,435,441,462,-1,462,441,466,-1,
        ]
    }
}
Shape{
    appearance Appearance {
        material  Material 	{
            diffuseColor 0.25098039215686274 0.25098039215686274 0.25098039215686274
            specularColor 0.12549019607843137 0.12549019607843137 0.12549019607843137
            ambientIntensity 0.251
            transparency 0.0
            shininess 0.5
        }
    }
    geometry IndexedFaceSet {
        ccw TRUE
        solid FALSE
        coord DEF co Coordinate {
            point [
                10.0965 -2.7712 0.3275, 10.0965 -2.7712 0.2905, 10.0965 -2.6813 0.2905, 10.0965 -2.7712 0.4757, 10.0965 -2.7712 0.4483, 10.0965 -2.6813 0.4483, 10.0965 -2.5792 0.5591, 10.0965 -2.5792 0.5293, 10.0965 -2.554 0.5293, 10.0965 -2.5745 0.3277, 10.0965 -2.5764 0.3275, 10.0965 -2.554 0.3275, 10.0965 -2.5937 0.3277, 10.0965 -2.5967 0.3287, 10.0965 -2.5967 0.3275, 10.0965 -2.4622 0.411, 10.0965 -2.4622 0.3811, 10.0965 -2.4447 0.3811, 10.0965 -3.233 0.4411, 10.0965 -3.2316 0.4483, 10.0965 -3.82 0.4483, 10.0965 -2.8528 0.4974, 10.0965 -2.8346 0.4823, 10.0965 -2.7712 0.5707, 10.0965 -2.9264 0.5707, 10.0965 -2.9111 0.5604, 10.0965 -2.9082 0.5577, 10.0965 -2.8871 0.5319, 10.0965 -2.8752 0.508, 10.0965 -2.8726 0.5071, 10.0965 -2.974 0.5921, 10.0965 -2.9407 0.5803, 10.0965 -2.7712 1.9685, 10.0965 -3.0605 0.5813, 10.0965 -3.0296 0.592, 10.0965 -3.82 1.9685, 10.0965 -3.0014 0.595, 10.0965 -3.202 0.5093, 10.0965 -3.1966 0.5144, 10.0965 -3.82 0.5707, 10.0965 -3.0784 0.5707, 10.0965 -3.0811 0.5691, 10.0965 -3.1753 0.529, 10.0965 -3.1506 0.5382, 10.0965 -3.1256 0.5412, 10.0965 -3.0967 0.5557, 10.0965 -3.118 0.5407, 10.0965 -3.1103 0.5398, 10.0965 -3.82 0.4757, 10.0965 -3.2282 0.466, 10.0965 -3.2238 0.4757, 10.0965 -3.2174 0.4897, 10.0965 -3.1859 0.3443, 10.0965 -3.2053 0.3612, 10.0965 -3.82 0.3275, 10.0965 -3.1621 0.3323, 10.0965 -3.2211 0.384, 10.0965 -3.2303 0.4087, 10.0965 -3.2332 0.4336, 10.0965 -3.1522 0.3293, 10.0965 -3.1513 0.3275, 10.0965 -3.1452 0.3145, 10.0965 -3.82 0.2905, 10.0965 -3.1352 0.3024, 10.0965 -3.1221 0.2927, 10.0965 -3.82 0.0, 10.0965 -3.1067 0.2865, 10.0965 -3.1166 0.2905, 10.0965 -3.0617 0.2905, 10.0965 -3.0723 0.2863, 10.0965 -2.7712 0.0, 10.0965 -3.0891 0.2841, 10.0965 -3.091 0.2842, 10.0965 -3.0271 0.3275, 10.0965 -3.0277 0.3252, 10.0965 -3.036 0.3107, 10.0965 -3.0444 0.3015, 10.0965 -3.0576 0.2921, 10.0965 -3.0514 0.406, 10.0965 -3.0393 0.395, 10.0965 -2.9503 0.4415, 10.0965 -2.8124 0.3977, 10.0965 -2.8095 0.4209, 10.0965 -2.8127 0.4433, 10.0965 -2.8512 0.4278, 10.0965 -2.8547 0.4404, 10.0965 -2.8593 0.4483, 10.0965 -3.1896 0.4483, 10.0965 -2.9375 0.3685, 10.0965 -2.9323 0.3691, 10.0965 -2.9297 0.4063, 10.0965 -2.9317 0.3691, 10.0965 -2.9489 0.3608, 10.0965 -2.9461 0.3638, 10.0965 -2.942 0.3667, 10.0965 -2.8207 0.3766, 10.0965 -2.834 0.3579, 10.0965 -2.8517 0.3428, 10.0965 -2.9374 0.3286, 10.0965 -2.9418 0.3303, 10.0965 -2.9461 0.3334, 10.0965 -2.9514 0.3562, 10.0965 -3.0227 0.3572, 10.0965 -2.9528 0.3512, 10.0965 -2.9477 0.3349, 10.0965 -2.9506 0.3391, 10.0965 -2.9523 0.3436, 10.0965 -2.9529 0.3486, 10.0965 -3.0227 0.3505, 10.0965 -3.0233 0.3414, 10.0965 -3.1056 0.4155, 10.0965 -3.0891 0.4176, 10.0965 -3.0817 0.4172, 10.0965 -3.0656 0.4134, 10.0965 -2.9297 0.3687, 10.0965 -2.9284 0.3685, 10.0965 -2.8985 0.3685, 10.0965 -2.8719 0.3328, 10.0965 -2.8945 0.328, 10.0965 -2.9337 0.328, 10.0965 -3.1445 0.3875, 10.0965 -3.1902 0.4225, 10.0965 -3.1849 0.4065, 10.0965 -3.1783 0.3955, 10.0965 -3.1665 0.3831, 10.0965 -3.1515 0.3738, 10.0965 -3.1914 0.4349, 10.0965 -3.1337 0.4002, 10.0965 -3.1202 0.4098, 10.0965 -2.8644 0.3849, 10.0965 -2.8571 0.395, 10.0965 -2.8524 0.4068, 10.0965 -2.8507 0.4203, 10.0965 -2.8857 0.371, 10.0965 -2.8741 0.3766, 10.0965 -2.9078 0.4721, 10.0965 -3.1834 0.4664, 10.0965 -3.1892 0.4516, 10.0965 -2.9025 0.4721, 10.0965 -2.8613 0.4516, 10.0965 -2.8675 0.4585, 10.0965 -2.8778 0.4658, 10.0965 -2.8893 0.4704, 10.0965 -2.9226 0.5128, 10.0965 -2.9378 0.5305, 10.0965 -3.0898 0.4913, 10.0965 -3.1768 0.4757, 10.0965 -3.0947 0.4941, 10.0965 -2.9086 0.4757, 10.0965 -2.9121 0.4915, 10.0965 -3.0008 0.5551, 10.0965 -3.0254 0.5519, 10.0965 -3.047 0.5431, 10.0965 -2.9385 0.5312, 10.0965 -2.9571 0.5442, 10.0965 -3.0795 0.5125, 10.0965 -3.0646 0.5302, 10.0965 -3.1096 0.4994, 10.0965 -3.125 0.5013, 10.0965 -3.1341 0.5007, 10.0965 -2.9779 0.5523, 10.0965 -3.1503 0.4962, 10.0965 -3.1648 0.4879, 10.0965 -3.174 0.4795, 10.0965 -2.8298 0.4757, 10.0965 -2.821 0.4635, 10.0965 -2.8147 0.4483, 10.0965 -2.424 0.3389, 10.0965 -2.424 0.3283, 10.0965 -2.4152 0.3275, 10.0965 -2.4447 0.3275, 10.0965 -2.4152 0.4483, 10.0965 -2.4261 0.411, 10.0965 -2.4261 0.4217, 10.0965 -2.4288 0.3704, 10.0965 -2.4447 0.3704, 10.0965 -2.4447 0.3389, 10.0965 -2.4622 0.3704, 10.0965 -2.4622 0.3389, 10.0965 -2.4288 0.3811, 10.0965 -2.4447 0.411, 10.0965 -2.4447 0.3283, 10.0965 -2.4743 0.3283, 10.0965 -2.4806 0.3275, 10.0965 -2.4743 0.4217, 10.0965 -2.6667 0.3602, 10.0965 -2.665 0.379, 10.0965 -2.669 0.3569, 10.0965 -2.6707 0.3528, 10.0965 -2.6021 0.3427, 10.0965 -2.6179 0.3712, 10.0965 -2.6021 0.3306, 10.0965 -2.6179 0.3283, 10.0965 -2.6354 0.3318, 10.0965 -2.6396 0.3291, 10.0965 -2.6296 0.3283, 10.0965 -2.644 0.3275, 10.0965 -2.6757 0.3275, 10.0965 -2.6695 0.3369, 10.0965 -2.671 0.3408, 10.0965 -2.6757 0.2905, 10.0965 -2.6572 0.3275, 10.0965 -2.6574 0.3275, 10.0965 -2.6619 0.3292, 10.0965 -2.653 0.3953, 10.0965 -2.6757 0.4483, 10.0965 -2.6619 0.3921, 10.0965 -2.665 0.3903, 10.0965 -2.663 0.3633, 10.0965 -2.6579 0.3659, 10.0965 -2.6575 0.3838, 10.0965 -2.6494 0.3679, 10.0965 -2.6392 0.3866, 10.0965 -2.6431 0.387, 10.0965 -2.6502 0.3863, 10.0965 -2.6658 0.332, 10.0965 -2.6671 0.3333, 10.0965 -2.6001 0.385, 10.0965 -2.6261 0.3921, 10.0965 -2.623 0.3891, 10.0965 -2.6296 0.3386, 10.0965 -2.6299 0.3386, 10.0965 -2.6318 0.3358, 10.0965 -2.5975 0.3399, 10.0965 -2.5967 0.3396, 10.0965 -2.5967 0.3644, 10.0965 -2.6015 0.3812, 10.0965 -2.642 0.3965, 10.0965 -2.6348 0.3959, 10.0965 -2.6299 0.3944, 10.0965 -2.6715 0.3461, 10.0965 -2.6715 0.3478, 10.0965 -2.6188 0.3799, 10.0965 -2.6015 0.3725, 10.0965 -2.6296 0.3707, 10.0965 -2.63 0.3759, 10.0965 -2.6312 0.38, 10.0965 -2.6326 0.3824, 10.0965 -2.6206 0.3853, 10.0965 -2.602 0.377, 10.0965 -2.5968 0.3644, 10.0965 -2.5987 0.3664, 10.0965 -2.6002 0.3689, 10.0965 -2.6344 0.3843, 10.0965 -2.6365 0.3857, 10.0965 -2.5917 0.3275, 10.0965 -2.5967 0.2905, 10.0965 -2.584 0.3267, 10.0965 -2.554 0.2905, 10.0965 -2.5602 0.3936, 10.0965 -2.5602 0.3822, 10.0965 -2.5576 0.3417, 10.0965 -2.559 0.338, 10.0965 -2.5612 0.3349, 10.0965 -2.598 0.3881, 10.0965 -2.5967 0.3893, 10.0965 -2.5967 0.4483, 10.0965 -2.5945 0.3912, 10.0965 -2.591 0.3933, 10.0965 -2.5846 0.3956, 10.0965 -2.576 0.3965, 10.0965 -2.554 0.4483, 10.0965 -2.5696 0.3961, 10.0965 -2.5609 0.3575, 10.0965 -2.5587 0.3542, 10.0965 -2.5575 0.3508, 10.0965 -2.557 0.3464, 10.0965 -2.5645 0.332, 10.0965 -2.568 0.3299, 10.0965 -2.5772 0.387, 10.0965 -2.5806 0.3868, 10.0965 -2.5899 0.3781, 10.0965 -2.5838 0.3859, 10.0965 -2.5864 0.3845, 10.0965 -2.5898 0.3765, 10.0965 -2.5894 0.3747, 10.0965 -2.5885 0.3731, 10.0965 -2.5874 0.3718, 10.0965 -2.5833 0.3693, 10.0965 -2.5695 0.3862, 10.0965 -2.576 0.3661, 10.0965 -2.5629 0.3837, 10.0965 -2.5715 0.3643, 10.0965 -2.5637 0.36, 10.0965 -2.5881 0.383, 10.0965 -2.5891 0.3815, 10.0965 -2.5897 0.3799, 10.0965 -2.5902 0.3371, 10.0965 -2.5843 0.3576, 10.0965 -2.5912 0.3608, 10.0965 -2.5828 0.3363, 10.0965 -2.5823 0.3363, 10.0965 -2.5766 0.3544, 10.0965 -2.5763 0.3369, 10.0965 -2.569 0.3453, 10.0965 -2.5691 0.3467, 10.0965 -2.5733 0.338, 10.0965 -2.5722 0.3387, 10.0965 -2.5709 0.3399, 10.0965 -2.5699 0.3414, 10.0965 -2.5693 0.3431, 10.0965 -2.5697 0.3486, 10.0965 -2.5706 0.3501, 10.0965 -2.572 0.3516, 10.0965 -2.3809 0.502, 10.0965 -2.4152 0.502, 10.0965 -2.3714 0.4765, 10.0965 -2.4152 0.4757, 10.0965 -2.3581 0.4765, 10.0965 -1.1783 0.4757, 10.0965 -1.1783 0.5707, 10.0965 -2.3936 0.5699, 10.0965 -2.4152 0.5707, 10.0965 -2.4198 0.502, 10.0965 -2.4288 0.4765, 10.0965 -2.4447 0.4757, 10.0965 -2.4421 0.4765, 10.0965 -2.4447 0.5707, 10.0965 -2.4152 0.5472, 10.0965 -2.4065 0.5699, 10.0965 -2.4806 0.4757, 10.0965 -2.4832 0.4781, 10.0965 -2.4977 0.4765, 10.0965 -2.4967 0.5699, 10.0965 -2.4806 0.5707, 10.0965 -2.5322 0.5707, 10.0965 -2.5322 0.4757, 10.0965 -2.5234 0.4765, 10.0965 -2.5234 0.5699, 10.0965 -2.4575 0.5536, 10.0965 -2.4519 0.5453, 10.0965 -2.45 0.5069, 10.0965 -2.4548 0.4973, 10.0965 -2.4614 0.5575, 10.0965 -2.4818 0.5682, 10.0965 -2.4806 0.5677, 10.0965 -2.4706 0.5639, 10.0965 -2.4723 0.482, 10.0965 -2.4806 0.479, 10.0965 -2.4614 0.4896, 10.0965 -2.4631 0.488, 10.0965 -2.4486 0.5362, 10.0965 -2.4473 0.5244, 10.0965 -2.4477 0.5177, 10.0965 -2.554 0.5707, 10.0965 -2.5431 0.5699, 10.0965 -2.554 0.5699, 10.0965 -2.5792 0.4871, 10.0965 -2.554 0.4871, 10.0965 -2.5792 0.5186, 10.0965 -2.554 0.5186, 10.0965 -2.5458 0.5186, 10.0965 -2.541 0.4871, 10.0965 -2.5458 0.5293, 10.0965 -2.5431 0.5591, 10.0965 -2.554 0.5591, 10.0965 -2.5912 0.4765, 10.0965 -2.5967 0.4757, 10.0965 -2.554 0.4757, 10.0965 -2.541 0.4765, 10.0965 -2.554 0.4765, 10.0965 -2.5912 0.5699, 10.0965 -2.5967 0.5707, 10.0965 -1.0602 1.6339, 10.0965 -1.0602 1.9685, 10.0965 -1.1783 1.6339, 10.0965 -2.4152 1.9685, 10.0965 -1.1783 0.4483, 10.0965 -2.3251 0.3283, 10.0965 -2.3307 0.3696, 10.0965 -2.3331 0.3587, 10.0965 -1.0602 0.3275, 10.0965 -1.0602 0.3346, 10.0965 -1.1783 0.3346, 10.0965 -2.2544 0.3283, 10.0965 -2.2639 0.3538, 10.0965 -2.3028 0.3538, 10.0965 -2.3378 0.3491, 10.0965 -2.3444 0.3414, 10.0965 -2.3462 0.3398, 10.0965 -2.2896 0.4217, 10.0965 -2.2767 0.4217, 10.0965 -2.3797 0.4217, 10.0965 -2.3649 0.42, 10.0965 -2.3303 0.3762, 10.0965 -2.3316 0.388, 10.0965 -2.3553 0.3338, 10.0965 -2.3662 0.3299, 10.0965 -2.3807 0.3283, 10.0965 -2.3444 0.4093, 10.0965 -2.3405 0.4055, 10.0965 -2.3349 0.3971, 10.0965 -2.3537 0.4157, 10.0965 -2.3118 0.3283, 10.0965 -2.2411 0.3283, 10.0965 -2.4064 0.3283, 10.0965 -2.4064 0.4217, 10.0965 -2.6191 0.5704, 10.0965 -2.6099 0.5676, 10.0965 -2.6099 0.555, 10.0965 -2.6099 0.4919, 10.0965 -2.6099 0.4803, 10.0965 -2.611 0.4798, 10.0965 -2.6208 0.4764, 10.0965 -2.6281 0.4757, 10.0965 -2.6301 0.4858, 10.0965 -2.6195 0.4877, 10.0965 -2.6672 0.5213, 10.0965 -2.6672 0.5221, 10.0965 -2.6587 0.5488, 10.0965 -2.663 0.5421, 10.0965 -2.666 0.5338, 10.0965 -2.621 0.5593, 10.0965 -2.632 0.5606, 10.0965 -2.6361 0.5604, 10.0965 -2.6442 0.5587, 10.0965 -2.6658 0.5098, 10.0965 -2.6628 0.5022, 10.0965 -2.6581 0.4955, 10.0965 -2.6495 0.4891, 10.0965 -2.6428 0.4866, 10.0965 -2.6341 0.4856, 10.0965 -2.6114 0.5558, 10.0965 -2.6514 0.5552, 10.0965 -2.6574 0.5502, 10.0965 -2.6558 0.4933, 10.0965 -2.6392 0.5707, 10.0965 -2.6321 0.5715, 10.0965 -2.6757 1.9685, 10.0965 -2.5967 1.9685, 10.0965 -2.6312 0.5715, 10.0965 -2.6225 0.5707, 10.0965 -2.6757 0.5707, 10.0965 -2.6446 0.5701, 10.0965 -2.6545 0.5665, 10.0965 -2.6729 0.5494, 10.0965 -2.6664 0.5577, 10.0965 -2.6637 0.5603, 10.0965 -2.6757 0.5001, 10.0965 -2.6784 0.5077, 10.0965 -2.6813 0.4757, 10.0965 -2.6799 0.5214, 10.0965 -2.6797 0.527, 10.0965 -2.6813 0.5707, 10.0965 -2.6774 0.5391, 10.0965 -2.6757 0.543, 10.0965 -2.6608 0.4817, 10.0965 -2.6679 0.4877, 10.0965 -2.6757 0.4757, 10.0965 -2.6695 0.4894, 10.0965 -2.6748 0.4976, 10.0965 -2.6358 0.4749, 10.0965 -2.6421 0.4752, 10.0965 -2.6442 0.4757, 10.0965 -2.6521 0.4774, 10.0965 -2.6443 0.3274, 10.0965 -2.6504 0.3267, 10.0965 -2.499 0.395, 10.0965 -2.4869 0.395, 10.0965 -2.4806 0.4483, 10.0965 -2.4447 0.4217, 10.0965 -2.4447 0.4483, 10.0965 -2.5135 0.3275, 10.0965 -2.5204 0.3449, 10.0965 -2.519 0.3394, 10.0965 -2.5187 0.3394, 10.0965 -2.5322 0.4483, 10.0965 -2.5322 0.3788, 10.0965 -2.5172 0.3448, 10.0965 -2.5181 0.3417, 10.0965 -2.5322 0.3474, 10.0965 -2.5509 0.395, 10.0965 -2.5378 0.395, 10.0965 -2.5251 0.3275, 10.0965 -2.5247 0.3284, 10.0965 -2.5322 0.3121, 10.0965 -2.5322 0.3121, 10.0965 -2.5322 0.3275, 10.0965 -2.5299 0.3163, 10.0965 -2.5485 0.3082, 10.0965 -2.5485 0.2978, 10.0965 -2.5461 0.3074, 10.0965 -2.5419 0.3069, 10.0965 -2.5391 0.3072, 10.0965 -2.5322 0.2989, 10.0965 -2.5362 0.2974, 10.0965 -2.5322 0.2905, 10.0965 -2.541 0.2969, 10.0965 -2.5435 0.297, 10.0965 -2.5365 0.3082, 10.0965 -2.5343 0.3097, 10.0965 -2.5172 0.3182, 10.0965 -2.5224 0.3079, 10.0965 -2.4806 0.2905, 10.0965 -2.5267 0.3028, 10.0965 -2.5275 0.302, 10.0965 -2.5316 0.2992, 10.0965 -4.4067 0.0, 10.0965 -4.4067 0.2905, 10.0965 -4.4067 0.3275, 10.0965 -4.4067 0.4483, 10.0965 -4.4067 0.4757, 10.0965 -4.4067 0.5707, 10.0965 -4.4067 1.9685, 10.0965 -2.6837 0.4871, 10.0965 -2.6837 0.4765, 10.0965 -2.733 0.4765, 10.0965 -2.7209 0.5699, 10.0965 -2.7209 0.4871, 10.0965 -2.733 0.5699, 10.0965 -2.6813 0.3275, 10.0965 -2.6827 0.3283, 10.0965 -2.733 0.3283, 10.0965 -2.6827 0.3389, 10.0965 -2.6849 0.411, 10.0965 -2.7209 0.3704, 10.0965 -2.7209 0.3389, 10.0965 -2.6875 0.3704, 10.0965 -2.6875 0.3811, 10.0965 -2.7209 0.3811, 10.0965 -2.7209 0.411, 10.0965 -2.733 0.4217, 10.0965 -2.6849 0.4217, 10.0965 -2.6813 1.9685, 10.0965 -2.4447 1.9685, 10.0965 -2.4806 1.9685, 10.0965 -2.5322 1.9685, 10.0965 -2.554 1.9685, 10.0965 -2.4447 0.2905, 10.0965 -2.4152 0.2905, 10.0965 -1.0602 0.2905, 10.0965 -2.6813 0.0, 10.0965 -2.6757 0.0, 10.0965 -2.5967 0.0, 10.0965 -2.554 0.0, 10.0965 -2.5322 0.0, 10.0965 -2.4806 0.0, 10.0965 -2.4447 0.0, 10.0965 -2.4152 0.0, 10.0965 -1.0602 0.0, 0.7539 -1.0602 0.2283, 0.7539 -1.0602 0.3346, 1.2421 -1.0602 0.3346, 1.2421 -1.0602 0.2283, 1.7539 -1.0602 0.2283, -4.2461 -1.0602 0.2283, -4.2461 -1.0602 0.3346, -3.7579 -1.0602 0.3346, 3.7539 -1.0602 0.2283, 3.7539 -1.0602 0.3346, 4.2421 -1.0602 0.3346, 4.2421 -1.0602 0.2283, 4.7539 -1.0602 0.2283, -1.2461 -1.0602 0.2283, -1.2461 -1.0602 0.3346, -0.7579 -1.0602 0.3346, 1.7539 -1.0602 0.3346, 2.2421 -1.0602 0.3346, 2.2421 -1.0602 0.2283, 2.7539 -1.0602 0.2283, 3.2421 -1.0602 0.2283, 3.2421 -1.0602 0.3346, 2.7539 -1.0602 0.3346, 5.7539 -1.0602 0.2283, 5.7539 -1.0602 0.3346, 6.2421 -1.0602 0.3346, -10.1004 -1.0602 0.3346, -9.7579 -1.0602 0.3346, -10.1004 -1.0602 0.0, -9.7579 -1.0602 0.2283, -9.2461 -1.0602 0.2283, -0.2461 -1.0602 0.3346, 0.2421 -1.0602 0.3346, -0.2461 -1.0602 0.2283, 0.2421 -1.0602 0.2283, 6.2421 -1.0602 0.2283, 6.7539 -1.0602 0.2283, 5.2421 -1.0602 0.2283, 5.2421 -1.0602 0.3346, 4.7539 -1.0602 0.3346, -9.2461 -1.0602 0.3346, -8.7579 -1.0602 0.3346, -8.7579 -1.0602 0.2283, -8.2461 -1.0602 0.2283, 7.7539 -1.0602 0.2283, 7.7539 -1.0602 0.3346, 8.2421 -1.0602 0.3346, -8.2461 -1.0602 0.3346, -7.7579 -1.0602 0.3346, -7.7579 -1.0602 0.2283, -7.2461 -1.0602 0.2283, 8.2421 -1.0602 0.2283, 8.7539 -1.0602 0.2283, 7.2421 -1.0602 0.2283, 7.2421 -1.0602 0.3346, 6.7539 -1.0602 0.3346, -7.2461 -1.0602 0.3346, -6.7579 -1.0602 0.3346, -6.7579 -1.0602 0.2283, -6.2461 -1.0602 0.2283, -6.2461 -1.0602 0.3346, -5.7579 -1.0602 0.3346, -5.7579 -1.0602 0.2283, -5.2461 -1.0602 0.2283, 8.7539 -1.0602 0.3346, 9.2421 -1.0602 0.3346, 9.2421 -1.0602 0.2283, 9.7539 -1.0602 0.2283, 9.7539 -1.0602 0.3346, -3.7579 -1.0602 0.2283, -3.2461 -1.0602 0.2283, -4.7579 -1.0602 0.2283, -4.7579 -1.0602 0.3346, -5.2461 -1.0602 0.3346, -3.2461 -1.0602 0.3346, -2.7579 -1.0602 0.3346, -2.7579 -1.0602 0.2283, -2.2461 -1.0602 0.2283, -0.7579 -1.0602 0.2283, -1.7579 -1.0602 0.2283, -1.7579 -1.0602 0.3346, -2.2461 -1.0602 0.3346, -9.7579 -1.0602 1.6339, -9.7579 -1.0602 1.7402, -9.7579 -1.1783 1.6339, -9.7579 -4.2098 1.7402, -9.7579 -1.1783 1.2283, -9.7579 -4.2098 1.2283, -9.2461 -1.0602 1.7402, -9.2461 -4.2098 1.7402, -9.2461 -1.0602 1.6339, -9.2461 -1.1783 1.6339, -9.2461 -1.1783 1.2283, -9.2461 -4.2098 1.2283, -9.2461 -1.1783 0.3346, -9.2461 -4.2098 0.2283, -9.2461 -1.1783 0.7402, -9.2461 -4.2098 0.7402, -9.7579 -4.2098 0.2283, -9.7579 -1.1783 0.3346, -9.7579 -1.1783 0.7402, -9.7579 -4.2098 0.7402, -8.7579 -1.0602 1.6339, -8.7579 -1.0602 1.7402, -8.7579 -1.1783 1.6339, -8.7579 -4.2098 1.7402, -8.7579 -1.1783 1.2283, -8.7579 -4.2098 1.2283, -8.2461 -1.0602 1.7402, -8.2461 -4.2098 1.7402, -8.2461 -1.0602 1.6339, -8.2461 -1.1783 1.6339, -8.2461 -1.1783 1.2283, -8.2461 -4.2098 1.2283, -8.2461 -1.1783 0.3346, -8.2461 -4.2098 0.2283, -8.2461 -1.1783 0.7402, -8.2461 -4.2098 0.7402, -8.7579 -4.2098 0.2283, -8.7579 -1.1783 0.3346, -8.7579 -1.1783 0.7402, -8.7579 -4.2098 0.7402, -7.7579 -1.0602 1.6339, -7.7579 -1.0602 1.7402, -7.7579 -1.1783 1.6339, -7.7579 -4.2098 1.7402, -7.7579 -1.1783 1.2283, -7.7579 -4.2098 1.2283, -7.2461 -1.0602 1.7402, -7.2461 -4.2098 1.7402, -7.2461 -1.0602 1.6339, -7.2461 -1.1783 1.6339, -7.2461 -1.1783 1.2283, -7.2461 -4.2098 1.2283, -7.2461 -1.1783 0.3346, -7.2461 -4.2098 0.2283, -7.2461 -1.1783 0.7402, -7.2461 -4.2098 0.7402, -7.7579 -4.2098 0.2283, -7.7579 -1.1783 0.3346, -7.7579 -1.1783 0.7402, -7.7579 -4.2098 0.7402, -6.7579 -1.0602 1.6339, -6.7579 -1.0602 1.7402, -6.7579 -1.1783 1.6339, -6.7579 -4.2098 1.7402, -6.7579 -1.1783 1.2283, -6.7579 -4.2098 1.2283, -6.2461 -1.0602 1.7402, -6.2461 -4.2098 1.7402, -6.2461 -1.0602 1.6339, -6.2461 -1.1783 1.6339, -6.2461 -1.1783 1.2283, -6.2461 -4.2098 1.2283, -6.2461 -1.1783 0.3346, -6.2461 -4.2098 0.2283, -6.2461 -1.1783 0.7402, -6.2461 -4.2098 0.7402, -6.7579 -4.2098 0.2283, -6.7579 -1.1783 0.3346, -6.7579 -1.1783 0.7402, -6.7579 -4.2098 0.7402, -5.7579 -1.0602 1.6339, -5.7579 -1.0602 1.7402, -5.7579 -1.1783 1.6339, -5.7579 -4.2098 1.7402, -5.7579 -1.1783 1.2283, -5.7579 -4.2098 1.2283, -5.2461 -1.0602 1.7402, -5.2461 -4.2098 1.7402, -5.2461 -1.0602 1.6339, -5.2461 -1.1783 1.6339, -5.2461 -1.1783 1.2283, -5.2461 -4.2098 1.2283, -5.2461 -1.1783 0.3346, -5.2461 -4.2098 0.2283, -5.2461 -1.1783 0.7402, -5.2461 -4.2098 0.7402, -5.7579 -4.2098 0.2283, -5.7579 -1.1783 0.3346, -5.7579 -1.1783 0.7402, -5.7579 -4.2098 0.7402, -4.7579 -1.0602 1.6339, -4.7579 -1.0602 1.7402, -4.7579 -1.1783 1.6339, -4.7579 -4.2098 1.7402, -4.7579 -1.1783 1.2283, -4.7579 -4.2098 1.2283, -4.2461 -1.0602 1.7402, -4.2461 -4.2098 1.7402, -4.2461 -1.0602 1.6339, -4.2461 -1.1783 1.6339, -4.2461 -1.1783 1.2283, -4.2461 -4.2098 1.2283, -4.2461 -1.1783 0.3346, -4.2461 -4.2098 0.2283, -4.2461 -1.1783 0.7402, -4.2461 -4.2098 0.7402, -4.7579 -4.2098 0.2283, -4.7579 -1.1783 0.3346, -4.7579 -1.1783 0.7402, -4.7579 -4.2098 0.7402, -3.7579 -1.0602 1.6339, -3.7579 -1.0602 1.7402, -3.7579 -1.1783 1.6339, -3.7579 -4.2098 1.7402, -3.7579 -1.1783 1.2283, -3.7579 -4.2098 1.2283, -3.2461 -1.0602 1.7402, -3.2461 -4.2098 1.7402, -3.2461 -1.0602 1.6339, -3.2461 -1.1783 1.6339, -3.2461 -1.1783 1.2283, -3.2461 -4.2098 1.2283, -3.2461 -1.1783 0.3346, -3.2461 -4.2098 0.2283, -3.2461 -1.1783 0.7402, -3.2461 -4.2098 0.7402, -3.7579 -4.2098 0.2283, -3.7579 -1.1783 0.3346, -3.7579 -1.1783 0.7402, -3.7579 -4.2098 0.7402, -2.7579 -1.0602 1.6339, -2.7579 -1.0602 1.7402, -2.7579 -1.1783 1.6339, -2.7579 -4.2098 1.7402, -2.7579 -1.1783 1.2283, -2.7579 -4.2098 1.2283, -2.2461 -1.0602 1.7402, -2.2461 -4.2098 1.7402, -2.2461 -1.0602 1.6339, -2.2461 -1.1783 1.6339, -2.2461 -1.1783 1.2283, -2.2461 -4.2098 1.2283, -2.2461 -1.1783 0.3346, -2.2461 -4.2098 0.2283, -2.2461 -1.1783 0.7402, -2.2461 -4.2098 0.7402, -2.7579 -4.2098 0.2283, -2.7579 -1.1783 0.3346, -2.7579 -1.1783 0.7402, -2.7579 -4.2098 0.7402, -1.7579 -1.0602 1.6339, -1.7579 -1.0602 1.7402, -1.7579 -1.1783 1.6339, -1.7579 -4.2098 1.7402, -1.7579 -1.1783 1.2283, -1.7579 -4.2098 1.2283, -1.2461 -1.0602 1.7402, -1.2461 -4.2098 1.7402, -1.2461 -1.0602 1.6339, -1.2461 -1.1783 1.6339, -1.2461 -1.1783 1.2283, -1.2461 -4.2098 1.2283, -1.2461 -1.1783 0.3346, -1.2461 -4.2098 0.2283, -1.2461 -1.1783 0.7402, -1.2461 -4.2098 0.7402, -1.7579 -4.2098 0.2283, -1.7579 -1.1783 0.3346, -1.7579 -1.1783 0.7402, -1.7579 -4.2098 0.7402, -0.7579 -1.0602 1.6339, -0.7579 -1.0602 1.7402, -0.7579 -1.1783 1.6339, -0.7579 -4.2098 1.7402, -0.7579 -1.1783 1.2283, -0.7579 -4.2098 1.2283, -0.2461 -1.0602 1.7402, -0.2461 -4.2098 1.7402, -0.2461 -1.0602 1.6339, -0.2461 -1.1783 1.6339, -0.2461 -1.1783 1.2283, -0.2461 -4.2098 1.2283, -0.2461 -1.1783 0.3346, -0.2461 -4.2098 0.2283, -0.2461 -1.1783 0.7402, -0.2461 -4.2098 0.7402, -0.7579 -4.2098 0.2283, -0.7579 -1.1783 0.3346, -0.7579 -1.1783 0.7402, -0.7579 -4.2098 0.7402, 9.2421 -1.0602 1.6339, 9.2421 -1.0602 1.7402, 9.2421 -1.1783 1.6339, 9.2421 -4.2098 1.7402, 9.2421 -1.1783 1.2283, 9.2421 -4.2098 1.2283, 9.7539 -1.0602 1.7402, 9.7539 -4.2098 1.7402, 9.7539 -1.0602 1.6339, 9.7539 -1.1783 1.6339, 9.7539 -1.1783 1.2283, 9.7539 -4.2098 1.2283, 9.7539 -1.1783 0.3346, 9.7539 -4.2098 0.2283, 9.7539 -1.1783 0.7402, 9.7539 -4.2098 0.7402, 9.2421 -4.2098 0.2283, 9.2421 -1.1783 0.3346, 9.2421 -1.1783 0.7402, 9.2421 -4.2098 0.7402, 8.2421 -1.0602 1.6339, 8.2421 -1.0602 1.7402, 8.2421 -1.1783 1.6339, 8.2421 -4.2098 1.7402, 8.2421 -1.1783 1.2283, 8.2421 -4.2098 1.2283, 8.7539 -1.0602 1.7402, 8.7539 -4.2098 1.7402, 8.7539 -1.0602 1.6339, 8.7539 -1.1783 1.6339, 8.7539 -1.1783 1.2283, 8.7539 -4.2098 1.2283, 8.7539 -1.1783 0.3346, 8.7539 -4.2098 0.2283, 8.7539 -1.1783 0.7402, 8.7539 -4.2098 0.7402, 8.2421 -4.2098 0.2283, 8.2421 -1.1783 0.3346, 8.2421 -1.1783 0.7402, 8.2421 -4.2098 0.7402, 7.2421 -1.0602 1.6339, 7.2421 -1.0602 1.7402, 7.2421 -1.1783 1.6339, 7.2421 -4.2098 1.7402, 7.2421 -1.1783 1.2283, 7.2421 -4.2098 1.2283, 7.7539 -1.0602 1.7402, 7.7539 -4.2098 1.7402, 7.7539 -1.0602 1.6339, 7.7539 -1.1783 1.6339, 7.7539 -1.1783 1.2283, 7.7539 -4.2098 1.2283, 7.7539 -1.1783 0.3346, 7.7539 -4.2098 0.2283, 7.7539 -1.1783 0.7402, 7.7539 -4.2098 0.7402, 7.2421 -4.2098 0.2283, 7.2421 -1.1783 0.3346, 7.2421 -1.1783 0.7402, 7.2421 -4.2098 0.7402, 6.2421 -1.0602 1.6339, 6.2421 -1.0602 1.7402, 6.2421 -1.1783 1.6339, 6.2421 -4.2098 1.7402, 6.2421 -1.1783 1.2283, 6.2421 -4.2098 1.2283, 6.7539 -1.0602 1.7402, 6.7539 -4.2098 1.7402, 6.7539 -1.0602 1.6339, 6.7539 -1.1783 1.6339, 6.7539 -1.1783 1.2283, 6.7539 -4.2098 1.2283, 6.7539 -1.1783 0.3346, 6.7539 -4.2098 0.2283, 6.7539 -1.1783 0.7402, 6.7539 -4.2098 0.7402, 6.2421 -4.2098 0.2283, 6.2421 -1.1783 0.3346, 6.2421 -1.1783 0.7402, 6.2421 -4.2098 0.7402, 5.2421 -1.0602 1.6339, 5.2421 -1.0602 1.7402, 5.2421 -1.1783 1.6339, 5.2421 -4.2098 1.7402, 5.2421 -1.1783 1.2283, 5.2421 -4.2098 1.2283, 5.7539 -1.0602 1.7402, 5.7539 -4.2098 1.7402, 5.7539 -1.0602 1.6339, 5.7539 -1.1783 1.6339, 5.7539 -1.1783 1.2283, 5.7539 -4.2098 1.2283, 5.7539 -1.1783 0.3346, 5.7539 -4.2098 0.2283, 5.7539 -1.1783 0.7402, 5.7539 -4.2098 0.7402, 5.2421 -4.2098 0.2283, 5.2421 -1.1783 0.3346, 5.2421 -1.1783 0.7402, 5.2421 -4.2098 0.7402, 4.2421 -1.0602 1.6339, 4.2421 -1.0602 1.7402, 4.2421 -1.1783 1.6339, 4.2421 -4.2098 1.7402, 4.2421 -1.1783 1.2283, 4.2421 -4.2098 1.2283, 4.7539 -1.0602 1.7402, 4.7539 -4.2098 1.7402, 4.7539 -1.0602 1.6339, 4.7539 -1.1783 1.6339, 4.7539 -1.1783 1.2283, 4.7539 -4.2098 1.2283, 4.7539 -1.1783 0.3346, 4.7539 -4.2098 0.2283, 4.7539 -1.1783 0.7402, 4.7539 -4.2098 0.7402, 4.2421 -4.2098 0.2283, 4.2421 -1.1783 0.3346, 4.2421 -1.1783 0.7402, 4.2421 -4.2098 0.7402, 3.2421 -1.0602 1.6339, 3.2421 -1.0602 1.7402, 3.2421 -1.1783 1.6339, 3.2421 -4.2098 1.7402, 3.2421 -1.1783 1.2283, 3.2421 -4.2098 1.2283, 3.7539 -1.0602 1.7402, 3.7539 -4.2098 1.7402, 3.7539 -1.0602 1.6339, 3.7539 -1.1783 1.6339, 3.7539 -1.1783 1.2283, 3.7539 -4.2098 1.2283, 3.7539 -1.1783 0.3346, 3.7539 -4.2098 0.2283, 3.7539 -1.1783 0.7402, 3.7539 -4.2098 0.7402, 3.2421 -4.2098 0.2283, 3.2421 -1.1783 0.3346, 3.2421 -1.1783 0.7402, 3.2421 -4.2098 0.7402, 2.2421 -1.0602 1.6339, 2.2421 -1.0602 1.7402, 2.2421 -1.1783 1.6339, 2.2421 -4.2098 1.7402, 2.2421 -1.1783 1.2283, 2.2421 -4.2098 1.2283, 2.7539 -1.0602 1.7402, 2.7539 -4.2098 1.7402, 2.7539 -1.0602 1.6339, 2.7539 -1.1783 1.6339, 2.7539 -1.1783 1.2283, 2.7539 -4.2098 1.2283, 2.7539 -1.1783 0.3346, 2.7539 -4.2098 0.2283, 2.7539 -1.1783 0.7402, 2.7539 -4.2098 0.7402, 2.2421 -4.2098 0.2283, 2.2421 -1.1783 0.3346, 2.2421 -1.1783 0.7402, 2.2421 -4.2098 0.7402, 1.2421 -1.0602 1.6339, 1.2421 -1.0602 1.7402, 1.2421 -1.1783 1.6339, 1.2421 -4.2098 1.7402, 1.2421 -1.1783 1.2283, 1.2421 -4.2098 1.2283, 1.7539 -1.0602 1.7402, 1.7539 -4.2098 1.7402, 1.7539 -1.0602 1.6339, 1.7539 -1.1783 1.6339, 1.7539 -1.1783 1.2283, 1.7539 -4.2098 1.2283, 1.7539 -1.1783 0.3346, 1.7539 -4.2098 0.2283, 1.7539 -1.1783 0.7402, 1.7539 -4.2098 0.7402, 1.2421 -4.2098 0.2283, 1.2421 -1.1783 0.3346, 1.2421 -1.1783 0.7402, 1.2421 -4.2098 0.7402, 0.2421 -1.0602 1.6339, 0.2421 -1.0602 1.7402, 0.2421 -1.1783 1.6339, 0.2421 -4.2098 1.7402, 0.2421 -1.1783 1.2283, 0.2421 -4.2098 1.2283, 0.7539 -1.0602 1.7402, 0.7539 -4.2098 1.7402, 0.7539 -1.0602 1.6339, 0.7539 -1.1783 1.6339, 0.7539 -1.1783 1.2283, 0.7539 -4.2098 1.2283, 0.7539 -1.1783 0.3346, 0.7539 -4.2098 0.2283, 0.7539 -1.1783 0.7402, 0.7539 -4.2098 0.7402, 0.2421 -4.2098 0.2283, 0.2421 -1.1783 0.3346, 0.2421 -1.1783 0.7402, 0.2421 -4.2098 0.7402, -10.1004 -1.0602 1.9685, -10.1004 -1.0602 1.6339, -10.1004 -1.1783 1.6339, -10.1004 -1.1783 0.3346, -10.1004 -4.4067 0.0, -10.1004 -4.4067 1.9685, -0.7579 -4.4067 0.2283, -2.002 -4.4067 0.1142, -0.002 -4.4067 0.1142, -5.7579 -4.4067 0.2283, -7.002 -4.4067 0.1142, -5.002 -4.4067 0.1142, -10.1004 -4.4067 0.1142, -9.9291 -4.4067 0.0, -9.9291 -4.4067 0.1142, -10.1004 -4.4067 0.9843, -9.9291 -4.4067 0.9843, -9.9291 -4.4067 1.9685, -9.7579 -4.4067 1.7402, -9.7579 -4.4067 1.2283, -9.2461 -4.4067 1.2283, -9.002 -4.4067 0.9843, -9.2461 -4.4067 1.7402, -9.002 -4.4067 1.9685, -9.2461 -4.4067 0.2283, -9.002 -4.4067 0.1142, -9.2461 -4.4067 0.7402, -9.7579 -4.4067 0.7402, -9.7579 -4.4067 0.2283, -8.7579 -4.4067 1.7402, -8.7579 -4.4067 1.2283, -8.2461 -4.4067 1.2283, -8.002 -4.4067 0.9843, -8.2461 -4.4067 1.7402, -8.002 -4.4067 1.9685, -8.2461 -4.4067 0.2283, -8.002 -4.4067 0.1142, -8.2461 -4.4067 0.7402, -8.7579 -4.4067 0.7402, -8.7579 -4.4067 0.2283, -7.7579 -4.4067 1.7402, -7.7579 -4.4067 1.2283, -7.2461 -4.4067 1.2283, -7.002 -4.4067 0.9843, -7.2461 -4.4067 1.7402, -7.002 -4.4067 1.9685, -7.2461 -4.4067 0.2283, -7.2461 -4.4067 0.7402, -7.7579 -4.4067 0.7402, -7.7579 -4.4067 0.2283, -6.2461 -4.4067 1.2283, -6.7579 -4.4067 1.2283, -5.7579 -4.4067 1.7402, -5.2461 -4.4067 1.7402, -5.002 -4.4067 1.9685, -6.7579 -4.4067 1.7402, -6.2461 -4.4067 1.7402, -5.002 -4.4067 0.9843, -5.2461 -4.4067 1.2283, -5.7579 -4.4067 1.2283, -5.7579 -4.4067 0.7402, -5.2461 -4.4067 0.7402, -5.2461 -4.4067 0.2283, -6.2461 -4.4067 0.7402, -6.2461 -4.4067 0.2283, -6.7579 -4.4067 0.2283, -6.7579 -4.4067 0.7402, -4.2461 -4.4067 1.7402, -4.002 -4.4067 1.9685, -4.7579 -4.4067 1.7402, -4.7579 -4.4067 1.2283, -4.2461 -4.4067 1.2283, -4.002 -4.4067 0.9843, -4.2461 -4.4067 0.2283, -4.002 -4.4067 0.1142, -4.2461 -4.4067 0.7402, -4.7579 -4.4067 0.7402, -4.7579 -4.4067 0.2283, -3.2461 -4.4067 1.7402, -3.002 -4.4067 1.9685, -3.7579 -4.4067 1.7402, -3.7579 -4.4067 1.2283, -3.2461 -4.4067 1.2283, -3.002 -4.4067 0.9843, -3.2461 -4.4067 0.2283, -3.002 -4.4067 0.1142, -3.2461 -4.4067 0.7402, -3.7579 -4.4067 0.7402, -3.7579 -4.4067 0.2283, -2.2461 -4.4067 1.7402, -2.002 -4.4067 1.9685, -2.7579 -4.4067 1.7402, -2.7579 -4.4067 1.2283, -2.2461 -4.4067 1.2283, -2.002 -4.4067 0.9843, -2.2461 -4.4067 0.2283, -2.2461 -4.4067 0.7402, -2.7579 -4.4067 0.7402, -2.7579 -4.4067 0.2283, -0.7579 -4.4067 1.7402, -0.2461 -4.4067 1.7402, -0.002 -4.4067 1.9685, -1.2461 -4.4067 1.2283, -1.7579 -4.4067 1.2283, -1.7579 -4.4067 1.7402, -1.2461 -4.4067 1.7402, -0.002 -4.4067 0.9843, -0.2461 -4.4067 1.2283, -0.7579 -4.4067 1.2283, -0.7579 -4.4067 0.7402, -0.2461 -4.4067 0.7402, -0.2461 -4.4067 0.2283, -1.2461 -4.4067 0.7402, -1.2461 -4.4067 0.2283, -1.7579 -4.4067 0.2283, -1.7579 -4.4067 0.7402, 0.7539 -4.4067 1.7402, 0.998 -4.4067 1.9685, 0.2421 -4.4067 1.7402, 0.2421 -4.4067 1.2283, 0.7539 -4.4067 1.2283, 0.998 -4.4067 0.9843, 0.7539 -4.4067 0.2283, 0.998 -4.4067 0.1142, 0.7539 -4.4067 0.7402, 0.2421 -4.4067 0.7402, 0.2421 -4.4067 0.2283, 1.7539 -4.4067 1.7402, 1.998 -4.4067 1.9685, 1.2421 -4.4067 1.7402, 1.2421 -4.4067 1.2283, 1.7539 -4.4067 1.2283, 1.998 -4.4067 0.9843, 1.7539 -4.4067 0.2283, 1.998 -4.4067 0.1142, 1.7539 -4.4067 0.7402, 1.2421 -4.4067 0.7402, 1.2421 -4.4067 0.2283, 2.7539 -4.4067 1.7402, 2.998 -4.4067 1.9685, 2.2421 -4.4067 1.7402, 2.2421 -4.4067 1.2283, 2.7539 -4.4067 1.2283, 2.998 -4.4067 0.9843, 2.7539 -4.4067 0.2283, 2.998 -4.4067 0.1142, 2.7539 -4.4067 0.7402, 2.2421 -4.4067 0.7402, 2.2421 -4.4067 0.2283, 3.7539 -4.4067 1.7402, 4.998 -4.4067 1.9685, 3.7539 -4.4067 1.2283, 3.2421 -4.4067 1.2283, 3.2421 -4.4067 1.7402, 4.7539 -4.4067 0.2283, 4.998 -4.4067 0.1142, 4.7539 -4.4067 0.7402, 4.998 -4.4067 0.9843, 4.2421 -4.4067 0.7402, 3.7539 -4.4067 0.2283, 4.2421 -4.4067 0.2283, 3.7539 -4.4067 0.7402, 4.2421 -4.4067 1.2283, 4.2421 -4.4067 1.7402, 4.7539 -4.4067 1.7402, 4.7539 -4.4067 1.2283, 3.2421 -4.4067 0.2283, 3.2421 -4.4067 0.7402, 5.2421 -4.4067 1.7402, 5.2421 -4.4067 1.2283, 5.7539 -4.4067 1.2283, 5.998 -4.4067 0.9843, 5.7539 -4.4067 1.7402, 5.998 -4.4067 1.9685, 5.7539 -4.4067 0.2283, 5.998 -4.4067 0.1142, 5.7539 -4.4067 0.7402, 5.2421 -4.4067 0.7402, 5.2421 -4.4067 0.2283, 6.2421 -4.4067 1.7402, 6.2421 -4.4067 1.2283, 6.7539 -4.4067 1.2283, 6.998 -4.4067 0.9843, 6.7539 -4.4067 1.7402, 6.998 -4.4067 1.9685, 6.7539 -4.4067 0.2283, 6.998 -4.4067 0.1142, 6.7539 -4.4067 0.7402, 6.2421 -4.4067 0.7402, 6.2421 -4.4067 0.2283, 7.2421 -4.4067 1.7402, 7.2421 -4.4067 1.2283, 7.7539 -4.4067 1.2283, 7.998 -4.4067 0.9843, 7.7539 -4.4067 1.7402, 7.998 -4.4067 1.9685, 7.7539 -4.4067 0.2283, 7.998 -4.4067 0.1142, 7.7539 -4.4067 0.7402, 7.2421 -4.4067 0.7402, 7.2421 -4.4067 0.2283, 8.7539 -4.4067 1.7402, 8.7539 -4.4067 1.2283, 8.2421 -4.4067 1.2283, 8.2421 -4.4067 1.7402, 9.7539 -4.4067 0.2283, 10.0965 -4.4067 0.1142, 9.7539 -4.4067 0.7402, 10.0965 -4.4067 0.9843, 9.2421 -4.4067 0.7402, 8.7539 -4.4067 0.2283, 9.2421 -4.4067 0.2283, 8.7539 -4.4067 0.7402, 9.2421 -4.4067 1.2283, 9.2421 -4.4067 1.7402, 9.7539 -4.4067 1.7402, 9.7539 -4.4067 1.2283, 8.2421 -4.4067 0.2283, 8.2421 -4.4067 0.7402, -9.002 -4.4067 0.0, -8.002 -4.4067 0.0, -7.002 -4.4067 0.0, -5.002 -4.4067 0.0, -4.002 -4.4067 0.0, -3.002 -4.4067 0.0, -2.002 -4.4067 0.0, -0.002 -4.4067 0.0, 0.998 -4.4067 0.0, 1.998 -4.4067 0.0, 2.998 -4.4067 0.0, 4.998 -4.4067 0.0, 5.998 -4.4067 0.0, 6.998 -4.4067 0.0, 7.998 -4.4067 0.0, -9.9291 -1.0602 1.9685, -9.002 -1.0602 1.9685, -8.002 -1.0602 1.9685, -7.002 -1.0602 1.9685, -5.002 -1.0602 1.9685, -4.002 -1.0602 1.9685, -3.002 -1.0602 1.9685, -2.002 -1.0602 1.9685, -0.002 -1.0602 1.9685, 0.998 -1.0602 1.9685, 1.998 -1.0602 1.9685, 2.998 -1.0602 1.9685, 4.998 -1.0602 1.9685, 5.998 -1.0602 1.9685, 6.998 -1.0602 1.9685, 7.998 -1.0602 1.9685, -9.9291 -1.0602 0.0, -9.002 -1.0602 0.0, -8.002 -1.0602 0.0, -7.002 -1.0602 0.0, -5.002 -1.0602 0.0, -4.002 -1.0602 0.0, -3.002 -1.0602 0.0, -2.002 -1.0602 0.0, -0.002 -1.0602 0.0, 0.998 -1.0602 0.0, 1.998 -1.0602 0.0, 2.998 -1.0602 0.0, 4.998 -1.0602 0.0, 5.998 -1.0602 0.0, 6.998 -1.0602 0.0, 7.998 -1.0602 0.0, 0.3602 -4.2098 0.3465, 0.3602 -4.2098 0.622, 0.6358 -4.2098 0.622, 0.6358 -4.2098 0.3465, 0.6358 -4.2886 0.622, 0.6358 -4.2886 0.3465, 0.3602 -4.2886 0.3465, 0.3602 -4.2886 0.622, 0.6358 -4.2098 1.622, 0.6358 -4.2098 1.3465, 0.3602 -4.2098 1.3465, 0.3602 -4.2098 1.622, 0.3602 -4.2886 1.3465, 0.3602 -4.2886 1.622, 0.6358 -4.2886 1.622, 0.6358 -4.2886 1.3465, 1.3602 -4.2098 0.3465, 1.3602 -4.2098 0.622, 1.6358 -4.2098 0.622, 1.6358 -4.2098 0.3465, 1.6358 -4.2886 0.622, 1.6358 -4.2886 0.3465, 1.3602 -4.2886 0.3465, 1.3602 -4.2886 0.622, 1.6358 -4.2098 1.622, 1.6358 -4.2098 1.3465, 1.3602 -4.2098 1.3465, 1.3602 -4.2098 1.622, 1.3602 -4.2886 1.3465, 1.3602 -4.2886 1.622, 1.6358 -4.2886 1.622, 1.6358 -4.2886 1.3465, 2.3602 -4.2098 0.3465, 2.3602 -4.2098 0.622, 2.6358 -4.2098 0.622, 2.6358 -4.2098 0.3465, 2.6358 -4.2886 0.622, 2.6358 -4.2886 0.3465, 2.3602 -4.2886 0.3465, 2.3602 -4.2886 0.622, 2.6358 -4.2098 1.3465, 2.3602 -4.2098 1.3465, 2.3602 -4.2098 1.622, 2.6358 -4.2098 1.622, 2.3602 -4.2886 1.3465, 2.3602 -4.2886 1.622, 2.6358 -4.2886 1.622, 2.6358 -4.2886 1.3465, 3.3602 -4.2098 0.3465, 3.3602 -4.2098 0.622, 3.6358 -4.2098 0.622, 3.6358 -4.2098 0.3465, 3.6358 -4.2886 0.622, 3.6358 -4.2886 0.3465, 3.3602 -4.2886 0.3465, 3.3602 -4.2886 0.622, 3.6358 -4.2098 1.622, 3.6358 -4.2098 1.3465, 3.3602 -4.2098 1.3465, 3.3602 -4.2098 1.622, 3.3602 -4.2886 1.3465, 3.3602 -4.2886 1.622, 3.6358 -4.2886 1.622, 3.6358 -4.2886 1.3465, 4.3602 -4.2098 0.3465, 4.3602 -4.2098 0.622, 4.6358 -4.2098 0.622, 4.6358 -4.2098 0.3465, 4.6358 -4.2886 0.622, 4.6358 -4.2886 0.3465, 4.3602 -4.2886 0.3465, 4.3602 -4.2886 0.622, 4.6358 -4.2098 1.622, 4.6358 -4.2098 1.3465, 4.3602 -4.2098 1.3465, 4.3602 -4.2098 1.622, 4.3602 -4.2886 1.3465, 4.3602 -4.2886 1.622, 4.6358 -4.2886 1.622, 4.6358 -4.2886 1.3465, 5.3602 -4.2098 0.3465, 5.3602 -4.2098 0.622, 5.6358 -4.2098 0.622, 5.6358 -4.2098 0.3465, 5.6358 -4.2886 0.622, 5.6358 -4.2886 0.3465, 5.3602 -4.2886 0.3465, 5.3602 -4.2886 0.622, 5.6358 -4.2098 1.622, 5.6358 -4.2098 1.3465, 5.3602 -4.2098 1.3465, 5.3602 -4.2098 1.622, 5.3602 -4.2886 1.3465, 5.3602 -4.2886 1.622, 5.6358 -4.2886 1.622, 5.6358 -4.2886 1.3465, 6.3602 -4.2098 0.3465, 6.3602 -4.2098 0.622, 6.6358 -4.2098 0.622, 6.6358 -4.2098 0.3465, 6.6358 -4.2886 0.622, 6.6358 -4.2886 0.3465, 6.3602 -4.2886 0.3465, 6.3602 -4.2886 0.622, 6.6358 -4.2098 1.622, 6.6358 -4.2098 1.3465, 6.3602 -4.2098 1.3465, 6.3602 -4.2098 1.622, 6.3602 -4.2886 1.3465, 6.3602 -4.2886 1.622, 6.6358 -4.2886 1.622, 6.6358 -4.2886 1.3465, 7.3602 -4.2098 0.3465, 7.3602 -4.2098 0.622, 7.6358 -4.2098 0.622, 7.6358 -4.2098 0.3465, 7.6358 -4.2886 0.622, 7.6358 -4.2886 0.3465, 7.3602 -4.2886 0.3465, 7.3602 -4.2886 0.622, 7.6358 -4.2098 1.622, 7.6358 -4.2098 1.3465, 7.3602 -4.2098 1.3465, 7.3602 -4.2098 1.622, 7.3602 -4.2886 1.3465, 7.3602 -4.2886 1.622, 7.6358 -4.2886 1.622, 7.6358 -4.2886 1.3465, 8.3602 -4.2098 0.3465, 8.3602 -4.2098 0.622, 8.6358 -4.2098 0.622, 8.6358 -4.2098 0.3465, 8.6358 -4.2886 0.622, 8.6358 -4.2886 0.3465, 8.3602 -4.2886 0.3465, 8.3602 -4.2886 0.622, 8.6358 -4.2098 1.622, 8.6358 -4.2098 1.3465, 8.3602 -4.2098 1.3465, 8.3602 -4.2098 1.622, 8.3602 -4.2886 1.3465, 8.3602 -4.2886 1.622, 8.6358 -4.2886 1.622, 8.6358 -4.2886 1.3465, 9.3602 -4.2098 0.3465, 9.3602 -4.2098 0.622, 9.6358 -4.2098 0.622, 9.6358 -4.2098 0.3465, 9.6358 -4.2886 0.622, 9.6358 -4.2886 0.3465, 9.3602 -4.2886 0.3465, 9.3602 -4.2886 0.622, 9.6358 -4.2098 1.622, 9.6358 -4.2098 1.3465, 9.3602 -4.2098 1.3465, 9.3602 -4.2098 1.622, 9.3602 -4.2886 1.3465, 9.3602 -4.2886 1.622, 9.6358 -4.2886 1.622, 9.6358 -4.2886 1.3465, -0.6398 -4.2098 0.3465, -0.6398 -4.2098 0.622, -0.3642 -4.2098 0.622, -0.3642 -4.2098 0.3465, -0.3642 -4.2886 0.622, -0.3642 -4.2886 0.3465, -0.6398 -4.2886 0.3465, -0.6398 -4.2886 0.622, -0.3642 -4.2098 1.622, -0.3642 -4.2098 1.3465, -0.6398 -4.2098 1.3465, -0.6398 -4.2098 1.622, -0.6398 -4.2886 1.3465, -0.6398 -4.2886 1.622, -0.3642 -4.2886 1.622, -0.3642 -4.2886 1.3465, -1.6398 -4.2098 0.3465, -1.6398 -4.2098 0.622, -1.3642 -4.2098 0.622, -1.3642 -4.2098 0.3465, -1.3642 -4.2886 0.622, -1.3642 -4.2886 0.3465, -1.6398 -4.2886 0.3465, -1.6398 -4.2886 0.622, -1.6398 -4.2098 1.3465, -1.6398 -4.2098 1.622, -1.3642 -4.2098 1.622, -1.3642 -4.2098 1.3465, -1.6398 -4.2886 1.3465, -1.6398 -4.2886 1.622, -1.3642 -4.2886 1.622, -1.3642 -4.2886 1.3465, -2.6398 -4.2098 0.3465, -2.6398 -4.2098 0.622, -2.3642 -4.2098 0.622, -2.3642 -4.2098 0.3465, -2.3642 -4.2886 0.622, -2.3642 -4.2886 0.3465, -2.6398 -4.2886 0.3465, -2.6398 -4.2886 0.622, -2.3642 -4.2098 1.622, -2.3642 -4.2098 1.3465, -2.6398 -4.2098 1.3465, -2.6398 -4.2098 1.622, -2.6398 -4.2886 1.3465, -2.6398 -4.2886 1.622, -2.3642 -4.2886 1.622, -2.3642 -4.2886 1.3465, -3.6398 -4.2098 0.3465, -3.6398 -4.2098 0.622, -3.3642 -4.2098 0.622, -3.3642 -4.2098 0.3465, -3.3642 -4.2886 0.622, -3.3642 -4.2886 0.3465, -3.6398 -4.2886 0.3465, -3.6398 -4.2886 0.622, -3.3642 -4.2098 1.622, -3.3642 -4.2098 1.3465, -3.6398 -4.2098 1.3465, -3.6398 -4.2098 1.622, -3.6398 -4.2886 1.3465, -3.6398 -4.2886 1.622, -3.3642 -4.2886 1.622, -3.3642 -4.2886 1.3465, -4.6398 -4.2098 0.3465, -4.6398 -4.2098 0.622, -4.3642 -4.2098 0.622, -4.3642 -4.2098 0.3465, -4.3642 -4.2886 0.622, -4.3642 -4.2886 0.3465, -4.6398 -4.2886 0.3465, -4.6398 -4.2886 0.622, -4.3642 -4.2098 1.622, -4.3642 -4.2098 1.3465, -4.6398 -4.2098 1.3465, -4.6398 -4.2098 1.622, -4.6398 -4.2886 1.3465, -4.6398 -4.2886 1.622, -4.3642 -4.2886 1.622, -4.3642 -4.2886 1.3465, -5.6398 -4.2098 0.3465, -5.6398 -4.2098 0.622, -5.3642 -4.2098 0.622, -5.3642 -4.2098 0.3465, -5.3642 -4.2886 0.622, -5.3642 -4.2886 0.3465, -5.6398 -4.2886 0.3465, -5.6398 -4.2886 0.622, -5.3642 -4.2098 1.622, -5.3642 -4.2098 1.3465, -5.6398 -4.2098 1.3465, -5.6398 -4.2098 1.622, -5.6398 -4.2886 1.3465, -5.6398 -4.2886 1.622, -5.3642 -4.2886 1.622, -5.3642 -4.2886 1.3465, -6.6398 -4.2098 0.3465, -6.6398 -4.2098 0.622, -6.3642 -4.2098 0.622, -6.3642 -4.2098 0.3465, -6.3642 -4.2886 0.622, -6.3642 -4.2886 0.3465, -6.6398 -4.2886 0.3465, -6.6398 -4.2886 0.622, -6.3642 -4.2098 1.622, -6.3642 -4.2098 1.3465, -6.6398 -4.2098 1.3465, -6.6398 -4.2098 1.622, -6.6398 -4.2886 1.3465, -6.6398 -4.2886 1.622, -6.3642 -4.2886 1.622, -6.3642 -4.2886 1.3465, -7.6398 -4.2098 0.3465, -7.6398 -4.2098 0.622, -7.3642 -4.2098 0.622, -7.3642 -4.2098 0.3465, -7.3642 -4.2886 0.622, -7.3642 -4.2886 0.3465, -7.6398 -4.2886 0.3465, -7.6398 -4.2886 0.622, -7.3642 -4.2098 1.622, -7.3642 -4.2098 1.3465, -7.6398 -4.2098 1.3465, -7.6398 -4.2098 1.622, -7.6398 -4.2886 1.3465, -7.6398 -4.2886 1.622, -7.3642 -4.2886 1.622, -7.3642 -4.2886 1.3465, -8.6398 -4.2098 0.3465, -8.6398 -4.2098 0.622, -8.3642 -4.2098 0.622, -8.3642 -4.2098 0.3465, -8.3642 -4.2886 0.622, -8.3642 -4.2886 0.3465, -8.6398 -4.2886 0.3465, -8.6398 -4.2886 0.622, -8.3642 -4.2098 1.622, -8.3642 -4.2098 1.3465, -8.6398 -4.2098 1.3465, -8.6398 -4.2098 1.622, -8.6398 -4.2886 1.3465, -8.6398 -4.2886 1.622, -8.3642 -4.2886 1.622, -8.3642 -4.2886 1.3465, -9.6398 -4.2098 0.3465, -9.6398 -4.2098 0.622, -9.3642 -4.2098 0.622, -9.3642 -4.2098 0.3465, -9.3642 -4.2886 0.622, -9.3642 -4.2886 0.3465, -9.6398 -4.2886 0.3465, -9.6398 -4.2886 0.622, -9.3642 -4.2098 1.622, -9.3642 -4.2098 1.3465, -9.6398 -4.2098 1.3465, -9.6398 -4.2098 1.622, -9.6398 -4.2886 1.3465, -9.6398 -4.2886 1.622, -9.3642 -4.2886 1.622, -9.3642 -4.2886 1.3465
            ]
        }
        coordIndex [
            0,1,2,-1,3,4,5,-1,6,7,8,-1,9,10,11,-1,12,13,14,-1,15,16,17,-1,18,19,20,-1,21,22,23,-1,23,22,3,-1,24,25,23,-1,23,25,26,-1,23,26,27,-1,27,28,23,-1,23,28,29,-1,23,29,21,-1,30,31,32,-1,33,34,35,-1,35,34,32,-1,32,34,36,-1,32,36,30,-1,37,38,39,-1,33,35,40,-1,40,35,39,-1,40,39,41,-1,38,42,39,-1,39,42,43,-1,39,43,41,-1,41,43,44,-1,41,44,45,-1,45,44,46,-1,45,46,47,-1,20,19,48,-1,19,49,48,-1,48,49,50,-1,48,50,39,-1,39,50,51,-1,39,51,37,-1,52,53,54,-1,52,54,55,-1,53,56,54,-1,54,56,57,-1,54,57,20,-1,20,57,58,-1,20,58,18,-1,59,55,60,-1,60,55,54,-1,60,54,61,-1,61,54,62,-1,61,62,63,-1,63,62,64,-1,65,66,62,-1,62,66,67,-1,62,67,64,-1,68,69,70,-1,70,69,71,-1,70,71,65,-1,65,71,72,-1,65,72,66,-1,0,73,1,-1,1,73,74,-1,1,74,75,-1,75,76,1,-1,1,76,77,-1,1,77,68,-1,78,79,80,-1,81,0,82,-1,82,0,4,-1,82,4,83,-1,84,85,80,-1,80,85,86,-1,80,86,87,-1,88,89,90,-1,90,89,91,-1,92,93,90,-1,90,93,94,-1,90,94,88,-1,81,95,0,-1,0,95,96,-1,0,96,97,-1,98,99,73,-1,73,99,100,-1,92,90,101,-1,101,90,102,-1,101,102,103,-1,100,104,73,-1,73,104,105,-1,73,105,106,-1,103,102,107,-1,107,102,108,-1,107,108,106,-1,106,108,109,-1,106,109,73,-1,110,111,87,-1,87,111,112,-1,87,112,80,-1,80,112,113,-1,80,113,78,-1,91,114,90,-1,90,114,115,-1,90,115,116,-1,97,117,0,-1,0,117,118,-1,0,118,73,-1,73,118,119,-1,73,119,98,-1,120,121,122,-1,122,123,120,-1,120,123,124,-1,120,124,125,-1,121,120,126,-1,126,120,127,-1,126,127,87,-1,87,127,128,-1,87,128,110,-1,129,130,90,-1,90,130,131,-1,90,131,80,-1,80,131,132,-1,80,132,84,-1,116,133,90,-1,90,133,134,-1,90,134,129,-1,135,136,137,-1,137,87,135,-1,135,87,86,-1,135,86,138,-1,138,86,139,-1,139,140,138,-1,138,140,141,-1,138,141,142,-1,143,144,145,-1,146,145,147,-1,136,135,146,-1,146,135,148,-1,146,148,145,-1,145,148,149,-1,145,149,143,-1,150,151,152,-1,144,153,145,-1,145,153,154,-1,145,154,155,-1,155,154,156,-1,147,157,146,-1,146,157,158,-1,146,158,159,-1,156,154,152,-1,152,154,160,-1,152,160,150,-1,161,162,159,-1,159,162,163,-1,159,163,146,-1,22,164,3,-1,3,164,165,-1,3,165,4,-1,4,165,166,-1,4,166,83,-1,167,168,169,-1,169,168,170,-1,169,171,172,-1,172,171,173,-1,174,175,176,-1,176,175,177,-1,176,177,178,-1,176,167,174,-1,174,167,169,-1,174,169,179,-1,179,169,172,-1,179,172,17,-1,17,172,180,-1,17,180,15,-1,168,181,170,-1,170,181,182,-1,170,182,183,-1,183,182,184,-1,185,186,187,-1,187,186,188,-1,189,190,191,-1,191,190,192,-1,191,192,13,-1,193,194,195,-1,195,194,196,-1,195,196,192,-1,197,198,199,-1,200,201,197,-1,197,201,202,-1,197,202,203,-1,204,205,206,-1,206,205,207,-1,185,208,186,-1,186,208,209,-1,186,209,210,-1,210,209,211,-1,212,213,211,-1,211,213,214,-1,211,214,210,-1,203,215,197,-1,197,215,216,-1,197,216,198,-1,217,218,219,-1,220,221,195,-1,195,221,222,-1,195,222,193,-1,223,224,225,-1,217,219,226,-1,204,227,205,-1,205,227,228,-1,205,228,229,-1,199,230,197,-1,197,230,231,-1,197,231,205,-1,205,231,188,-1,205,188,207,-1,207,188,186,-1,232,190,233,-1,234,235,211,-1,211,235,236,-1,211,236,237,-1,223,225,189,-1,219,238,226,-1,226,238,232,-1,226,232,239,-1,239,232,233,-1,225,240,189,-1,189,240,241,-1,189,241,190,-1,190,241,242,-1,190,242,233,-1,237,243,211,-1,211,243,244,-1,211,244,212,-1,12,14,245,-1,245,14,246,-1,245,246,247,-1,247,246,10,-1,10,246,248,-1,10,248,11,-1,249,250,11,-1,251,252,11,-1,11,252,253,-1,254,255,256,-1,256,255,257,-1,256,257,258,-1,258,259,256,-1,256,259,260,-1,256,260,261,-1,261,260,262,-1,261,262,249,-1,263,264,250,-1,250,264,265,-1,250,265,11,-1,11,265,266,-1,11,266,251,-1,253,267,11,-1,11,267,268,-1,11,268,9,-1,269,270,271,-1,271,270,272,-1,271,272,273,-1,271,274,269,-1,269,274,275,-1,269,275,276,-1,276,277,269,-1,269,277,278,-1,269,278,279,-1,279,278,280,-1,279,280,281,-1,281,280,282,-1,281,282,250,-1,250,282,283,-1,250,283,263,-1,284,285,273,-1,273,285,286,-1,273,286,271,-1,287,288,224,-1,224,288,289,-1,224,289,225,-1,287,290,288,-1,288,290,291,-1,288,291,292,-1,292,291,293,-1,292,294,295,-1,293,296,292,-1,292,296,297,-1,292,297,298,-1,298,299,292,-1,292,299,300,-1,292,300,294,-1,295,301,292,-1,292,301,302,-1,292,302,303,-1,304,305,306,-1,306,305,307,-1,306,307,308,-1,309,310,311,-1,311,310,312,-1,305,313,307,-1,307,313,314,-1,307,314,315,-1,315,314,316,-1,315,316,317,-1,317,316,318,-1,317,318,312,-1,312,318,319,-1,312,319,311,-1,320,321,322,-1,323,324,325,-1,320,322,326,-1,326,322,327,-1,326,327,325,-1,325,327,328,-1,325,328,323,-1,329,330,317,-1,331,332,315,-1,329,317,333,-1,323,334,324,-1,324,334,335,-1,324,335,317,-1,317,335,336,-1,317,336,333,-1,315,337,320,-1,320,337,338,-1,320,338,321,-1,332,339,315,-1,315,339,340,-1,315,340,337,-1,330,341,317,-1,317,341,342,-1,317,342,315,-1,315,342,343,-1,315,343,331,-1,325,344,345,-1,345,344,346,-1,347,348,349,-1,349,348,350,-1,350,348,351,-1,351,348,352,-1,351,352,353,-1,353,352,354,-1,353,354,8,-1,8,354,355,-1,8,355,6,-1,356,357,358,-1,345,354,325,-1,325,354,352,-1,325,352,326,-1,326,352,359,-1,326,359,358,-1,358,359,360,-1,358,360,356,-1,346,344,361,-1,361,344,362,-1,361,362,356,-1,363,364,365,-1,365,364,366,-1,365,366,310,-1,311,308,309,-1,309,308,307,-1,309,307,367,-1,368,369,370,-1,371,372,373,-1,374,375,376,-1,370,377,368,-1,368,377,378,-1,368,378,379,-1,171,380,381,-1,382,383,171,-1,369,368,384,-1,384,368,380,-1,384,380,385,-1,379,386,368,-1,368,386,387,-1,368,387,388,-1,389,390,380,-1,380,390,391,-1,380,391,385,-1,171,383,380,-1,380,383,392,-1,380,392,389,-1,376,393,374,-1,374,393,371,-1,374,371,394,-1,394,371,373,-1,394,373,381,-1,381,373,367,-1,381,367,171,-1,393,368,371,-1,371,368,388,-1,371,388,169,-1,169,388,395,-1,169,395,171,-1,171,395,396,-1,171,396,382,-1,397,398,362,-1,362,398,399,-1,400,401,357,-1,401,402,357,-1,357,402,403,-1,357,403,404,-1,405,406,407,-1,407,406,400,-1,407,400,408,-1,409,410,400,-1,400,410,411,-1,400,411,408,-1,412,413,400,-1,400,413,414,-1,400,414,415,-1,416,417,418,-1,419,420,407,-1,407,420,421,-1,407,421,405,-1,356,362,357,-1,357,362,399,-1,357,399,400,-1,400,399,422,-1,400,422,412,-1,415,423,400,-1,400,423,424,-1,400,424,409,-1,416,418,407,-1,407,418,425,-1,407,425,419,-1,426,427,428,-1,428,427,429,-1,429,427,430,-1,429,430,431,-1,426,432,433,-1,433,432,434,-1,435,436,432,-1,432,436,437,-1,432,437,434,-1,438,439,440,-1,441,442,443,-1,443,442,444,-1,443,444,432,-1,432,444,445,-1,432,445,435,-1,446,447,448,-1,448,447,449,-1,448,449,450,-1,451,452,205,-1,205,452,453,-1,205,453,448,-1,448,453,454,-1,448,454,446,-1,218,217,229,-1,229,217,254,-1,229,254,205,-1,205,254,256,-1,205,256,451,-1,13,192,14,-1,14,192,196,-1,14,196,246,-1,246,196,455,-1,246,455,200,-1,200,455,456,-1,200,456,201,-1,457,458,459,-1,173,171,460,-1,460,171,461,-1,460,461,184,-1,184,461,459,-1,184,459,183,-1,183,459,458,-1,183,458,462,-1,463,464,465,-1,459,466,457,-1,457,466,467,-1,457,467,468,-1,468,467,463,-1,468,463,469,-1,469,463,465,-1,470,471,11,-1,249,11,261,-1,261,11,471,-1,261,471,466,-1,466,471,472,-1,466,472,467,-1,473,474,470,-1,475,476,477,-1,477,476,478,-1,477,478,473,-1,473,470,477,-1,477,470,11,-1,477,11,479,-1,479,11,248,-1,479,248,480,-1,479,481,477,-1,477,481,482,-1,477,482,483,-1,484,485,486,-1,486,485,487,-1,486,487,248,-1,248,487,488,-1,248,488,480,-1,483,489,477,-1,477,489,490,-1,477,490,475,-1,491,492,493,-1,491,493,462,-1,492,494,493,-1,493,494,495,-1,493,495,486,-1,486,495,496,-1,486,496,484,-1,497,65,498,-1,498,65,62,-1,498,62,499,-1,499,62,54,-1,499,54,500,-1,500,54,20,-1,500,20,501,-1,501,20,48,-1,501,48,502,-1,502,48,39,-1,502,39,503,-1,503,39,35,-1,504,505,440,-1,440,505,506,-1,507,443,23,-1,439,441,440,-1,440,441,443,-1,440,443,504,-1,504,443,507,-1,504,507,508,-1,5,440,3,-1,3,440,506,-1,3,506,23,-1,23,506,509,-1,23,509,507,-1,510,511,512,-1,511,510,513,-1,513,510,5,-1,513,5,514,-1,515,516,517,-1,517,516,513,-1,517,513,518,-1,518,513,514,-1,518,514,519,-1,519,514,520,-1,2,510,0,-1,0,510,512,-1,0,512,4,-1,4,512,521,-1,4,521,5,-1,5,521,522,-1,5,522,514,-1,426,428,432,-1,432,428,523,-1,432,523,443,-1,443,523,32,-1,443,32,23,-1,23,32,31,-1,23,31,24,-1,2,200,510,-1,510,200,197,-1,510,197,5,-1,5,197,205,-1,5,205,440,-1,440,205,448,-1,440,448,438,-1,438,448,450,-1,310,366,312,-1,312,366,524,-1,312,524,317,-1,317,524,525,-1,317,525,324,-1,324,525,526,-1,324,526,325,-1,325,526,527,-1,325,527,344,-1,344,527,429,-1,344,429,362,-1,362,429,431,-1,362,431,397,-1,367,307,171,-1,171,307,315,-1,171,315,461,-1,461,315,320,-1,461,320,459,-1,459,320,326,-1,459,326,466,-1,466,326,358,-1,466,358,261,-1,261,358,357,-1,261,357,256,-1,256,357,404,-1,256,404,451,-1,462,493,183,-1,183,493,528,-1,183,528,170,-1,170,528,529,-1,170,529,169,-1,169,529,530,-1,169,530,371,-1,68,70,1,-1,1,70,531,-1,1,531,2,-1,2,531,532,-1,2,532,200,-1,200,532,533,-1,200,533,246,-1,246,533,534,-1,246,534,248,-1,248,534,535,-1,248,535,486,-1,486,535,536,-1,486,536,493,-1,493,536,537,-1,493,537,528,-1,528,537,538,-1,528,538,529,-1,529,538,539,-1,529,539,530,-1,540,541,542,-1,543,544,539,-1,545,546,547,-1,548,549,550,-1,551,552,539,-1,553,554,555,-1,556,557,544,-1,544,557,558,-1,544,558,539,-1,539,558,559,-1,550,551,548,-1,548,551,539,-1,548,539,560,-1,560,539,559,-1,560,559,561,-1,561,559,562,-1,563,564,565,-1,566,567,568,-1,568,567,569,-1,568,569,570,-1,571,572,573,-1,573,572,574,-1,575,576,539,-1,565,575,563,-1,563,575,539,-1,563,539,577,-1,577,539,552,-1,577,552,578,-1,578,552,579,-1,580,581,570,-1,570,581,582,-1,570,582,568,-1,568,582,583,-1,584,585,586,-1,587,588,583,-1,583,588,589,-1,583,589,568,-1,568,589,590,-1,591,592,539,-1,586,591,584,-1,584,591,539,-1,584,539,593,-1,593,539,576,-1,593,576,594,-1,594,576,595,-1,596,597,590,-1,590,597,598,-1,590,598,568,-1,568,598,599,-1,600,601,599,-1,599,601,602,-1,599,602,568,-1,568,602,603,-1,604,605,592,-1,592,605,606,-1,592,606,539,-1,539,606,607,-1,539,607,530,-1,530,607,608,-1,530,608,371,-1,371,608,372,-1,609,610,568,-1,547,609,545,-1,545,609,568,-1,545,568,611,-1,611,568,603,-1,611,603,612,-1,612,603,613,-1,614,615,610,-1,610,615,616,-1,610,616,568,-1,568,616,617,-1,555,618,553,-1,553,618,568,-1,553,568,619,-1,619,568,617,-1,619,617,620,-1,620,617,621,-1,542,543,540,-1,540,543,539,-1,540,539,574,-1,574,539,568,-1,574,568,573,-1,573,568,618,-1,622,623,624,-1,624,623,625,-1,624,625,626,-1,626,625,627,-1,623,628,625,-1,625,628,629,-1,628,630,631,-1,632,633,631,-1,631,633,629,-1,631,629,628,-1,626,627,632,-1,632,627,633,-1,580,570,634,-1,634,570,635,-1,634,635,636,-1,636,635,637,-1,570,569,635,-1,635,569,638,-1,569,567,639,-1,640,641,639,-1,639,641,638,-1,639,638,569,-1,636,637,640,-1,640,637,641,-1,642,643,644,-1,644,643,645,-1,644,645,646,-1,646,645,647,-1,643,648,645,-1,645,648,649,-1,648,650,651,-1,652,653,651,-1,651,653,649,-1,651,649,648,-1,646,647,652,-1,652,647,653,-1,587,583,654,-1,654,583,655,-1,654,655,656,-1,656,655,657,-1,583,582,655,-1,655,582,658,-1,582,581,659,-1,660,661,659,-1,659,661,658,-1,659,658,582,-1,656,657,660,-1,660,657,661,-1,662,663,664,-1,664,663,665,-1,664,665,666,-1,666,665,667,-1,663,668,665,-1,665,668,669,-1,668,670,671,-1,672,673,671,-1,671,673,669,-1,671,669,668,-1,666,667,672,-1,672,667,673,-1,596,590,674,-1,674,590,675,-1,674,675,676,-1,676,675,677,-1,590,589,675,-1,675,589,678,-1,589,588,679,-1,680,681,679,-1,679,681,678,-1,679,678,589,-1,676,677,680,-1,680,677,681,-1,682,683,684,-1,684,683,685,-1,684,685,686,-1,686,685,687,-1,683,688,685,-1,685,688,689,-1,688,690,691,-1,692,693,691,-1,691,693,689,-1,691,689,688,-1,686,687,692,-1,692,687,693,-1,600,599,694,-1,694,599,695,-1,694,695,696,-1,696,695,697,-1,599,598,695,-1,695,598,698,-1,598,597,699,-1,700,701,699,-1,699,701,698,-1,699,698,598,-1,696,697,700,-1,700,697,701,-1,702,703,704,-1,704,703,705,-1,704,705,706,-1,706,705,707,-1,703,708,705,-1,705,708,709,-1,708,710,711,-1,712,713,711,-1,711,713,709,-1,711,709,708,-1,706,707,712,-1,712,707,713,-1,613,603,714,-1,714,603,715,-1,714,715,716,-1,716,715,717,-1,603,602,715,-1,715,602,718,-1,602,601,719,-1,720,721,719,-1,719,721,718,-1,719,718,602,-1,716,717,720,-1,720,717,721,-1,722,723,724,-1,724,723,725,-1,724,725,726,-1,726,725,727,-1,723,728,725,-1,725,728,729,-1,728,730,731,-1,732,733,731,-1,731,733,729,-1,731,729,728,-1,726,727,732,-1,732,727,733,-1,546,545,734,-1,734,545,735,-1,734,735,736,-1,736,735,737,-1,545,611,735,-1,735,611,738,-1,611,612,739,-1,740,741,739,-1,739,741,738,-1,739,738,611,-1,736,737,740,-1,740,737,741,-1,742,743,744,-1,744,743,745,-1,744,745,746,-1,746,745,747,-1,743,748,745,-1,745,748,749,-1,748,750,751,-1,752,753,751,-1,751,753,749,-1,751,749,748,-1,746,747,752,-1,752,747,753,-1,614,610,754,-1,754,610,755,-1,754,755,756,-1,756,755,757,-1,610,609,755,-1,755,609,758,-1,609,547,759,-1,760,761,759,-1,759,761,758,-1,759,758,609,-1,756,757,760,-1,760,757,761,-1,762,763,764,-1,764,763,765,-1,764,765,766,-1,766,765,767,-1,763,768,765,-1,765,768,769,-1,768,770,771,-1,772,773,771,-1,771,773,769,-1,771,769,768,-1,766,767,772,-1,772,767,773,-1,621,617,774,-1,774,617,775,-1,774,775,776,-1,776,775,777,-1,617,616,775,-1,775,616,778,-1,616,615,779,-1,780,781,779,-1,779,781,778,-1,779,778,616,-1,776,777,780,-1,780,777,781,-1,782,783,784,-1,784,783,785,-1,784,785,786,-1,786,785,787,-1,783,788,785,-1,785,788,789,-1,788,790,791,-1,792,793,791,-1,791,793,789,-1,791,789,788,-1,786,787,792,-1,792,787,793,-1,554,553,794,-1,794,553,795,-1,794,795,796,-1,796,795,797,-1,553,619,795,-1,795,619,798,-1,619,620,799,-1,800,801,799,-1,799,801,798,-1,799,798,619,-1,796,797,800,-1,800,797,801,-1,802,803,804,-1,804,803,805,-1,804,805,806,-1,806,805,807,-1,803,808,805,-1,805,808,809,-1,808,810,811,-1,812,813,811,-1,811,813,809,-1,811,809,808,-1,806,807,812,-1,812,807,813,-1,571,573,814,-1,814,573,815,-1,814,815,816,-1,816,815,817,-1,573,618,815,-1,815,618,818,-1,618,555,819,-1,820,821,819,-1,819,821,818,-1,819,818,618,-1,816,817,820,-1,820,817,821,-1,822,823,824,-1,824,823,825,-1,824,825,826,-1,826,825,827,-1,823,828,825,-1,825,828,829,-1,828,830,831,-1,832,833,831,-1,831,833,829,-1,831,829,828,-1,826,827,832,-1,832,827,833,-1,608,607,834,-1,834,607,835,-1,834,835,836,-1,836,835,837,-1,607,606,835,-1,835,606,838,-1,606,605,839,-1,840,841,839,-1,839,841,838,-1,839,838,606,-1,836,837,840,-1,840,837,841,-1,842,843,844,-1,844,843,845,-1,844,845,846,-1,846,845,847,-1,843,848,845,-1,845,848,849,-1,848,850,851,-1,852,853,851,-1,851,853,849,-1,851,849,848,-1,846,847,852,-1,852,847,853,-1,604,592,854,-1,854,592,855,-1,854,855,856,-1,856,855,857,-1,592,591,855,-1,855,591,858,-1,591,586,859,-1,860,861,859,-1,859,861,858,-1,859,858,591,-1,856,857,860,-1,860,857,861,-1,862,863,864,-1,864,863,865,-1,864,865,866,-1,866,865,867,-1,863,868,865,-1,865,868,869,-1,868,870,871,-1,872,873,871,-1,871,873,869,-1,871,869,868,-1,866,867,872,-1,872,867,873,-1,585,584,874,-1,874,584,875,-1,874,875,876,-1,876,875,877,-1,584,593,875,-1,875,593,878,-1,593,594,879,-1,880,881,879,-1,879,881,878,-1,879,878,593,-1,876,877,880,-1,880,877,881,-1,882,883,884,-1,884,883,885,-1,884,885,886,-1,886,885,887,-1,883,888,885,-1,885,888,889,-1,888,890,891,-1,892,893,891,-1,891,893,889,-1,891,889,888,-1,886,887,892,-1,892,887,893,-1,595,576,894,-1,894,576,895,-1,894,895,896,-1,896,895,897,-1,576,575,895,-1,895,575,898,-1,575,565,899,-1,900,901,899,-1,899,901,898,-1,899,898,575,-1,896,897,900,-1,900,897,901,-1,902,903,904,-1,904,903,905,-1,904,905,906,-1,906,905,907,-1,903,908,905,-1,905,908,909,-1,908,910,911,-1,912,913,911,-1,911,913,909,-1,911,909,908,-1,906,907,912,-1,912,907,913,-1,564,563,914,-1,914,563,915,-1,914,915,916,-1,916,915,917,-1,563,577,915,-1,915,577,918,-1,577,578,919,-1,920,921,919,-1,919,921,918,-1,919,918,577,-1,916,917,920,-1,920,917,921,-1,922,923,924,-1,924,923,925,-1,924,925,926,-1,926,925,927,-1,923,928,925,-1,925,928,929,-1,928,930,931,-1,932,933,931,-1,931,933,929,-1,931,929,928,-1,926,927,932,-1,932,927,933,-1,579,552,934,-1,934,552,935,-1,934,935,936,-1,936,935,937,-1,552,551,935,-1,935,551,938,-1,551,550,939,-1,940,941,939,-1,939,941,938,-1,939,938,551,-1,936,937,940,-1,940,937,941,-1,942,943,944,-1,944,943,945,-1,944,945,946,-1,946,945,947,-1,943,948,945,-1,945,948,949,-1,948,950,951,-1,952,953,951,-1,951,953,949,-1,951,949,948,-1,946,947,952,-1,952,947,953,-1,549,548,954,-1,954,548,955,-1,954,955,956,-1,956,955,957,-1,548,560,955,-1,955,560,958,-1,560,561,959,-1,960,961,959,-1,959,961,958,-1,959,958,560,-1,956,957,960,-1,960,957,961,-1,962,963,964,-1,964,963,965,-1,964,965,966,-1,966,965,967,-1,963,968,965,-1,965,968,969,-1,968,970,971,-1,972,973,971,-1,971,973,969,-1,971,969,968,-1,966,967,972,-1,972,967,973,-1,562,559,974,-1,974,559,975,-1,974,975,976,-1,976,975,977,-1,559,558,975,-1,975,558,978,-1,558,557,979,-1,980,981,979,-1,979,981,978,-1,979,978,558,-1,976,977,980,-1,980,977,981,-1,982,983,984,-1,984,983,985,-1,984,985,986,-1,986,985,987,-1,983,988,985,-1,985,988,989,-1,988,990,991,-1,992,993,991,-1,991,993,989,-1,991,989,988,-1,986,987,992,-1,992,987,993,-1,556,544,994,-1,994,544,995,-1,994,995,996,-1,996,995,997,-1,544,543,995,-1,995,543,998,-1,543,542,999,-1,1000,1001,999,-1,999,1001,998,-1,999,998,543,-1,996,997,1000,-1,1000,997,1001,-1,1002,1003,1004,-1,1004,1003,1005,-1,1004,1005,1006,-1,1006,1005,1007,-1,1003,1008,1005,-1,1005,1008,1009,-1,1008,1010,1011,-1,1012,1013,1011,-1,1011,1013,1009,-1,1011,1009,1008,-1,1006,1007,1012,-1,1012,1007,1013,-1,541,540,1014,-1,1014,540,1015,-1,1014,1015,1016,-1,1016,1015,1017,-1,540,574,1015,-1,1015,574,1018,-1,574,572,1019,-1,1020,1021,1019,-1,1019,1021,1018,-1,1019,1018,574,-1,1016,1017,1020,-1,1020,1017,1021,-1,783,782,770,-1,923,922,950,-1,743,742,730,-1,763,1022,768,-1,768,1022,364,-1,728,723,1022,-1,963,962,990,-1,1002,810,1003,-1,1003,810,808,-1,1003,808,364,-1,364,808,803,-1,730,728,743,-1,743,728,1022,-1,743,1022,748,-1,748,1022,763,-1,748,763,750,-1,750,763,762,-1,770,768,783,-1,783,768,364,-1,783,364,788,-1,788,364,803,-1,788,803,790,-1,790,803,802,-1,703,702,690,-1,363,830,364,-1,364,830,828,-1,364,828,823,-1,982,1010,983,-1,983,1010,1008,-1,688,683,1022,-1,690,688,703,-1,703,688,1022,-1,703,1022,708,-1,708,1022,723,-1,708,723,710,-1,710,723,722,-1,822,850,823,-1,823,850,848,-1,823,848,364,-1,364,848,843,-1,663,662,650,-1,842,870,843,-1,843,870,868,-1,843,868,364,-1,364,868,863,-1,648,643,1022,-1,650,648,663,-1,663,648,1022,-1,663,1022,668,-1,668,1022,683,-1,668,683,670,-1,670,683,682,-1,862,890,863,-1,863,890,888,-1,863,888,364,-1,364,888,883,-1,622,1023,623,-1,623,1023,1022,-1,623,1022,628,-1,628,1022,643,-1,628,643,630,-1,630,643,642,-1,882,910,883,-1,883,910,908,-1,883,908,364,-1,364,908,903,-1,948,943,364,-1,950,948,923,-1,923,948,364,-1,923,364,928,-1,928,364,903,-1,928,903,930,-1,930,903,902,-1,988,983,364,-1,364,983,1008,-1,364,1008,1003,-1,942,970,943,-1,943,970,968,-1,943,968,364,-1,364,968,963,-1,364,963,988,-1,988,963,990,-1,1022,1023,1024,-1,566,568,1025,-1,1025,568,1026,-1,1025,1026,1024,-1,1024,1026,1027,-1,1024,1027,1022,-1,1028,1029,1030,-1,1031,1032,1033,-1,1034,1026,1035,-1,1034,1036,1037,-1,1037,1036,1038,-1,1037,1038,1027,-1,1027,1038,1039,-1,1040,1039,1041,-1,1041,1039,1038,-1,1041,1038,1042,-1,1042,1038,1043,-1,1042,1043,1044,-1,1044,1043,1045,-1,1044,1045,1040,-1,1040,1045,1039,-1,1046,1047,1048,-1,1048,1047,1043,-1,1048,1043,1049,-1,1049,1043,1038,-1,1049,1038,1050,-1,1050,1038,1036,-1,1050,1036,1046,-1,1046,1036,1047,-1,1051,1045,1052,-1,1052,1045,1043,-1,1052,1043,1053,-1,1053,1043,1054,-1,1053,1054,1055,-1,1055,1054,1056,-1,1055,1056,1051,-1,1051,1056,1045,-1,1057,1058,1059,-1,1059,1058,1054,-1,1059,1054,1060,-1,1060,1054,1043,-1,1060,1043,1061,-1,1061,1043,1047,-1,1061,1047,1057,-1,1057,1047,1058,-1,1062,1056,1063,-1,1063,1056,1054,-1,1063,1054,1064,-1,1064,1054,1065,-1,1064,1065,1066,-1,1066,1065,1067,-1,1066,1067,1062,-1,1062,1067,1056,-1,1068,1032,1069,-1,1069,1032,1065,-1,1069,1065,1070,-1,1070,1065,1054,-1,1070,1054,1071,-1,1071,1054,1058,-1,1071,1058,1068,-1,1068,1058,1032,-1,1072,1073,1065,-1,1074,1075,1076,-1,1065,1073,1067,-1,1067,1073,1077,-1,1067,1077,1078,-1,1076,1075,1079,-1,1079,1075,1080,-1,1079,1080,1081,-1,1082,1083,1079,-1,1079,1083,1033,-1,1033,1083,1084,-1,1033,1084,1031,-1,1076,1067,1074,-1,1074,1067,1078,-1,1074,1078,1081,-1,1081,1078,1072,-1,1081,1072,1079,-1,1079,1072,1065,-1,1079,1065,1082,-1,1082,1065,1085,-1,1082,1085,1031,-1,1031,1085,1086,-1,1031,1086,1032,-1,1032,1086,1087,-1,1032,1087,1065,-1,1065,1087,1088,-1,1065,1088,1085,-1,1089,1090,1091,-1,1091,1090,1076,-1,1091,1076,1092,-1,1092,1076,1079,-1,1092,1079,1093,-1,1093,1079,1094,-1,1093,1094,1089,-1,1089,1094,1090,-1,1095,1096,1097,-1,1097,1096,1094,-1,1097,1094,1098,-1,1098,1094,1079,-1,1098,1079,1099,-1,1099,1079,1033,-1,1099,1033,1095,-1,1095,1033,1096,-1,1100,1101,1102,-1,1102,1101,1090,-1,1102,1090,1103,-1,1103,1090,1094,-1,1103,1094,1104,-1,1104,1094,1105,-1,1104,1105,1100,-1,1100,1105,1101,-1,1106,1107,1108,-1,1108,1107,1105,-1,1108,1105,1109,-1,1109,1105,1094,-1,1109,1094,1110,-1,1110,1094,1096,-1,1110,1096,1106,-1,1106,1096,1107,-1,1111,1112,1113,-1,1113,1112,1101,-1,1113,1101,1114,-1,1114,1101,1105,-1,1114,1105,1115,-1,1115,1105,1116,-1,1115,1116,1111,-1,1111,1116,1112,-1,1117,1029,1118,-1,1118,1029,1116,-1,1118,1116,1119,-1,1119,1116,1105,-1,1119,1105,1120,-1,1120,1105,1107,-1,1120,1107,1117,-1,1117,1107,1029,-1,1121,1122,1123,-1,1124,1125,1116,-1,1116,1125,1112,-1,1112,1125,1126,-1,1112,1126,1127,-1,1123,1122,1128,-1,1128,1122,1129,-1,1128,1129,1130,-1,1131,1132,1128,-1,1128,1132,1030,-1,1030,1132,1133,-1,1030,1133,1028,-1,1123,1112,1121,-1,1121,1112,1127,-1,1121,1127,1130,-1,1130,1127,1124,-1,1130,1124,1128,-1,1128,1124,1116,-1,1128,1116,1131,-1,1131,1116,1134,-1,1131,1134,1028,-1,1028,1134,1135,-1,1028,1135,1029,-1,1029,1135,1136,-1,1029,1136,1116,-1,1116,1136,1137,-1,1116,1137,1134,-1,1138,1139,1140,-1,1140,1139,1123,-1,1140,1123,1141,-1,1141,1123,1128,-1,1141,1128,1142,-1,1142,1128,1143,-1,1142,1143,1138,-1,1138,1143,1139,-1,1144,1145,1146,-1,1146,1145,1143,-1,1146,1143,1147,-1,1147,1143,1128,-1,1147,1128,1148,-1,1148,1128,1030,-1,1148,1030,1144,-1,1144,1030,1145,-1,1149,1150,1151,-1,1151,1150,1139,-1,1151,1139,1152,-1,1152,1139,1143,-1,1152,1143,1153,-1,1153,1143,1154,-1,1153,1154,1149,-1,1149,1154,1150,-1,1155,1156,1157,-1,1157,1156,1154,-1,1157,1154,1158,-1,1158,1154,1143,-1,1158,1143,1159,-1,1159,1143,1145,-1,1159,1145,1155,-1,1155,1145,1156,-1,1160,1161,1162,-1,1162,1161,1150,-1,1162,1150,1163,-1,1163,1150,1154,-1,1163,1154,1164,-1,1164,1154,1165,-1,1164,1165,1160,-1,1160,1165,1161,-1,1166,1167,1168,-1,1168,1167,1165,-1,1168,1165,1169,-1,1169,1165,1154,-1,1169,1154,1170,-1,1170,1154,1156,-1,1170,1156,1166,-1,1166,1156,1167,-1,1171,1172,1161,-1,1173,1174,1165,-1,1165,1174,1161,-1,1161,1174,1175,-1,1161,1175,1171,-1,1176,1177,1178,-1,1178,1177,1179,-1,1178,1179,1180,-1,1181,1182,1183,-1,1183,1182,1180,-1,1183,1180,1165,-1,1165,1180,1179,-1,1165,1179,1173,-1,1173,1179,1184,-1,1173,1184,1171,-1,1171,1184,1185,-1,1171,1185,1172,-1,1172,1185,1186,-1,1172,1186,1179,-1,1179,1186,1187,-1,1179,1187,1184,-1,1176,1182,1177,-1,1177,1182,1181,-1,1177,1181,1167,-1,1167,1181,1188,-1,1167,1188,1165,-1,1165,1188,1189,-1,1165,1189,1183,-1,1190,1172,1191,-1,1191,1172,1179,-1,1191,1179,1192,-1,1192,1179,1193,-1,1192,1193,1194,-1,1194,1193,1195,-1,1194,1195,1190,-1,1190,1195,1172,-1,1196,1197,1198,-1,1198,1197,1193,-1,1198,1193,1199,-1,1199,1193,1179,-1,1199,1179,1200,-1,1200,1179,1177,-1,1200,1177,1196,-1,1196,1177,1197,-1,1201,1195,1202,-1,1202,1195,1193,-1,1202,1193,1203,-1,1203,1193,1204,-1,1203,1204,1205,-1,1205,1204,1206,-1,1205,1206,1201,-1,1201,1206,1195,-1,1207,1208,1209,-1,1209,1208,1204,-1,1209,1204,1210,-1,1210,1204,1193,-1,1210,1193,1211,-1,1211,1193,1197,-1,1211,1197,1207,-1,1207,1197,1208,-1,1212,1206,1213,-1,1213,1206,1204,-1,1213,1204,1214,-1,1214,1204,1215,-1,1214,1215,1216,-1,1216,1215,1217,-1,1216,1217,1212,-1,1212,1217,1206,-1,1218,1219,1220,-1,1220,1219,1215,-1,1220,1215,1221,-1,1221,1215,1204,-1,1221,1204,1222,-1,1222,1204,1208,-1,1222,1208,1218,-1,1218,1208,1219,-1,1223,503,1217,-1,1224,1225,1215,-1,1215,1225,1217,-1,1217,1225,1226,-1,1217,1226,1223,-1,1227,1228,1229,-1,1229,1228,1230,-1,1229,1230,1231,-1,1232,1233,1234,-1,1234,1233,1231,-1,1234,1231,1215,-1,1215,1231,1230,-1,1215,1230,1224,-1,1224,1230,1235,-1,1224,1235,1223,-1,1223,1235,1236,-1,1223,1236,503,-1,503,1236,1237,-1,503,1237,1230,-1,1230,1237,1238,-1,1230,1238,1235,-1,1227,1233,1228,-1,1228,1233,1232,-1,1228,1232,1219,-1,1219,1232,1239,-1,1219,1239,1215,-1,1215,1239,1240,-1,1215,1240,1234,-1,1034,1035,1036,-1,1036,1035,1241,-1,1036,1241,1047,-1,1047,1241,1242,-1,1047,1242,1058,-1,1058,1242,1243,-1,1058,1243,1032,-1,1032,1243,1244,-1,1032,1244,1033,-1,1033,1244,1245,-1,1033,1245,1096,-1,1096,1245,1246,-1,1096,1246,1107,-1,1107,1246,1247,-1,1107,1247,1029,-1,1029,1247,1248,-1,1029,1248,1030,-1,1030,1248,1249,-1,1030,1249,1145,-1,1145,1249,1250,-1,1145,1250,1156,-1,1156,1250,1251,-1,1156,1251,1167,-1,1167,1251,1252,-1,1167,1252,1177,-1,1177,1252,1253,-1,1177,1253,1197,-1,1197,1253,1254,-1,1197,1254,1208,-1,1208,1254,1255,-1,1208,1255,1219,-1,1219,1255,497,-1,1219,497,1228,-1,1022,1027,1256,-1,1256,1027,1039,-1,1256,1039,1257,-1,1257,1039,1045,-1,1257,1045,1258,-1,1258,1045,1056,-1,1258,1056,1259,-1,1259,1056,1067,-1,1259,1067,1260,-1,1260,1067,1076,-1,1260,1076,1261,-1,1261,1076,1090,-1,1261,1090,1262,-1,1262,1090,1101,-1,1262,1101,1263,-1,1263,1101,1112,-1,1263,1112,1264,-1,1264,1112,1123,-1,1264,1123,1265,-1,1265,1123,1139,-1,1265,1139,1266,-1,1266,1139,1150,-1,1266,1150,1267,-1,1267,1150,1161,-1,1267,1161,1268,-1,1268,1161,1172,-1,1268,1172,1269,-1,1269,1172,1195,-1,1269,1195,1270,-1,1270,1195,1206,-1,1270,1206,1271,-1,1271,1206,1217,-1,1271,1217,364,-1,364,1217,503,-1,1026,568,1035,-1,1035,568,1272,-1,1035,1272,1241,-1,1241,1272,1273,-1,1241,1273,1242,-1,1242,1273,1274,-1,1242,1274,1243,-1,1243,1274,1275,-1,1243,1275,1244,-1,1244,1275,1276,-1,1244,1276,1245,-1,1245,1276,1277,-1,1245,1277,1246,-1,1246,1277,1278,-1,1246,1278,1247,-1,1247,1278,1279,-1,1247,1279,1248,-1,1248,1279,1280,-1,1248,1280,1249,-1,1249,1280,1281,-1,1249,1281,1250,-1,1250,1281,1282,-1,1250,1282,1251,-1,1251,1282,1283,-1,1251,1283,1252,-1,1252,1283,1284,-1,1252,1284,1253,-1,1253,1284,1285,-1,1253,1285,1254,-1,1254,1285,1286,-1,1254,1286,1255,-1,1255,1286,1287,-1,1255,1287,497,-1,497,1287,539,-1,1288,1018,1289,-1,1289,1018,1021,-1,1289,1021,1290,-1,1290,1021,1017,-1,1290,1017,1291,-1,1291,1017,1015,-1,1291,1015,1288,-1,1288,1015,1018,-1,1292,1290,1293,-1,1293,1290,1291,-1,1293,1291,1294,-1,1294,1291,1288,-1,1294,1288,1295,-1,1295,1288,1289,-1,1295,1289,1292,-1,1292,1289,1290,-1,1296,1009,1297,-1,1297,1009,1013,-1,1297,1013,1298,-1,1298,1013,1007,-1,1298,1007,1299,-1,1299,1007,1005,-1,1299,1005,1296,-1,1296,1005,1009,-1,1300,1298,1301,-1,1301,1298,1299,-1,1301,1299,1302,-1,1302,1299,1296,-1,1302,1296,1303,-1,1303,1296,1297,-1,1303,1297,1300,-1,1300,1297,1298,-1,1140,1301,1138,-1,1138,1301,1302,-1,1141,1300,1140,-1,1140,1300,1301,-1,1303,1142,1302,-1,1302,1142,1138,-1,1142,1303,1141,-1,1141,1303,1300,-1,1144,1293,1148,-1,1148,1293,1294,-1,1146,1292,1144,-1,1144,1292,1293,-1,1295,1147,1294,-1,1294,1147,1148,-1,1147,1295,1146,-1,1146,1295,1292,-1,1304,998,1305,-1,1305,998,1001,-1,1305,1001,1306,-1,1306,1001,997,-1,1306,997,1307,-1,1307,997,995,-1,1307,995,1304,-1,1304,995,998,-1,1308,1306,1309,-1,1309,1306,1307,-1,1309,1307,1310,-1,1310,1307,1304,-1,1310,1304,1311,-1,1311,1304,1305,-1,1311,1305,1308,-1,1308,1305,1306,-1,1312,989,1313,-1,1313,989,993,-1,1313,993,1314,-1,1314,993,987,-1,1314,987,1315,-1,1315,987,985,-1,1315,985,1312,-1,1312,985,989,-1,1316,1314,1317,-1,1317,1314,1315,-1,1317,1315,1318,-1,1318,1315,1312,-1,1318,1312,1319,-1,1319,1312,1313,-1,1319,1313,1316,-1,1316,1313,1314,-1,1320,978,1321,-1,1321,978,981,-1,1321,981,1322,-1,1322,981,977,-1,1322,977,1323,-1,1323,977,975,-1,1323,975,1320,-1,1320,975,978,-1,1324,1322,1325,-1,1325,1322,1323,-1,1325,1323,1326,-1,1326,1323,1320,-1,1326,1320,1327,-1,1327,1320,1321,-1,1327,1321,1324,-1,1324,1321,1322,-1,1328,973,1329,-1,1329,973,967,-1,1329,967,1330,-1,1330,967,965,-1,1330,965,1331,-1,1331,965,969,-1,1331,969,1328,-1,1328,969,973,-1,1332,1329,1333,-1,1333,1329,1330,-1,1333,1330,1334,-1,1334,1330,1331,-1,1334,1331,1335,-1,1335,1331,1328,-1,1335,1328,1332,-1,1332,1328,1329,-1,1336,958,1337,-1,1337,958,961,-1,1337,961,1338,-1,1338,961,957,-1,1338,957,1339,-1,1339,957,955,-1,1339,955,1336,-1,1336,955,958,-1,1340,1338,1341,-1,1341,1338,1339,-1,1341,1339,1342,-1,1342,1339,1336,-1,1342,1336,1343,-1,1343,1336,1337,-1,1343,1337,1340,-1,1340,1337,1338,-1,1344,949,1345,-1,1345,949,953,-1,1345,953,1346,-1,1346,953,947,-1,1346,947,1347,-1,1347,947,945,-1,1347,945,1344,-1,1344,945,949,-1,1348,1346,1349,-1,1349,1346,1347,-1,1349,1347,1350,-1,1350,1347,1344,-1,1350,1344,1351,-1,1351,1344,1345,-1,1351,1345,1348,-1,1348,1345,1346,-1,1352,938,1353,-1,1353,938,941,-1,1353,941,1354,-1,1354,941,937,-1,1354,937,1355,-1,1355,937,935,-1,1355,935,1352,-1,1352,935,938,-1,1356,1354,1357,-1,1357,1354,1355,-1,1357,1355,1358,-1,1358,1355,1352,-1,1358,1352,1359,-1,1359,1352,1353,-1,1359,1353,1356,-1,1356,1353,1354,-1,1360,929,1361,-1,1361,929,933,-1,1361,933,1362,-1,1362,933,927,-1,1362,927,1363,-1,1363,927,925,-1,1363,925,1360,-1,1360,925,929,-1,1364,1362,1365,-1,1365,1362,1363,-1,1365,1363,1366,-1,1366,1363,1360,-1,1366,1360,1367,-1,1367,1360,1361,-1,1367,1361,1364,-1,1364,1361,1362,-1,1368,918,1369,-1,1369,918,921,-1,1369,921,1370,-1,1370,921,917,-1,1370,917,1371,-1,1371,917,915,-1,1371,915,1368,-1,1368,915,918,-1,1372,1370,1373,-1,1373,1370,1371,-1,1373,1371,1374,-1,1374,1371,1368,-1,1374,1368,1375,-1,1375,1368,1369,-1,1375,1369,1372,-1,1372,1369,1370,-1,1376,909,1377,-1,1377,909,913,-1,1377,913,1378,-1,1378,913,907,-1,1378,907,1379,-1,1379,907,905,-1,1379,905,1376,-1,1376,905,909,-1,1380,1378,1381,-1,1381,1378,1379,-1,1381,1379,1382,-1,1382,1379,1376,-1,1382,1376,1383,-1,1383,1376,1377,-1,1383,1377,1380,-1,1380,1377,1378,-1,1384,898,1385,-1,1385,898,901,-1,1385,901,1386,-1,1386,901,897,-1,1386,897,1387,-1,1387,897,895,-1,1387,895,1384,-1,1384,895,898,-1,1388,1386,1389,-1,1389,1386,1387,-1,1389,1387,1390,-1,1390,1387,1384,-1,1390,1384,1391,-1,1391,1384,1385,-1,1391,1385,1388,-1,1388,1385,1386,-1,1392,889,1393,-1,1393,889,893,-1,1393,893,1394,-1,1394,893,887,-1,1394,887,1395,-1,1395,887,885,-1,1395,885,1392,-1,1392,885,889,-1,1396,1394,1397,-1,1397,1394,1395,-1,1397,1395,1398,-1,1398,1395,1392,-1,1398,1392,1399,-1,1399,1392,1393,-1,1399,1393,1396,-1,1396,1393,1394,-1,1400,878,1401,-1,1401,878,881,-1,1401,881,1402,-1,1402,881,877,-1,1402,877,1403,-1,1403,877,875,-1,1403,875,1400,-1,1400,875,878,-1,1404,1402,1405,-1,1405,1402,1403,-1,1405,1403,1406,-1,1406,1403,1400,-1,1406,1400,1407,-1,1407,1400,1401,-1,1407,1401,1404,-1,1404,1401,1402,-1,1408,869,1409,-1,1409,869,873,-1,1409,873,1410,-1,1410,873,867,-1,1410,867,1411,-1,1411,867,865,-1,1411,865,1408,-1,1408,865,869,-1,1412,1410,1413,-1,1413,1410,1411,-1,1413,1411,1414,-1,1414,1411,1408,-1,1414,1408,1415,-1,1415,1408,1409,-1,1415,1409,1412,-1,1412,1409,1410,-1,1416,858,1417,-1,1417,858,861,-1,1417,861,1418,-1,1418,861,857,-1,1418,857,1419,-1,1419,857,855,-1,1419,855,1416,-1,1416,855,858,-1,1420,1418,1421,-1,1421,1418,1419,-1,1421,1419,1422,-1,1422,1419,1416,-1,1422,1416,1423,-1,1423,1416,1417,-1,1423,1417,1420,-1,1420,1417,1418,-1,1424,849,1425,-1,1425,849,853,-1,1425,853,1426,-1,1426,853,847,-1,1426,847,1427,-1,1427,847,845,-1,1427,845,1424,-1,1424,845,849,-1,1428,1426,1429,-1,1429,1426,1427,-1,1429,1427,1430,-1,1430,1427,1424,-1,1430,1424,1431,-1,1431,1424,1425,-1,1431,1425,1428,-1,1428,1425,1426,-1,1432,838,1433,-1,1433,838,841,-1,1433,841,1434,-1,1434,841,837,-1,1434,837,1435,-1,1435,837,835,-1,1435,835,1432,-1,1432,835,838,-1,1436,1434,1437,-1,1437,1434,1435,-1,1437,1435,1438,-1,1438,1435,1432,-1,1438,1432,1439,-1,1439,1432,1433,-1,1439,1433,1436,-1,1436,1433,1434,-1,1440,829,1441,-1,1441,829,833,-1,1441,833,1442,-1,1442,833,827,-1,1442,827,1443,-1,1443,827,825,-1,1443,825,1440,-1,1440,825,829,-1,1444,1442,1445,-1,1445,1442,1443,-1,1445,1443,1446,-1,1446,1443,1440,-1,1446,1440,1447,-1,1447,1440,1441,-1,1447,1441,1444,-1,1444,1441,1442,-1,1448,818,1449,-1,1449,818,821,-1,1449,821,1450,-1,1450,821,817,-1,1450,817,1451,-1,1451,817,815,-1,1451,815,1448,-1,1448,815,818,-1,1452,1450,1453,-1,1453,1450,1451,-1,1453,1451,1454,-1,1454,1451,1448,-1,1454,1448,1455,-1,1455,1448,1449,-1,1455,1449,1452,-1,1452,1449,1450,-1,1456,809,1457,-1,1457,809,813,-1,1457,813,1458,-1,1458,813,807,-1,1458,807,1459,-1,1459,807,805,-1,1459,805,1456,-1,1456,805,809,-1,1460,1458,1461,-1,1461,1458,1459,-1,1461,1459,1462,-1,1462,1459,1456,-1,1462,1456,1463,-1,1463,1456,1457,-1,1463,1457,1460,-1,1460,1457,1458,-1,1464,798,1465,-1,1465,798,801,-1,1465,801,1466,-1,1466,801,797,-1,1466,797,1467,-1,1467,797,795,-1,1467,795,1464,-1,1464,795,798,-1,1468,1466,1469,-1,1469,1466,1467,-1,1469,1467,1470,-1,1470,1467,1464,-1,1470,1464,1471,-1,1471,1464,1465,-1,1471,1465,1468,-1,1468,1465,1466,-1,1472,787,1473,-1,1473,787,785,-1,1473,785,1474,-1,1474,785,789,-1,1474,789,1475,-1,1475,789,793,-1,1475,793,1472,-1,1472,793,787,-1,1476,1472,1477,-1,1477,1472,1473,-1,1477,1473,1478,-1,1478,1473,1474,-1,1478,1474,1479,-1,1479,1474,1475,-1,1479,1475,1476,-1,1476,1475,1472,-1,1480,778,1481,-1,1481,778,781,-1,1481,781,1482,-1,1482,781,777,-1,1482,777,1483,-1,1483,777,775,-1,1483,775,1480,-1,1480,775,778,-1,1484,1482,1485,-1,1485,1482,1483,-1,1485,1483,1486,-1,1486,1483,1480,-1,1486,1480,1487,-1,1487,1480,1481,-1,1487,1481,1484,-1,1484,1481,1482,-1,1488,769,1489,-1,1489,769,773,-1,1489,773,1490,-1,1490,773,767,-1,1490,767,1491,-1,1491,767,765,-1,1491,765,1488,-1,1488,765,769,-1,1492,1490,1493,-1,1493,1490,1491,-1,1493,1491,1494,-1,1494,1491,1488,-1,1494,1488,1495,-1,1495,1488,1489,-1,1495,1489,1492,-1,1492,1489,1490,-1,1496,758,1497,-1,1497,758,761,-1,1497,761,1498,-1,1498,761,757,-1,1498,757,1499,-1,1499,757,755,-1,1499,755,1496,-1,1496,755,758,-1,1500,1498,1501,-1,1501,1498,1499,-1,1501,1499,1502,-1,1502,1499,1496,-1,1502,1496,1503,-1,1503,1496,1497,-1,1503,1497,1500,-1,1500,1497,1498,-1,1504,749,1505,-1,1505,749,753,-1,1505,753,1506,-1,1506,753,747,-1,1506,747,1507,-1,1507,747,745,-1,1507,745,1504,-1,1504,745,749,-1,1508,1506,1509,-1,1509,1506,1507,-1,1509,1507,1510,-1,1510,1507,1504,-1,1510,1504,1511,-1,1511,1504,1505,-1,1511,1505,1508,-1,1508,1505,1506,-1,1512,738,1513,-1,1513,738,741,-1,1513,741,1514,-1,1514,741,737,-1,1514,737,1515,-1,1515,737,735,-1,1515,735,1512,-1,1512,735,738,-1,1516,1514,1517,-1,1517,1514,1515,-1,1517,1515,1518,-1,1518,1515,1512,-1,1518,1512,1519,-1,1519,1512,1513,-1,1519,1513,1516,-1,1516,1513,1514,-1,1520,729,1521,-1,1521,729,733,-1,1521,733,1522,-1,1522,733,727,-1,1522,727,1523,-1,1523,727,725,-1,1523,725,1520,-1,1520,725,729,-1,1524,1522,1525,-1,1525,1522,1523,-1,1525,1523,1526,-1,1526,1523,1520,-1,1526,1520,1527,-1,1527,1520,1521,-1,1527,1521,1524,-1,1524,1521,1522,-1,1528,718,1529,-1,1529,718,721,-1,1529,721,1530,-1,1530,721,717,-1,1530,717,1531,-1,1531,717,715,-1,1531,715,1528,-1,1528,715,718,-1,1532,1530,1533,-1,1533,1530,1531,-1,1533,1531,1534,-1,1534,1531,1528,-1,1534,1528,1535,-1,1535,1528,1529,-1,1535,1529,1532,-1,1532,1529,1530,-1,1536,709,1537,-1,1537,709,713,-1,1537,713,1538,-1,1538,713,707,-1,1538,707,1539,-1,1539,707,705,-1,1539,705,1536,-1,1536,705,709,-1,1540,1538,1541,-1,1541,1538,1539,-1,1541,1539,1542,-1,1542,1539,1536,-1,1542,1536,1543,-1,1543,1536,1537,-1,1543,1537,1540,-1,1540,1537,1538,-1,1544,698,1545,-1,1545,698,701,-1,1545,701,1546,-1,1546,701,697,-1,1546,697,1547,-1,1547,697,695,-1,1547,695,1544,-1,1544,695,698,-1,1548,1546,1549,-1,1549,1546,1547,-1,1549,1547,1550,-1,1550,1547,1544,-1,1550,1544,1551,-1,1551,1544,1545,-1,1551,1545,1548,-1,1548,1545,1546,-1,1552,689,1553,-1,1553,689,693,-1,1553,693,1554,-1,1554,693,687,-1,1554,687,1555,-1,1555,687,685,-1,1555,685,1552,-1,1552,685,689,-1,1556,1554,1557,-1,1557,1554,1555,-1,1557,1555,1558,-1,1558,1555,1552,-1,1558,1552,1559,-1,1559,1552,1553,-1,1559,1553,1556,-1,1556,1553,1554,-1,1560,678,1561,-1,1561,678,681,-1,1561,681,1562,-1,1562,681,677,-1,1562,677,1563,-1,1563,677,675,-1,1563,675,1560,-1,1560,675,678,-1,1564,1562,1565,-1,1565,1562,1563,-1,1565,1563,1566,-1,1566,1563,1560,-1,1566,1560,1567,-1,1567,1560,1561,-1,1567,1561,1564,-1,1564,1561,1562,-1,1568,669,1569,-1,1569,669,673,-1,1569,673,1570,-1,1570,673,667,-1,1570,667,1571,-1,1571,667,665,-1,1571,665,1568,-1,1568,665,669,-1,1572,1570,1573,-1,1573,1570,1571,-1,1573,1571,1574,-1,1574,1571,1568,-1,1574,1568,1575,-1,1575,1568,1569,-1,1575,1569,1572,-1,1572,1569,1570,-1,1576,658,1577,-1,1577,658,661,-1,1577,661,1578,-1,1578,661,657,-1,1578,657,1579,-1,1579,657,655,-1,1579,655,1576,-1,1576,655,658,-1,1580,1578,1581,-1,1581,1578,1579,-1,1581,1579,1582,-1,1582,1579,1576,-1,1582,1576,1583,-1,1583,1576,1577,-1,1583,1577,1580,-1,1580,1577,1578,-1,1584,649,1585,-1,1585,649,653,-1,1585,653,1586,-1,1586,653,647,-1,1586,647,1587,-1,1587,647,645,-1,1587,645,1584,-1,1584,645,649,-1,1588,1586,1589,-1,1589,1586,1587,-1,1589,1587,1590,-1,1590,1587,1584,-1,1590,1584,1591,-1,1591,1584,1585,-1,1591,1585,1588,-1,1588,1585,1586,-1,1592,638,1593,-1,1593,638,641,-1,1593,641,1594,-1,1594,641,637,-1,1594,637,1595,-1,1595,637,635,-1,1595,635,1592,-1,1592,635,638,-1,1596,1594,1597,-1,1597,1594,1595,-1,1597,1595,1598,-1,1598,1595,1592,-1,1598,1592,1599,-1,1599,1592,1593,-1,1599,1593,1596,-1,1596,1593,1594,-1,1600,629,1601,-1,1601,629,633,-1,1601,633,1602,-1,1602,633,627,-1,1602,627,1603,-1,1603,627,625,-1,1603,625,1600,-1,1600,625,629,-1,1604,1602,1605,-1,1605,1602,1603,-1,1605,1603,1606,-1,1606,1603,1600,-1,1606,1600,1607,-1,1607,1600,1601,-1,1607,1601,1604,-1,1604,1601,1602,-1,1151,1317,1149,-1,1149,1317,1318,-1,1152,1316,1151,-1,1151,1316,1317,-1,1319,1153,1318,-1,1318,1153,1149,-1,1153,1319,1152,-1,1152,1319,1316,-1,1155,1309,1159,-1,1159,1309,1310,-1,1157,1308,1155,-1,1155,1308,1309,-1,1311,1158,1310,-1,1310,1158,1159,-1,1158,1311,1157,-1,1157,1311,1308,-1,1162,1333,1160,-1,1160,1333,1334,-1,1163,1332,1162,-1,1162,1332,1333,-1,1335,1164,1334,-1,1334,1164,1160,-1,1164,1335,1163,-1,1163,1335,1332,-1,1166,1325,1170,-1,1170,1325,1326,-1,1168,1324,1166,-1,1166,1324,1325,-1,1327,1169,1326,-1,1326,1169,1170,-1,1169,1327,1168,-1,1168,1327,1324,-1,1175,1349,1171,-1,1171,1349,1350,-1,1174,1348,1175,-1,1175,1348,1349,-1,1351,1173,1350,-1,1350,1173,1171,-1,1173,1351,1174,-1,1174,1351,1348,-1,1181,1341,1188,-1,1188,1341,1342,-1,1183,1340,1181,-1,1181,1340,1341,-1,1343,1189,1342,-1,1342,1189,1188,-1,1189,1343,1183,-1,1183,1343,1340,-1,1185,1365,1186,-1,1186,1365,1366,-1,1184,1364,1185,-1,1185,1364,1365,-1,1367,1187,1366,-1,1366,1187,1186,-1,1187,1367,1184,-1,1184,1367,1364,-1,1176,1357,1182,-1,1182,1357,1358,-1,1178,1356,1176,-1,1176,1356,1357,-1,1359,1180,1358,-1,1358,1180,1182,-1,1180,1359,1178,-1,1178,1359,1356,-1,1190,1381,1194,-1,1194,1381,1382,-1,1191,1380,1190,-1,1190,1380,1381,-1,1383,1192,1382,-1,1382,1192,1194,-1,1192,1383,1191,-1,1191,1383,1380,-1,1196,1373,1200,-1,1200,1373,1374,-1,1198,1372,1196,-1,1196,1372,1373,-1,1375,1199,1374,-1,1374,1199,1200,-1,1199,1375,1198,-1,1198,1375,1372,-1,1201,1397,1205,-1,1205,1397,1398,-1,1202,1396,1201,-1,1201,1396,1397,-1,1399,1203,1398,-1,1398,1203,1205,-1,1203,1399,1202,-1,1202,1399,1396,-1,1207,1389,1211,-1,1211,1389,1390,-1,1209,1388,1207,-1,1207,1388,1389,-1,1391,1210,1390,-1,1390,1210,1211,-1,1210,1391,1209,-1,1209,1391,1388,-1,1212,1413,1216,-1,1216,1413,1414,-1,1213,1412,1212,-1,1212,1412,1413,-1,1415,1214,1414,-1,1414,1214,1216,-1,1214,1415,1213,-1,1213,1415,1412,-1,1218,1405,1222,-1,1222,1405,1406,-1,1220,1404,1218,-1,1218,1404,1405,-1,1407,1221,1406,-1,1406,1221,1222,-1,1221,1407,1220,-1,1220,1407,1404,-1,1226,1429,1223,-1,1223,1429,1430,-1,1225,1428,1226,-1,1226,1428,1429,-1,1431,1224,1430,-1,1430,1224,1223,-1,1224,1431,1225,-1,1225,1431,1428,-1,1232,1421,1239,-1,1239,1421,1422,-1,1234,1420,1232,-1,1232,1420,1421,-1,1423,1240,1422,-1,1422,1240,1239,-1,1240,1423,1234,-1,1234,1423,1420,-1,1236,1445,1237,-1,1237,1445,1446,-1,1235,1444,1236,-1,1236,1444,1445,-1,1447,1238,1446,-1,1446,1238,1237,-1,1238,1447,1235,-1,1235,1447,1444,-1,1227,1437,1233,-1,1233,1437,1438,-1,1229,1436,1227,-1,1227,1436,1437,-1,1439,1231,1438,-1,1438,1231,1233,-1,1231,1439,1229,-1,1229,1439,1436,-1,1121,1461,1122,-1,1122,1461,1462,-1,1130,1460,1121,-1,1121,1460,1461,-1,1463,1129,1462,-1,1462,1129,1122,-1,1129,1463,1130,-1,1130,1463,1460,-1,1133,1453,1028,-1,1028,1453,1454,-1,1132,1452,1133,-1,1133,1452,1453,-1,1455,1131,1454,-1,1454,1131,1028,-1,1131,1455,1132,-1,1132,1455,1452,-1,1126,1477,1127,-1,1127,1477,1478,-1,1125,1476,1126,-1,1126,1476,1477,-1,1479,1124,1478,-1,1478,1124,1127,-1,1124,1479,1125,-1,1125,1479,1476,-1,1135,1469,1136,-1,1136,1469,1470,-1,1134,1468,1135,-1,1135,1468,1469,-1,1471,1137,1470,-1,1470,1137,1136,-1,1137,1471,1134,-1,1134,1471,1468,-1,1113,1493,1111,-1,1111,1493,1494,-1,1114,1492,1113,-1,1113,1492,1493,-1,1495,1115,1494,-1,1494,1115,1111,-1,1115,1495,1114,-1,1114,1495,1492,-1,1117,1485,1120,-1,1120,1485,1486,-1,1118,1484,1117,-1,1117,1484,1485,-1,1487,1119,1486,-1,1486,1119,1120,-1,1119,1487,1118,-1,1118,1487,1484,-1,1102,1509,1100,-1,1100,1509,1510,-1,1103,1508,1102,-1,1102,1508,1509,-1,1511,1104,1510,-1,1510,1104,1100,-1,1104,1511,1103,-1,1103,1511,1508,-1,1106,1501,1110,-1,1110,1501,1502,-1,1108,1500,1106,-1,1106,1500,1501,-1,1503,1109,1502,-1,1502,1109,1110,-1,1109,1503,1108,-1,1108,1503,1500,-1,1091,1525,1089,-1,1089,1525,1526,-1,1092,1524,1091,-1,1091,1524,1525,-1,1527,1093,1526,-1,1526,1093,1089,-1,1093,1527,1092,-1,1092,1527,1524,-1,1095,1517,1099,-1,1099,1517,1518,-1,1097,1516,1095,-1,1095,1516,1517,-1,1519,1098,1518,-1,1518,1098,1099,-1,1098,1519,1097,-1,1097,1519,1516,-1,1074,1541,1075,-1,1075,1541,1542,-1,1081,1540,1074,-1,1074,1540,1541,-1,1543,1080,1542,-1,1542,1080,1075,-1,1080,1543,1081,-1,1081,1543,1540,-1,1084,1533,1031,-1,1031,1533,1534,-1,1083,1532,1084,-1,1084,1532,1533,-1,1535,1082,1534,-1,1534,1082,1031,-1,1082,1535,1083,-1,1083,1535,1532,-1,1077,1557,1078,-1,1078,1557,1558,-1,1073,1556,1077,-1,1077,1556,1557,-1,1559,1072,1558,-1,1558,1072,1078,-1,1072,1559,1073,-1,1073,1559,1556,-1,1086,1549,1087,-1,1087,1549,1550,-1,1085,1548,1086,-1,1086,1548,1549,-1,1551,1088,1550,-1,1550,1088,1087,-1,1088,1551,1085,-1,1085,1551,1548,-1,1062,1573,1066,-1,1066,1573,1574,-1,1063,1572,1062,-1,1062,1572,1573,-1,1575,1064,1574,-1,1574,1064,1066,-1,1064,1575,1063,-1,1063,1575,1572,-1,1068,1565,1071,-1,1071,1565,1566,-1,1069,1564,1068,-1,1068,1564,1565,-1,1567,1070,1566,-1,1566,1070,1071,-1,1070,1567,1069,-1,1069,1567,1564,-1,1051,1589,1055,-1,1055,1589,1590,-1,1052,1588,1051,-1,1051,1588,1589,-1,1591,1053,1590,-1,1590,1053,1055,-1,1053,1591,1052,-1,1052,1591,1588,-1,1057,1581,1061,-1,1061,1581,1582,-1,1059,1580,1057,-1,1057,1580,1581,-1,1583,1060,1582,-1,1582,1060,1061,-1,1060,1583,1059,-1,1059,1583,1580,-1,1040,1605,1044,-1,1044,1605,1606,-1,1041,1604,1040,-1,1040,1604,1605,-1,1607,1042,1606,-1,1606,1042,1044,-1,1042,1607,1041,-1,1041,1607,1604,-1,1046,1597,1050,-1,1050,1597,1598,-1,1048,1596,1046,-1,1046,1596,1597,-1,1599,1049,1598,-1,1598,1049,1050,-1,1049,1599,1048,-1,1048,1599,1596,-1,1025,639,566,-1,566,639,567,-1,581,580,659,-1,659,580,634,-1,588,587,679,-1,679,587,654,-1,597,596,699,-1,699,596,674,-1,601,600,719,-1,719,600,694,-1,612,613,739,-1,739,613,714,-1,547,546,759,-1,759,546,734,-1,615,614,779,-1,779,614,754,-1,620,621,799,-1,799,621,774,-1,555,554,819,-1,819,554,794,-1,572,571,1019,-1,1019,571,814,-1,1014,999,541,-1,541,999,542,-1,994,979,556,-1,556,979,557,-1,974,959,562,-1,562,959,561,-1,954,939,549,-1,549,939,550,-1,934,919,579,-1,579,919,578,-1,914,899,564,-1,564,899,565,-1,894,879,595,-1,595,879,594,-1,874,859,585,-1,585,859,586,-1,854,839,604,-1,604,839,605,-1,372,608,373,-1,373,608,834,-1,832,831,365,-1,640,639,1025,-1,659,634,660,-1,660,634,636,-1,631,644,632,-1,632,644,646,-1,1024,624,626,-1,679,654,680,-1,680,654,656,-1,651,664,652,-1,652,664,666,-1,699,674,700,-1,700,674,676,-1,671,684,672,-1,672,684,686,-1,719,694,720,-1,720,694,696,-1,691,704,692,-1,692,704,706,-1,739,714,740,-1,740,714,716,-1,711,724,712,-1,712,724,726,-1,759,734,760,-1,760,734,736,-1,731,744,732,-1,732,744,746,-1,779,754,780,-1,780,754,756,-1,751,764,752,-1,752,764,766,-1,799,774,800,-1,800,774,776,-1,771,784,772,-1,772,784,786,-1,819,794,820,-1,820,794,796,-1,791,804,792,-1,792,804,806,-1,1019,814,1020,-1,1020,814,816,-1,811,1004,812,-1,812,1004,1006,-1,1025,1024,640,-1,640,1024,626,-1,640,626,636,-1,636,626,632,-1,636,632,660,-1,660,632,646,-1,660,646,656,-1,656,646,652,-1,656,652,680,-1,680,652,666,-1,680,666,676,-1,676,666,672,-1,676,672,700,-1,700,672,686,-1,700,686,696,-1,696,686,692,-1,696,692,720,-1,720,692,706,-1,720,706,716,-1,716,706,712,-1,716,712,740,-1,740,712,726,-1,740,726,736,-1,736,726,732,-1,736,732,760,-1,760,732,746,-1,760,746,756,-1,756,746,752,-1,756,752,780,-1,780,752,766,-1,780,766,776,-1,776,766,772,-1,776,772,800,-1,800,772,786,-1,800,786,796,-1,796,786,792,-1,796,792,820,-1,820,792,806,-1,820,806,816,-1,816,806,812,-1,816,812,1020,-1,1020,812,1006,-1,1020,1006,1016,-1,1011,984,1012,-1,1012,984,986,-1,979,994,980,-1,980,994,996,-1,991,964,992,-1,992,964,966,-1,999,1014,1000,-1,1000,1014,1016,-1,1006,1012,1016,-1,1016,1012,986,-1,1016,986,1000,-1,1000,986,992,-1,959,974,960,-1,960,974,976,-1,971,944,972,-1,972,944,946,-1,939,954,940,-1,940,954,956,-1,951,924,952,-1,952,924,926,-1,919,934,920,-1,920,934,936,-1,931,904,932,-1,932,904,906,-1,899,914,900,-1,900,914,916,-1,911,884,912,-1,912,884,886,-1,879,894,880,-1,880,894,896,-1,891,864,892,-1,892,864,866,-1,859,874,860,-1,860,874,876,-1,871,844,872,-1,872,844,846,-1,839,854,840,-1,840,854,856,-1,851,824,852,-1,852,824,826,-1,836,310,309,-1,836,309,834,-1,834,309,367,-1,834,367,373,-1,365,310,832,-1,832,310,836,-1,832,836,826,-1,826,836,840,-1,826,840,852,-1,852,840,856,-1,852,856,846,-1,846,856,860,-1,846,860,872,-1,872,860,876,-1,872,876,866,-1,866,876,880,-1,866,880,892,-1,892,880,896,-1,892,896,886,-1,886,896,900,-1,886,900,912,-1,912,900,916,-1,912,916,906,-1,906,916,920,-1,906,920,932,-1,932,920,936,-1,932,936,926,-1,926,936,940,-1,926,940,952,-1,952,940,956,-1,952,956,946,-1,946,956,960,-1,946,960,972,-1,972,960,976,-1,972,976,966,-1,966,976,980,-1,966,980,992,-1,992,980,996,-1,992,996,1000,-1,365,831,363,-1,363,831,830,-1,850,822,851,-1,851,822,824,-1,870,842,871,-1,871,842,844,-1,890,862,891,-1,891,862,864,-1,910,882,911,-1,911,882,884,-1,930,902,931,-1,931,902,904,-1,950,922,951,-1,951,922,924,-1,970,942,971,-1,971,942,944,-1,990,962,991,-1,991,962,964,-1,1010,982,1011,-1,1011,982,984,-1,1004,811,1002,-1,1002,811,810,-1,804,791,802,-1,802,791,790,-1,784,771,782,-1,782,771,770,-1,764,751,762,-1,762,751,750,-1,744,731,742,-1,742,731,730,-1,724,711,722,-1,722,711,710,-1,704,691,702,-1,702,691,690,-1,684,671,682,-1,682,671,670,-1,664,651,662,-1,662,651,650,-1,644,631,642,-1,642,631,630,-1,1023,622,1024,-1,1024,622,624,-1,
        ]
    }
}
Shape{
    appearance Appearance {
        material  Material 	{
            diffuseColor 1.0 1.0 1.0
            specularColor 0.5019607843137255 0.5019607843137255 0.5019607843137255
            ambientIntensity 1.0
            transparency 0.0
            shininess 0.5
        }
    }
    geometry IndexedFaceSet {
        ccw TRUE
        solid FALSE
        coord DEF co Coordinate {
            point [
                10.1004 -2.6837 0.4871, 10.1004 -2.6837 0.4765, 10.0965 -2.6837 0.4871, 10.0965 -2.6837 0.4765, 10.1004 -2.7209 0.4871, 10.0965 -2.7209 0.4871, 10.1004 -2.7209 0.5699, 10.0965 -2.7209 0.5699, 10.1004 -2.733 0.5699, 10.0965 -2.733 0.5699, 10.1004 -2.733 0.4765, 10.0965 -2.733 0.4765, 10.1004 -2.6358 0.4749, 10.0965 -2.6358 0.4749, 10.1004 -2.6208 0.4764, 10.0965 -2.6281 0.4757, 10.0965 -2.6208 0.4764, 10.0965 -2.611 0.4798, 10.1004 -2.611 0.4798, 10.0965 -2.6099 0.4803, 10.1004 -2.6099 0.4803, 10.1004 -2.6099 0.4919, 10.0965 -2.6099 0.4919, 10.0965 -2.6195 0.4877, 10.1004 -2.6195 0.4877, 10.0965 -2.6301 0.4858, 10.1004 -2.6301 0.4858, 10.0965 -2.6341 0.4856, 10.1004 -2.6341 0.4856, 10.0965 -2.6428 0.4866, 10.1004 -2.6428 0.4866, 10.0965 -2.6495 0.4891, 10.1004 -2.6495 0.4891, 10.0965 -2.6558 0.4933, 10.1004 -2.6558 0.4933, 10.0965 -2.6581 0.4955, 10.1004 -2.6581 0.4955, 10.0965 -2.6628 0.5022, 10.1004 -2.6628 0.5022, 10.0965 -2.6658 0.5098, 10.1004 -2.6658 0.5098, 10.0965 -2.6672 0.5213, 10.1004 -2.6672 0.5213, 10.0965 -2.6672 0.5221, 10.1004 -2.6672 0.5221, 10.0965 -2.666 0.5338, 10.1004 -2.666 0.5338, 10.0965 -2.663 0.5421, 10.1004 -2.663 0.5421, 10.0965 -2.6587 0.5488, 10.1004 -2.6587 0.5488, 10.0965 -2.6574 0.5502, 10.1004 -2.6574 0.5502, 10.0965 -2.6514 0.5552, 10.1004 -2.6514 0.5552, 10.0965 -2.6442 0.5587, 10.1004 -2.6442 0.5587, 10.0965 -2.6361 0.5604, 10.1004 -2.6361 0.5604, 10.0965 -2.632 0.5606, 10.1004 -2.632 0.5606, 10.0965 -2.621 0.5593, 10.1004 -2.621 0.5593, 10.0965 -2.6114 0.5558, 10.1004 -2.6114 0.5558, 10.0965 -2.6099 0.555, 10.1004 -2.6099 0.555, 10.1004 -2.6099 0.5676, 10.0965 -2.6099 0.5676, 10.0965 -2.6321 0.5715, 10.1004 -2.6321 0.5715, 10.1004 -2.6312 0.5715, 10.0965 -2.6191 0.5704, 10.1004 -2.6191 0.5704, 10.0965 -2.6225 0.5707, 10.0965 -2.6312 0.5715, 10.1004 -2.6446 0.5701, 10.0965 -2.6392 0.5707, 10.0965 -2.6446 0.5701, 10.0965 -2.6545 0.5665, 10.1004 -2.6545 0.5665, 10.0965 -2.6637 0.5603, 10.1004 -2.6637 0.5603, 10.0965 -2.6664 0.5577, 10.1004 -2.6664 0.5577, 10.0965 -2.6729 0.5494, 10.0965 -2.6757 0.543, 10.1004 -2.6774 0.5391, 10.1004 -2.6729 0.5494, 10.0965 -2.6774 0.5391, 10.0965 -2.6797 0.527, 10.1004 -2.6797 0.527, 10.0965 -2.6799 0.5214, 10.1004 -2.6799 0.5214, 10.0965 -2.6784 0.5077, 10.0965 -2.6757 0.5001, 10.1004 -2.6748 0.4976, 10.1004 -2.6784 0.5077, 10.0965 -2.6748 0.4976, 10.0965 -2.6695 0.4894, 10.1004 -2.6695 0.4894, 10.0965 -2.6679 0.4877, 10.1004 -2.6679 0.4877, 10.1004 -2.6421 0.4752, 10.0965 -2.6608 0.4817, 10.1004 -2.6608 0.4817, 10.0965 -2.6521 0.4774, 10.1004 -2.6521 0.4774, 10.0965 -2.6442 0.4757, 10.0965 -2.6421 0.4752, 10.1004 -2.541 0.4871, 10.1004 -2.541 0.4765, 10.0965 -2.541 0.4871, 10.0965 -2.541 0.4765, 10.0965 -2.5792 0.4871, 10.1004 -2.5792 0.4871, 10.0965 -2.554 0.4871, 10.1004 -2.5792 0.5186, 10.0965 -2.5792 0.5186, 10.1004 -2.5458 0.5186, 10.0965 -2.554 0.5186, 10.0965 -2.5458 0.5186, 10.1004 -2.5458 0.5293, 10.0965 -2.5458 0.5293, 10.0965 -2.5792 0.5293, 10.1004 -2.5792 0.5293, 10.0965 -2.554 0.5293, 10.1004 -2.5792 0.5591, 10.0965 -2.5792 0.5591, 10.1004 -2.5431 0.5591, 10.0965 -2.554 0.5591, 10.0965 -2.5431 0.5591, 10.1004 -2.5431 0.5699, 10.0965 -2.5431 0.5699, 10.0965 -2.5912 0.5699, 10.1004 -2.5912 0.5699, 10.0965 -2.554 0.5699, 10.1004 -2.5912 0.4765, 10.0965 -2.5912 0.4765, 10.0965 -2.554 0.4765, 10.1004 -2.4602 0.5187, 10.1004 -2.4477 0.5177, 10.1004 -2.46 0.524, 10.1004 -2.4473 0.5244, 10.1004 -2.4611 0.5346, 10.1004 -2.4486 0.5362, 10.1004 -2.4636 0.5417, 10.1004 -2.4519 0.5453, 10.1004 -2.467 0.5471, 10.1004 -2.4575 0.5536, 10.1004 -2.4702 0.5504, 10.1004 -2.4614 0.5575, 10.1004 -2.4774 0.5551, 10.1004 -2.4706 0.5639, 10.1004 -2.4856 0.5579, 10.1004 -2.4818 0.5682, 10.1004 -2.4972 0.5591, 10.1004 -2.4967 0.5699, 10.1004 -2.5113 0.5591, 10.1004 -2.5234 0.5699, 10.1004 -2.5113 0.4871, 10.1004 -2.5234 0.4765, 10.1004 -2.4977 0.4871, 10.1004 -2.4977 0.4765, 10.1004 -2.4861 0.4884, 10.1004 -2.4832 0.4781, 10.1004 -2.478 0.4912, 10.1004 -2.4723 0.482, 10.1004 -2.4718 0.4952, 10.1004 -2.4631 0.488, 10.1004 -2.47 0.4969, 10.1004 -2.4614 0.4896, 10.1004 -2.4651 0.503, 10.1004 -2.4548 0.4973, 10.1004 -2.462 0.51, 10.1004 -2.45 0.5069, 10.0965 -2.4977 0.4765, 10.0965 -2.5234 0.4765, 10.0965 -2.4832 0.4781, 10.0965 -2.4806 0.479, 10.0965 -2.4723 0.482, 10.0965 -2.4631 0.488, 10.0965 -2.4614 0.4896, 10.0965 -2.4548 0.4973, 10.0965 -2.45 0.5069, 10.0965 -2.4477 0.5177, 10.0965 -2.4473 0.5244, 10.0965 -2.4486 0.5362, 10.0965 -2.4519 0.5453, 10.0965 -2.4575 0.5536, 10.0965 -2.4614 0.5575, 10.0965 -2.4967 0.5699, 10.0965 -2.4706 0.5639, 10.0965 -2.4806 0.5677, 10.0965 -2.4818 0.5682, 10.0965 -2.5234 0.5699, 10.0965 -2.4972 0.5591, 10.0965 -2.5113 0.5591, 10.0965 -2.5113 0.4871, 10.0965 -2.4977 0.4871, 10.0965 -2.47 0.4969, 10.0965 -2.4718 0.4952, 10.0965 -2.478 0.4912, 10.0965 -2.4861 0.4884, 10.0965 -2.46 0.524, 10.0965 -2.4602 0.5187, 10.0965 -2.462 0.51, 10.0965 -2.4651 0.503, 10.0965 -2.4702 0.5504, 10.0965 -2.467 0.5471, 10.0965 -2.4636 0.5417, 10.0965 -2.4611 0.5346, 10.0965 -2.4856 0.5579, 10.0965 -2.4774 0.5551
            ]
        }
        coordIndex [
            0,1,2,-1,2,1,3,-1,4,0,5,-1,5,0,2,-1,6,4,7,-1,7,4,5,-1,8,6,9,-1,9,6,7,-1,10,8,11,-1,11,8,9,-1,1,10,3,-1,3,10,11,-1,6,8,4,-1,4,8,10,-1,4,10,0,-1,0,10,1,-1,12,13,14,-1,14,13,15,-1,15,16,14,-1,14,16,17,-1,14,17,18,-1,18,17,19,-1,18,19,20,-1,21,20,22,-1,22,20,19,-1,21,22,23,-1,21,23,24,-1,24,23,25,-1,24,25,26,-1,26,25,27,-1,26,27,28,-1,28,27,29,-1,28,29,30,-1,30,29,31,-1,30,31,32,-1,32,31,33,-1,32,33,34,-1,34,33,35,-1,34,35,36,-1,36,35,37,-1,36,37,38,-1,38,37,39,-1,38,39,40,-1,40,39,41,-1,40,41,42,-1,42,41,43,-1,42,43,44,-1,44,43,45,-1,44,45,46,-1,46,45,47,-1,46,47,48,-1,48,47,49,-1,48,49,50,-1,50,49,51,-1,50,51,52,-1,52,51,53,-1,52,53,54,-1,54,53,55,-1,54,55,56,-1,56,55,57,-1,56,57,58,-1,58,57,59,-1,58,59,60,-1,60,59,61,-1,60,61,62,-1,62,61,63,-1,62,63,64,-1,64,63,65,-1,64,65,66,-1,67,66,68,-1,68,66,65,-1,69,70,71,-1,67,68,72,-1,67,72,73,-1,73,72,74,-1,73,74,71,-1,71,74,75,-1,71,75,69,-1,70,69,76,-1,76,69,77,-1,77,78,76,-1,76,78,79,-1,76,79,80,-1,80,79,81,-1,80,81,82,-1,82,81,83,-1,82,83,84,-1,84,83,85,-1,86,87,85,-1,85,87,88,-1,85,88,84,-1,86,89,87,-1,87,89,90,-1,87,90,91,-1,91,90,92,-1,91,92,93,-1,93,92,94,-1,95,96,94,-1,94,96,97,-1,94,97,93,-1,95,98,96,-1,96,98,99,-1,96,99,100,-1,100,99,101,-1,100,101,102,-1,13,12,103,-1,102,101,104,-1,102,104,105,-1,105,104,106,-1,105,106,107,-1,107,106,108,-1,107,108,103,-1,103,108,109,-1,103,109,13,-1,64,66,67,-1,38,40,97,-1,46,48,88,-1,97,40,93,-1,88,48,84,-1,64,67,62,-1,62,67,73,-1,62,73,60,-1,60,73,71,-1,60,71,58,-1,58,71,70,-1,58,70,56,-1,56,70,76,-1,56,76,54,-1,20,21,18,-1,18,21,24,-1,18,24,14,-1,14,24,12,-1,76,80,54,-1,54,80,82,-1,54,82,52,-1,52,82,84,-1,52,84,50,-1,50,84,48,-1,97,96,38,-1,38,96,100,-1,38,100,36,-1,36,100,102,-1,36,102,34,-1,34,102,105,-1,34,105,32,-1,32,105,107,-1,32,107,30,-1,30,107,103,-1,30,103,28,-1,28,103,12,-1,28,12,26,-1,26,12,24,-1,40,42,93,-1,93,42,44,-1,93,44,91,-1,91,44,46,-1,91,46,87,-1,87,46,88,-1,110,111,112,-1,112,111,113,-1,114,115,116,-1,116,115,110,-1,116,110,112,-1,117,115,118,-1,118,115,114,-1,117,118,119,-1,119,118,120,-1,119,120,121,-1,122,119,123,-1,123,119,121,-1,124,125,126,-1,126,125,122,-1,126,122,123,-1,127,125,128,-1,128,125,124,-1,127,128,129,-1,129,128,130,-1,129,130,131,-1,132,129,133,-1,133,129,131,-1,134,135,136,-1,136,135,132,-1,136,132,133,-1,137,135,138,-1,138,135,134,-1,113,111,139,-1,139,111,137,-1,139,137,138,-1,137,111,110,-1,110,115,137,-1,137,115,117,-1,137,117,135,-1,129,132,127,-1,127,132,135,-1,127,135,125,-1,125,135,117,-1,125,117,122,-1,122,117,119,-1,140,141,142,-1,142,141,143,-1,142,143,144,-1,144,143,145,-1,144,145,146,-1,146,145,147,-1,146,147,148,-1,148,147,149,-1,148,149,150,-1,150,149,151,-1,150,151,152,-1,152,151,153,-1,152,153,154,-1,154,153,155,-1,154,155,156,-1,156,155,157,-1,156,157,158,-1,158,157,159,-1,158,159,160,-1,160,159,161,-1,160,161,162,-1,162,161,163,-1,162,163,164,-1,164,163,165,-1,164,165,166,-1,166,165,167,-1,166,167,168,-1,168,167,169,-1,168,169,170,-1,170,169,171,-1,170,171,172,-1,172,171,173,-1,172,173,174,-1,174,173,175,-1,174,175,140,-1,140,175,141,-1,163,161,176,-1,176,161,177,-1,163,176,178,-1,163,178,165,-1,165,178,179,-1,165,179,167,-1,179,180,167,-1,167,180,181,-1,167,181,169,-1,169,181,182,-1,169,182,171,-1,171,182,183,-1,171,183,173,-1,173,183,184,-1,173,184,175,-1,175,184,185,-1,175,185,141,-1,141,185,186,-1,141,186,143,-1,143,186,187,-1,143,187,145,-1,145,187,188,-1,145,188,147,-1,147,188,189,-1,147,189,149,-1,149,189,190,-1,149,190,151,-1,191,157,155,-1,151,190,192,-1,151,192,153,-1,153,192,193,-1,153,193,155,-1,155,193,194,-1,155,194,191,-1,159,157,195,-1,195,157,191,-1,161,159,177,-1,177,159,195,-1,156,158,196,-1,196,158,197,-1,158,160,197,-1,197,160,198,-1,160,162,198,-1,198,162,199,-1,170,200,201,-1,170,201,168,-1,168,201,202,-1,168,202,166,-1,166,202,203,-1,166,203,164,-1,164,203,199,-1,164,199,162,-1,142,204,205,-1,142,205,140,-1,140,205,206,-1,140,206,174,-1,174,206,207,-1,174,207,172,-1,172,207,200,-1,172,200,170,-1,150,208,209,-1,150,209,148,-1,148,209,210,-1,148,210,146,-1,146,210,211,-1,146,211,144,-1,144,211,204,-1,144,204,142,-1,156,196,212,-1,156,212,154,-1,154,212,213,-1,154,213,152,-1,152,213,208,-1,152,208,150,-1,
        ]
    }
}
Shape{
    appearance Appearance {
        material  Material 	{
            diffuseColor 0.25098039215686274 0.25098039215686274 0.25098039215686274
            specularColor 0.12549019607843137 0.12549019607843137 0.12549019607843137
            ambientIntensity 0.251
            transparency 0.0
            shininess 0.5
        }
    }
    geometry IndexedFaceSet {
        ccw TRUE
        solid FALSE
        coord DEF co Coordinate {
            point [
                10.0965 -2.5113 0.5591, 10.0965 -2.5113 0.4871, 10.0965 -2.4972 0.5591, 10.0965 -2.4977 0.4871, 10.0965 -2.4861 0.4884, 10.0965 -2.478 0.4912, 10.0965 -2.4718 0.4952, 10.0965 -2.47 0.4969, 10.0965 -2.4651 0.503, 10.0965 -2.462 0.51, 10.0965 -2.4602 0.5187, 10.0965 -2.46 0.524, 10.0965 -2.4611 0.5346, 10.0965 -2.4636 0.5417, 10.0965 -2.467 0.5471, 10.0965 -2.4702 0.5504, 10.0965 -2.4856 0.5579, 10.0965 -2.4774 0.5551
            ]
        }
        coordIndex [
            0,1,2,-1,2,1,3,-1,2,3,4,-1,4,5,2,-1,2,5,6,-1,2,6,7,-1,7,8,2,-1,2,8,9,-1,2,9,10,-1,10,11,2,-1,2,11,12,-1,2,12,13,-1,13,14,2,-1,2,14,15,-1,2,15,16,-1,16,15,17,-1,
        ]
    }
}
Shape{
    appearance Appearance {
        material  Material 	{
            diffuseColor 1.0 1.0 1.0
            specularColor 0.5019607843137255 0.5019607843137255 0.5019607843137255
            ambientIntensity 1.0
            transparency 0.0
            shininess 0.5
        }
    }
    geometry IndexedFaceSet {
        ccw TRUE
        solid FALSE
        coord DEF co Coordinate {
            point [
                10.1004 -2.416 0.5126, 10.1004 -2.4198 0.502, 10.1004 -2.3846 0.5126, 10.1004 -2.3809 0.502, 10.1004 -2.402 0.5514, 10.1004 -2.4065 0.5699, 10.1004 -2.4421 0.4765, 10.1004 -2.4288 0.4765, 10.1004 -2.4012 0.5542, 10.1004 -2.4005 0.558, 10.1004 -2.3936 0.5699, 10.1004 -2.4002 0.558, 10.1004 -2.3995 0.554, 10.1004 -2.3988 0.5514, 10.1004 -2.3581 0.4765, 10.1004 -2.3714 0.4765, 10.0965 -2.3936 0.5699, 10.0965 -2.3581 0.4765, 10.0965 -2.4065 0.5699, 10.0965 -2.4421 0.4765, 10.0965 -2.4152 0.5472, 10.0965 -2.4288 0.4765, 10.0965 -2.4198 0.502, 10.0965 -2.3809 0.502, 10.0965 -2.4152 0.502, 10.0965 -2.3714 0.4765, 10.0965 -2.416 0.5126, 10.0965 -2.3846 0.5126, 10.0965 -2.3988 0.5514, 10.0965 -2.4002 0.558, 10.0965 -2.3995 0.554, 10.0965 -2.4005 0.558, 10.0965 -2.402 0.5514, 10.0965 -2.4012 0.5542
            ]
        }
        coordIndex [
            0,1,2,-1,2,1,3,-1,4,5,0,-1,0,5,6,-1,0,6,1,-1,1,6,7,-1,4,8,5,-1,5,8,9,-1,5,9,10,-1,10,9,11,-1,10,11,12,-1,12,13,10,-1,10,13,2,-1,10,2,14,-1,14,2,3,-1,14,3,15,-1,10,14,16,-1,16,14,17,-1,5,10,18,-1,18,10,16,-1,19,6,20,-1,20,6,5,-1,20,5,18,-1,7,6,21,-1,21,6,19,-1,1,7,22,-1,22,7,21,-1,23,3,24,-1,24,3,1,-1,24,1,22,-1,15,3,25,-1,25,3,23,-1,14,15,17,-1,17,15,25,-1,0,2,26,-1,26,2,27,-1,2,13,27,-1,27,13,28,-1,11,29,30,-1,11,30,12,-1,12,30,28,-1,12,28,13,-1,11,9,29,-1,29,9,31,-1,4,32,33,-1,4,33,8,-1,8,33,31,-1,8,31,9,-1,4,0,32,-1,32,0,26,-1,
        ]
    }
}
Shape{
    appearance Appearance {
        material  Material 	{
            diffuseColor 0.25098039215686274 0.25098039215686274 0.25098039215686274
            specularColor 0.12549019607843137 0.12549019607843137 0.12549019607843137
            ambientIntensity 0.251
            transparency 0.0
            shininess 0.5
        }
    }
    geometry IndexedFaceSet {
        ccw TRUE
        solid FALSE
        coord DEF co Coordinate {
            point [
                10.0965 -2.4002 0.558, 10.0965 -2.4005 0.558, 10.0965 -2.3995 0.554, 10.0965 -2.4012 0.5542, 10.0965 -2.3988 0.5514, 10.0965 -2.402 0.5514, 10.0965 -2.3846 0.5126, 10.0965 -2.416 0.5126
            ]
        }
        coordIndex [
            0,1,2,-1,2,1,3,-1,2,3,4,-1,4,3,5,-1,4,5,6,-1,6,5,7,-1,
        ]
    }
}
Shape{
    appearance Appearance {
        material  Material 	{
            diffuseColor 1.0 1.0 1.0
            specularColor 0.5019607843137255 0.5019607843137255 0.5019607843137255
            ambientIntensity 1.0
            transparency 0.0
            shininess 0.5
        }
    }
    geometry IndexedFaceSet {
        ccw TRUE
        solid FALSE
        coord DEF co Coordinate {
            point [
                10.1004 -2.6827 0.3389, 10.1004 -2.6827 0.3283, 10.0965 -2.6827 0.3389, 10.0965 -2.6827 0.3283, 10.1004 -2.7209 0.3389, 10.0965 -2.7209 0.3389, 10.1004 -2.7209 0.3704, 10.0965 -2.7209 0.3704, 10.1004 -2.6875 0.3704, 10.0965 -2.6875 0.3704, 10.1004 -2.6875 0.3811, 10.0965 -2.6875 0.3811, 10.1004 -2.7209 0.3811, 10.0965 -2.7209 0.3811, 10.1004 -2.7209 0.411, 10.0965 -2.7209 0.411, 10.1004 -2.6849 0.411, 10.0965 -2.6849 0.411, 10.1004 -2.6849 0.4217, 10.0965 -2.6849 0.4217, 10.1004 -2.733 0.4217, 10.0965 -2.733 0.4217, 10.1004 -2.733 0.3283, 10.0965 -2.733 0.3283, 10.1004 -2.6299 0.3386, 10.1004 -2.6296 0.3386, 10.1004 -2.6304 0.3494, 10.1004 -2.6579 0.3659, 10.1004 -2.663 0.3633, 10.1004 -2.6566 0.3556, 10.1004 -2.6296 0.3546, 10.1004 -2.6179 0.3712, 10.1004 -2.6296 0.3554, 10.1004 -2.6296 0.3618, 10.1004 -2.6296 0.3283, 10.1004 -2.6179 0.3283, 10.1004 -2.6321 0.3452, 10.1004 -2.6346 0.3418, 10.1004 -2.6318 0.3358, 10.1004 -2.6361 0.3403, 10.1004 -2.6354 0.3318, 10.1004 -2.6394 0.3381, 10.1004 -2.6396 0.3291, 10.1004 -2.643 0.3368, 10.1004 -2.6443 0.3274, 10.1004 -2.6473 0.3363, 10.1004 -2.6504 0.3267, 10.1004 -2.6513 0.3368, 10.1004 -2.6574 0.3275, 10.1004 -2.6539 0.3377, 10.1004 -2.6619 0.3292, 10.1004 -2.6563 0.3393, 10.1004 -2.6658 0.332, 10.1004 -2.6573 0.3403, 10.1004 -2.658 0.3538, 10.1004 -2.6667 0.3602, 10.1004 -2.659 0.3516, 10.1004 -2.669 0.3569, 10.1004 -2.6596 0.349, 10.1004 -2.655 0.3568, 10.1004 -2.6522 0.3581, 10.1004 -2.6494 0.3679, 10.1004 -2.6452 0.3597, 10.1004 -2.6296 0.3707, 10.1004 -2.665 0.3903, 10.1004 -2.665 0.379, 10.1004 -2.6619 0.3921, 10.1004 -2.6575 0.3838, 10.1004 -2.653 0.3953, 10.1004 -2.6502 0.3863, 10.1004 -2.642 0.3965, 10.1004 -2.6431 0.387, 10.1004 -2.6348 0.3959, 10.1004 -2.6392 0.3866, 10.1004 -2.6299 0.3944, 10.1004 -2.6365 0.3857, 10.1004 -2.6261 0.3921, 10.1004 -2.6344 0.3843, 10.1004 -2.623 0.3891, 10.1004 -2.6326 0.3824, 10.1004 -2.6206 0.3853, 10.1004 -2.6312 0.38, 10.1004 -2.6188 0.3799, 10.1004 -2.63 0.3759, 10.1004 -2.6707 0.3528, 10.1004 -2.6715 0.3478, 10.1004 -2.6597 0.3471, 10.1004 -2.6715 0.3461, 10.1004 -2.6594 0.3444, 10.1004 -2.671 0.3408, 10.1004 -2.6586 0.3423, 10.1004 -2.6695 0.3369, 10.1004 -2.6671 0.3333, 10.0965 -2.642 0.3965, 10.0965 -2.653 0.3953, 10.0965 -2.6619 0.3921, 10.0965 -2.665 0.3903, 10.0965 -2.665 0.379, 10.0965 -2.6575 0.3838, 10.0965 -2.6502 0.3863, 10.0965 -2.6431 0.387, 10.0965 -2.6392 0.3866, 10.0965 -2.6365 0.3857, 10.0965 -2.6344 0.3843, 10.0965 -2.6326 0.3824, 10.0965 -2.6312 0.38, 10.0965 -2.63 0.3759, 10.0965 -2.6296 0.3707, 10.0965 -2.6494 0.3679, 10.0965 -2.6579 0.3659, 10.0965 -2.663 0.3633, 10.0965 -2.6667 0.3602, 10.0965 -2.669 0.3569, 10.0965 -2.6707 0.3528, 10.0965 -2.6715 0.3478, 10.0965 -2.6715 0.3461, 10.0965 -2.671 0.3408, 10.0965 -2.6695 0.3369, 10.0965 -2.6671 0.3333, 10.0965 -2.6658 0.332, 10.0965 -2.6504 0.3267, 10.0965 -2.6572 0.3275, 10.0965 -2.6574 0.3275, 10.0965 -2.6619 0.3292, 10.0965 -2.6443 0.3274, 10.0965 -2.644 0.3275, 10.0965 -2.6396 0.3291, 10.0965 -2.6354 0.3318, 10.0965 -2.6318 0.3358, 10.0965 -2.6299 0.3386, 10.0965 -2.6296 0.3386, 10.0965 -2.6296 0.3283, 10.0965 -2.6179 0.3283, 10.0965 -2.6179 0.3712, 10.0965 -2.6188 0.3799, 10.0965 -2.6206 0.3853, 10.0965 -2.623 0.3891, 10.0965 -2.6261 0.3921, 10.0965 -2.6299 0.3944, 10.0965 -2.6348 0.3959, 10.0965 -2.6566 0.3556, 10.0965 -2.655 0.3568, 10.0965 -2.6522 0.3581, 10.0965 -2.6452 0.3597, 10.0965 -2.6597 0.3471, 10.0965 -2.6596 0.349, 10.0965 -2.659 0.3516, 10.0965 -2.658 0.3538, 10.0965 -2.6563 0.3393, 10.0965 -2.6573 0.3403, 10.0965 -2.6586 0.3423, 10.0965 -2.6594 0.3444, 10.0965 -2.6473 0.3363, 10.0965 -2.6513 0.3368, 10.0965 -2.6539 0.3377, 10.0965 -2.6346 0.3418, 10.0965 -2.6361 0.3403, 10.0965 -2.6394 0.3381, 10.0965 -2.643 0.3368, 10.0965 -2.6296 0.3554, 10.0965 -2.6296 0.3546, 10.0965 -2.6304 0.3494, 10.0965 -2.6321 0.3452, 10.0965 -2.6296 0.3618
            ]
        }
        coordIndex [
            0,1,2,-1,2,1,3,-1,4,0,5,-1,5,0,2,-1,6,4,7,-1,7,4,5,-1,8,6,9,-1,9,6,7,-1,10,8,11,-1,11,8,9,-1,12,10,13,-1,13,10,11,-1,14,12,15,-1,15,12,13,-1,16,14,17,-1,17,14,15,-1,18,16,19,-1,19,16,17,-1,20,18,21,-1,21,18,19,-1,22,20,23,-1,23,20,21,-1,1,22,3,-1,3,22,23,-1,1,0,22,-1,22,0,4,-1,8,10,6,-1,6,10,12,-1,16,18,14,-1,14,18,20,-1,14,20,12,-1,12,20,22,-1,12,22,6,-1,6,22,4,-1,24,25,26,-1,27,28,29,-1,30,31,32,-1,32,31,33,-1,34,35,25,-1,25,35,31,-1,25,31,26,-1,26,31,30,-1,26,36,24,-1,24,36,37,-1,24,37,38,-1,38,37,39,-1,38,39,40,-1,40,39,41,-1,40,41,42,-1,42,41,43,-1,42,43,44,-1,44,43,45,-1,44,45,46,-1,46,45,47,-1,46,47,48,-1,48,47,49,-1,48,49,50,-1,50,49,51,-1,50,51,52,-1,52,51,53,-1,29,28,54,-1,54,28,55,-1,54,55,56,-1,56,55,57,-1,56,57,58,-1,29,59,27,-1,27,59,60,-1,27,60,61,-1,61,60,62,-1,61,62,63,-1,64,65,66,-1,66,65,67,-1,66,67,68,-1,68,67,69,-1,68,69,70,-1,70,69,71,-1,70,71,72,-1,72,71,73,-1,72,73,74,-1,74,73,75,-1,74,75,76,-1,76,75,77,-1,76,77,78,-1,78,77,79,-1,78,79,80,-1,80,79,81,-1,80,81,82,-1,82,81,83,-1,82,83,31,-1,31,83,63,-1,31,63,33,-1,33,63,62,-1,57,84,58,-1,58,84,85,-1,58,85,86,-1,86,85,87,-1,86,87,88,-1,88,87,89,-1,88,89,90,-1,90,89,91,-1,90,91,53,-1,53,91,92,-1,53,92,52,-1,70,93,94,-1,70,94,68,-1,68,94,95,-1,68,95,66,-1,66,95,96,-1,66,96,64,-1,65,64,97,-1,97,64,96,-1,65,97,98,-1,65,98,67,-1,67,98,99,-1,67,99,69,-1,69,99,100,-1,69,100,71,-1,71,100,101,-1,71,101,73,-1,73,101,102,-1,73,102,75,-1,75,102,103,-1,75,103,77,-1,77,103,104,-1,77,104,79,-1,79,104,105,-1,79,105,81,-1,81,105,106,-1,81,106,83,-1,83,106,107,-1,83,107,63,-1,61,63,108,-1,108,63,107,-1,61,108,109,-1,61,109,27,-1,27,109,110,-1,27,110,28,-1,28,110,111,-1,28,111,55,-1,55,111,112,-1,55,112,57,-1,57,112,113,-1,57,113,84,-1,84,113,114,-1,84,114,85,-1,85,114,115,-1,85,115,87,-1,87,115,116,-1,87,116,89,-1,89,116,117,-1,89,117,91,-1,91,117,118,-1,91,118,92,-1,92,118,119,-1,92,119,52,-1,120,46,121,-1,121,46,48,-1,121,48,122,-1,122,48,50,-1,122,50,123,-1,123,50,52,-1,123,52,119,-1,46,120,124,-1,46,124,44,-1,44,124,125,-1,44,125,42,-1,125,126,42,-1,42,126,127,-1,42,127,40,-1,40,127,128,-1,40,128,38,-1,38,128,129,-1,38,129,24,-1,25,24,130,-1,130,24,129,-1,34,25,131,-1,131,25,130,-1,35,34,132,-1,132,34,131,-1,31,35,133,-1,133,35,132,-1,31,133,134,-1,31,134,82,-1,82,134,135,-1,82,135,80,-1,80,135,136,-1,80,136,78,-1,78,136,137,-1,78,137,76,-1,76,137,138,-1,76,138,74,-1,74,138,139,-1,74,139,72,-1,72,139,93,-1,72,93,70,-1,29,140,141,-1,29,141,59,-1,59,141,142,-1,59,142,60,-1,60,142,143,-1,60,143,62,-1,86,144,145,-1,86,145,58,-1,58,145,146,-1,58,146,56,-1,56,146,147,-1,56,147,54,-1,54,147,140,-1,54,140,29,-1,51,148,149,-1,51,149,53,-1,53,149,150,-1,53,150,90,-1,90,150,151,-1,90,151,88,-1,88,151,144,-1,88,144,86,-1,45,152,153,-1,45,153,47,-1,47,153,154,-1,47,154,49,-1,49,154,148,-1,49,148,51,-1,37,155,156,-1,37,156,39,-1,39,156,157,-1,39,157,41,-1,41,157,158,-1,41,158,43,-1,43,158,152,-1,43,152,45,-1,32,159,160,-1,32,160,30,-1,30,160,161,-1,30,161,26,-1,26,161,162,-1,26,162,36,-1,36,162,155,-1,36,155,37,-1,32,33,159,-1,159,33,163,-1,33,62,163,-1,163,62,143,-1,
        ]
    }
}
Shape{
    appearance Appearance {
        material  Material 	{
            diffuseColor 0.25098039215686274 0.25098039215686274 0.25098039215686274
            specularColor 0.12549019607843137 0.12549019607843137 0.12549019607843137
            ambientIntensity 0.251
            transparency 0.0
            shininess 0.5
        }
    }
    geometry IndexedFaceSet {
        ccw TRUE
        solid FALSE
        coord DEF co Coordinate {
            point [
                10.0965 -2.6296 0.3618, 10.0965 -2.6452 0.3597, 10.0965 -2.6296 0.3554, 10.0965 -2.6522 0.3581, 10.0965 -2.655 0.3568, 10.0965 -2.6566 0.3556, 10.0965 -2.6296 0.3546, 10.0965 -2.6304 0.3494, 10.0965 -2.658 0.3538, 10.0965 -2.6321 0.3452, 10.0965 -2.6573 0.3403, 10.0965 -2.6563 0.3393, 10.0965 -2.6361 0.3403, 10.0965 -2.6586 0.3423, 10.0965 -2.6394 0.3381, 10.0965 -2.643 0.3368, 10.0965 -2.6473 0.3363, 10.0965 -2.659 0.3516, 10.0965 -2.6596 0.349, 10.0965 -2.6346 0.3418, 10.0965 -2.6597 0.3471, 10.0965 -2.6594 0.3444, 10.0965 -2.6539 0.3377, 10.0965 -2.6513 0.3368
            ]
        }
        coordIndex [
            0,1,2,-1,2,1,3,-1,3,4,2,-1,2,4,5,-1,2,5,6,-1,6,5,7,-1,7,5,8,-1,7,8,9,-1,10,11,12,-1,10,12,13,-1,14,12,15,-1,15,12,16,-1,8,17,9,-1,9,17,18,-1,9,18,19,-1,19,18,20,-1,19,20,12,-1,12,20,21,-1,12,21,13,-1,11,22,12,-1,12,22,23,-1,12,23,16,-1,
        ]
    }
}
Shape{
    appearance Appearance {
        material  Material 	{
            diffuseColor 1.0 1.0 1.0
            specularColor 0.5019607843137255 0.5019607843137255 0.5019607843137255
            ambientIntensity 1.0
            transparency 0.0
            shininess 0.5
        }
    }
    geometry IndexedFaceSet {
        ccw TRUE
        solid FALSE
        coord DEF co Coordinate {
            point [
                10.0965 -2.6021 0.3427, 10.1004 -2.6021 0.3427, 10.1004 -2.5975 0.3399, 10.1004 -2.5828 0.3363, 10.0965 -2.5828 0.3363, 10.0965 -2.5902 0.3371, 10.1004 -2.5902 0.3371, 10.0965 -2.5967 0.3396, 10.0965 -2.5975 0.3399, 10.1004 -2.6021 0.3306, 10.0965 -2.6021 0.3306, 10.1004 -2.5937 0.3277, 10.0965 -2.5967 0.3287, 10.0965 -2.584 0.3267, 10.1004 -2.584 0.3267, 10.0965 -2.5917 0.3275, 10.0965 -2.5937 0.3277, 10.0965 -2.5764 0.3275, 10.1004 -2.5745 0.3277, 10.0965 -2.5745 0.3277, 10.0965 -2.568 0.3299, 10.1004 -2.568 0.3299, 10.0965 -2.5645 0.332, 10.1004 -2.5645 0.332, 10.0965 -2.5612 0.3349, 10.1004 -2.5612 0.3349, 10.0965 -2.559 0.338, 10.1004 -2.559 0.338, 10.0965 -2.5576 0.3417, 10.1004 -2.5576 0.3417, 10.0965 -2.557 0.3464, 10.1004 -2.557 0.3464, 10.0965 -2.5575 0.3508, 10.1004 -2.5575 0.3508, 10.0965 -2.5587 0.3542, 10.1004 -2.5587 0.3542, 10.0965 -2.5609 0.3575, 10.1004 -2.5609 0.3575, 10.0965 -2.5637 0.36, 10.1004 -2.5637 0.36, 10.0965 -2.5715 0.3643, 10.1004 -2.5715 0.3643, 10.0965 -2.576 0.3661, 10.1004 -2.576 0.3661, 10.0965 -2.5833 0.3693, 10.1004 -2.5833 0.3693, 10.0965 -2.5874 0.3718, 10.1004 -2.5874 0.3718, 10.0965 -2.5885 0.3731, 10.1004 -2.5885 0.3731, 10.0965 -2.5894 0.3747, 10.1004 -2.5894 0.3747, 10.0965 -2.5898 0.3765, 10.1004 -2.5898 0.3765, 10.0965 -2.5899 0.3781, 10.1004 -2.5899 0.3781, 10.0965 -2.5897 0.3799, 10.1004 -2.5897 0.3799, 10.0965 -2.5891 0.3815, 10.1004 -2.5891 0.3815, 10.0965 -2.5881 0.383, 10.1004 -2.5881 0.383, 10.0965 -2.5864 0.3845, 10.1004 -2.5864 0.3845, 10.0965 -2.5838 0.3859, 10.1004 -2.5838 0.3859, 10.0965 -2.5806 0.3868, 10.1004 -2.5806 0.3868, 10.0965 -2.5772 0.387, 10.1004 -2.5772 0.387, 10.0965 -2.5695 0.3862, 10.1004 -2.5695 0.3862, 10.0965 -2.5629 0.3837, 10.1004 -2.5629 0.3837, 10.0965 -2.5602 0.3822, 10.1004 -2.5602 0.3822, 10.1004 -2.5602 0.3936, 10.0965 -2.5602 0.3936, 10.0965 -2.5696 0.3961, 10.1004 -2.5696 0.3961, 10.0965 -2.576 0.3965, 10.1004 -2.576 0.3965, 10.0965 -2.5846 0.3956, 10.1004 -2.5846 0.3956, 10.0965 -2.591 0.3933, 10.1004 -2.591 0.3933, 10.0965 -2.5945 0.3912, 10.1004 -2.5945 0.3912, 10.0965 -2.5967 0.3893, 10.1004 -2.598 0.3881, 10.0965 -2.598 0.3881, 10.0965 -2.6001 0.385, 10.1004 -2.6001 0.385, 10.0965 -2.6015 0.3812, 10.1004 -2.6015 0.3812, 10.0965 -2.602 0.377, 10.1004 -2.602 0.377, 10.0965 -2.6015 0.3725, 10.1004 -2.6015 0.3725, 10.0965 -2.6002 0.3689, 10.1004 -2.6002 0.3689, 10.0965 -2.5987 0.3664, 10.1004 -2.5987 0.3664, 10.0965 -2.5843 0.3576, 10.1004 -2.5843 0.3576, 10.1004 -2.5912 0.3608, 10.0965 -2.5968 0.3644, 10.1004 -2.5968 0.3644, 10.0965 -2.5967 0.3644, 10.0965 -2.5912 0.3608, 10.0965 -2.5766 0.3544, 10.1004 -2.5766 0.3544, 10.0965 -2.572 0.3516, 10.1004 -2.572 0.3516, 10.0965 -2.5706 0.3501, 10.1004 -2.5706 0.3501, 10.0965 -2.5697 0.3486, 10.1004 -2.5697 0.3486, 10.0965 -2.5691 0.3467, 10.1004 -2.5691 0.3467, 10.0965 -2.569 0.3453, 10.1004 -2.569 0.3453, 10.0965 -2.5693 0.3431, 10.1004 -2.5693 0.3431, 10.0965 -2.5699 0.3414, 10.1004 -2.5699 0.3414, 10.0965 -2.5709 0.3399, 10.1004 -2.5709 0.3399, 10.0965 -2.5722 0.3387, 10.1004 -2.5722 0.3387, 10.0965 -2.5733 0.338, 10.1004 -2.5733 0.338, 10.0965 -2.5763 0.3369, 10.1004 -2.5763 0.3369, 10.0965 -2.5823 0.3363, 10.1004 -2.5823 0.3363, 10.1004 -2.499 0.395, 10.1004 -2.4869 0.395, 10.0965 -2.499 0.395, 10.0965 -2.4869 0.395, 10.1004 -2.5172 0.3448, 10.0965 -2.5172 0.3448, 10.0965 -2.5181 0.3417, 10.1004 -2.5181 0.3417, 10.0965 -2.5187 0.3394, 10.1004 -2.5187 0.3394, 10.1004 -2.519 0.3394, 10.0965 -2.519 0.3394, 10.1004 -2.5204 0.3449, 10.0965 -2.5204 0.3449, 10.0965 -2.5378 0.395, 10.1004 -2.5378 0.395, 10.0965 -2.5322 0.3788, 10.1004 -2.5509 0.395, 10.0965 -2.5509 0.395, 10.0965 -2.5247 0.3284, 10.1004 -2.5247 0.3284, 10.0965 -2.5322 0.3474, 10.0965 -2.5299 0.3163, 10.1004 -2.5299 0.3163, 10.0965 -2.5251 0.3275, 10.0965 -2.5322 0.3121, 10.1004 -2.5322 0.3121, 10.0965 -2.5322 0.3121, 10.1004 -2.5343 0.3097, 10.0965 -2.5343 0.3097, 10.0965 -2.5365 0.3082, 10.1004 -2.5365 0.3082, 10.0965 -2.5391 0.3072, 10.1004 -2.5391 0.3072, 10.0965 -2.5419 0.3069, 10.1004 -2.5419 0.3069, 10.0965 -2.5461 0.3074, 10.1004 -2.5461 0.3074, 10.0965 -2.5485 0.3082, 10.1004 -2.5485 0.3082, 10.1004 -2.5485 0.2978, 10.0965 -2.5485 0.2978, 10.0965 -2.5435 0.297, 10.1004 -2.5435 0.297, 10.0965 -2.541 0.2969, 10.1004 -2.541 0.2969, 10.0965 -2.5362 0.2974, 10.1004 -2.5362 0.2974, 10.0965 -2.5322 0.2989, 10.1004 -2.5316 0.2992, 10.0965 -2.5316 0.2992, 10.0965 -2.5275 0.302, 10.1004 -2.5275 0.302, 10.0965 -2.5267 0.3028, 10.1004 -2.5267 0.3028, 10.0965 -2.5224 0.3079, 10.1004 -2.5224 0.3079, 10.0965 -2.5172 0.3182, 10.1004 -2.5172 0.3182, 10.0965 -2.5135 0.3275, 10.1004 -2.424 0.3389, 10.1004 -2.424 0.3283, 10.0965 -2.424 0.3389, 10.0965 -2.424 0.3283, 10.0965 -2.4622 0.3389, 10.1004 -2.4622 0.3389, 10.0965 -2.4447 0.3389, 10.1004 -2.4622 0.3704, 10.0965 -2.4622 0.3704, 10.0965 -2.4288 0.3704, 10.1004 -2.4288 0.3704, 10.0965 -2.4447 0.3704, 10.1004 -2.4288 0.3811, 10.0965 -2.4288 0.3811, 10.0965 -2.4622 0.3811, 10.1004 -2.4622 0.3811, 10.0965 -2.4447 0.3811, 10.1004 -2.4622 0.411, 10.0965 -2.4622 0.411, 10.0965 -2.4261 0.411, 10.1004 -2.4261 0.411, 10.0965 -2.4447 0.411, 10.1004 -2.4261 0.4217, 10.0965 -2.4261 0.4217, 10.0965 -2.4743 0.4217, 10.1004 -2.4743 0.4217, 10.0965 -2.4447 0.4217, 10.1004 -2.4743 0.3283, 10.0965 -2.4743 0.3283, 10.0965 -2.4447 0.3283, 10.1004 -2.3432 0.3705, 10.1004 -2.3307 0.3696, 10.1004 -2.343 0.3759, 10.1004 -2.3303 0.3762, 10.1004 -2.3441 0.3864, 10.1004 -2.3316 0.388, 10.1004 -2.3466 0.3935, 10.1004 -2.3349 0.3971, 10.1004 -2.3501 0.3989, 10.1004 -2.3405 0.4055, 10.1004 -2.3532 0.4022, 10.1004 -2.3444 0.4093, 10.1004 -2.3604 0.4069, 10.1004 -2.3537 0.4157, 10.1004 -2.3686 0.4097, 10.1004 -2.3649 0.42, 10.1004 -2.3802 0.411, 10.1004 -2.3797 0.4217, 10.1004 -2.3943 0.411, 10.1004 -2.4064 0.4217, 10.1004 -2.3943 0.3389, 10.1004 -2.4064 0.3283, 10.1004 -2.3808 0.3389, 10.1004 -2.3807 0.3283, 10.1004 -2.3691 0.3402, 10.1004 -2.3662 0.3299, 10.1004 -2.3611 0.343, 10.1004 -2.3553 0.3338, 10.1004 -2.3548 0.347, 10.1004 -2.3462 0.3398, 10.1004 -2.353 0.3487, 10.1004 -2.3444 0.3414, 10.1004 -2.3481 0.3548, 10.1004 -2.3378 0.3491, 10.1004 -2.345 0.3618, 10.1004 -2.3331 0.3587, 10.0965 -2.3807 0.3283, 10.0965 -2.4064 0.3283, 10.0965 -2.3662 0.3299, 10.0965 -2.3553 0.3338, 10.0965 -2.3462 0.3398, 10.0965 -2.3444 0.3414, 10.0965 -2.3378 0.3491, 10.0965 -2.3331 0.3587, 10.0965 -2.3307 0.3696, 10.0965 -2.3303 0.3762, 10.0965 -2.3316 0.388, 10.0965 -2.3349 0.3971, 10.0965 -2.3405 0.4055, 10.0965 -2.3444 0.4093, 10.0965 -2.3537 0.4157, 10.0965 -2.3649 0.42, 10.0965 -2.3797 0.4217, 10.0965 -2.4064 0.4217, 10.0965 -2.3802 0.411, 10.0965 -2.3943 0.411, 10.0965 -2.3943 0.3389, 10.0965 -2.3808 0.3389, 10.0965 -2.353 0.3487, 10.0965 -2.3548 0.347, 10.0965 -2.3611 0.343, 10.0965 -2.3691 0.3402, 10.0965 -2.343 0.3759, 10.0965 -2.3432 0.3705, 10.0965 -2.345 0.3618, 10.0965 -2.3481 0.3548, 10.0965 -2.3532 0.4022, 10.0965 -2.3501 0.3989, 10.0965 -2.3466 0.3935, 10.0965 -2.3441 0.3864, 10.0965 -2.3686 0.4097, 10.0965 -2.3604 0.4069
            ]
        }
        coordIndex [
            0,1,2,-1,3,4,5,-1,3,5,6,-1,6,5,7,-1,6,7,2,-1,2,7,8,-1,2,8,0,-1,9,1,10,-1,10,1,0,-1,9,10,11,-1,11,10,12,-1,13,14,15,-1,15,14,11,-1,15,11,16,-1,16,11,12,-1,13,17,14,-1,14,17,18,-1,17,19,18,-1,18,19,20,-1,18,20,21,-1,21,20,22,-1,21,22,23,-1,23,22,24,-1,23,24,25,-1,25,24,26,-1,25,26,27,-1,27,26,28,-1,27,28,29,-1,29,28,30,-1,29,30,31,-1,31,30,32,-1,31,32,33,-1,33,32,34,-1,33,34,35,-1,35,34,36,-1,35,36,37,-1,37,36,38,-1,37,38,39,-1,39,38,40,-1,39,40,41,-1,41,40,42,-1,41,42,43,-1,43,42,44,-1,43,44,45,-1,45,44,46,-1,45,46,47,-1,47,46,48,-1,47,48,49,-1,49,48,50,-1,49,50,51,-1,51,50,52,-1,51,52,53,-1,53,52,54,-1,53,54,55,-1,55,54,56,-1,55,56,57,-1,57,56,58,-1,57,58,59,-1,59,58,60,-1,59,60,61,-1,61,60,62,-1,61,62,63,-1,63,62,64,-1,63,64,65,-1,65,64,66,-1,65,66,67,-1,67,66,68,-1,67,68,69,-1,69,68,70,-1,69,70,71,-1,71,70,72,-1,71,72,73,-1,73,72,74,-1,73,74,75,-1,76,75,77,-1,77,75,74,-1,76,77,78,-1,76,78,79,-1,79,78,80,-1,79,80,81,-1,81,80,82,-1,81,82,83,-1,83,82,84,-1,83,84,85,-1,85,84,86,-1,85,86,87,-1,86,88,87,-1,87,88,89,-1,88,90,89,-1,89,90,91,-1,89,91,92,-1,92,91,93,-1,92,93,94,-1,94,93,95,-1,94,95,96,-1,96,95,97,-1,96,97,98,-1,98,97,99,-1,98,99,100,-1,100,99,101,-1,100,101,102,-1,103,104,105,-1,102,101,106,-1,102,106,107,-1,107,106,108,-1,107,108,105,-1,105,108,109,-1,105,109,103,-1,104,103,110,-1,104,110,111,-1,111,110,112,-1,111,112,113,-1,113,112,114,-1,113,114,115,-1,115,114,116,-1,115,116,117,-1,117,116,118,-1,117,118,119,-1,119,118,120,-1,119,120,121,-1,121,120,122,-1,121,122,123,-1,123,122,124,-1,123,124,125,-1,125,124,126,-1,125,126,127,-1,127,126,128,-1,127,128,129,-1,129,128,130,-1,129,130,131,-1,131,130,132,-1,131,132,133,-1,133,132,134,-1,133,134,135,-1,135,134,4,-1,135,4,3,-1,61,63,85,-1,85,63,83,-1,111,43,104,-1,104,43,45,-1,21,23,127,-1,127,23,25,-1,127,25,125,-1,125,25,27,-1,125,27,123,-1,123,27,29,-1,123,29,121,-1,121,29,31,-1,121,31,119,-1,119,31,33,-1,119,33,117,-1,117,33,35,-1,117,35,115,-1,115,35,37,-1,115,37,113,-1,113,37,39,-1,113,39,111,-1,111,39,41,-1,111,41,43,-1,14,3,11,-1,11,3,6,-1,11,6,9,-1,9,6,2,-1,9,2,1,-1,63,65,83,-1,83,65,67,-1,83,67,81,-1,81,67,69,-1,81,69,79,-1,79,69,71,-1,79,71,76,-1,76,71,73,-1,76,73,75,-1,127,129,21,-1,21,129,131,-1,21,131,18,-1,18,131,133,-1,18,133,14,-1,14,133,135,-1,14,135,3,-1,85,87,61,-1,61,87,89,-1,61,89,59,-1,59,89,92,-1,59,92,57,-1,57,92,94,-1,57,94,55,-1,55,94,96,-1,55,96,53,-1,53,96,98,-1,53,98,51,-1,51,98,100,-1,51,100,49,-1,49,100,102,-1,49,102,47,-1,47,102,107,-1,47,107,45,-1,45,107,105,-1,45,105,104,-1,136,137,138,-1,138,137,139,-1,140,136,141,-1,141,136,138,-1,140,141,142,-1,140,142,143,-1,143,142,144,-1,143,144,145,-1,146,145,147,-1,147,145,144,-1,148,146,149,-1,149,146,147,-1,150,151,152,-1,152,151,148,-1,152,148,149,-1,153,151,154,-1,154,151,150,-1,155,156,157,-1,157,156,153,-1,157,153,154,-1,158,159,160,-1,160,159,156,-1,160,156,155,-1,159,158,161,-1,159,161,162,-1,162,161,163,-1,162,163,164,-1,163,165,164,-1,164,165,166,-1,164,166,167,-1,167,166,168,-1,167,168,169,-1,169,168,170,-1,169,170,171,-1,171,170,172,-1,171,172,173,-1,173,172,174,-1,173,174,175,-1,176,175,177,-1,177,175,174,-1,176,177,178,-1,176,178,179,-1,179,178,180,-1,179,180,181,-1,181,180,182,-1,181,182,183,-1,183,182,184,-1,183,184,185,-1,184,186,185,-1,185,186,187,-1,185,187,188,-1,188,187,189,-1,188,189,190,-1,190,189,191,-1,190,191,192,-1,192,191,193,-1,192,193,194,-1,139,137,195,-1,195,137,194,-1,195,194,193,-1,143,145,194,-1,137,136,194,-1,194,136,140,-1,194,140,143,-1,151,153,148,-1,148,153,156,-1,148,156,146,-1,192,162,190,-1,190,162,164,-1,175,176,173,-1,173,176,179,-1,173,179,171,-1,171,179,181,-1,171,181,169,-1,169,181,183,-1,169,183,167,-1,167,183,185,-1,167,185,164,-1,164,185,188,-1,164,188,190,-1,145,146,194,-1,194,146,156,-1,194,156,192,-1,192,156,159,-1,192,159,162,-1,196,197,198,-1,198,197,199,-1,200,201,202,-1,202,201,196,-1,202,196,198,-1,203,201,204,-1,204,201,200,-1,205,206,207,-1,207,206,203,-1,207,203,204,-1,208,206,209,-1,209,206,205,-1,210,211,212,-1,212,211,208,-1,212,208,209,-1,213,211,214,-1,214,211,210,-1,215,216,217,-1,217,216,213,-1,217,213,214,-1,218,216,219,-1,219,216,215,-1,220,221,222,-1,222,221,218,-1,222,218,219,-1,223,221,224,-1,224,221,220,-1,199,197,225,-1,225,197,223,-1,225,223,224,-1,223,197,196,-1,196,201,223,-1,223,201,203,-1,223,203,221,-1,216,218,213,-1,213,218,221,-1,213,221,211,-1,211,221,203,-1,211,203,208,-1,208,203,206,-1,226,227,228,-1,228,227,229,-1,228,229,230,-1,230,229,231,-1,230,231,232,-1,232,231,233,-1,232,233,234,-1,234,233,235,-1,234,235,236,-1,236,235,237,-1,236,237,238,-1,238,237,239,-1,238,239,240,-1,240,239,241,-1,240,241,242,-1,242,241,243,-1,242,243,244,-1,244,243,245,-1,244,245,246,-1,246,245,247,-1,246,247,248,-1,248,247,249,-1,248,249,250,-1,250,249,251,-1,250,251,252,-1,252,251,253,-1,252,253,254,-1,254,253,255,-1,254,255,256,-1,256,255,257,-1,256,257,258,-1,258,257,259,-1,258,259,260,-1,260,259,261,-1,260,261,226,-1,226,261,227,-1,249,247,262,-1,262,247,263,-1,249,262,264,-1,249,264,251,-1,251,264,265,-1,251,265,253,-1,253,265,266,-1,253,266,255,-1,255,266,267,-1,255,267,257,-1,257,267,268,-1,257,268,259,-1,259,268,269,-1,259,269,261,-1,261,269,270,-1,261,270,227,-1,227,270,271,-1,227,271,229,-1,229,271,272,-1,229,272,231,-1,231,272,273,-1,231,273,233,-1,233,273,274,-1,233,274,235,-1,235,274,275,-1,235,275,237,-1,237,275,276,-1,237,276,239,-1,239,276,277,-1,239,277,241,-1,241,277,278,-1,241,278,243,-1,245,243,279,-1,279,243,278,-1,247,245,263,-1,263,245,279,-1,242,244,280,-1,280,244,281,-1,244,246,281,-1,281,246,282,-1,246,248,282,-1,282,248,283,-1,256,284,285,-1,256,285,254,-1,254,285,286,-1,254,286,252,-1,252,286,287,-1,252,287,250,-1,250,287,283,-1,250,283,248,-1,228,288,289,-1,228,289,226,-1,226,289,290,-1,226,290,260,-1,260,290,291,-1,260,291,258,-1,258,291,284,-1,258,284,256,-1,236,292,293,-1,236,293,234,-1,234,293,294,-1,234,294,232,-1,232,294,295,-1,232,295,230,-1,230,295,288,-1,230,288,228,-1,242,280,296,-1,242,296,240,-1,240,296,297,-1,240,297,238,-1,238,297,292,-1,238,292,236,-1,
        ]
    }
}
Shape{
    appearance Appearance {
        material  Material 	{
            diffuseColor 0.25098039215686274 0.25098039215686274 0.25098039215686274
            specularColor 0.12549019607843137 0.12549019607843137 0.12549019607843137
            ambientIntensity 0.251
            transparency 0.0
            shininess 0.5
        }
    }
    geometry IndexedFaceSet {
        ccw TRUE
        solid FALSE
        coord DEF co Coordinate {
            point [
                10.0965 -2.3943 0.411, 10.0965 -2.3943 0.3389, 10.0965 -2.3802 0.411, 10.0965 -2.3808 0.3389, 10.0965 -2.3691 0.3402, 10.0965 -2.3611 0.343, 10.0965 -2.3548 0.347, 10.0965 -2.353 0.3487, 10.0965 -2.3481 0.3548, 10.0965 -2.345 0.3618, 10.0965 -2.3432 0.3705, 10.0965 -2.343 0.3759, 10.0965 -2.3441 0.3864, 10.0965 -2.3466 0.3935, 10.0965 -2.3501 0.3989, 10.0965 -2.3532 0.4022, 10.0965 -2.3686 0.4097, 10.0965 -2.3604 0.4069
            ]
        }
        coordIndex [
            0,1,2,-1,2,1,3,-1,2,3,4,-1,4,5,2,-1,2,5,6,-1,2,6,7,-1,7,8,2,-1,2,8,9,-1,2,9,10,-1,10,11,2,-1,2,11,12,-1,2,12,13,-1,13,14,2,-1,2,14,15,-1,2,15,16,-1,16,15,17,-1,
        ]
    }
}
Shape{
    appearance Appearance {
        material  Material 	{
            diffuseColor 1.0 1.0 1.0
            specularColor 0.5019607843137255 0.5019607843137255 0.5019607843137255
            ambientIntensity 1.0
            transparency 0.0
            shininess 0.5
        }
    }
    geometry IndexedFaceSet {
        ccw TRUE
        solid FALSE
        coord DEF co Coordinate {
            point [
                10.1004 -2.299 0.3644, 10.1004 -2.3028 0.3538, 10.1004 -2.2677 0.3644, 10.1004 -2.2639 0.3538, 10.1004 -2.285 0.4032, 10.1004 -2.2896 0.4217, 10.1004 -2.3251 0.3283, 10.1004 -2.3118 0.3283, 10.1004 -2.2842 0.406, 10.1004 -2.2835 0.4098, 10.1004 -2.2767 0.4217, 10.1004 -2.2832 0.4098, 10.1004 -2.2825 0.4058, 10.1004 -2.2818 0.4032, 10.1004 -2.2411 0.3283, 10.1004 -2.2544 0.3283, 10.0965 -2.2767 0.4217, 10.0965 -2.2411 0.3283, 10.0965 -2.2896 0.4217, 10.0965 -2.3251 0.3283, 10.0965 -2.3118 0.3283, 10.0965 -2.3028 0.3538, 10.0965 -2.2639 0.3538, 10.0965 -2.2544 0.3283, 10.0965 -2.299 0.3644, 10.0965 -2.2677 0.3644, 10.0965 -2.2818 0.4032, 10.0965 -2.2832 0.4098, 10.0965 -2.2825 0.4058, 10.0965 -2.2835 0.4098, 10.0965 -2.285 0.4032, 10.0965 -2.2842 0.406
            ]
        }
        coordIndex [
            0,1,2,-1,2,1,3,-1,4,5,0,-1,0,5,6,-1,0,6,1,-1,1,6,7,-1,4,8,5,-1,5,8,9,-1,5,9,10,-1,10,9,11,-1,10,11,12,-1,12,13,10,-1,10,13,2,-1,10,2,14,-1,14,2,3,-1,14,3,15,-1,10,14,16,-1,16,14,17,-1,5,10,18,-1,18,10,16,-1,6,5,19,-1,19,5,18,-1,7,6,20,-1,20,6,19,-1,1,7,21,-1,21,7,20,-1,3,1,22,-1,22,1,21,-1,15,3,23,-1,23,3,22,-1,14,15,17,-1,17,15,23,-1,0,2,24,-1,24,2,25,-1,2,13,25,-1,25,13,26,-1,11,27,28,-1,11,28,12,-1,12,28,26,-1,12,26,13,-1,11,9,27,-1,27,9,29,-1,4,30,31,-1,4,31,8,-1,8,31,29,-1,8,29,9,-1,4,0,30,-1,30,0,24,-1,
        ]
    }
}
Shape{
    appearance Appearance {
        material  Material 	{
            diffuseColor 0.25098039215686274 0.25098039215686274 0.25098039215686274
            specularColor 0.12549019607843137 0.12549019607843137 0.12549019607843137
            ambientIntensity 0.251
            transparency 0.0
            shininess 0.5
        }
    }
    geometry IndexedFaceSet {
        ccw TRUE
        solid FALSE
        coord DEF co Coordinate {
            point [
                10.0965 -2.2832 0.4098, 10.0965 -2.2835 0.4098, 10.0965 -2.2825 0.4058, 10.0965 -2.2842 0.406, 10.0965 -2.2818 0.4032, 10.0965 -2.285 0.4032, 10.0965 -2.2677 0.3644, 10.0965 -2.299 0.3644
            ]
        }
        coordIndex [
            0,1,2,-1,2,1,3,-1,2,3,4,-1,4,3,5,-1,4,5,6,-1,6,5,7,-1,
        ]
    }
}
Shape{
    appearance Appearance {
        material  Material 	{
            diffuseColor 1.0 1.0 1.0
            specularColor 0.5019607843137255 0.5019607843137255 0.5019607843137255
            ambientIntensity 1.0
            transparency 0.0
            shininess 0.5
        }
    }
    geometry IndexedFaceSet {
        ccw TRUE
        solid FALSE
        coord DEF co Coordinate {
            point [
                10.1004 -2.9121 0.4915, 10.1004 -2.9078 0.4721, 10.1004 -2.8752 0.508, 10.1004 -3.036 0.3107, 10.1004 -3.0277 0.3252, 10.1004 -3.0233 0.3414, 10.1004 -3.1144 0.3417, 10.1004 -3.1156 0.348, 10.1004 -3.1515 0.3738, 10.1004 -3.1522 0.3293, 10.1004 -3.1621 0.3323, 10.1004 -3.1665 0.3831, 10.1004 -2.9297 0.4063, 10.1004 -2.9503 0.4415, 10.1004 -3.0227 0.3572, 10.1004 -3.0393 0.395, 10.1004 -3.0227 0.3505, 10.1004 -3.0576 0.2921, 10.1004 -3.0444 0.3015, 10.1004 -3.1117 0.3362, 10.1004 -3.1352 0.3024, 10.1004 -3.1452 0.3145, 10.1004 -2.9025 0.4721, 10.1004 -2.8893 0.4704, 10.1004 -2.8726 0.5071, 10.1004 -2.8778 0.4658, 10.1004 -2.8528 0.4974, 10.1004 -2.8346 0.4823, 10.1004 -3.0947 0.4941, 10.1004 -3.0898 0.4913, 10.1004 -3.1103 0.5398, 10.1004 -3.0795 0.5125, 10.1004 -3.0967 0.5557, 10.1004 -3.0646 0.5302, 10.1004 -3.0811 0.5691, 10.1004 -3.047 0.5431, 10.1004 -3.0687 0.3348, 10.1004 -3.0723 0.3308, 10.1004 -3.0773 0.3271, 10.1004 -3.0723 0.2863, 10.1004 -3.0831 0.3248, 10.1004 -3.0891 0.2841, 10.1004 -3.0898 0.324, 10.1004 -3.091 0.2842, 10.1004 -3.0909 0.324, 10.1004 -3.1067 0.2865, 10.1004 -3.0968 0.325, 10.1004 -3.1221 0.2927, 10.1004 -3.1028 0.3276, 10.1004 -3.1079 0.3314, 10.1004 -3.0655 0.3591, 10.1004 -3.064 0.353, 10.1004 -3.064 0.3469, 10.1004 -3.0656 0.3405, 10.1004 -3.1153 0.3544, 10.1004 -3.1133 0.3607, 10.1004 -3.1445 0.3875, 10.1004 -3.1099 0.3662, 10.1004 -3.1337 0.4002, 10.1004 -3.1072 0.369, 10.1004 -3.1202 0.4098, 10.1004 -3.102 0.3727, 10.1004 -3.1056 0.4155, 10.1004 -3.0962 0.3749, 10.1004 -3.0891 0.4176, 10.1004 -3.0898 0.3758, 10.1004 -3.0817 0.4172, 10.1004 -3.0842 0.3752, 10.1004 -3.0656 0.4134, 10.1004 -3.0781 0.373, 10.1004 -3.0514 0.406, 10.1004 -3.0727 0.3694, 10.1004 -3.0684 0.3646, 10.1004 -2.8675 0.4585, 10.1004 -2.8613 0.4516, 10.1004 -2.821 0.4635, 10.1004 -2.8547 0.4404, 10.1004 -2.8127 0.4433, 10.1004 -2.8512 0.4278, 10.1004 -2.8095 0.4209, 10.1004 -2.8507 0.4203, 10.1004 -2.8124 0.3977, 10.1004 -2.8524 0.4068, 10.1004 -2.8207 0.3766, 10.1004 -2.8571 0.395, 10.1004 -2.834 0.3579, 10.1004 -2.8644 0.3849, 10.1004 -2.8517 0.3428, 10.1004 -2.8741 0.3766, 10.1004 -2.8719 0.3328, 10.1004 -2.8857 0.371, 10.1004 -2.8945 0.328, 10.1004 -2.8985 0.3685, 10.1004 -2.9337 0.328, 10.1004 -2.9284 0.3685, 10.1004 -2.9374 0.3286, 10.1004 -3.1892 0.4516, 10.1004 -3.233 0.4411, 10.1004 -3.1914 0.4349, 10.1004 -3.2332 0.4336, 10.1004 -3.1902 0.4225, 10.1004 -3.2303 0.4087, 10.1004 -3.1849 0.4065, 10.1004 -3.2211 0.384, 10.1004 -3.1783 0.3955, 10.1004 -3.2053 0.3612, 10.1004 -3.1859 0.3443, 10.1004 -3.1096 0.4994, 10.1004 -3.118 0.5407, 10.1004 -3.125 0.5013, 10.1004 -3.1256 0.5412, 10.1004 -3.1341 0.5007, 10.1004 -3.1506 0.5382, 10.1004 -3.1503 0.4962, 10.1004 -3.1753 0.529, 10.1004 -3.1648 0.4879, 10.1004 -3.1966 0.5144, 10.1004 -3.174 0.4795, 10.1004 -3.202 0.5093, 10.1004 -3.1834 0.4664, 10.1004 -3.2174 0.4897, 10.1004 -3.2282 0.466, 10.1004 -2.9317 0.3691, 10.1004 -2.9477 0.3349, 10.1004 -2.9461 0.3334, 10.1004 -2.9226 0.5128, 10.1004 -2.8871 0.5319, 10.1004 -2.9378 0.5305, 10.1004 -2.9082 0.5577, 10.1004 -2.9385 0.5312, 10.1004 -2.9111 0.5604, 10.1004 -2.9571 0.5442, 10.1004 -2.9407 0.5803, 10.1004 -2.9779 0.5523, 10.1004 -2.974 0.5921, 10.1004 -3.0008 0.5551, 10.1004 -3.0014 0.595, 10.1004 -3.0254 0.5519, 10.1004 -3.0296 0.592, 10.1004 -3.0605 0.5813, 10.1004 -2.9297 0.3687, 10.1004 -2.9418 0.3303, 10.1004 -2.9529 0.3486, 10.1004 -2.9523 0.3436, 10.1004 -2.9506 0.3391, 10.1004 -2.9375 0.3685, 10.1004 -2.942 0.3667, 10.1004 -2.9528 0.3512, 10.1004 -2.9461 0.3638, 10.1004 -2.9489 0.3608, 10.1004 -2.9514 0.3562, 10.1004 -2.9323 0.3691, 10.0965 -2.8298 0.4757, 10.0965 -2.821 0.4635, 10.0965 -2.8147 0.4483, 10.0965 -2.8127 0.4433, 10.0965 -2.8095 0.4209, 10.0965 -2.8346 0.4823, 10.0965 -2.8528 0.4974, 10.0965 -2.8726 0.5071, 10.0965 -2.8752 0.508, 10.0965 -2.8871 0.5319, 10.0965 -2.9082 0.5577, 10.0965 -2.9111 0.5604, 10.0965 -2.9264 0.5707, 10.0965 -2.9407 0.5803, 10.0965 -2.974 0.5921, 10.0965 -3.0014 0.595, 10.0965 -3.0296 0.592, 10.0965 -3.0605 0.5813, 10.0965 -3.0784 0.5707, 10.0965 -3.0811 0.5691, 10.0965 -3.0967 0.5557, 10.0965 -3.1103 0.5398, 10.0965 -3.118 0.5407, 10.0965 -3.1256 0.5412, 10.0965 -3.1506 0.5382, 10.0965 -3.1753 0.529, 10.0965 -3.1966 0.5144, 10.0965 -3.202 0.5093, 10.0965 -3.2174 0.4897, 10.0965 -3.2238 0.4757, 10.0965 -3.2282 0.466, 10.0965 -3.2316 0.4483, 10.0965 -3.233 0.4411, 10.0965 -3.2332 0.4336, 10.0965 -3.2303 0.4087, 10.0965 -3.2211 0.384, 10.0965 -3.2053 0.3612, 10.0965 -3.1859 0.3443, 10.0965 -3.1621 0.3323, 10.0965 -3.1522 0.3293, 10.0965 -3.1513 0.3275, 10.0965 -3.1452 0.3145, 10.0965 -3.1352 0.3024, 10.0965 -3.1221 0.2927, 10.0965 -3.1166 0.2905, 10.0965 -3.1067 0.2865, 10.0965 -3.091 0.2842, 10.0965 -3.0891 0.2841, 10.0965 -3.0227 0.3505, 10.0965 -3.0723 0.2863, 10.0965 -3.0617 0.2905, 10.0965 -3.0576 0.2921, 10.0965 -3.0444 0.3015, 10.0965 -3.036 0.3107, 10.0965 -3.0277 0.3252, 10.0965 -3.0271 0.3275, 10.0965 -3.0233 0.3414, 10.0965 -3.0227 0.3572, 10.0965 -2.9297 0.4063, 10.0965 -2.9503 0.4415, 10.0965 -3.0393 0.395, 10.0965 -3.0514 0.406, 10.0965 -3.0656 0.4134, 10.0965 -3.0817 0.4172, 10.0965 -3.0891 0.4176, 10.0965 -3.1056 0.4155, 10.0965 -3.1202 0.4098, 10.0965 -3.1337 0.4002, 10.0965 -3.1445 0.3875, 10.0965 -3.1515 0.3738, 10.0965 -3.1665 0.3831, 10.0965 -3.1783 0.3955, 10.0965 -3.1849 0.4065, 10.0965 -3.1902 0.4225, 10.0965 -3.1914 0.4349, 10.0965 -3.1896 0.4483, 10.0965 -3.1892 0.4516, 10.0965 -3.1834 0.4664, 10.0965 -3.1768 0.4757, 10.0965 -3.174 0.4795, 10.0965 -3.1648 0.4879, 10.0965 -3.1503 0.4962, 10.0965 -3.1341 0.5007, 10.0965 -3.125 0.5013, 10.0965 -3.1096 0.4994, 10.0965 -3.0947 0.4941, 10.0965 -3.0898 0.4913, 10.0965 -3.0795 0.5125, 10.0965 -3.0646 0.5302, 10.0965 -3.047 0.5431, 10.0965 -3.0254 0.5519, 10.0965 -3.0008 0.5551, 10.0965 -2.9779 0.5523, 10.0965 -2.9571 0.5442, 10.0965 -2.9385 0.5312, 10.0965 -2.9378 0.5305, 10.0965 -2.9226 0.5128, 10.0965 -2.9121 0.4915, 10.0965 -2.9086 0.4757, 10.0965 -2.9078 0.4721, 10.0965 -2.9025 0.4721, 10.0965 -2.8893 0.4704, 10.0965 -2.8778 0.4658, 10.0965 -2.8675 0.4585, 10.0965 -2.8613 0.4516, 10.0965 -2.8593 0.4483, 10.0965 -2.8547 0.4404, 10.0965 -2.8512 0.4278, 10.0965 -2.8507 0.4203, 10.0965 -2.8524 0.4068, 10.0965 -2.8571 0.395, 10.0965 -2.8644 0.3849, 10.0965 -2.8741 0.3766, 10.0965 -2.8857 0.371, 10.0965 -2.8985 0.3685, 10.0965 -2.9284 0.3685, 10.0965 -2.9297 0.3687, 10.0965 -2.9317 0.3691, 10.0965 -2.9323 0.3691, 10.0965 -2.9375 0.3685, 10.0965 -2.942 0.3667, 10.0965 -2.9461 0.3638, 10.0965 -2.9489 0.3608, 10.0965 -2.9514 0.3562, 10.0965 -2.9528 0.3512, 10.0965 -2.9529 0.3486, 10.0965 -2.9523 0.3436, 10.0965 -2.9506 0.3391, 10.0965 -2.9477 0.3349, 10.0965 -2.9461 0.3334, 10.0965 -2.9418 0.3303, 10.0965 -2.9374 0.3286, 10.0965 -2.9337 0.328, 10.0965 -2.8945 0.328, 10.0965 -2.8719 0.3328, 10.0965 -2.8517 0.3428, 10.0965 -2.834 0.3579, 10.0965 -2.8207 0.3766, 10.0965 -2.8124 0.3977, 10.0965 -3.0898 0.3758, 10.0965 -3.0842 0.3752, 10.0965 -3.0781 0.373, 10.0965 -3.0727 0.3694, 10.0965 -3.0684 0.3646, 10.0965 -3.0655 0.3591, 10.0965 -3.064 0.353, 10.0965 -3.064 0.3469, 10.0965 -3.0656 0.3405, 10.0965 -3.0687 0.3348, 10.0965 -3.0723 0.3308, 10.0965 -3.0773 0.3271, 10.0965 -3.0831 0.3248, 10.0965 -3.0898 0.324, 10.0965 -3.0909 0.324, 10.0965 -3.0968 0.325, 10.0965 -3.1028 0.3276, 10.0965 -3.1079 0.3314, 10.0965 -3.1117 0.3362, 10.0965 -3.1144 0.3417, 10.0965 -3.1156 0.348, 10.0965 -3.1153 0.3544, 10.0965 -3.1133 0.3607, 10.0965 -3.1099 0.3662, 10.0965 -3.1072 0.369, 10.0965 -3.102 0.3727, 10.0965 -3.0962 0.3749
            ]
        }
        coordIndex [
            0,1,2,-1,3,4,5,-1,6,7,8,-1,9,8,10,-1,10,8,11,-1,12,13,14,-1,14,13,15,-1,14,15,16,-1,16,15,17,-1,16,17,5,-1,5,17,18,-1,5,18,3,-1,19,6,20,-1,20,6,8,-1,20,8,21,-1,21,8,9,-1,1,22,2,-1,2,22,23,-1,2,23,24,-1,24,23,25,-1,24,25,26,-1,26,25,27,-1,28,29,30,-1,30,29,31,-1,30,31,32,-1,32,31,33,-1,32,33,34,-1,34,33,35,-1,36,37,17,-1,17,37,38,-1,17,38,39,-1,39,38,40,-1,39,40,41,-1,41,40,42,-1,41,42,43,-1,43,42,44,-1,43,44,45,-1,45,44,46,-1,45,46,47,-1,47,46,48,-1,47,48,20,-1,20,48,49,-1,20,49,19,-1,50,51,15,-1,15,51,52,-1,15,52,17,-1,17,52,53,-1,17,53,36,-1,7,54,8,-1,8,54,55,-1,8,55,56,-1,56,55,57,-1,56,57,58,-1,58,57,59,-1,58,59,60,-1,60,59,61,-1,60,61,62,-1,62,61,63,-1,62,63,64,-1,64,63,65,-1,64,65,66,-1,66,65,67,-1,66,67,68,-1,68,67,69,-1,68,69,70,-1,70,69,71,-1,70,71,15,-1,15,71,72,-1,15,72,50,-1,25,73,27,-1,27,73,74,-1,27,74,75,-1,75,74,76,-1,75,76,77,-1,77,76,78,-1,77,78,79,-1,79,78,80,-1,79,80,81,-1,81,80,82,-1,81,82,83,-1,83,82,84,-1,83,84,85,-1,85,84,86,-1,85,86,87,-1,87,86,88,-1,87,88,89,-1,89,88,90,-1,89,90,91,-1,91,90,92,-1,91,92,93,-1,93,92,94,-1,93,94,95,-1,96,97,98,-1,98,97,99,-1,98,99,100,-1,100,99,101,-1,100,101,102,-1,102,101,103,-1,102,103,104,-1,104,103,105,-1,104,105,11,-1,11,105,106,-1,11,106,10,-1,28,30,107,-1,107,30,108,-1,107,108,109,-1,109,108,110,-1,109,110,111,-1,111,110,112,-1,111,112,113,-1,113,112,114,-1,113,114,115,-1,115,114,116,-1,115,116,117,-1,117,116,118,-1,117,118,119,-1,119,118,120,-1,119,120,96,-1,96,120,121,-1,96,121,97,-1,122,123,124,-1,0,2,125,-1,125,2,126,-1,125,126,127,-1,127,126,128,-1,127,128,129,-1,129,128,130,-1,129,130,131,-1,131,130,132,-1,131,132,133,-1,133,132,134,-1,133,134,135,-1,135,134,136,-1,135,136,137,-1,137,136,138,-1,137,138,35,-1,35,138,139,-1,35,139,34,-1,94,140,95,-1,95,140,122,-1,95,122,141,-1,141,122,124,-1,142,143,122,-1,122,143,144,-1,122,144,123,-1,145,146,147,-1,146,148,147,-1,147,148,149,-1,147,149,150,-1,142,122,147,-1,147,122,151,-1,147,151,145,-1,152,27,153,-1,153,27,75,-1,153,75,154,-1,154,75,77,-1,154,77,155,-1,155,77,79,-1,155,79,156,-1,152,157,27,-1,27,157,158,-1,27,158,26,-1,26,158,159,-1,26,159,24,-1,24,159,160,-1,24,160,2,-1,2,160,161,-1,2,161,126,-1,126,161,162,-1,126,162,128,-1,128,162,163,-1,128,163,130,-1,132,130,164,-1,164,130,163,-1,164,165,132,-1,132,165,166,-1,132,166,134,-1,134,166,167,-1,134,167,136,-1,136,167,168,-1,136,168,138,-1,138,168,169,-1,138,169,139,-1,139,169,34,-1,34,169,170,-1,34,170,171,-1,34,171,172,-1,34,172,32,-1,32,172,173,-1,32,173,30,-1,30,173,174,-1,30,174,108,-1,108,174,175,-1,108,175,110,-1,110,175,176,-1,110,176,112,-1,112,176,177,-1,112,177,114,-1,114,177,178,-1,114,178,116,-1,116,178,179,-1,116,179,118,-1,121,120,180,-1,180,120,118,-1,180,118,179,-1,180,181,121,-1,121,181,182,-1,121,182,97,-1,97,182,183,-1,183,184,97,-1,97,184,185,-1,97,185,99,-1,99,185,186,-1,99,186,101,-1,101,186,187,-1,101,187,103,-1,103,187,188,-1,103,188,105,-1,105,188,189,-1,105,189,106,-1,106,189,190,-1,106,190,10,-1,10,190,191,-1,10,191,9,-1,9,191,192,-1,9,192,21,-1,192,193,21,-1,21,193,194,-1,21,194,20,-1,20,194,195,-1,20,195,47,-1,47,195,196,-1,47,196,45,-1,196,197,45,-1,45,197,198,-1,45,198,43,-1,43,198,199,-1,43,199,41,-1,200,16,5,-1,41,199,201,-1,202,17,201,-1,201,17,39,-1,201,39,41,-1,202,203,17,-1,17,203,204,-1,17,204,18,-1,18,204,205,-1,18,205,3,-1,3,205,206,-1,3,206,4,-1,4,206,207,-1,4,207,5,-1,5,207,208,-1,5,208,200,-1,14,16,209,-1,209,16,200,-1,12,14,210,-1,210,14,209,-1,13,12,211,-1,211,12,210,-1,15,13,212,-1,212,13,211,-1,15,212,213,-1,15,213,70,-1,70,213,214,-1,70,214,68,-1,68,214,215,-1,68,215,66,-1,66,215,216,-1,66,216,64,-1,64,216,217,-1,64,217,62,-1,62,217,218,-1,62,218,60,-1,60,218,219,-1,60,219,58,-1,58,219,220,-1,58,220,56,-1,56,220,221,-1,56,221,8,-1,8,221,222,-1,8,222,11,-1,11,222,223,-1,11,223,104,-1,104,223,224,-1,104,224,102,-1,102,224,225,-1,102,225,100,-1,100,225,226,-1,100,226,98,-1,96,98,226,-1,226,227,96,-1,96,227,228,-1,96,228,229,-1,230,117,229,-1,229,117,119,-1,229,119,96,-1,230,231,117,-1,117,231,232,-1,117,232,115,-1,115,232,233,-1,115,233,113,-1,113,233,234,-1,113,234,111,-1,111,234,235,-1,111,235,109,-1,109,235,236,-1,109,236,107,-1,107,236,237,-1,107,237,28,-1,28,237,238,-1,28,238,29,-1,29,238,239,-1,29,239,31,-1,31,239,240,-1,31,240,33,-1,33,240,241,-1,33,241,35,-1,35,241,242,-1,35,242,137,-1,137,242,243,-1,137,243,135,-1,135,243,244,-1,135,244,133,-1,133,244,245,-1,133,245,131,-1,131,245,246,-1,131,246,129,-1,129,246,247,-1,129,247,127,-1,127,247,248,-1,127,248,125,-1,125,248,249,-1,125,249,0,-1,0,249,1,-1,1,249,250,-1,1,250,251,-1,22,1,252,-1,252,1,251,-1,22,252,253,-1,22,253,23,-1,23,253,254,-1,23,254,25,-1,25,254,255,-1,25,255,73,-1,73,255,256,-1,73,256,74,-1,74,256,257,-1,74,257,76,-1,257,258,76,-1,76,258,259,-1,76,259,78,-1,78,259,260,-1,78,260,80,-1,80,260,261,-1,80,261,82,-1,82,261,262,-1,82,262,84,-1,84,262,263,-1,84,263,86,-1,86,263,264,-1,86,264,88,-1,88,264,265,-1,88,265,90,-1,90,265,266,-1,90,266,92,-1,94,92,267,-1,267,92,266,-1,94,267,268,-1,94,268,140,-1,140,268,269,-1,140,269,122,-1,122,269,270,-1,122,270,151,-1,151,270,271,-1,151,271,145,-1,145,271,272,-1,145,272,146,-1,146,272,273,-1,146,273,148,-1,148,273,274,-1,148,274,149,-1,149,274,275,-1,149,275,150,-1,150,275,276,-1,150,276,147,-1,147,276,277,-1,147,277,142,-1,142,277,278,-1,142,278,143,-1,143,278,279,-1,143,279,144,-1,144,279,280,-1,144,280,123,-1,123,280,281,-1,123,281,124,-1,124,281,282,-1,124,282,141,-1,141,282,283,-1,141,283,95,-1,95,283,284,-1,95,284,93,-1,91,93,285,-1,285,93,284,-1,91,285,286,-1,91,286,89,-1,89,286,287,-1,89,287,87,-1,87,287,288,-1,87,288,85,-1,85,288,289,-1,85,289,83,-1,83,289,290,-1,83,290,81,-1,81,290,156,-1,81,156,79,-1,65,291,292,-1,65,292,67,-1,67,292,293,-1,67,293,69,-1,69,293,294,-1,69,294,71,-1,71,294,295,-1,71,295,72,-1,72,295,296,-1,72,296,50,-1,50,296,297,-1,50,297,51,-1,51,297,298,-1,51,298,52,-1,52,298,299,-1,52,299,53,-1,53,299,300,-1,53,300,36,-1,36,300,301,-1,36,301,37,-1,37,301,302,-1,37,302,38,-1,38,302,303,-1,38,303,40,-1,40,303,304,-1,40,304,42,-1,42,304,305,-1,42,305,44,-1,44,305,306,-1,44,306,46,-1,46,306,307,-1,46,307,48,-1,48,307,308,-1,48,308,49,-1,49,308,309,-1,49,309,19,-1,19,309,310,-1,19,310,6,-1,6,310,311,-1,6,311,7,-1,7,311,312,-1,7,312,54,-1,54,312,313,-1,54,313,55,-1,55,313,314,-1,55,314,57,-1,57,314,315,-1,57,315,59,-1,59,315,316,-1,59,316,61,-1,61,316,317,-1,61,317,63,-1,63,317,291,-1,63,291,65,-1,
        ]
    }
}
Shape{
    appearance Appearance {
        material  Material 	{
            diffuseColor 0.25098039215686274 0.25098039215686274 0.25098039215686274
            specularColor 0.12549019607843137 0.12549019607843137 0.12549019607843137
            ambientIntensity 0.251
            transparency 0.0
            shininess 0.5
        }
    }
    geometry IndexedFaceSet {
        ccw TRUE
        solid FALSE
        coord DEF co Coordinate {
            point [
                10.0965 -3.0909 0.324, 10.0965 -3.1072 0.369, 10.0965 -3.1099 0.3662, 10.0965 -3.0831 0.3248, 10.0965 -3.0773 0.3271, 10.0965 -3.0842 0.3752, 10.0965 -3.0898 0.3758, 10.0965 -3.0962 0.3749, 10.0965 -3.102 0.3727, 10.0965 -3.1144 0.3417, 10.0965 -3.1117 0.3362, 10.0965 -3.1079 0.3314, 10.0965 -3.0898 0.324, 10.0965 -3.1133 0.3607, 10.0965 -3.1153 0.3544, 10.0965 -3.1156 0.348, 10.0965 -3.1028 0.3276, 10.0965 -3.0968 0.325, 10.0965 -3.0723 0.3308, 10.0965 -3.0687 0.3348, 10.0965 -3.0656 0.3405, 10.0965 -3.064 0.3469, 10.0965 -3.064 0.353, 10.0965 -3.0655 0.3591, 10.0965 -3.0684 0.3646, 10.0965 -3.0727 0.3694, 10.0965 -3.0781 0.373
            ]
        }
        coordIndex [
            0,1,2,-1,3,4,5,-1,6,7,0,-1,0,7,8,-1,0,8,1,-1,9,10,2,-1,2,10,11,-1,6,0,5,-1,5,0,12,-1,5,12,3,-1,13,14,2,-1,2,14,15,-1,2,15,9,-1,11,16,2,-1,2,16,17,-1,2,17,0,-1,4,18,5,-1,5,18,19,-1,5,19,20,-1,20,21,5,-1,5,21,22,-1,5,22,23,-1,23,24,5,-1,5,24,25,-1,5,25,26,-1,
        ]
    }
}
Shape{
    appearance Appearance {
        material  Material 	{
            diffuseColor 0.9686274509803922 0.8784313725490196 0.6
            specularColor 0.6784313725490196 0.615686274509804 0.4196078431372549
            ambientIntensity 0.8737
            transparency 0.0
            shininess 0.5
        }
    }
    geometry IndexedFaceSet {
        ccw TRUE
        solid FALSE
        coord DEF co Coordinate {
            point [
                0.5768 -2.6033 1.5787, 0.5768 -2.6033 1.4213, 0.5768 -1.9713 1.5787, 0.5768 -1.9713 1.4213, 0.4193 -1.9713 1.4213, 0.4193 -2.6033 1.4213, 0.4193 -1.9713 1.5787, 0.4193 -2.6033 1.5787, 0.4509 0.4358 -1.2598, 0.5451 0.4358 -1.2598, 0.4193 0.4358 -1.1417, 0.5768 0.4358 -1.1417, 0.4193 0.4358 1.2638, 0.5768 0.4358 1.2638, 0.4509 0.5933 -1.2598, 0.5451 0.5933 -1.2598, 0.4193 0.5933 1.2638, 0.5768 0.5933 1.2638, 0.4193 0.5933 -1.1417, 0.5768 0.5933 -1.1417, 0.4193 0.5826 1.3453, 0.5768 0.5826 1.3453, 0.4193 0.5511 1.4213, 0.5768 0.5511 1.4213, 0.4193 0.5011 1.4865, 0.5768 0.5011 1.4865, 0.4193 0.4358 1.5365, 0.5768 0.4358 1.5365, 0.4193 0.3599 1.568, 0.5768 0.3599 1.568, 0.4193 0.2783 1.5787, 0.5768 0.2783 1.5787, 0.5965 -2.8768 1.5787, 0.5872 -3.2653 1.5787, 0.6785 -3.277 1.5787, 0.5768 -1.9205 1.5787, 0.7244 -2.9178 1.5787, 0.7244 -1.9336 1.5787, 0.5965 -1.9713 1.5787, 0.7169 -1.9205 1.5787, 0.4193 -1.9205 1.5787, 0.3175 -3.277 1.5787, 0.4088 -3.2653 1.5787, 0.2717 -2.9178 1.5787, 0.3996 -2.8768 1.5787, 0.2717 -1.9336 1.5787, 0.3996 -1.9713 1.5787, 0.2792 -1.9205 1.5787, 0.3996 -2.8768 1.4213, 0.4088 -3.2653 1.4213, 0.3175 -3.277 1.4213, 0.4193 -1.9205 1.4213, 0.4193 0.2783 1.4213, 0.5768 0.2783 1.4213, 0.2717 -2.9178 1.4213, 0.2717 -1.9336 1.4213, 0.3996 -1.9713 1.4213, 0.2792 -1.9205 1.4213, 0.5768 -1.9205 1.4213, 0.6785 -3.277 1.4213, 0.5872 -3.2653 1.4213, 0.7244 -2.9178 1.4213, 0.5965 -2.8768 1.4213, 0.7244 -1.9336 1.4213, 0.5965 -1.9713 1.4213, 0.7169 -1.9205 1.4213, 0.5768 0.3191 1.4159, 0.4193 0.3191 1.4159, 0.5768 0.3571 1.4002, 0.4193 0.3571 1.4002, 0.5768 0.3897 1.3751, 0.4193 0.3897 1.3751, 0.5768 0.4147 1.3425, 0.4193 0.4147 1.3425, 0.5768 0.4305 1.3045, 0.4193 0.4305 1.3045, -0.4232 -2.6033 1.5787, -0.4232 -2.6033 1.4213, -0.4232 -1.9713 1.5787, -0.4232 -1.9713 1.4213, -0.5807 -1.9713 1.4213, -0.5807 -2.6033 1.4213, -0.5807 -1.9713 1.5787, -0.5807 -2.6033 1.5787, -0.5491 0.4358 -1.2598, -0.4549 0.4358 -1.2598, -0.5807 0.4358 -1.1417, -0.4232 0.4358 -1.1417, -0.5807 0.4358 1.2638, -0.4232 0.4358 1.2638, -0.5491 0.5933 -1.2598, -0.4549 0.5933 -1.2598, -0.5807 0.5933 1.2638, -0.4232 0.5933 1.2638, -0.5807 0.5933 -1.1417, -0.4232 0.5933 -1.1417, -0.5807 0.5826 1.3453, -0.4232 0.5826 1.3453, -0.5807 0.5511 1.4213, -0.4232 0.5511 1.4213, -0.5807 0.5011 1.4865, -0.4232 0.5011 1.4865, -0.5807 0.4358 1.5365, -0.4232 0.4358 1.5365, -0.5807 0.3599 1.568, -0.4232 0.3599 1.568, -0.5807 0.2783 1.5787, -0.4232 0.2783 1.5787, -0.4035 -2.8768 1.5787, -0.4128 -3.2653 1.5787, -0.3215 -3.277 1.5787, -0.4232 -1.9205 1.5787, -0.2756 -2.9178 1.5787, -0.2756 -1.9336 1.5787, -0.4035 -1.9713 1.5787, -0.2831 -1.9205 1.5787, -0.5807 -1.9205 1.5787, -0.6825 -3.277 1.5787, -0.5912 -3.2653 1.5787, -0.7283 -2.9178 1.5787, -0.6004 -2.8768 1.5787, -0.7283 -1.9336 1.5787, -0.6004 -1.9713 1.5787, -0.7208 -1.9205 1.5787, -0.6004 -2.8768 1.4213, -0.5912 -3.2653 1.4213, -0.6825 -3.277 1.4213, -0.5807 -1.9205 1.4213, -0.5807 0.2783 1.4213, -0.4232 0.2783 1.4213, -0.7283 -2.9178 1.4213, -0.7283 -1.9336 1.4213, -0.6004 -1.9713 1.4213, -0.7208 -1.9205 1.4213, -0.4232 -1.9205 1.4213, -0.3215 -3.277 1.4213, -0.4128 -3.2653 1.4213, -0.2756 -2.9178 1.4213, -0.4035 -2.8768 1.4213, -0.2756 -1.9336 1.4213, -0.4035 -1.9713 1.4213, -0.2831 -1.9205 1.4213, -0.4232 0.3191 1.4159, -0.5807 0.3191 1.4159, -0.4232 0.3571 1.4002, -0.5807 0.3571 1.4002, -0.4232 0.3897 1.3751, -0.5807 0.3897 1.3751, -0.4232 0.4147 1.3425, -0.5807 0.4147 1.3425, -0.4232 0.4305 1.3045, -0.5807 0.4305 1.3045, -1.4232 -2.6033 1.5787, -1.4232 -2.6033 1.4213, -1.4232 -1.9713 1.5787, -1.4232 -1.9713 1.4213, -1.5807 -1.9713 1.4213, -1.5807 -2.6033 1.4213, -1.5807 -1.9713 1.5787, -1.5807 -2.6033 1.5787, -1.5491 0.4358 -1.2598, -1.4549 0.4358 -1.2598, -1.5807 0.4358 -1.1417, -1.4232 0.4358 -1.1417, -1.5807 0.4358 1.2638, -1.4232 0.4358 1.2638, -1.5491 0.5933 -1.2598, -1.4549 0.5933 -1.2598, -1.5807 0.5933 1.2638, -1.4232 0.5933 1.2638, -1.5807 0.5933 -1.1417, -1.4232 0.5933 -1.1417, -1.5807 0.5826 1.3453, -1.4232 0.5826 1.3453, -1.5807 0.5511 1.4213, -1.4232 0.5511 1.4213, -1.5807 0.5011 1.4865, -1.4232 0.5011 1.4865, -1.5807 0.4358 1.5365, -1.4232 0.4358 1.5365, -1.5807 0.3599 1.568, -1.4232 0.3599 1.568, -1.5807 0.2783 1.5787, -1.4232 0.2783 1.5787, -1.4035 -2.8768 1.5787, -1.4128 -3.2653 1.5787, -1.3215 -3.277 1.5787, -1.4232 -1.9205 1.5787, -1.2756 -2.9178 1.5787, -1.2756 -1.9336 1.5787, -1.4035 -1.9713 1.5787, -1.2831 -1.9205 1.5787, -1.5807 -1.9205 1.5787, -1.6825 -3.277 1.5787, -1.5912 -3.2653 1.5787, -1.7283 -2.9178 1.5787, -1.6004 -2.8768 1.5787, -1.7283 -1.9336 1.5787, -1.6004 -1.9713 1.5787, -1.7208 -1.9205 1.5787, -1.6004 -2.8768 1.4213, -1.5912 -3.2653 1.4213, -1.6825 -3.277 1.4213, -1.5807 -1.9205 1.4213, -1.5807 0.2783 1.4213, -1.4232 0.2783 1.4213, -1.7283 -2.9178 1.4213, -1.7283 -1.9336 1.4213, -1.6004 -1.9713 1.4213, -1.7208 -1.9205 1.4213, -1.4232 -1.9205 1.4213, -1.3215 -3.277 1.4213, -1.4128 -3.2653 1.4213, -1.2756 -2.9178 1.4213, -1.4035 -2.8768 1.4213, -1.2756 -1.9336 1.4213, -1.4035 -1.9713 1.4213, -1.2831 -1.9205 1.4213, -1.4232 0.3191 1.4159, -1.5807 0.3191 1.4159, -1.4232 0.3571 1.4002, -1.5807 0.3571 1.4002, -1.4232 0.3897 1.3751, -1.5807 0.3897 1.3751, -1.4232 0.4147 1.3425, -1.5807 0.4147 1.3425, -1.4232 0.4305 1.3045, -1.5807 0.4305 1.3045, -2.4232 -2.6033 1.5787, -2.4232 -2.6033 1.4213, -2.4232 -1.9713 1.5787, -2.4232 -1.9713 1.4213, -2.5807 -1.9713 1.4213, -2.5807 -2.6033 1.4213, -2.5807 -1.9713 1.5787, -2.5807 -2.6033 1.5787, -2.5491 0.4358 -1.2598, -2.4549 0.4358 -1.2598, -2.5807 0.4358 -1.1417, -2.4232 0.4358 -1.1417, -2.5807 0.4358 1.2638, -2.4232 0.4358 1.2638, -2.5491 0.5933 -1.2598, -2.4549 0.5933 -1.2598, -2.5807 0.5933 1.2638, -2.4232 0.5933 1.2638, -2.5807 0.5933 -1.1417, -2.4232 0.5933 -1.1417, -2.5807 0.5826 1.3453, -2.4232 0.5826 1.3453, -2.5807 0.5511 1.4213, -2.4232 0.5511 1.4213, -2.5807 0.5011 1.4865, -2.4232 0.5011 1.4865, -2.5807 0.4358 1.5365, -2.4232 0.4358 1.5365, -2.5807 0.3599 1.568, -2.4232 0.3599 1.568, -2.5807 0.2783 1.5787, -2.4232 0.2783 1.5787, -2.4035 -2.8768 1.5787, -2.4128 -3.2653 1.5787, -2.3215 -3.277 1.5787, -2.4232 -1.9205 1.5787, -2.2756 -2.9178 1.5787, -2.2756 -1.9336 1.5787, -2.4035 -1.9713 1.5787, -2.2831 -1.9205 1.5787, -2.5807 -1.9205 1.5787, -2.6825 -3.277 1.5787, -2.5912 -3.2653 1.5787, -2.7283 -2.9178 1.5787, -2.6004 -2.8768 1.5787, -2.7283 -1.9336 1.5787, -2.6004 -1.9713 1.5787, -2.7208 -1.9205 1.5787, -2.6004 -2.8768 1.4213, -2.5912 -3.2653 1.4213, -2.6825 -3.277 1.4213, -2.5807 -1.9205 1.4213, -2.5807 0.2783 1.4213, -2.4232 0.2783 1.4213, -2.7283 -2.9178 1.4213, -2.7283 -1.9336 1.4213, -2.6004 -1.9713 1.4213, -2.7208 -1.9205 1.4213, -2.4232 -1.9205 1.4213, -2.3215 -3.277 1.4213, -2.4128 -3.2653 1.4213, -2.2756 -2.9178 1.4213, -2.4035 -2.8768 1.4213, -2.2756 -1.9336 1.4213, -2.4035 -1.9713 1.4213, -2.2831 -1.9205 1.4213, -2.4232 0.3191 1.4159, -2.5807 0.3191 1.4159, -2.4232 0.3571 1.4002, -2.5807 0.3571 1.4002, -2.4232 0.3897 1.3751, -2.5807 0.3897 1.3751, -2.4232 0.4147 1.3425, -2.5807 0.4147 1.3425, -2.4232 0.4305 1.3045, -2.5807 0.4305 1.3045, -3.4232 -2.6033 1.5787, -3.4232 -2.6033 1.4213, -3.4232 -1.9713 1.5787, -3.4232 -1.9713 1.4213, -3.5807 -1.9713 1.4213, -3.5807 -2.6033 1.4213, -3.5807 -1.9713 1.5787, -3.5807 -2.6033 1.5787, -3.5491 0.4358 -1.2598, -3.4549 0.4358 -1.2598, -3.5807 0.4358 -1.1417, -3.4232 0.4358 -1.1417, -3.5807 0.4358 1.2638, -3.4232 0.4358 1.2638, -3.5491 0.5933 -1.2598, -3.4549 0.5933 -1.2598, -3.5807 0.5933 1.2638, -3.4232 0.5933 1.2638, -3.5807 0.5933 -1.1417, -3.4232 0.5933 -1.1417, -3.5807 0.5826 1.3453, -3.4232 0.5826 1.3453, -3.5807 0.5511 1.4213, -3.4232 0.5511 1.4213, -3.5807 0.5011 1.4865, -3.4232 0.5011 1.4865, -3.5807 0.4358 1.5365, -3.4232 0.4358 1.5365, -3.5807 0.3599 1.568, -3.4232 0.3599 1.568, -3.5807 0.2783 1.5787, -3.4232 0.2783 1.5787, -3.4035 -2.8768 1.5787, -3.4128 -3.2653 1.5787, -3.3215 -3.277 1.5787, -3.4232 -1.9205 1.5787, -3.2756 -2.9178 1.5787, -3.2756 -1.9336 1.5787, -3.4035 -1.9713 1.5787, -3.2831 -1.9205 1.5787, -3.5807 -1.9205 1.5787, -3.6825 -3.277 1.5787, -3.5912 -3.2653 1.5787, -3.7283 -2.9178 1.5787, -3.6004 -2.8768 1.5787, -3.7283 -1.9336 1.5787, -3.6004 -1.9713 1.5787, -3.7208 -1.9205 1.5787, -3.6004 -2.8768 1.4213, -3.5912 -3.2653 1.4213, -3.6825 -3.277 1.4213, -3.5807 -1.9205 1.4213, -3.5807 0.2783 1.4213, -3.4232 0.2783 1.4213, -3.7283 -2.9178 1.4213, -3.7283 -1.9336 1.4213, -3.6004 -1.9713 1.4213, -3.7208 -1.9205 1.4213, -3.4232 -1.9205 1.4213, -3.3215 -3.277 1.4213, -3.4128 -3.2653 1.4213, -3.2756 -2.9178 1.4213, -3.4035 -2.8768 1.4213, -3.2756 -1.9336 1.4213, -3.4035 -1.9713 1.4213, -3.2831 -1.9205 1.4213, -3.4232 0.3191 1.4159, -3.5807 0.3191 1.4159, -3.4232 0.3571 1.4002, -3.5807 0.3571 1.4002, -3.4232 0.3897 1.3751, -3.5807 0.3897 1.3751, -3.4232 0.4147 1.3425, -3.5807 0.4147 1.3425, -3.4232 0.4305 1.3045, -3.5807 0.4305 1.3045, -5.4232 -0.5642 -1.1417, -5.4232 -0.4067 -1.1417, -5.4232 -0.5642 0.2638, -5.4232 -0.4067 0.2638, -5.4232 -0.5695 0.3045, -5.4232 -0.4146 0.3339, -5.4232 -0.5853 0.3425, -5.4232 -0.4379 0.4004, -5.4232 -0.6103 0.3751, -5.4232 -0.4754 0.4602, -5.4232 -0.5253 0.51, -5.4232 -0.6429 0.4002, -5.4232 -0.585 0.5476, -5.4232 -0.6809 0.4159, -5.4232 -0.6516 0.5708, -5.4232 -0.7217 0.4213, -5.4232 -0.7217 0.5787, -5.4232 -1.9205 0.4213, -5.4232 -1.9205 0.5787, -5.5807 -0.6429 0.4002, -5.5807 -0.5253 0.51, -5.5807 -0.6103 0.3751, -5.5807 -0.4754 0.4602, -5.5807 -0.5853 0.3425, -5.5807 -0.4379 0.4004, -5.5807 -0.5695 0.3045, -5.5807 -0.4146 0.3339, -5.5807 -0.5642 0.2638, -5.5807 -0.4067 0.2638, -5.5807 -0.5642 -1.1417, -5.5807 -0.4067 -1.1417, -5.5807 -1.9205 0.4213, -5.5807 -1.9205 0.5787, -5.5807 -0.7217 0.4213, -5.5807 -0.7217 0.5787, -5.5807 -0.6809 0.4159, -5.5807 -0.6516 0.5708, -5.5807 -0.585 0.5476, -5.4232 -2.6033 0.4213, -5.4232 -2.6033 0.5787, -5.5807 -2.6033 0.4213, -5.5807 -2.6033 0.5787, -5.6004 -2.8768 0.4213, -5.5912 -3.2653 0.4213, -5.6825 -3.277 0.4213, -5.4232 -1.9713 0.4213, -5.3215 -3.277 0.4213, -5.4128 -3.2653 0.4213, -5.2756 -2.9178 0.4213, -5.4035 -2.8768 0.4213, -5.2756 -1.9336 0.4213, -5.4035 -1.9713 0.4213, -5.5807 -1.9713 0.4213, -5.2831 -1.9205 0.4213, -5.7283 -2.9178 0.4213, -5.7283 -1.9336 0.4213, -5.6004 -1.9713 0.4213, -5.7208 -1.9205 0.4213, -5.4549 -0.5642 -1.2598, -5.5491 -0.5642 -1.2598, -5.5491 -0.4067 -1.2598, -5.4549 -0.4067 -1.2598, -5.4035 -2.8768 0.5787, -5.4128 -3.2653 0.5787, -5.3215 -3.277 0.5787, -5.5807 -1.9713 0.5787, -5.6825 -3.277 0.5787, -5.5912 -3.2653 0.5787, -5.7283 -2.9178 0.5787, -5.6004 -2.8768 0.5787, -5.7283 -1.9336 0.5787, -5.6004 -1.9713 0.5787, -5.4232 -1.9713 0.5787, -5.7208 -1.9205 0.5787, -5.2756 -2.9178 0.5787, -5.2756 -1.9336 0.5787, -5.4035 -1.9713 0.5787, -5.2831 -1.9205 0.5787, -6.4232 -0.5642 -1.1417, -6.4232 -0.4067 -1.1417, -6.4232 -0.5642 0.2638, -6.4232 -0.4067 0.2638, -6.4232 -0.5695 0.3045, -6.4232 -0.4146 0.3339, -6.4232 -0.5853 0.3425, -6.4232 -0.4379 0.4004, -6.4232 -0.6103 0.3751, -6.4232 -0.4754 0.4602, -6.4232 -0.5253 0.51, -6.4232 -0.6429 0.4002, -6.4232 -0.585 0.5476, -6.4232 -0.6809 0.4159, -6.4232 -0.6516 0.5708, -6.4232 -0.7217 0.4213, -6.4232 -0.7217 0.5787, -6.4232 -1.9205 0.4213, -6.4232 -1.9205 0.5787, -6.5807 -0.6429 0.4002, -6.5807 -0.5253 0.51, -6.5807 -0.6103 0.3751, -6.5807 -0.4754 0.4602, -6.5807 -0.5853 0.3425, -6.5807 -0.4379 0.4004, -6.5807 -0.5695 0.3045, -6.5807 -0.4146 0.3339, -6.5807 -0.5642 0.2638, -6.5807 -0.4067 0.2638, -6.5807 -0.5642 -1.1417, -6.5807 -0.4067 -1.1417, -6.5807 -1.9205 0.4213, -6.5807 -1.9205 0.5787, -6.5807 -0.7217 0.4213, -6.5807 -0.7217 0.5787, -6.5807 -0.6809 0.4159, -6.5807 -0.6516 0.5708, -6.5807 -0.585 0.5476, -6.4232 -2.6033 0.4213, -6.4232 -2.6033 0.5787, -6.5807 -2.6033 0.4213, -6.5807 -2.6033 0.5787, -6.6004 -2.8768 0.4213, -6.5912 -3.2653 0.4213, -6.6825 -3.277 0.4213, -6.4232 -1.9713 0.4213, -6.3215 -3.277 0.4213, -6.4128 -3.2653 0.4213, -6.2756 -2.9178 0.4213, -6.4035 -2.8768 0.4213, -6.2756 -1.9336 0.4213, -6.4035 -1.9713 0.4213, -6.5807 -1.9713 0.4213, -6.2831 -1.9205 0.4213, -6.7283 -2.9178 0.4213, -6.7283 -1.9336 0.4213, -6.6004 -1.9713 0.4213, -6.7208 -1.9205 0.4213, -6.5491 -0.5642 -1.2598, -6.4549 -0.5642 -1.2598, -6.5491 -0.4067 -1.2598, -6.4549 -0.4067 -1.2598, -6.4035 -2.8768 0.5787, -6.4128 -3.2653 0.5787, -6.3215 -3.277 0.5787, -6.5807 -1.9713 0.5787, -6.6825 -3.277 0.5787, -6.5912 -3.2653 0.5787, -6.7283 -2.9178 0.5787, -6.6004 -2.8768 0.5787, -6.7283 -1.9336 0.5787, -6.6004 -1.9713 0.5787, -6.4232 -1.9713 0.5787, -6.7208 -1.9205 0.5787, -6.2756 -2.9178 0.5787, -6.2756 -1.9336 0.5787, -6.4035 -1.9713 0.5787, -6.2831 -1.9205 0.5787, -7.4232 -0.5642 -1.1417, -7.4232 -0.4067 -1.1417, -7.4232 -0.5642 0.2638, -7.4232 -0.4067 0.2638, -7.4232 -0.5695 0.3045, -7.4232 -0.4146 0.3339, -7.4232 -0.5853 0.3425, -7.4232 -0.4379 0.4004, -7.4232 -0.6103 0.3751, -7.4232 -0.4754 0.4602, -7.4232 -0.5253 0.51, -7.4232 -0.6429 0.4002, -7.4232 -0.585 0.5476, -7.4232 -0.6809 0.4159, -7.4232 -0.6516 0.5708, -7.4232 -0.7217 0.4213, -7.4232 -0.7217 0.5787, -7.4232 -1.9205 0.4213, -7.4232 -1.9205 0.5787, -7.5807 -0.6429 0.4002, -7.5807 -0.5253 0.51, -7.5807 -0.6103 0.3751, -7.5807 -0.4754 0.4602, -7.5807 -0.5853 0.3425, -7.5807 -0.4379 0.4004, -7.5807 -0.5695 0.3045, -7.5807 -0.4146 0.3339, -7.5807 -0.5642 0.2638, -7.5807 -0.4067 0.2638, -7.5807 -0.5642 -1.1417, -7.5807 -0.4067 -1.1417, -7.5807 -1.9205 0.4213, -7.5807 -1.9205 0.5787, -7.5807 -0.7217 0.4213, -7.5807 -0.7217 0.5787, -7.5807 -0.6809 0.4159, -7.5807 -0.6516 0.5708, -7.5807 -0.585 0.5476, -7.4232 -2.6033 0.4213, -7.4232 -2.6033 0.5787, -7.5807 -2.6033 0.4213, -7.5807 -2.6033 0.5787, -7.6004 -2.8768 0.4213, -7.5912 -3.2653 0.4213, -7.6825 -3.277 0.4213, -7.4232 -1.9713 0.4213, -7.3215 -3.277 0.4213, -7.4128 -3.2653 0.4213, -7.2756 -2.9178 0.4213, -7.4035 -2.8768 0.4213, -7.2756 -1.9336 0.4213, -7.4035 -1.9713 0.4213, -7.5807 -1.9713 0.4213, -7.2831 -1.9205 0.4213, -7.7283 -2.9178 0.4213, -7.7283 -1.9336 0.4213, -7.6004 -1.9713 0.4213, -7.7208 -1.9205 0.4213, -7.5491 -0.5642 -1.2598, -7.4549 -0.5642 -1.2598, -7.5491 -0.4067 -1.2598, -7.4549 -0.4067 -1.2598, -7.4035 -2.8768 0.5787, -7.4128 -3.2653 0.5787, -7.3215 -3.277 0.5787, -7.5807 -1.9713 0.5787, -7.6825 -3.277 0.5787, -7.5912 -3.2653 0.5787, -7.7283 -2.9178 0.5787, -7.6004 -2.8768 0.5787, -7.7283 -1.9336 0.5787, -7.6004 -1.9713 0.5787, -7.4232 -1.9713 0.5787, -7.7208 -1.9205 0.5787, -7.2756 -2.9178 0.5787, -7.2756 -1.9336 0.5787, -7.4035 -1.9713 0.5787, -7.2831 -1.9205 0.5787, -8.4232 -0.5642 -1.1417, -8.4232 -0.4067 -1.1417, -8.4232 -0.5642 0.2638, -8.4232 -0.4067 0.2638, -8.4232 -0.5695 0.3045, -8.4232 -0.4146 0.3339, -8.4232 -0.5853 0.3425, -8.4232 -0.4379 0.4004, -8.4232 -0.6103 0.3751, -8.4232 -0.4754 0.4602, -8.4232 -0.5253 0.51, -8.4232 -0.6429 0.4002, -8.4232 -0.585 0.5476, -8.4232 -0.6809 0.4159, -8.4232 -0.6516 0.5708, -8.4232 -0.7217 0.4213, -8.4232 -0.7217 0.5787, -8.4232 -1.9205 0.4213, -8.4232 -1.9205 0.5787, -8.5807 -0.6429 0.4002, -8.5807 -0.5253 0.51, -8.5807 -0.6103 0.3751, -8.5807 -0.4754 0.4602, -8.5807 -0.5853 0.3425, -8.5807 -0.4379 0.4004, -8.5807 -0.5695 0.3045, -8.5807 -0.4146 0.3339, -8.5807 -0.5642 0.2638, -8.5807 -0.4067 0.2638, -8.5807 -0.5642 -1.1417, -8.5807 -0.4067 -1.1417, -8.5807 -1.9205 0.4213, -8.5807 -1.9205 0.5787, -8.5807 -0.7217 0.4213, -8.5807 -0.7217 0.5787, -8.5807 -0.6809 0.4159, -8.5807 -0.6516 0.5708, -8.5807 -0.585 0.5476, -8.4232 -2.6033 0.4213, -8.4232 -2.6033 0.5787, -8.5807 -2.6033 0.4213, -8.5807 -2.6033 0.5787, -8.6004 -2.8768 0.4213, -8.5912 -3.2653 0.4213, -8.6825 -3.277 0.4213, -8.4232 -1.9713 0.4213, -8.3215 -3.277 0.4213, -8.4128 -3.2653 0.4213, -8.2756 -2.9178 0.4213, -8.4035 -2.8768 0.4213, -8.2756 -1.9336 0.4213, -8.4035 -1.9713 0.4213, -8.5807 -1.9713 0.4213, -8.2831 -1.9205 0.4213, -8.7283 -2.9178 0.4213, -8.7283 -1.9336 0.4213, -8.6004 -1.9713 0.4213, -8.7208 -1.9205 0.4213, -8.5491 -0.5642 -1.2598, -8.4549 -0.5642 -1.2598, -8.5491 -0.4067 -1.2598, -8.4549 -0.4067 -1.2598, -8.4035 -2.8768 0.5787, -8.4128 -3.2653 0.5787, -8.3215 -3.277 0.5787, -8.5807 -1.9713 0.5787, -8.6825 -3.277 0.5787, -8.5912 -3.2653 0.5787, -8.7283 -2.9178 0.5787, -8.6004 -2.8768 0.5787, -8.7283 -1.9336 0.5787, -8.6004 -1.9713 0.5787, -8.4232 -1.9713 0.5787, -8.7208 -1.9205 0.5787, -8.2756 -2.9178 0.5787, -8.2756 -1.9336 0.5787, -8.4035 -1.9713 0.5787, -8.2831 -1.9205 0.5787, -9.4232 -0.5642 -1.1417, -9.4232 -0.4067 -1.1417, -9.4232 -0.5642 0.2638, -9.4232 -0.4067 0.2638, -9.4232 -0.5695 0.3045, -9.4232 -0.4146 0.3339, -9.4232 -0.5853 0.3425, -9.4232 -0.4379 0.4004, -9.4232 -0.6103 0.3751, -9.4232 -0.4754 0.4602, -9.4232 -0.5253 0.51, -9.4232 -0.6429 0.4002, -9.4232 -0.585 0.5476, -9.4232 -0.6809 0.4159, -9.4232 -0.6516 0.5708, -9.4232 -0.7217 0.4213, -9.4232 -0.7217 0.5787, -9.4232 -1.9205 0.4213, -9.4232 -1.9205 0.5787, -9.5807 -0.6429 0.4002, -9.5807 -0.5253 0.51, -9.5807 -0.6103 0.3751, -9.5807 -0.4754 0.4602, -9.5807 -0.5853 0.3425, -9.5807 -0.4379 0.4004, -9.5807 -0.5695 0.3045, -9.5807 -0.4146 0.3339, -9.5807 -0.5642 0.2638, -9.5807 -0.4067 0.2638, -9.5807 -0.5642 -1.1417, -9.5807 -0.4067 -1.1417, -9.5807 -1.9205 0.4213, -9.5807 -1.9205 0.5787, -9.5807 -0.7217 0.4213, -9.5807 -0.7217 0.5787, -9.5807 -0.6809 0.4159, -9.5807 -0.6516 0.5708, -9.5807 -0.585 0.5476, -9.4232 -2.6033 0.4213, -9.4232 -2.6033 0.5787, -9.5807 -2.6033 0.4213, -9.5807 -2.6033 0.5787, -9.6004 -2.8768 0.4213, -9.5912 -3.2653 0.4213, -9.6825 -3.277 0.4213, -9.4232 -1.9713 0.4213, -9.3215 -3.277 0.4213, -9.4128 -3.2653 0.4213, -9.2756 -2.9178 0.4213, -9.4035 -2.8768 0.4213, -9.2756 -1.9336 0.4213, -9.4035 -1.9713 0.4213, -9.5807 -1.9713 0.4213, -9.2831 -1.9205 0.4213, -9.7283 -2.9178 0.4213, -9.7283 -1.9336 0.4213, -9.6004 -1.9713 0.4213, -9.7208 -1.9205 0.4213, -9.5491 -0.5642 -1.2598, -9.4549 -0.5642 -1.2598, -9.5491 -0.4067 -1.2598, -9.4549 -0.4067 -1.2598, -9.4035 -2.8768 0.5787, -9.4128 -3.2653 0.5787, -9.3215 -3.277 0.5787, -9.5807 -1.9713 0.5787, -9.6825 -3.277 0.5787, -9.5912 -3.2653 0.5787, -9.7283 -2.9178 0.5787, -9.6004 -2.8768 0.5787, -9.7283 -1.9336 0.5787, -9.6004 -1.9713 0.5787, -9.4232 -1.9713 0.5787, -9.7208 -1.9205 0.5787, -9.2756 -2.9178 0.5787, -9.2756 -1.9336 0.5787, -9.4035 -1.9713 0.5787, -9.2831 -1.9205 0.5787, 1.5768 -0.5642 -1.1417, 1.5768 -0.4067 -1.1417, 1.5768 -0.5642 0.2638, 1.5768 -0.4067 0.2638, 1.5768 -0.5695 0.3045, 1.5768 -0.4146 0.3339, 1.5768 -0.5853 0.3425, 1.5768 -0.4379 0.4004, 1.5768 -0.6103 0.3751, 1.5768 -0.4754 0.4602, 1.5768 -0.5253 0.51, 1.5768 -0.6429 0.4002, 1.5768 -0.585 0.5476, 1.5768 -0.6809 0.4159, 1.5768 -0.6516 0.5708, 1.5768 -0.7217 0.4213, 1.5768 -0.7217 0.5787, 1.5768 -1.9205 0.4213, 1.5768 -1.9205 0.5787, 1.4193 -0.6429 0.4002, 1.4193 -0.5253 0.51, 1.4193 -0.6103 0.3751, 1.4193 -0.4754 0.4602, 1.4193 -0.5853 0.3425, 1.4193 -0.4379 0.4004, 1.4193 -0.5695 0.3045, 1.4193 -0.4146 0.3339, 1.4193 -0.5642 0.2638, 1.4193 -0.4067 0.2638, 1.4193 -0.5642 -1.1417, 1.4193 -0.4067 -1.1417, 1.4193 -1.9205 0.4213, 1.4193 -1.9205 0.5787, 1.4193 -0.7217 0.4213, 1.4193 -0.7217 0.5787, 1.4193 -0.6809 0.4159, 1.4193 -0.6516 0.5708, 1.4193 -0.585 0.5476, 1.5768 -2.6033 0.4213, 1.5768 -2.6033 0.5787, 1.4193 -2.6033 0.4213, 1.4193 -2.6033 0.5787, 1.3996 -2.8768 0.4213, 1.4088 -3.2653 0.4213, 1.3175 -3.277 0.4213, 1.5768 -1.9713 0.4213, 1.6785 -3.277 0.4213, 1.5872 -3.2653 0.4213, 1.7244 -2.9178 0.4213, 1.5965 -2.8768 0.4213, 1.7244 -1.9336 0.4213, 1.5965 -1.9713 0.4213, 1.4193 -1.9713 0.4213, 1.7169 -1.9205 0.4213, 1.2717 -2.9178 0.4213, 1.2717 -1.9336 0.4213, 1.3996 -1.9713 0.4213, 1.2792 -1.9205 0.4213, 1.5451 -0.5642 -1.2598, 1.4509 -0.5642 -1.2598, 1.4509 -0.4067 -1.2598, 1.5451 -0.4067 -1.2598, 1.5965 -2.8768 0.5787, 1.5872 -3.2653 0.5787, 1.6785 -3.277 0.5787, 1.4193 -1.9713 0.5787, 1.3175 -3.277 0.5787, 1.4088 -3.2653 0.5787, 1.2717 -2.9178 0.5787, 1.3996 -2.8768 0.5787, 1.2717 -1.9336 0.5787, 1.3996 -1.9713 0.5787, 1.5768 -1.9713 0.5787, 1.2792 -1.9205 0.5787, 1.7244 -2.9178 0.5787, 1.7244 -1.9336 0.5787, 1.5965 -1.9713 0.5787, 1.7169 -1.9205 0.5787, 2.5768 -0.5642 -1.1417, 2.5768 -0.4067 -1.1417, 2.5768 -0.5642 0.2638, 2.5768 -0.4067 0.2638, 2.5768 -0.5695 0.3045, 2.5768 -0.4146 0.3339, 2.5768 -0.5853 0.3425, 2.5768 -0.4379 0.4004, 2.5768 -0.6103 0.3751, 2.5768 -0.4754 0.4602, 2.5768 -0.5253 0.51, 2.5768 -0.6429 0.4002, 2.5768 -0.585 0.5476, 2.5768 -0.6809 0.4159, 2.5768 -0.6516 0.5708, 2.5768 -0.7217 0.4213, 2.5768 -0.7217 0.5787, 2.5768 -1.9205 0.4213, 2.5768 -1.9205 0.5787, 2.4193 -0.6429 0.4002, 2.4193 -0.5253 0.51, 2.4193 -0.6103 0.3751, 2.4193 -0.4754 0.4602, 2.4193 -0.5853 0.3425, 2.4193 -0.4379 0.4004, 2.4193 -0.5695 0.3045, 2.4193 -0.4146 0.3339, 2.4193 -0.5642 0.2638, 2.4193 -0.4067 0.2638, 2.4193 -0.5642 -1.1417, 2.4193 -0.4067 -1.1417, 2.4193 -1.9205 0.4213, 2.4193 -1.9205 0.5787, 2.4193 -0.7217 0.4213, 2.4193 -0.7217 0.5787, 2.4193 -0.6809 0.4159, 2.4193 -0.6516 0.5708, 2.4193 -0.585 0.5476, 2.5768 -2.6033 0.4213, 2.5768 -2.6033 0.5787, 2.4193 -2.6033 0.4213, 2.4193 -2.6033 0.5787, 2.3996 -2.8768 0.4213, 2.4088 -3.2653 0.4213, 2.3175 -3.277 0.4213, 2.5768 -1.9713 0.4213, 2.6785 -3.277 0.4213, 2.5872 -3.2653 0.4213, 2.7244 -2.9178 0.4213, 2.5965 -2.8768 0.4213, 2.7244 -1.9336 0.4213, 2.5965 -1.9713 0.4213, 2.4193 -1.9713 0.4213, 2.7169 -1.9205 0.4213, 2.2717 -2.9178 0.4213, 2.2717 -1.9336 0.4213, 2.3996 -1.9713 0.4213, 2.2792 -1.9205 0.4213, 2.4509 -0.5642 -1.2598, 2.5451 -0.5642 -1.2598, 2.4509 -0.4067 -1.2598, 2.5451 -0.4067 -1.2598, 2.5965 -2.8768 0.5787, 2.5872 -3.2653 0.5787, 2.6785 -3.277 0.5787, 2.4193 -1.9713 0.5787, 2.3175 -3.277 0.5787, 2.4088 -3.2653 0.5787, 2.2717 -2.9178 0.5787, 2.3996 -2.8768 0.5787, 2.2717 -1.9336 0.5787, 2.3996 -1.9713 0.5787, 2.5768 -1.9713 0.5787, 2.2792 -1.9205 0.5787, 2.7244 -2.9178 0.5787, 2.7244 -1.9336 0.5787, 2.5965 -1.9713 0.5787, 2.7169 -1.9205 0.5787, 3.5768 -0.5642 -1.1417, 3.5768 -0.4067 -1.1417, 3.5768 -0.5642 0.2638, 3.5768 -0.4067 0.2638, 3.5768 -0.5695 0.3045, 3.5768 -0.4146 0.3339, 3.5768 -0.5853 0.3425, 3.5768 -0.4379 0.4004, 3.5768 -0.6103 0.3751, 3.5768 -0.4754 0.4602, 3.5768 -0.5253 0.51, 3.5768 -0.6429 0.4002, 3.5768 -0.585 0.5476, 3.5768 -0.6809 0.4159, 3.5768 -0.6516 0.5708, 3.5768 -0.7217 0.4213, 3.5768 -0.7217 0.5787, 3.5768 -1.9205 0.4213, 3.5768 -1.9205 0.5787, 3.4193 -0.6429 0.4002, 3.4193 -0.5253 0.51, 3.4193 -0.6103 0.3751, 3.4193 -0.4754 0.4602, 3.4193 -0.5853 0.3425, 3.4193 -0.4379 0.4004, 3.4193 -0.5695 0.3045, 3.4193 -0.4146 0.3339, 3.4193 -0.5642 0.2638, 3.4193 -0.4067 0.2638, 3.4193 -0.5642 -1.1417, 3.4193 -0.4067 -1.1417, 3.4193 -1.9205 0.4213, 3.4193 -1.9205 0.5787, 3.4193 -0.7217 0.4213, 3.4193 -0.7217 0.5787, 3.4193 -0.6809 0.4159, 3.4193 -0.6516 0.5708, 3.4193 -0.585 0.5476, 3.5768 -2.6033 0.4213, 3.5768 -2.6033 0.5787, 3.4193 -2.6033 0.4213, 3.4193 -2.6033 0.5787, 3.3996 -2.8768 0.4213, 3.4088 -3.2653 0.4213, 3.3175 -3.277 0.4213, 3.5768 -1.9713 0.4213, 3.6785 -3.277 0.4213, 3.5872 -3.2653 0.4213, 3.7244 -2.9178 0.4213, 3.5965 -2.8768 0.4213, 3.7244 -1.9336 0.4213, 3.5965 -1.9713 0.4213, 3.4193 -1.9713 0.4213, 3.7169 -1.9205 0.4213, 3.2717 -2.9178 0.4213, 3.2717 -1.9336 0.4213, 3.3996 -1.9713 0.4213, 3.2792 -1.9205 0.4213, 3.4509 -0.5642 -1.2598, 3.5451 -0.5642 -1.2598, 3.4509 -0.4067 -1.2598, 3.5451 -0.4067 -1.2598, 3.5965 -2.8768 0.5787, 3.5872 -3.2653 0.5787, 3.6785 -3.277 0.5787, 3.4193 -1.9713 0.5787, 3.3175 -3.277 0.5787, 3.4088 -3.2653 0.5787, 3.2717 -2.9178 0.5787, 3.3996 -2.8768 0.5787, 3.2717 -1.9336 0.5787, 3.3996 -1.9713 0.5787, 3.5768 -1.9713 0.5787, 3.2792 -1.9205 0.5787, 3.7244 -2.9178 0.5787, 3.7244 -1.9336 0.5787, 3.5965 -1.9713 0.5787, 3.7169 -1.9205 0.5787, 4.5768 -0.5642 -1.1417, 4.5768 -0.4067 -1.1417, 4.5768 -0.5642 0.2638, 4.5768 -0.4067 0.2638, 4.5768 -0.5695 0.3045, 4.5768 -0.4146 0.3339, 4.5768 -0.5853 0.3425, 4.5768 -0.4379 0.4004, 4.5768 -0.6103 0.3751, 4.5768 -0.4754 0.4602, 4.5768 -0.5253 0.51, 4.5768 -0.6429 0.4002, 4.5768 -0.585 0.5476, 4.5768 -0.6809 0.4159, 4.5768 -0.6516 0.5708, 4.5768 -0.7217 0.4213, 4.5768 -0.7217 0.5787, 4.5768 -1.9205 0.4213, 4.5768 -1.9205 0.5787, 4.4193 -0.6429 0.4002, 4.4193 -0.5253 0.51, 4.4193 -0.6103 0.3751, 4.4193 -0.4754 0.4602, 4.4193 -0.5853 0.3425, 4.4193 -0.4379 0.4004, 4.4193 -0.5695 0.3045, 4.4193 -0.4146 0.3339, 4.4193 -0.5642 0.2638, 4.4193 -0.4067 0.2638, 4.4193 -0.5642 -1.1417, 4.4193 -0.4067 -1.1417, 4.4193 -1.9205 0.4213, 4.4193 -1.9205 0.5787, 4.4193 -0.7217 0.4213, 4.4193 -0.7217 0.5787, 4.4193 -0.6809 0.4159, 4.4193 -0.6516 0.5708, 4.4193 -0.585 0.5476, 4.5768 -2.6033 0.4213, 4.5768 -2.6033 0.5787, 4.4193 -2.6033 0.4213, 4.4193 -2.6033 0.5787, 4.3996 -2.8768 0.4213, 4.4088 -3.2653 0.4213, 4.3175 -3.277 0.4213, 4.5768 -1.9713 0.4213, 4.6785 -3.277 0.4213, 4.5872 -3.2653 0.4213, 4.7244 -2.9178 0.4213, 4.5965 -2.8768 0.4213, 4.7244 -1.9336 0.4213, 4.5965 -1.9713 0.4213, 4.4193 -1.9713 0.4213, 4.7169 -1.9205 0.4213, 4.2717 -2.9178 0.4213, 4.2717 -1.9336 0.4213, 4.3996 -1.9713 0.4213, 4.2792 -1.9205 0.4213, 4.4509 -0.5642 -1.2598, 4.5451 -0.5642 -1.2598, 4.4509 -0.4067 -1.2598, 4.5451 -0.4067 -1.2598, 4.5965 -2.8768 0.5787, 4.5872 -3.2653 0.5787, 4.6785 -3.277 0.5787, 4.4193 -1.9713 0.5787, 4.3175 -3.277 0.5787, 4.4088 -3.2653 0.5787, 4.2717 -2.9178 0.5787, 4.3996 -2.8768 0.5787, 4.2717 -1.9336 0.5787, 4.3996 -1.9713 0.5787, 4.5768 -1.9713 0.5787, 4.2792 -1.9205 0.5787, 4.7244 -2.9178 0.5787, 4.7244 -1.9336 0.5787, 4.5965 -1.9713 0.5787, 4.7169 -1.9205 0.5787, 5.5768 -0.5642 -1.1417, 5.5768 -0.4067 -1.1417, 5.5768 -0.5642 0.2638, 5.5768 -0.4067 0.2638, 5.5768 -0.5695 0.3045, 5.5768 -0.4146 0.3339, 5.5768 -0.5853 0.3425, 5.5768 -0.4379 0.4004, 5.5768 -0.6103 0.3751, 5.5768 -0.4754 0.4602, 5.5768 -0.5253 0.51, 5.5768 -0.6429 0.4002, 5.5768 -0.585 0.5476, 5.5768 -0.6809 0.4159, 5.5768 -0.6516 0.5708, 5.5768 -0.7217 0.4213, 5.5768 -0.7217 0.5787, 5.5768 -1.9205 0.4213, 5.5768 -1.9205 0.5787, 5.4193 -0.6429 0.4002, 5.4193 -0.5253 0.51, 5.4193 -0.6103 0.3751, 5.4193 -0.4754 0.4602, 5.4193 -0.5853 0.3425, 5.4193 -0.4379 0.4004, 5.4193 -0.5695 0.3045, 5.4193 -0.4146 0.3339, 5.4193 -0.5642 0.2638, 5.4193 -0.4067 0.2638, 5.4193 -0.5642 -1.1417, 5.4193 -0.4067 -1.1417, 5.4193 -1.9205 0.4213, 5.4193 -1.9205 0.5787, 5.4193 -0.7217 0.4213, 5.4193 -0.7217 0.5787, 5.4193 -0.6809 0.4159, 5.4193 -0.6516 0.5708, 5.4193 -0.585 0.5476, 5.5768 -2.6033 0.4213, 5.5768 -2.6033 0.5787, 5.4193 -2.6033 0.4213, 5.4193 -2.6033 0.5787, 5.3996 -2.8768 0.4213, 5.4088 -3.2653 0.4213, 5.3175 -3.277 0.4213, 5.5768 -1.9713 0.4213, 5.6785 -3.277 0.4213, 5.5872 -3.2653 0.4213, 5.7244 -2.9178 0.4213, 5.5965 -2.8768 0.4213, 5.7244 -1.9336 0.4213, 5.5965 -1.9713 0.4213, 5.4193 -1.9713 0.4213, 5.7169 -1.9205 0.4213, 5.2717 -2.9178 0.4213, 5.2717 -1.9336 0.4213, 5.3996 -1.9713 0.4213, 5.2792 -1.9205 0.4213, 5.4509 -0.5642 -1.2598, 5.5451 -0.5642 -1.2598, 5.4509 -0.4067 -1.2598, 5.5451 -0.4067 -1.2598, 5.5965 -2.8768 0.5787, 5.5872 -3.2653 0.5787, 5.6785 -3.277 0.5787, 5.4193 -1.9713 0.5787, 5.3175 -3.277 0.5787, 5.4088 -3.2653 0.5787, 5.2717 -2.9178 0.5787, 5.3996 -2.8768 0.5787, 5.2717 -1.9336 0.5787, 5.3996 -1.9713 0.5787, 5.5768 -1.9713 0.5787, 5.2792 -1.9205 0.5787, 5.7244 -2.9178 0.5787, 5.7244 -1.9336 0.5787, 5.5965 -1.9713 0.5787, 5.7169 -1.9205 0.5787, 6.5768 -0.5642 -1.1417, 6.5768 -0.4067 -1.1417, 6.5768 -0.5642 0.2638, 6.5768 -0.4067 0.2638, 6.5768 -0.5695 0.3045, 6.5768 -0.4146 0.3339, 6.5768 -0.5853 0.3425, 6.5768 -0.4379 0.4004, 6.5768 -0.6103 0.3751, 6.5768 -0.4754 0.4602, 6.5768 -0.5253 0.51, 6.5768 -0.6429 0.4002, 6.5768 -0.585 0.5476, 6.5768 -0.6809 0.4159, 6.5768 -0.6516 0.5708, 6.5768 -0.7217 0.4213, 6.5768 -0.7217 0.5787, 6.5768 -1.9205 0.4213, 6.5768 -1.9205 0.5787, 6.4193 -0.6429 0.4002, 6.4193 -0.5253 0.51, 6.4193 -0.6103 0.3751, 6.4193 -0.4754 0.4602, 6.4193 -0.5853 0.3425, 6.4193 -0.4379 0.4004, 6.4193 -0.5695 0.3045, 6.4193 -0.4146 0.3339, 6.4193 -0.5642 0.2638, 6.4193 -0.4067 0.2638, 6.4193 -0.5642 -1.1417, 6.4193 -0.4067 -1.1417, 6.4193 -1.9205 0.4213, 6.4193 -1.9205 0.5787, 6.4193 -0.7217 0.4213, 6.4193 -0.7217 0.5787, 6.4193 -0.6809 0.4159, 6.4193 -0.6516 0.5708, 6.4193 -0.585 0.5476, 6.5768 -2.6033 0.4213, 6.5768 -2.6033 0.5787, 6.4193 -2.6033 0.4213, 6.4193 -2.6033 0.5787, 6.3996 -2.8768 0.4213, 6.4088 -3.2653 0.4213, 6.3175 -3.277 0.4213, 6.5768 -1.9713 0.4213, 6.6785 -3.277 0.4213, 6.5872 -3.2653 0.4213, 6.7244 -2.9178 0.4213, 6.5965 -2.8768 0.4213, 6.7244 -1.9336 0.4213, 6.5965 -1.9713 0.4213, 6.4193 -1.9713 0.4213, 6.7169 -1.9205 0.4213, 6.2717 -2.9178 0.4213, 6.2717 -1.9336 0.4213, 6.3996 -1.9713 0.4213, 6.2792 -1.9205 0.4213, 6.4509 -0.5642 -1.2598, 6.5451 -0.5642 -1.2598, 6.4509 -0.4067 -1.2598, 6.5451 -0.4067 -1.2598, 6.5965 -2.8768 0.5787, 6.5872 -3.2653 0.5787, 6.6785 -3.277 0.5787, 6.4193 -1.9713 0.5787, 6.3175 -3.277 0.5787, 6.4088 -3.2653 0.5787, 6.2717 -2.9178 0.5787, 6.3996 -2.8768 0.5787, 6.2717 -1.9336 0.5787, 6.3996 -1.9713 0.5787, 6.5768 -1.9713 0.5787, 6.2792 -1.9205 0.5787, 6.7244 -2.9178 0.5787, 6.7244 -1.9336 0.5787, 6.5965 -1.9713 0.5787, 6.7169 -1.9205 0.5787, 7.5768 -0.5642 -1.1417, 7.5768 -0.4067 -1.1417, 7.5768 -0.5642 0.2638, 7.5768 -0.4067 0.2638, 7.5768 -0.5695 0.3045, 7.5768 -0.4146 0.3339, 7.5768 -0.5853 0.3425, 7.5768 -0.4379 0.4004, 7.5768 -0.6103 0.3751, 7.5768 -0.4754 0.4602, 7.5768 -0.5253 0.51, 7.5768 -0.6429 0.4002, 7.5768 -0.585 0.5476, 7.5768 -0.6809 0.4159, 7.5768 -0.6516 0.5708, 7.5768 -0.7217 0.4213, 7.5768 -0.7217 0.5787, 7.5768 -1.9205 0.4213, 7.5768 -1.9205 0.5787, 7.4193 -0.6429 0.4002, 7.4193 -0.5253 0.51, 7.4193 -0.6103 0.3751, 7.4193 -0.4754 0.4602, 7.4193 -0.5853 0.3425, 7.4193 -0.4379 0.4004, 7.4193 -0.5695 0.3045, 7.4193 -0.4146 0.3339, 7.4193 -0.5642 0.2638, 7.4193 -0.4067 0.2638, 7.4193 -0.5642 -1.1417, 7.4193 -0.4067 -1.1417, 7.4193 -1.9205 0.4213, 7.4193 -1.9205 0.5787, 7.4193 -0.7217 0.4213, 7.4193 -0.7217 0.5787, 7.4193 -0.6809 0.4159, 7.4193 -0.6516 0.5708, 7.4193 -0.585 0.5476, 7.5768 -2.6033 0.4213, 7.5768 -2.6033 0.5787, 7.4193 -2.6033 0.4213, 7.4193 -2.6033 0.5787, 7.3996 -2.8768 0.4213, 7.4088 -3.2653 0.4213, 7.3175 -3.277 0.4213, 7.5768 -1.9713 0.4213, 7.6785 -3.277 0.4213, 7.5872 -3.2653 0.4213, 7.7244 -2.9178 0.4213, 7.5965 -2.8768 0.4213, 7.7244 -1.9336 0.4213, 7.5965 -1.9713 0.4213, 7.4193 -1.9713 0.4213, 7.7169 -1.9205 0.4213, 7.2717 -2.9178 0.4213, 7.2717 -1.9336 0.4213, 7.3996 -1.9713 0.4213, 7.2792 -1.9205 0.4213, 7.4509 -0.5642 -1.2598, 7.5451 -0.5642 -1.2598, 7.4509 -0.4067 -1.2598, 7.5451 -0.4067 -1.2598, 7.5965 -2.8768 0.5787, 7.5872 -3.2653 0.5787, 7.6785 -3.277 0.5787, 7.4193 -1.9713 0.5787, 7.3175 -3.277 0.5787, 7.4088 -3.2653 0.5787, 7.2717 -2.9178 0.5787, 7.3996 -2.8768 0.5787, 7.2717 -1.9336 0.5787, 7.3996 -1.9713 0.5787, 7.5768 -1.9713 0.5787, 7.2792 -1.9205 0.5787, 7.7244 -2.9178 0.5787, 7.7244 -1.9336 0.5787, 7.5965 -1.9713 0.5787, 7.7169 -1.9205 0.5787, 8.5768 -0.5642 -1.1417, 8.5768 -0.4067 -1.1417, 8.5768 -0.5642 0.2638, 8.5768 -0.4067 0.2638, 8.5768 -0.5695 0.3045, 8.5768 -0.4146 0.3339, 8.5768 -0.5853 0.3425, 8.5768 -0.4379 0.4004, 8.5768 -0.6103 0.3751, 8.5768 -0.4754 0.4602, 8.5768 -0.5253 0.51, 8.5768 -0.6429 0.4002, 8.5768 -0.585 0.5476, 8.5768 -0.6809 0.4159, 8.5768 -0.6516 0.5708, 8.5768 -0.7217 0.4213, 8.5768 -0.7217 0.5787, 8.5768 -1.9205 0.4213, 8.5768 -1.9205 0.5787, 8.4193 -0.6429 0.4002, 8.4193 -0.5253 0.51, 8.4193 -0.6103 0.3751, 8.4193 -0.4754 0.4602, 8.4193 -0.5853 0.3425, 8.4193 -0.4379 0.4004, 8.4193 -0.5695 0.3045, 8.4193 -0.4146 0.3339, 8.4193 -0.5642 0.2638, 8.4193 -0.4067 0.2638, 8.4193 -0.5642 -1.1417, 8.4193 -0.4067 -1.1417, 8.4193 -1.9205 0.4213, 8.4193 -1.9205 0.5787, 8.4193 -0.7217 0.4213, 8.4193 -0.7217 0.5787, 8.4193 -0.6809 0.4159, 8.4193 -0.6516 0.5708, 8.4193 -0.585 0.5476, 8.5768 -2.6033 0.4213, 8.5768 -2.6033 0.5787, 8.4193 -2.6033 0.4213, 8.4193 -2.6033 0.5787, 8.3996 -2.8768 0.4213, 8.4088 -3.2653 0.4213, 8.3175 -3.277 0.4213, 8.5768 -1.9713 0.4213, 8.6785 -3.277 0.4213, 8.5872 -3.2653 0.4213, 8.7244 -2.9178 0.4213, 8.5965 -2.8768 0.4213, 8.7244 -1.9336 0.4213, 8.5965 -1.9713 0.4213, 8.4193 -1.9713 0.4213, 8.7169 -1.9205 0.4213, 8.2717 -2.9178 0.4213, 8.2717 -1.9336 0.4213, 8.3996 -1.9713 0.4213, 8.2792 -1.9205 0.4213, 8.4509 -0.5642 -1.2598, 8.5451 -0.5642 -1.2598, 8.4509 -0.4067 -1.2598, 8.5451 -0.4067 -1.2598, 8.5965 -2.8768 0.5787, 8.5872 -3.2653 0.5787, 8.6785 -3.277 0.5787, 8.4193 -1.9713 0.5787, 8.3175 -3.277 0.5787, 8.4088 -3.2653 0.5787, 8.2717 -2.9178 0.5787, 8.3996 -2.8768 0.5787, 8.2717 -1.9336 0.5787, 8.3996 -1.9713 0.5787, 8.5768 -1.9713 0.5787, 8.2792 -1.9205 0.5787, 8.7244 -2.9178 0.5787, 8.7244 -1.9336 0.5787, 8.5965 -1.9713 0.5787, 8.7169 -1.9205 0.5787, 9.5768 -0.5642 -1.1417, 9.5768 -0.4067 -1.1417, 9.5768 -0.5642 0.2638, 9.5768 -0.4067 0.2638, 9.5768 -0.5695 0.3045, 9.5768 -0.4146 0.3339, 9.5768 -0.5853 0.3425, 9.5768 -0.4379 0.4004, 9.5768 -0.6103 0.3751, 9.5768 -0.4754 0.4602, 9.5768 -0.5253 0.51, 9.5768 -0.6429 0.4002, 9.5768 -0.585 0.5476, 9.5768 -0.6809 0.4159, 9.5768 -0.6516 0.5708, 9.5768 -0.7217 0.4213, 9.5768 -0.7217 0.5787, 9.5768 -1.9205 0.4213, 9.5768 -1.9205 0.5787, 9.4193 -0.6429 0.4002, 9.4193 -0.5253 0.51, 9.4193 -0.6103 0.3751, 9.4193 -0.4754 0.4602, 9.4193 -0.5853 0.3425, 9.4193 -0.4379 0.4004, 9.4193 -0.5695 0.3045, 9.4193 -0.4146 0.3339, 9.4193 -0.5642 0.2638, 9.4193 -0.4067 0.2638, 9.4193 -0.5642 -1.1417, 9.4193 -0.4067 -1.1417, 9.4193 -1.9205 0.4213, 9.4193 -1.9205 0.5787, 9.4193 -0.7217 0.4213, 9.4193 -0.7217 0.5787, 9.4193 -0.6809 0.4159, 9.4193 -0.6516 0.5708, 9.4193 -0.585 0.5476, 9.5768 -2.6033 0.4213, 9.5768 -2.6033 0.5787, 9.4193 -2.6033 0.4213, 9.4193 -2.6033 0.5787, 9.3996 -2.8768 0.4213, 9.4088 -3.2653 0.4213, 9.3175 -3.277 0.4213, 9.5768 -1.9713 0.4213, 9.6785 -3.277 0.4213, 9.5872 -3.2653 0.4213, 9.7244 -2.9178 0.4213, 9.5965 -2.8768 0.4213, 9.7244 -1.9336 0.4213, 9.5965 -1.9713 0.4213, 9.4193 -1.9713 0.4213, 9.7169 -1.9205 0.4213, 9.2717 -2.9178 0.4213, 9.2717 -1.9336 0.4213, 9.3996 -1.9713 0.4213, 9.2792 -1.9205 0.4213, 9.4509 -0.5642 -1.2598, 9.5451 -0.5642 -1.2598, 9.4509 -0.4067 -1.2598, 9.5451 -0.4067 -1.2598, 9.5965 -2.8768 0.5787, 9.5872 -3.2653 0.5787, 9.6785 -3.277 0.5787, 9.4193 -1.9713 0.5787, 9.3175 -3.277 0.5787, 9.4088 -3.2653 0.5787, 9.2717 -2.9178 0.5787, 9.3996 -2.8768 0.5787, 9.2717 -1.9336 0.5787, 9.3996 -1.9713 0.5787, 9.5768 -1.9713 0.5787, 9.2792 -1.9205 0.5787, 9.7244 -2.9178 0.5787, 9.7244 -1.9336 0.5787, 9.5965 -1.9713 0.5787, 9.7169 -1.9205 0.5787, -4.4232 -2.6033 1.5787, -4.4232 -2.6033 1.4213, -4.4232 -1.9713 1.5787, -4.4232 -1.9713 1.4213, -4.5807 -1.9713 1.4213, -4.5807 -2.6033 1.4213, -4.5807 -1.9713 1.5787, -4.5807 -2.6033 1.5787, -4.5491 0.4358 -1.2598, -4.4549 0.4358 -1.2598, -4.5807 0.4358 -1.1417, -4.4232 0.4358 -1.1417, -4.5807 0.4358 1.2638, -4.4232 0.4358 1.2638, -4.5491 0.5933 -1.2598, -4.4549 0.5933 -1.2598, -4.5807 0.5933 1.2638, -4.4232 0.5933 1.2638, -4.5807 0.5933 -1.1417, -4.4232 0.5933 -1.1417, -4.5807 0.5826 1.3453, -4.4232 0.5826 1.3453, -4.5807 0.5511 1.4213, -4.4232 0.5511 1.4213, -4.5807 0.5011 1.4865, -4.4232 0.5011 1.4865, -4.5807 0.4358 1.5365, -4.4232 0.4358 1.5365, -4.5807 0.3599 1.568, -4.4232 0.3599 1.568, -4.5807 0.2783 1.5787, -4.4232 0.2783 1.5787, -4.4035 -2.8768 1.5787, -4.4128 -3.2653 1.5787, -4.3215 -3.277 1.5787, -4.4232 -1.9205 1.5787, -4.2756 -2.9178 1.5787, -4.2756 -1.9336 1.5787, -4.4035 -1.9713 1.5787, -4.2831 -1.9205 1.5787, -4.5807 -1.9205 1.5787, -4.6825 -3.277 1.5787, -4.5912 -3.2653 1.5787, -4.7283 -2.9178 1.5787, -4.6004 -2.8768 1.5787, -4.7283 -1.9336 1.5787, -4.6004 -1.9713 1.5787, -4.7208 -1.9205 1.5787, -4.6004 -2.8768 1.4213, -4.5912 -3.2653 1.4213, -4.6825 -3.277 1.4213, -4.5807 -1.9205 1.4213, -4.5807 0.2783 1.4213, -4.4232 0.2783 1.4213, -4.7283 -2.9178 1.4213, -4.7283 -1.9336 1.4213, -4.6004 -1.9713 1.4213, -4.7208 -1.9205 1.4213, -4.4232 -1.9205 1.4213, -4.3215 -3.277 1.4213, -4.4128 -3.2653 1.4213, -4.2756 -2.9178 1.4213, -4.4035 -2.8768 1.4213, -4.2756 -1.9336 1.4213, -4.4035 -1.9713 1.4213, -4.2831 -1.9205 1.4213, -4.4232 0.3191 1.4159, -4.5807 0.3191 1.4159, -4.4232 0.3571 1.4002, -4.5807 0.3571 1.4002, -4.4232 0.3897 1.3751, -4.5807 0.3897 1.3751, -4.4232 0.4147 1.3425, -4.5807 0.4147 1.3425, -4.4232 0.4305 1.3045, -4.5807 0.4305 1.3045, -5.4232 -2.6033 1.5787, -5.4232 -2.6033 1.4213, -5.4232 -1.9713 1.5787, -5.4232 -1.9713 1.4213, -5.5807 -1.9713 1.4213, -5.5807 -2.6033 1.4213, -5.5807 -1.9713 1.5787, -5.5807 -2.6033 1.5787, -5.5491 0.4358 -1.2598, -5.4549 0.4358 -1.2598, -5.5807 0.4358 -1.1417, -5.4232 0.4358 -1.1417, -5.5807 0.4358 1.2638, -5.4232 0.4358 1.2638, -5.5491 0.5933 -1.2598, -5.4549 0.5933 -1.2598, -5.5807 0.5933 1.2638, -5.4232 0.5933 1.2638, -5.5807 0.5933 -1.1417, -5.4232 0.5933 -1.1417, -5.5807 0.5826 1.3453, -5.4232 0.5826 1.3453, -5.5807 0.5511 1.4213, -5.4232 0.5511 1.4213, -5.5807 0.5011 1.4865, -5.4232 0.5011 1.4865, -5.5807 0.4358 1.5365, -5.4232 0.4358 1.5365, -5.5807 0.3599 1.568, -5.4232 0.3599 1.568, -5.5807 0.2783 1.5787, -5.4232 0.2783 1.5787, -5.4035 -2.8768 1.5787, -5.4128 -3.2653 1.5787, -5.3215 -3.277 1.5787, -5.4232 -1.9205 1.5787, -5.2756 -2.9178 1.5787, -5.2756 -1.9336 1.5787, -5.4035 -1.9713 1.5787, -5.2831 -1.9205 1.5787, -5.5807 -1.9205 1.5787, -5.6825 -3.277 1.5787, -5.5912 -3.2653 1.5787, -5.7283 -2.9178 1.5787, -5.6004 -2.8768 1.5787, -5.7283 -1.9336 1.5787, -5.6004 -1.9713 1.5787, -5.7208 -1.9205 1.5787, -5.6004 -2.8768 1.4213, -5.5912 -3.2653 1.4213, -5.6825 -3.277 1.4213, -5.5807 -1.9205 1.4213, -5.5807 0.2783 1.4213, -5.4232 0.2783 1.4213, -5.7283 -2.9178 1.4213, -5.7283 -1.9336 1.4213, -5.6004 -1.9713 1.4213, -5.7208 -1.9205 1.4213, -5.4232 -1.9205 1.4213, -5.3215 -3.277 1.4213, -5.4128 -3.2653 1.4213, -5.2756 -2.9178 1.4213, -5.4035 -2.8768 1.4213, -5.2756 -1.9336 1.4213, -5.4035 -1.9713 1.4213, -5.2831 -1.9205 1.4213, -5.4232 0.3191 1.4159, -5.5807 0.3191 1.4159, -5.4232 0.3571 1.4002, -5.5807 0.3571 1.4002, -5.4232 0.3897 1.3751, -5.5807 0.3897 1.3751, -5.4232 0.4147 1.3425, -5.5807 0.4147 1.3425, -5.4232 0.4305 1.3045, -5.5807 0.4305 1.3045, -6.4232 -2.6033 1.5787, -6.4232 -2.6033 1.4213, -6.4232 -1.9713 1.5787, -6.4232 -1.9713 1.4213, -6.5807 -1.9713 1.4213, -6.5807 -2.6033 1.4213, -6.5807 -1.9713 1.5787, -6.5807 -2.6033 1.5787, -6.5491 0.4358 -1.2598, -6.4549 0.4358 -1.2598, -6.5807 0.4358 -1.1417, -6.4232 0.4358 -1.1417, -6.5807 0.4358 1.2638, -6.4232 0.4358 1.2638, -6.5491 0.5933 -1.2598, -6.4549 0.5933 -1.2598, -6.5807 0.5933 1.2638, -6.4232 0.5933 1.2638, -6.5807 0.5933 -1.1417, -6.4232 0.5933 -1.1417, -6.5807 0.5826 1.3453, -6.4232 0.5826 1.3453, -6.5807 0.5511 1.4213, -6.4232 0.5511 1.4213, -6.5807 0.5011 1.4865, -6.4232 0.5011 1.4865, -6.5807 0.4358 1.5365, -6.4232 0.4358 1.5365, -6.5807 0.3599 1.568, -6.4232 0.3599 1.568, -6.5807 0.2783 1.5787, -6.4232 0.2783 1.5787, -6.4035 -2.8768 1.5787, -6.4128 -3.2653 1.5787, -6.3215 -3.277 1.5787, -6.4232 -1.9205 1.5787, -6.2756 -2.9178 1.5787, -6.2756 -1.9336 1.5787, -6.4035 -1.9713 1.5787, -6.2831 -1.9205 1.5787, -6.5807 -1.9205 1.5787, -6.6825 -3.277 1.5787, -6.5912 -3.2653 1.5787, -6.7283 -2.9178 1.5787, -6.6004 -2.8768 1.5787, -6.7283 -1.9336 1.5787, -6.6004 -1.9713 1.5787, -6.7208 -1.9205 1.5787, -6.6004 -2.8768 1.4213, -6.5912 -3.2653 1.4213, -6.6825 -3.277 1.4213, -6.5807 -1.9205 1.4213, -6.5807 0.2783 1.4213, -6.4232 0.2783 1.4213, -6.7283 -2.9178 1.4213, -6.7283 -1.9336 1.4213, -6.6004 -1.9713 1.4213, -6.7208 -1.9205 1.4213, -6.4232 -1.9205 1.4213, -6.3215 -3.277 1.4213, -6.4128 -3.2653 1.4213, -6.2756 -2.9178 1.4213, -6.4035 -2.8768 1.4213, -6.2756 -1.9336 1.4213, -6.4035 -1.9713 1.4213, -6.2831 -1.9205 1.4213, -6.4232 0.3191 1.4159, -6.5807 0.3191 1.4159, -6.4232 0.3571 1.4002, -6.5807 0.3571 1.4002, -6.4232 0.3897 1.3751, -6.5807 0.3897 1.3751, -6.4232 0.4147 1.3425, -6.5807 0.4147 1.3425, -6.4232 0.4305 1.3045, -6.5807 0.4305 1.3045, -7.4232 -2.6033 1.5787, -7.4232 -2.6033 1.4213, -7.4232 -1.9713 1.5787, -7.4232 -1.9713 1.4213, -7.5807 -1.9713 1.4213, -7.5807 -2.6033 1.4213, -7.5807 -1.9713 1.5787, -7.5807 -2.6033 1.5787, -7.5491 0.4358 -1.2598, -7.4549 0.4358 -1.2598, -7.5807 0.4358 -1.1417, -7.4232 0.4358 -1.1417, -7.5807 0.4358 1.2638, -7.4232 0.4358 1.2638, -7.5491 0.5933 -1.2598, -7.4549 0.5933 -1.2598, -7.5807 0.5933 1.2638, -7.4232 0.5933 1.2638, -7.5807 0.5933 -1.1417, -7.4232 0.5933 -1.1417, -7.5807 0.5826 1.3453, -7.4232 0.5826 1.3453, -7.5807 0.5511 1.4213, -7.4232 0.5511 1.4213, -7.5807 0.5011 1.4865, -7.4232 0.5011 1.4865, -7.5807 0.4358 1.5365, -7.4232 0.4358 1.5365, -7.5807 0.3599 1.568, -7.4232 0.3599 1.568, -7.5807 0.2783 1.5787, -7.4232 0.2783 1.5787, -7.4035 -2.8768 1.5787, -7.4128 -3.2653 1.5787, -7.3215 -3.277 1.5787, -7.4232 -1.9205 1.5787, -7.2756 -2.9178 1.5787, -7.2756 -1.9336 1.5787, -7.4035 -1.9713 1.5787, -7.2831 -1.9205 1.5787, -7.5807 -1.9205 1.5787, -7.6825 -3.277 1.5787, -7.5912 -3.2653 1.5787, -7.7283 -2.9178 1.5787, -7.6004 -2.8768 1.5787, -7.7283 -1.9336 1.5787, -7.6004 -1.9713 1.5787, -7.7208 -1.9205 1.5787, -7.6004 -2.8768 1.4213, -7.5912 -3.2653 1.4213, -7.6825 -3.277 1.4213, -7.5807 -1.9205 1.4213, -7.5807 0.2783 1.4213, -7.4232 0.2783 1.4213, -7.7283 -2.9178 1.4213, -7.7283 -1.9336 1.4213, -7.6004 -1.9713 1.4213, -7.7208 -1.9205 1.4213, -7.4232 -1.9205 1.4213, -7.3215 -3.277 1.4213, -7.4128 -3.2653 1.4213, -7.2756 -2.9178 1.4213, -7.4035 -2.8768 1.4213, -7.2756 -1.9336 1.4213, -7.4035 -1.9713 1.4213, -7.2831 -1.9205 1.4213, -7.4232 0.3191 1.4159, -7.5807 0.3191 1.4159, -7.4232 0.3571 1.4002, -7.5807 0.3571 1.4002, -7.4232 0.3897 1.3751, -7.5807 0.3897 1.3751, -7.4232 0.4147 1.3425, -7.5807 0.4147 1.3425, -7.4232 0.4305 1.3045, -7.5807 0.4305 1.3045, -8.4232 -2.6033 1.5787, -8.4232 -2.6033 1.4213, -8.4232 -1.9713 1.5787, -8.4232 -1.9713 1.4213, -8.5807 -1.9713 1.4213, -8.5807 -2.6033 1.4213, -8.5807 -1.9713 1.5787, -8.5807 -2.6033 1.5787, -8.5491 0.4358 -1.2598, -8.4549 0.4358 -1.2598, -8.5807 0.4358 -1.1417, -8.4232 0.4358 -1.1417, -8.5807 0.4358 1.2638, -8.4232 0.4358 1.2638, -8.5491 0.5933 -1.2598, -8.4549 0.5933 -1.2598, -8.5807 0.5933 1.2638, -8.4232 0.5933 1.2638, -8.5807 0.5933 -1.1417, -8.4232 0.5933 -1.1417, -8.5807 0.5826 1.3453, -8.4232 0.5826 1.3453, -8.5807 0.5511 1.4213, -8.4232 0.5511 1.4213, -8.5807 0.5011 1.4865, -8.4232 0.5011 1.4865, -8.5807 0.4358 1.5365, -8.4232 0.4358 1.5365, -8.5807 0.3599 1.568, -8.4232 0.3599 1.568, -8.5807 0.2783 1.5787, -8.4232 0.2783 1.5787, -8.4035 -2.8768 1.5787, -8.4128 -3.2653 1.5787, -8.3215 -3.277 1.5787, -8.4232 -1.9205 1.5787, -8.2756 -2.9178 1.5787, -8.2756 -1.9336 1.5787, -8.4035 -1.9713 1.5787, -8.2831 -1.9205 1.5787, -8.5807 -1.9205 1.5787, -8.6825 -3.277 1.5787, -8.5912 -3.2653 1.5787, -8.7283 -2.9178 1.5787, -8.6004 -2.8768 1.5787, -8.7283 -1.9336 1.5787, -8.6004 -1.9713 1.5787, -8.7208 -1.9205 1.5787, -8.6004 -2.8768 1.4213, -8.5912 -3.2653 1.4213, -8.6825 -3.277 1.4213, -8.5807 -1.9205 1.4213, -8.5807 0.2783 1.4213, -8.4232 0.2783 1.4213, -8.7283 -2.9178 1.4213, -8.7283 -1.9336 1.4213, -8.6004 -1.9713 1.4213, -8.7208 -1.9205 1.4213, -8.4232 -1.9205 1.4213, -8.3215 -3.277 1.4213, -8.4128 -3.2653 1.4213, -8.2756 -2.9178 1.4213, -8.4035 -2.8768 1.4213, -8.2756 -1.9336 1.4213, -8.4035 -1.9713 1.4213, -8.2831 -1.9205 1.4213, -8.4232 0.3191 1.4159, -8.5807 0.3191 1.4159, -8.4232 0.3571 1.4002, -8.5807 0.3571 1.4002, -8.4232 0.3897 1.3751, -8.5807 0.3897 1.3751, -8.4232 0.4147 1.3425, -8.5807 0.4147 1.3425, -8.4232 0.4305 1.3045, -8.5807 0.4305 1.3045, -9.4232 -2.6033 1.5787, -9.4232 -2.6033 1.4213, -9.4232 -1.9713 1.5787, -9.4232 -1.9713 1.4213, -9.5807 -1.9713 1.4213, -9.5807 -2.6033 1.4213, -9.5807 -1.9713 1.5787, -9.5807 -2.6033 1.5787, -9.5491 0.4358 -1.2598, -9.4549 0.4358 -1.2598, -9.5807 0.4358 -1.1417, -9.4232 0.4358 -1.1417, -9.5807 0.4358 1.2638, -9.4232 0.4358 1.2638, -9.5491 0.5933 -1.2598, -9.4549 0.5933 -1.2598, -9.5807 0.5933 1.2638, -9.4232 0.5933 1.2638, -9.5807 0.5933 -1.1417, -9.4232 0.5933 -1.1417, -9.5807 0.5826 1.3453, -9.4232 0.5826 1.3453, -9.5807 0.5511 1.4213, -9.4232 0.5511 1.4213, -9.5807 0.5011 1.4865, -9.4232 0.5011 1.4865, -9.5807 0.4358 1.5365, -9.4232 0.4358 1.5365, -9.5807 0.3599 1.568, -9.4232 0.3599 1.568, -9.5807 0.2783 1.5787, -9.4232 0.2783 1.5787, -9.4035 -2.8768 1.5787, -9.4128 -3.2653 1.5787, -9.3215 -3.277 1.5787, -9.4232 -1.9205 1.5787, -9.2756 -2.9178 1.5787, -9.2756 -1.9336 1.5787, -9.4035 -1.9713 1.5787, -9.2831 -1.9205 1.5787, -9.5807 -1.9205 1.5787, -9.6825 -3.277 1.5787, -9.5912 -3.2653 1.5787, -9.7283 -2.9178 1.5787, -9.6004 -2.8768 1.5787, -9.7283 -1.9336 1.5787, -9.6004 -1.9713 1.5787, -9.7208 -1.9205 1.5787, -9.6004 -2.8768 1.4213, -9.5912 -3.2653 1.4213, -9.6825 -3.277 1.4213, -9.5807 -1.9205 1.4213, -9.5807 0.2783 1.4213, -9.4232 0.2783 1.4213, -9.7283 -2.9178 1.4213, -9.7283 -1.9336 1.4213, -9.6004 -1.9713 1.4213, -9.7208 -1.9205 1.4213, -9.4232 -1.9205 1.4213, -9.3215 -3.277 1.4213, -9.4128 -3.2653 1.4213, -9.2756 -2.9178 1.4213, -9.4035 -2.8768 1.4213, -9.2756 -1.9336 1.4213, -9.4035 -1.9713 1.4213, -9.2831 -1.9205 1.4213, -9.4232 0.3191 1.4159, -9.5807 0.3191 1.4159, -9.4232 0.3571 1.4002, -9.5807 0.3571 1.4002, -9.4232 0.3897 1.3751, -9.5807 0.3897 1.3751, -9.4232 0.4147 1.3425, -9.5807 0.4147 1.3425, -9.4232 0.4305 1.3045, -9.5807 0.4305 1.3045, 1.5768 -2.6033 1.5787, 1.5768 -2.6033 1.4213, 1.5768 -1.9713 1.5787, 1.5768 -1.9713 1.4213, 1.4193 -1.9713 1.4213, 1.4193 -2.6033 1.4213, 1.4193 -1.9713 1.5787, 1.4193 -2.6033 1.5787, 1.4509 0.4358 -1.2598, 1.5451 0.4358 -1.2598, 1.4193 0.4358 -1.1417, 1.5768 0.4358 -1.1417, 1.4193 0.4358 1.2638, 1.5768 0.4358 1.2638, 1.4509 0.5933 -1.2598, 1.5451 0.5933 -1.2598, 1.4193 0.5933 1.2638, 1.5768 0.5933 1.2638, 1.4193 0.5933 -1.1417, 1.5768 0.5933 -1.1417, 1.4193 0.5826 1.3453, 1.5768 0.5826 1.3453, 1.4193 0.5511 1.4213, 1.5768 0.5511 1.4213, 1.4193 0.5011 1.4865, 1.5768 0.5011 1.4865, 1.4193 0.4358 1.5365, 1.5768 0.4358 1.5365, 1.4193 0.3599 1.568, 1.5768 0.3599 1.568, 1.4193 0.2783 1.5787, 1.5768 0.2783 1.5787, 1.5965 -2.8768 1.5787, 1.5872 -3.2653 1.5787, 1.6785 -3.277 1.5787, 1.5768 -1.9205 1.5787, 1.7244 -2.9178 1.5787, 1.7244 -1.9336 1.5787, 1.5965 -1.9713 1.5787, 1.7169 -1.9205 1.5787, 1.4193 -1.9205 1.5787, 1.3175 -3.277 1.5787, 1.4088 -3.2653 1.5787, 1.2717 -2.9178 1.5787, 1.3996 -2.8768 1.5787, 1.2717 -1.9336 1.5787, 1.3996 -1.9713 1.5787, 1.2792 -1.9205 1.5787, 1.3996 -2.8768 1.4213, 1.4088 -3.2653 1.4213, 1.3175 -3.277 1.4213, 1.4193 -1.9205 1.4213, 1.4193 0.2783 1.4213, 1.5768 0.2783 1.4213, 1.2717 -2.9178 1.4213, 1.2717 -1.9336 1.4213, 1.3996 -1.9713 1.4213, 1.2792 -1.9205 1.4213, 1.5768 -1.9205 1.4213, 1.6785 -3.277 1.4213, 1.5872 -3.2653 1.4213, 1.7244 -2.9178 1.4213, 1.5965 -2.8768 1.4213, 1.7244 -1.9336 1.4213, 1.5965 -1.9713 1.4213, 1.7169 -1.9205 1.4213, 1.5768 0.3191 1.4159, 1.4193 0.3191 1.4159, 1.5768 0.3571 1.4002, 1.4193 0.3571 1.4002, 1.5768 0.3897 1.3751, 1.4193 0.3897 1.3751, 1.5768 0.4147 1.3425, 1.4193 0.4147 1.3425, 1.5768 0.4305 1.3045, 1.4193 0.4305 1.3045, 2.5768 -2.6033 1.5787, 2.5768 -2.6033 1.4213, 2.5768 -1.9713 1.5787, 2.5768 -1.9713 1.4213, 2.4193 -1.9713 1.4213, 2.4193 -2.6033 1.4213, 2.4193 -1.9713 1.5787, 2.4193 -2.6033 1.5787, 2.4509 0.4358 -1.2598, 2.5451 0.4358 -1.2598, 2.4193 0.4358 -1.1417, 2.5768 0.4358 -1.1417, 2.4193 0.4358 1.2638, 2.5768 0.4358 1.2638, 2.4509 0.5933 -1.2598, 2.5451 0.5933 -1.2598, 2.4193 0.5933 1.2638, 2.5768 0.5933 1.2638, 2.4193 0.5933 -1.1417, 2.5768 0.5933 -1.1417, 2.4193 0.5826 1.3453, 2.5768 0.5826 1.3453, 2.4193 0.5511 1.4213, 2.5768 0.5511 1.4213, 2.4193 0.5011 1.4865, 2.5768 0.5011 1.4865, 2.4193 0.4358 1.5365, 2.5768 0.4358 1.5365, 2.4193 0.3599 1.568, 2.5768 0.3599 1.568, 2.4193 0.2783 1.5787, 2.5768 0.2783 1.5787, 2.5965 -2.8768 1.5787, 2.5872 -3.2653 1.5787, 2.6785 -3.277 1.5787, 2.5768 -1.9205 1.5787, 2.7244 -2.9178 1.5787, 2.7244 -1.9336 1.5787, 2.5965 -1.9713 1.5787, 2.7169 -1.9205 1.5787, 2.4193 -1.9205 1.5787, 2.3175 -3.277 1.5787, 2.4088 -3.2653 1.5787, 2.2717 -2.9178 1.5787, 2.3996 -2.8768 1.5787, 2.2717 -1.9336 1.5787, 2.3996 -1.9713 1.5787, 2.2792 -1.9205 1.5787, 2.3996 -2.8768 1.4213, 2.4088 -3.2653 1.4213, 2.3175 -3.277 1.4213, 2.4193 -1.9205 1.4213, 2.4193 0.2783 1.4213, 2.5768 0.2783 1.4213, 2.2717 -2.9178 1.4213, 2.2717 -1.9336 1.4213, 2.3996 -1.9713 1.4213, 2.2792 -1.9205 1.4213, 2.5768 -1.9205 1.4213, 2.6785 -3.277 1.4213, 2.5872 -3.2653 1.4213, 2.7244 -2.9178 1.4213, 2.5965 -2.8768 1.4213, 2.7244 -1.9336 1.4213, 2.5965 -1.9713 1.4213, 2.7169 -1.9205 1.4213, 2.5768 0.3191 1.4159, 2.4193 0.3191 1.4159, 2.5768 0.3571 1.4002, 2.4193 0.3571 1.4002, 2.5768 0.3897 1.3751, 2.4193 0.3897 1.3751, 2.5768 0.4147 1.3425, 2.4193 0.4147 1.3425, 2.5768 0.4305 1.3045, 2.4193 0.4305 1.3045, 3.5768 -2.6033 1.5787, 3.5768 -2.6033 1.4213, 3.5768 -1.9713 1.5787, 3.5768 -1.9713 1.4213, 3.4193 -1.9713 1.4213, 3.4193 -2.6033 1.4213, 3.4193 -1.9713 1.5787, 3.4193 -2.6033 1.5787, 3.4509 0.4358 -1.2598, 3.5451 0.4358 -1.2598, 3.4193 0.4358 -1.1417, 3.5768 0.4358 -1.1417, 3.4193 0.4358 1.2638, 3.5768 0.4358 1.2638, 3.4509 0.5933 -1.2598, 3.5451 0.5933 -1.2598, 3.4193 0.5933 1.2638, 3.5768 0.5933 1.2638, 3.4193 0.5933 -1.1417, 3.5768 0.5933 -1.1417, 3.4193 0.5826 1.3453, 3.5768 0.5826 1.3453, 3.4193 0.5511 1.4213, 3.5768 0.5511 1.4213, 3.4193 0.5011 1.4865, 3.5768 0.5011 1.4865, 3.4193 0.4358 1.5365, 3.5768 0.4358 1.5365, 3.4193 0.3599 1.568, 3.5768 0.3599 1.568, 3.4193 0.2783 1.5787, 3.5768 0.2783 1.5787, 3.5965 -2.8768 1.5787, 3.5872 -3.2653 1.5787, 3.6785 -3.277 1.5787, 3.5768 -1.9205 1.5787, 3.7244 -2.9178 1.5787, 3.7244 -1.9336 1.5787, 3.5965 -1.9713 1.5787, 3.7169 -1.9205 1.5787, 3.4193 -1.9205 1.5787, 3.3175 -3.277 1.5787, 3.4088 -3.2653 1.5787, 3.2717 -2.9178 1.5787, 3.3996 -2.8768 1.5787, 3.2717 -1.9336 1.5787, 3.3996 -1.9713 1.5787, 3.2792 -1.9205 1.5787, 3.3996 -2.8768 1.4213, 3.4088 -3.2653 1.4213, 3.3175 -3.277 1.4213, 3.4193 -1.9205 1.4213, 3.4193 0.2783 1.4213, 3.5768 0.2783 1.4213, 3.2717 -2.9178 1.4213, 3.2717 -1.9336 1.4213, 3.3996 -1.9713 1.4213, 3.2792 -1.9205 1.4213, 3.5768 -1.9205 1.4213, 3.6785 -3.277 1.4213, 3.5872 -3.2653 1.4213, 3.7244 -2.9178 1.4213, 3.5965 -2.8768 1.4213, 3.7244 -1.9336 1.4213, 3.5965 -1.9713 1.4213, 3.7169 -1.9205 1.4213, 3.5768 0.3191 1.4159, 3.4193 0.3191 1.4159, 3.5768 0.3571 1.4002, 3.4193 0.3571 1.4002, 3.5768 0.3897 1.3751, 3.4193 0.3897 1.3751, 3.5768 0.4147 1.3425, 3.4193 0.4147 1.3425, 3.5768 0.4305 1.3045, 3.4193 0.4305 1.3045, 4.5768 -2.6033 1.5787, 4.5768 -2.6033 1.4213, 4.5768 -1.9713 1.5787, 4.5768 -1.9713 1.4213, 4.4193 -1.9713 1.4213, 4.4193 -2.6033 1.4213, 4.4193 -1.9713 1.5787, 4.4193 -2.6033 1.5787, 4.4509 0.4358 -1.2598, 4.5451 0.4358 -1.2598, 4.4193 0.4358 -1.1417, 4.5768 0.4358 -1.1417, 4.4193 0.4358 1.2638, 4.5768 0.4358 1.2638, 4.4509 0.5933 -1.2598, 4.5451 0.5933 -1.2598, 4.4193 0.5933 1.2638, 4.5768 0.5933 1.2638, 4.4193 0.5933 -1.1417, 4.5768 0.5933 -1.1417, 4.4193 0.5826 1.3453, 4.5768 0.5826 1.3453, 4.4193 0.5511 1.4213, 4.5768 0.5511 1.4213, 4.4193 0.5011 1.4865, 4.5768 0.5011 1.4865, 4.4193 0.4358 1.5365, 4.5768 0.4358 1.5365, 4.4193 0.3599 1.568, 4.5768 0.3599 1.568, 4.4193 0.2783 1.5787, 4.5768 0.2783 1.5787, 4.5965 -2.8768 1.5787, 4.5872 -3.2653 1.5787, 4.6785 -3.277 1.5787, 4.5768 -1.9205 1.5787, 4.7244 -2.9178 1.5787, 4.7244 -1.9336 1.5787, 4.5965 -1.9713 1.5787, 4.7169 -1.9205 1.5787, 4.4193 -1.9205 1.5787, 4.3175 -3.277 1.5787, 4.4088 -3.2653 1.5787, 4.2717 -2.9178 1.5787, 4.3996 -2.8768 1.5787, 4.2717 -1.9336 1.5787, 4.3996 -1.9713 1.5787, 4.2792 -1.9205 1.5787, 4.3996 -2.8768 1.4213, 4.4088 -3.2653 1.4213, 4.3175 -3.277 1.4213, 4.4193 -1.9205 1.4213, 4.4193 0.2783 1.4213, 4.5768 0.2783 1.4213, 4.2717 -2.9178 1.4213, 4.2717 -1.9336 1.4213, 4.3996 -1.9713 1.4213, 4.2792 -1.9205 1.4213, 4.5768 -1.9205 1.4213, 4.6785 -3.277 1.4213, 4.5872 -3.2653 1.4213, 4.7244 -2.9178 1.4213, 4.5965 -2.8768 1.4213, 4.7244 -1.9336 1.4213, 4.5965 -1.9713 1.4213, 4.7169 -1.9205 1.4213, 4.5768 0.3191 1.4159, 4.4193 0.3191 1.4159, 4.5768 0.3571 1.4002, 4.4193 0.3571 1.4002, 4.5768 0.3897 1.3751, 4.4193 0.3897 1.3751, 4.5768 0.4147 1.3425, 4.4193 0.4147 1.3425, 4.5768 0.4305 1.3045, 4.4193 0.4305 1.3045, 5.5768 -2.6033 1.5787, 5.5768 -2.6033 1.4213, 5.5768 -1.9713 1.5787, 5.5768 -1.9713 1.4213, 5.4193 -1.9713 1.4213, 5.4193 -2.6033 1.4213, 5.4193 -1.9713 1.5787, 5.4193 -2.6033 1.5787, 5.4509 0.4358 -1.2598, 5.5451 0.4358 -1.2598, 5.4193 0.4358 -1.1417, 5.5768 0.4358 -1.1417, 5.4193 0.4358 1.2638, 5.5768 0.4358 1.2638, 5.4509 0.5933 -1.2598, 5.5451 0.5933 -1.2598, 5.4193 0.5933 1.2638, 5.5768 0.5933 1.2638, 5.4193 0.5933 -1.1417, 5.5768 0.5933 -1.1417, 5.4193 0.5826 1.3453, 5.5768 0.5826 1.3453, 5.4193 0.5511 1.4213, 5.5768 0.5511 1.4213, 5.4193 0.5011 1.4865, 5.5768 0.5011 1.4865, 5.4193 0.4358 1.5365, 5.5768 0.4358 1.5365, 5.4193 0.3599 1.568, 5.5768 0.3599 1.568, 5.4193 0.2783 1.5787, 5.5768 0.2783 1.5787, 5.5965 -2.8768 1.5787, 5.5872 -3.2653 1.5787, 5.6785 -3.277 1.5787, 5.5768 -1.9205 1.5787, 5.7244 -2.9178 1.5787, 5.7244 -1.9336 1.5787, 5.5965 -1.9713 1.5787, 5.7169 -1.9205 1.5787, 5.4193 -1.9205 1.5787, 5.3175 -3.277 1.5787, 5.4088 -3.2653 1.5787, 5.2717 -2.9178 1.5787, 5.3996 -2.8768 1.5787, 5.2717 -1.9336 1.5787, 5.3996 -1.9713 1.5787, 5.2792 -1.9205 1.5787, 5.3996 -2.8768 1.4213, 5.4088 -3.2653 1.4213, 5.3175 -3.277 1.4213, 5.4193 -1.9205 1.4213, 5.4193 0.2783 1.4213, 5.5768 0.2783 1.4213, 5.2717 -2.9178 1.4213, 5.2717 -1.9336 1.4213, 5.3996 -1.9713 1.4213, 5.2792 -1.9205 1.4213, 5.5768 -1.9205 1.4213, 5.6785 -3.277 1.4213, 5.5872 -3.2653 1.4213, 5.7244 -2.9178 1.4213, 5.5965 -2.8768 1.4213, 5.7244 -1.9336 1.4213, 5.5965 -1.9713 1.4213, 5.7169 -1.9205 1.4213, 5.5768 0.3191 1.4159, 5.4193 0.3191 1.4159, 5.5768 0.3571 1.4002, 5.4193 0.3571 1.4002, 5.5768 0.3897 1.3751, 5.4193 0.3897 1.3751, 5.5768 0.4147 1.3425, 5.4193 0.4147 1.3425, 5.5768 0.4305 1.3045, 5.4193 0.4305 1.3045, 6.5768 -2.6033 1.5787, 6.5768 -2.6033 1.4213, 6.5768 -1.9713 1.5787, 6.5768 -1.9713 1.4213, 6.4193 -1.9713 1.4213, 6.4193 -2.6033 1.4213, 6.4193 -1.9713 1.5787, 6.4193 -2.6033 1.5787, 6.4509 0.4358 -1.2598, 6.5451 0.4358 -1.2598, 6.4193 0.4358 -1.1417, 6.5768 0.4358 -1.1417, 6.4193 0.4358 1.2638, 6.5768 0.4358 1.2638, 6.4509 0.5933 -1.2598, 6.5451 0.5933 -1.2598, 6.4193 0.5933 1.2638, 6.5768 0.5933 1.2638, 6.4193 0.5933 -1.1417, 6.5768 0.5933 -1.1417, 6.4193 0.5826 1.3453, 6.5768 0.5826 1.3453, 6.4193 0.5511 1.4213, 6.5768 0.5511 1.4213, 6.4193 0.5011 1.4865, 6.5768 0.5011 1.4865, 6.4193 0.4358 1.5365, 6.5768 0.4358 1.5365, 6.4193 0.3599 1.568, 6.5768 0.3599 1.568, 6.4193 0.2783 1.5787, 6.5768 0.2783 1.5787, 6.5965 -2.8768 1.5787, 6.5872 -3.2653 1.5787, 6.6785 -3.277 1.5787, 6.5768 -1.9205 1.5787, 6.7244 -2.9178 1.5787, 6.7244 -1.9336 1.5787, 6.5965 -1.9713 1.5787, 6.7169 -1.9205 1.5787, 6.4193 -1.9205 1.5787, 6.3175 -3.277 1.5787, 6.4088 -3.2653 1.5787, 6.2717 -2.9178 1.5787, 6.3996 -2.8768 1.5787, 6.2717 -1.9336 1.5787, 6.3996 -1.9713 1.5787, 6.2792 -1.9205 1.5787, 6.3996 -2.8768 1.4213, 6.4088 -3.2653 1.4213, 6.3175 -3.277 1.4213, 6.4193 -1.9205 1.4213, 6.4193 0.2783 1.4213, 6.5768 0.2783 1.4213, 6.2717 -2.9178 1.4213, 6.2717 -1.9336 1.4213, 6.3996 -1.9713 1.4213, 6.2792 -1.9205 1.4213, 6.5768 -1.9205 1.4213, 6.6785 -3.277 1.4213, 6.5872 -3.2653 1.4213, 6.7244 -2.9178 1.4213, 6.5965 -2.8768 1.4213, 6.7244 -1.9336 1.4213, 6.5965 -1.9713 1.4213, 6.7169 -1.9205 1.4213, 6.5768 0.3191 1.4159, 6.4193 0.3191 1.4159, 6.5768 0.3571 1.4002, 6.4193 0.3571 1.4002, 6.5768 0.3897 1.3751, 6.4193 0.3897 1.3751, 6.5768 0.4147 1.3425, 6.4193 0.4147 1.3425, 6.5768 0.4305 1.3045, 6.4193 0.4305 1.3045, 7.5768 -2.6033 1.5787, 7.5768 -2.6033 1.4213, 7.5768 -1.9713 1.5787, 7.5768 -1.9713 1.4213, 7.4193 -1.9713 1.4213, 7.4193 -2.6033 1.4213, 7.4193 -1.9713 1.5787, 7.4193 -2.6033 1.5787, 7.4509 0.4358 -1.2598, 7.5451 0.4358 -1.2598, 7.4193 0.4358 -1.1417, 7.5768 0.4358 -1.1417, 7.4193 0.4358 1.2638, 7.5768 0.4358 1.2638, 7.4509 0.5933 -1.2598, 7.5451 0.5933 -1.2598, 7.4193 0.5933 1.2638, 7.5768 0.5933 1.2638, 7.4193 0.5933 -1.1417, 7.5768 0.5933 -1.1417, 7.4193 0.5826 1.3453, 7.5768 0.5826 1.3453, 7.4193 0.5511 1.4213, 7.5768 0.5511 1.4213, 7.4193 0.5011 1.4865, 7.5768 0.5011 1.4865, 7.4193 0.4358 1.5365, 7.5768 0.4358 1.5365, 7.4193 0.3599 1.568, 7.5768 0.3599 1.568, 7.4193 0.2783 1.5787, 7.5768 0.2783 1.5787, 7.5965 -2.8768 1.5787, 7.5872 -3.2653 1.5787, 7.6785 -3.277 1.5787, 7.5768 -1.9205 1.5787, 7.7244 -2.9178 1.5787, 7.7244 -1.9336 1.5787, 7.5965 -1.9713 1.5787, 7.7169 -1.9205 1.5787, 7.4193 -1.9205 1.5787, 7.3175 -3.277 1.5787, 7.4088 -3.2653 1.5787, 7.2717 -2.9178 1.5787, 7.3996 -2.8768 1.5787, 7.2717 -1.9336 1.5787, 7.3996 -1.9713 1.5787, 7.2792 -1.9205 1.5787, 7.3996 -2.8768 1.4213, 7.4088 -3.2653 1.4213, 7.3175 -3.277 1.4213, 7.4193 -1.9205 1.4213, 7.4193 0.2783 1.4213, 7.5768 0.2783 1.4213, 7.2717 -2.9178 1.4213, 7.2717 -1.9336 1.4213, 7.3996 -1.9713 1.4213, 7.2792 -1.9205 1.4213, 7.5768 -1.9205 1.4213, 7.6785 -3.277 1.4213, 7.5872 -3.2653 1.4213, 7.7244 -2.9178 1.4213, 7.5965 -2.8768 1.4213, 7.7244 -1.9336 1.4213, 7.5965 -1.9713 1.4213, 7.7169 -1.9205 1.4213, 7.5768 0.3191 1.4159, 7.4193 0.3191 1.4159, 7.5768 0.3571 1.4002, 7.4193 0.3571 1.4002, 7.5768 0.3897 1.3751, 7.4193 0.3897 1.3751, 7.5768 0.4147 1.3425, 7.4193 0.4147 1.3425, 7.5768 0.4305 1.3045, 7.4193 0.4305 1.3045, 8.5768 -2.6033 1.5787, 8.5768 -2.6033 1.4213, 8.5768 -1.9713 1.5787, 8.5768 -1.9713 1.4213, 8.4193 -1.9713 1.4213, 8.4193 -2.6033 1.4213, 8.4193 -1.9713 1.5787, 8.4193 -2.6033 1.5787, 8.4509 0.4358 -1.2598, 8.5451 0.4358 -1.2598, 8.4193 0.4358 -1.1417, 8.5768 0.4358 -1.1417, 8.4193 0.4358 1.2638, 8.5768 0.4358 1.2638, 8.4509 0.5933 -1.2598, 8.5451 0.5933 -1.2598, 8.4193 0.5933 1.2638, 8.5768 0.5933 1.2638, 8.4193 0.5933 -1.1417, 8.5768 0.5933 -1.1417, 8.4193 0.5826 1.3453, 8.5768 0.5826 1.3453, 8.4193 0.5511 1.4213, 8.5768 0.5511 1.4213, 8.4193 0.5011 1.4865, 8.5768 0.5011 1.4865, 8.4193 0.4358 1.5365, 8.5768 0.4358 1.5365, 8.4193 0.3599 1.568, 8.5768 0.3599 1.568, 8.4193 0.2783 1.5787, 8.5768 0.2783 1.5787, 8.5965 -2.8768 1.5787, 8.5872 -3.2653 1.5787, 8.6785 -3.277 1.5787, 8.5768 -1.9205 1.5787, 8.7244 -2.9178 1.5787, 8.7244 -1.9336 1.5787, 8.5965 -1.9713 1.5787, 8.7169 -1.9205 1.5787, 8.4193 -1.9205 1.5787, 8.3175 -3.277 1.5787, 8.4088 -3.2653 1.5787, 8.2717 -2.9178 1.5787, 8.3996 -2.8768 1.5787, 8.2717 -1.9336 1.5787, 8.3996 -1.9713 1.5787, 8.2792 -1.9205 1.5787, 8.3996 -2.8768 1.4213, 8.4088 -3.2653 1.4213, 8.3175 -3.277 1.4213, 8.4193 -1.9205 1.4213, 8.4193 0.2783 1.4213, 8.5768 0.2783 1.4213, 8.2717 -2.9178 1.4213, 8.2717 -1.9336 1.4213, 8.3996 -1.9713 1.4213, 8.2792 -1.9205 1.4213, 8.5768 -1.9205 1.4213, 8.6785 -3.277 1.4213, 8.5872 -3.2653 1.4213, 8.7244 -2.9178 1.4213, 8.5965 -2.8768 1.4213, 8.7244 -1.9336 1.4213, 8.5965 -1.9713 1.4213, 8.7169 -1.9205 1.4213, 8.5768 0.3191 1.4159, 8.4193 0.3191 1.4159, 8.5768 0.3571 1.4002, 8.4193 0.3571 1.4002, 8.5768 0.3897 1.3751, 8.4193 0.3897 1.3751, 8.5768 0.4147 1.3425, 8.4193 0.4147 1.3425, 8.5768 0.4305 1.3045, 8.4193 0.4305 1.3045, 9.5768 -2.6033 1.5787, 9.5768 -2.6033 1.4213, 9.5768 -1.9713 1.5787, 9.5768 -1.9713 1.4213, 9.4193 -1.9713 1.4213, 9.4193 -2.6033 1.4213, 9.4193 -1.9713 1.5787, 9.4193 -2.6033 1.5787, 9.4509 0.4358 -1.2598, 9.5451 0.4358 -1.2598, 9.4193 0.4358 -1.1417, 9.5768 0.4358 -1.1417, 9.4193 0.4358 1.2638, 9.5768 0.4358 1.2638, 9.4509 0.5933 -1.2598, 9.5451 0.5933 -1.2598, 9.4193 0.5933 1.2638, 9.5768 0.5933 1.2638, 9.4193 0.5933 -1.1417, 9.5768 0.5933 -1.1417, 9.4193 0.5826 1.3453, 9.5768 0.5826 1.3453, 9.4193 0.5511 1.4213, 9.5768 0.5511 1.4213, 9.4193 0.5011 1.4865, 9.5768 0.5011 1.4865, 9.4193 0.4358 1.5365, 9.5768 0.4358 1.5365, 9.4193 0.3599 1.568, 9.5768 0.3599 1.568, 9.4193 0.2783 1.5787, 9.5768 0.2783 1.5787, 9.5965 -2.8768 1.5787, 9.5872 -3.2653 1.5787, 9.6785 -3.277 1.5787, 9.5768 -1.9205 1.5787, 9.7244 -2.9178 1.5787, 9.7244 -1.9336 1.5787, 9.5965 -1.9713 1.5787, 9.7169 -1.9205 1.5787, 9.4193 -1.9205 1.5787, 9.3175 -3.277 1.5787, 9.4088 -3.2653 1.5787, 9.2717 -2.9178 1.5787, 9.3996 -2.8768 1.5787, 9.2717 -1.9336 1.5787, 9.3996 -1.9713 1.5787, 9.2792 -1.9205 1.5787, 9.3996 -2.8768 1.4213, 9.4088 -3.2653 1.4213, 9.3175 -3.277 1.4213, 9.4193 -1.9205 1.4213, 9.4193 0.2783 1.4213, 9.5768 0.2783 1.4213, 9.2717 -2.9178 1.4213, 9.2717 -1.9336 1.4213, 9.3996 -1.9713 1.4213, 9.2792 -1.9205 1.4213, 9.5768 -1.9205 1.4213, 9.6785 -3.277 1.4213, 9.5872 -3.2653 1.4213, 9.7244 -2.9178 1.4213, 9.5965 -2.8768 1.4213, 9.7244 -1.9336 1.4213, 9.5965 -1.9713 1.4213, 9.7169 -1.9205 1.4213, 9.5768 0.3191 1.4159, 9.4193 0.3191 1.4159, 9.5768 0.3571 1.4002, 9.4193 0.3571 1.4002, 9.5768 0.3897 1.3751, 9.4193 0.3897 1.3751, 9.5768 0.4147 1.3425, 9.4193 0.4147 1.3425, 9.5768 0.4305 1.3045, 9.4193 0.4305 1.3045
            ]
        }
        coordIndex [
            0,1,2,-1,2,1,3,-1,4,5,6,-1,6,5,7,-1,8,9,10,-1,10,9,11,-1,10,11,12,-1,12,11,13,-1,14,15,8,-1,8,15,9,-1,16,17,18,-1,18,17,19,-1,18,19,14,-1,14,19,15,-1,17,16,20,-1,17,20,21,-1,21,20,22,-1,21,22,23,-1,23,22,24,-1,23,24,25,-1,25,24,26,-1,25,26,27,-1,27,26,28,-1,27,28,29,-1,29,28,30,-1,29,30,31,-1,6,7,0,-1,32,33,34,-1,35,31,30,-1,34,36,32,-1,32,36,37,-1,32,37,38,-1,38,37,39,-1,38,39,2,-1,2,39,35,-1,2,35,40,-1,40,35,30,-1,41,42,43,-1,43,42,44,-1,43,44,45,-1,45,44,46,-1,0,2,6,-1,6,2,40,-1,6,40,46,-1,46,40,47,-1,46,47,45,-1,1,0,5,-1,5,0,7,-1,3,1,5,-1,48,49,50,-1,51,52,53,-1,50,54,48,-1,48,54,55,-1,48,55,56,-1,56,55,57,-1,56,57,4,-1,4,57,51,-1,4,51,58,-1,58,51,53,-1,59,60,61,-1,61,60,62,-1,61,62,63,-1,63,62,64,-1,5,4,3,-1,3,4,58,-1,3,58,64,-1,64,58,65,-1,64,65,63,-1,53,52,66,-1,66,52,67,-1,66,67,68,-1,68,67,69,-1,68,69,70,-1,70,69,71,-1,70,71,72,-1,72,71,73,-1,72,73,74,-1,74,73,75,-1,74,75,13,-1,13,75,12,-1,11,19,13,-1,13,19,17,-1,13,17,74,-1,74,17,21,-1,74,21,72,-1,72,21,23,-1,72,23,70,-1,70,23,25,-1,70,25,68,-1,68,25,27,-1,68,27,66,-1,66,27,29,-1,66,29,53,-1,53,29,31,-1,53,31,58,-1,58,31,35,-1,51,40,52,-1,52,40,30,-1,52,30,67,-1,67,30,28,-1,67,28,69,-1,69,28,26,-1,69,26,71,-1,71,26,24,-1,71,24,73,-1,73,24,22,-1,73,22,75,-1,75,22,20,-1,75,20,12,-1,12,20,16,-1,12,16,10,-1,10,16,18,-1,8,10,14,-1,14,10,18,-1,11,9,19,-1,19,9,15,-1,48,56,44,-1,44,56,46,-1,49,48,42,-1,42,48,44,-1,50,49,41,-1,41,49,42,-1,54,50,43,-1,43,50,41,-1,55,54,45,-1,45,54,43,-1,57,55,47,-1,47,55,45,-1,57,47,51,-1,51,47,40,-1,46,56,6,-1,6,56,4,-1,61,63,36,-1,36,63,37,-1,59,61,34,-1,34,61,36,-1,60,59,33,-1,33,59,34,-1,62,60,32,-1,32,60,33,-1,64,62,38,-1,38,62,32,-1,3,64,2,-1,2,64,38,-1,35,39,58,-1,58,39,65,-1,63,65,37,-1,37,65,39,-1,76,77,78,-1,78,77,79,-1,80,81,82,-1,82,81,83,-1,84,85,86,-1,86,85,87,-1,86,87,88,-1,88,87,89,-1,90,91,84,-1,84,91,85,-1,92,93,94,-1,94,93,95,-1,94,95,90,-1,90,95,91,-1,93,92,96,-1,93,96,97,-1,97,96,98,-1,97,98,99,-1,99,98,100,-1,99,100,101,-1,101,100,102,-1,101,102,103,-1,103,102,104,-1,103,104,105,-1,105,104,106,-1,105,106,107,-1,82,83,76,-1,108,109,110,-1,111,107,106,-1,110,112,108,-1,108,112,113,-1,108,113,114,-1,114,113,115,-1,114,115,78,-1,78,115,111,-1,78,111,116,-1,116,111,106,-1,117,118,119,-1,119,118,120,-1,119,120,121,-1,121,120,122,-1,76,78,82,-1,82,78,116,-1,82,116,122,-1,122,116,123,-1,122,123,121,-1,77,76,81,-1,81,76,83,-1,79,77,81,-1,124,125,126,-1,127,128,129,-1,126,130,124,-1,124,130,131,-1,124,131,132,-1,132,131,133,-1,132,133,80,-1,80,133,127,-1,80,127,134,-1,134,127,129,-1,135,136,137,-1,137,136,138,-1,137,138,139,-1,139,138,140,-1,81,80,79,-1,79,80,134,-1,79,134,140,-1,140,134,141,-1,140,141,139,-1,129,128,142,-1,142,128,143,-1,142,143,144,-1,144,143,145,-1,144,145,146,-1,146,145,147,-1,146,147,148,-1,148,147,149,-1,148,149,150,-1,150,149,151,-1,150,151,89,-1,89,151,88,-1,87,95,89,-1,89,95,93,-1,89,93,150,-1,150,93,97,-1,150,97,148,-1,148,97,99,-1,148,99,146,-1,146,99,101,-1,146,101,144,-1,144,101,103,-1,144,103,142,-1,142,103,105,-1,142,105,129,-1,129,105,107,-1,129,107,134,-1,134,107,111,-1,127,116,128,-1,128,116,106,-1,128,106,143,-1,143,106,104,-1,143,104,145,-1,145,104,102,-1,145,102,147,-1,147,102,100,-1,147,100,149,-1,149,100,98,-1,149,98,151,-1,151,98,96,-1,151,96,88,-1,88,96,92,-1,88,92,86,-1,86,92,94,-1,84,86,90,-1,90,86,94,-1,87,85,95,-1,95,85,91,-1,124,132,120,-1,120,132,122,-1,125,124,118,-1,118,124,120,-1,126,125,117,-1,117,125,118,-1,130,126,119,-1,119,126,117,-1,131,130,121,-1,121,130,119,-1,133,131,123,-1,123,131,121,-1,133,123,127,-1,127,123,116,-1,122,132,82,-1,82,132,80,-1,137,139,112,-1,112,139,113,-1,135,137,110,-1,110,137,112,-1,136,135,109,-1,109,135,110,-1,138,136,108,-1,108,136,109,-1,140,138,114,-1,114,138,108,-1,79,140,78,-1,78,140,114,-1,111,115,134,-1,134,115,141,-1,139,141,113,-1,113,141,115,-1,152,153,154,-1,154,153,155,-1,156,157,158,-1,158,157,159,-1,160,161,162,-1,162,161,163,-1,162,163,164,-1,164,163,165,-1,166,167,160,-1,160,167,161,-1,168,169,170,-1,170,169,171,-1,170,171,166,-1,166,171,167,-1,169,168,172,-1,169,172,173,-1,173,172,174,-1,173,174,175,-1,175,174,176,-1,175,176,177,-1,177,176,178,-1,177,178,179,-1,179,178,180,-1,179,180,181,-1,181,180,182,-1,181,182,183,-1,158,159,152,-1,184,185,186,-1,187,183,182,-1,186,188,184,-1,184,188,189,-1,184,189,190,-1,190,189,191,-1,190,191,154,-1,154,191,187,-1,154,187,192,-1,192,187,182,-1,193,194,195,-1,195,194,196,-1,195,196,197,-1,197,196,198,-1,152,154,158,-1,158,154,192,-1,158,192,198,-1,198,192,199,-1,198,199,197,-1,153,152,157,-1,157,152,159,-1,155,153,157,-1,200,201,202,-1,203,204,205,-1,202,206,200,-1,200,206,207,-1,200,207,208,-1,208,207,209,-1,208,209,156,-1,156,209,203,-1,156,203,210,-1,210,203,205,-1,211,212,213,-1,213,212,214,-1,213,214,215,-1,215,214,216,-1,157,156,155,-1,155,156,210,-1,155,210,216,-1,216,210,217,-1,216,217,215,-1,205,204,218,-1,218,204,219,-1,218,219,220,-1,220,219,221,-1,220,221,222,-1,222,221,223,-1,222,223,224,-1,224,223,225,-1,224,225,226,-1,226,225,227,-1,226,227,165,-1,165,227,164,-1,163,171,165,-1,165,171,169,-1,165,169,226,-1,226,169,173,-1,226,173,224,-1,224,173,175,-1,224,175,222,-1,222,175,177,-1,222,177,220,-1,220,177,179,-1,220,179,218,-1,218,179,181,-1,218,181,205,-1,205,181,183,-1,205,183,210,-1,210,183,187,-1,203,192,204,-1,204,192,182,-1,204,182,219,-1,219,182,180,-1,219,180,221,-1,221,180,178,-1,221,178,223,-1,223,178,176,-1,223,176,225,-1,225,176,174,-1,225,174,227,-1,227,174,172,-1,227,172,164,-1,164,172,168,-1,164,168,162,-1,162,168,170,-1,160,162,166,-1,166,162,170,-1,163,161,171,-1,171,161,167,-1,200,208,196,-1,196,208,198,-1,201,200,194,-1,194,200,196,-1,202,201,193,-1,193,201,194,-1,206,202,195,-1,195,202,193,-1,207,206,197,-1,197,206,195,-1,209,207,199,-1,199,207,197,-1,209,199,203,-1,203,199,192,-1,198,208,158,-1,158,208,156,-1,213,215,188,-1,188,215,189,-1,211,213,186,-1,186,213,188,-1,212,211,185,-1,185,211,186,-1,214,212,184,-1,184,212,185,-1,216,214,190,-1,190,214,184,-1,155,216,154,-1,154,216,190,-1,187,191,210,-1,210,191,217,-1,215,217,189,-1,189,217,191,-1,228,229,230,-1,230,229,231,-1,232,233,234,-1,234,233,235,-1,236,237,238,-1,238,237,239,-1,238,239,240,-1,240,239,241,-1,242,243,236,-1,236,243,237,-1,244,245,246,-1,246,245,247,-1,246,247,242,-1,242,247,243,-1,245,244,248,-1,245,248,249,-1,249,248,250,-1,249,250,251,-1,251,250,252,-1,251,252,253,-1,253,252,254,-1,253,254,255,-1,255,254,256,-1,255,256,257,-1,257,256,258,-1,257,258,259,-1,234,235,228,-1,260,261,262,-1,263,259,258,-1,262,264,260,-1,260,264,265,-1,260,265,266,-1,266,265,267,-1,266,267,230,-1,230,267,263,-1,230,263,268,-1,268,263,258,-1,269,270,271,-1,271,270,272,-1,271,272,273,-1,273,272,274,-1,228,230,234,-1,234,230,268,-1,234,268,274,-1,274,268,275,-1,274,275,273,-1,229,228,233,-1,233,228,235,-1,231,229,233,-1,276,277,278,-1,279,280,281,-1,278,282,276,-1,276,282,283,-1,276,283,284,-1,284,283,285,-1,284,285,232,-1,232,285,279,-1,232,279,286,-1,286,279,281,-1,287,288,289,-1,289,288,290,-1,289,290,291,-1,291,290,292,-1,233,232,231,-1,231,232,286,-1,231,286,292,-1,292,286,293,-1,292,293,291,-1,281,280,294,-1,294,280,295,-1,294,295,296,-1,296,295,297,-1,296,297,298,-1,298,297,299,-1,298,299,300,-1,300,299,301,-1,300,301,302,-1,302,301,303,-1,302,303,241,-1,241,303,240,-1,239,247,241,-1,241,247,245,-1,241,245,302,-1,302,245,249,-1,302,249,300,-1,300,249,251,-1,300,251,298,-1,298,251,253,-1,298,253,296,-1,296,253,255,-1,296,255,294,-1,294,255,257,-1,294,257,281,-1,281,257,259,-1,281,259,286,-1,286,259,263,-1,279,268,280,-1,280,268,258,-1,280,258,295,-1,295,258,256,-1,295,256,297,-1,297,256,254,-1,297,254,299,-1,299,254,252,-1,299,252,301,-1,301,252,250,-1,301,250,303,-1,303,250,248,-1,303,248,240,-1,240,248,244,-1,240,244,238,-1,238,244,246,-1,236,238,242,-1,242,238,246,-1,239,237,247,-1,247,237,243,-1,276,284,272,-1,272,284,274,-1,277,276,270,-1,270,276,272,-1,278,277,269,-1,269,277,270,-1,282,278,271,-1,271,278,269,-1,283,282,273,-1,273,282,271,-1,285,283,275,-1,275,283,273,-1,285,275,279,-1,279,275,268,-1,274,284,234,-1,234,284,232,-1,289,291,264,-1,264,291,265,-1,287,289,262,-1,262,289,264,-1,288,287,261,-1,261,287,262,-1,290,288,260,-1,260,288,261,-1,292,290,266,-1,266,290,260,-1,231,292,230,-1,230,292,266,-1,263,267,286,-1,286,267,293,-1,291,293,265,-1,265,293,267,-1,304,305,306,-1,306,305,307,-1,308,309,310,-1,310,309,311,-1,312,313,314,-1,314,313,315,-1,314,315,316,-1,316,315,317,-1,318,319,312,-1,312,319,313,-1,320,321,322,-1,322,321,323,-1,322,323,318,-1,318,323,319,-1,321,320,324,-1,321,324,325,-1,325,324,326,-1,325,326,327,-1,327,326,328,-1,327,328,329,-1,329,328,330,-1,329,330,331,-1,331,330,332,-1,331,332,333,-1,333,332,334,-1,333,334,335,-1,310,311,304,-1,336,337,338,-1,339,335,334,-1,338,340,336,-1,336,340,341,-1,336,341,342,-1,342,341,343,-1,342,343,306,-1,306,343,339,-1,306,339,344,-1,344,339,334,-1,345,346,347,-1,347,346,348,-1,347,348,349,-1,349,348,350,-1,304,306,310,-1,310,306,344,-1,310,344,350,-1,350,344,351,-1,350,351,349,-1,305,304,309,-1,309,304,311,-1,307,305,309,-1,352,353,354,-1,355,356,357,-1,354,358,352,-1,352,358,359,-1,352,359,360,-1,360,359,361,-1,360,361,308,-1,308,361,355,-1,308,355,362,-1,362,355,357,-1,363,364,365,-1,365,364,366,-1,365,366,367,-1,367,366,368,-1,309,308,307,-1,307,308,362,-1,307,362,368,-1,368,362,369,-1,368,369,367,-1,357,356,370,-1,370,356,371,-1,370,371,372,-1,372,371,373,-1,372,373,374,-1,374,373,375,-1,374,375,376,-1,376,375,377,-1,376,377,378,-1,378,377,379,-1,378,379,317,-1,317,379,316,-1,315,323,317,-1,317,323,321,-1,317,321,378,-1,378,321,325,-1,378,325,376,-1,376,325,327,-1,376,327,374,-1,374,327,329,-1,374,329,372,-1,372,329,331,-1,372,331,370,-1,370,331,333,-1,370,333,357,-1,357,333,335,-1,357,335,362,-1,362,335,339,-1,355,344,356,-1,356,344,334,-1,356,334,371,-1,371,334,332,-1,371,332,373,-1,373,332,330,-1,373,330,375,-1,375,330,328,-1,375,328,377,-1,377,328,326,-1,377,326,379,-1,379,326,324,-1,379,324,316,-1,316,324,320,-1,316,320,314,-1,314,320,322,-1,312,314,318,-1,318,314,322,-1,315,313,323,-1,323,313,319,-1,352,360,348,-1,348,360,350,-1,353,352,346,-1,346,352,348,-1,354,353,345,-1,345,353,346,-1,358,354,347,-1,347,354,345,-1,359,358,349,-1,349,358,347,-1,361,359,351,-1,351,359,349,-1,361,351,355,-1,355,351,344,-1,350,360,310,-1,310,360,308,-1,365,367,340,-1,340,367,341,-1,363,365,338,-1,338,365,340,-1,364,363,337,-1,337,363,338,-1,366,364,336,-1,336,364,337,-1,368,366,342,-1,342,366,336,-1,307,368,306,-1,306,368,342,-1,339,343,362,-1,362,343,369,-1,367,369,341,-1,341,369,343,-1,380,381,382,-1,382,381,383,-1,382,383,384,-1,384,383,385,-1,384,385,386,-1,386,385,387,-1,386,387,388,-1,387,389,388,-1,388,389,390,-1,388,390,391,-1,391,390,392,-1,391,392,393,-1,393,392,394,-1,393,394,395,-1,395,394,396,-1,395,396,397,-1,397,396,398,-1,399,400,401,-1,401,400,402,-1,401,402,403,-1,403,402,404,-1,403,404,405,-1,405,404,406,-1,405,406,407,-1,407,406,408,-1,407,408,409,-1,409,408,410,-1,411,412,413,-1,413,412,414,-1,413,414,415,-1,415,414,416,-1,415,416,399,-1,399,416,417,-1,399,417,400,-1,418,419,420,-1,420,419,421,-1,422,423,424,-1,425,418,420,-1,411,413,395,-1,426,427,428,-1,428,427,429,-1,428,429,430,-1,430,429,431,-1,420,432,425,-1,425,432,397,-1,425,397,431,-1,431,397,433,-1,431,433,430,-1,424,434,422,-1,422,434,435,-1,422,435,436,-1,436,435,437,-1,436,437,432,-1,432,437,411,-1,432,411,397,-1,397,411,395,-1,395,413,393,-1,393,413,415,-1,393,415,391,-1,391,415,399,-1,391,399,388,-1,388,399,401,-1,388,401,386,-1,386,401,403,-1,386,403,384,-1,384,403,405,-1,384,405,382,-1,382,405,407,-1,382,407,380,-1,380,407,409,-1,380,409,438,-1,438,409,439,-1,440,441,439,-1,439,441,438,-1,441,440,381,-1,381,440,410,-1,381,410,383,-1,383,410,408,-1,383,408,406,-1,383,406,385,-1,385,406,404,-1,385,404,387,-1,387,404,402,-1,387,402,389,-1,389,402,400,-1,389,400,390,-1,390,400,417,-1,390,417,392,-1,392,417,416,-1,392,416,394,-1,394,416,414,-1,394,414,396,-1,442,443,444,-1,445,421,419,-1,398,396,414,-1,446,447,448,-1,448,447,449,-1,448,449,450,-1,450,449,451,-1,419,452,445,-1,445,452,412,-1,445,412,451,-1,451,412,453,-1,451,453,450,-1,444,454,442,-1,442,454,455,-1,442,455,456,-1,456,455,457,-1,456,457,452,-1,452,457,398,-1,452,398,412,-1,412,398,414,-1,419,418,452,-1,452,418,425,-1,432,420,445,-1,445,420,421,-1,439,409,440,-1,440,409,410,-1,380,438,381,-1,381,438,441,-1,422,436,449,-1,449,436,451,-1,423,422,447,-1,447,422,449,-1,424,423,446,-1,446,423,447,-1,434,424,448,-1,448,424,446,-1,435,434,450,-1,450,434,448,-1,437,435,453,-1,453,435,450,-1,451,436,445,-1,445,436,432,-1,437,453,411,-1,411,453,412,-1,398,457,397,-1,397,457,433,-1,430,433,455,-1,455,433,457,-1,428,430,454,-1,454,430,455,-1,426,428,444,-1,444,428,454,-1,427,426,443,-1,443,426,444,-1,429,427,442,-1,442,427,443,-1,431,429,456,-1,456,429,442,-1,425,431,452,-1,452,431,456,-1,458,459,460,-1,460,459,461,-1,460,461,462,-1,462,461,463,-1,462,463,464,-1,464,463,465,-1,464,465,466,-1,465,467,466,-1,466,467,468,-1,466,468,469,-1,469,468,470,-1,469,470,471,-1,471,470,472,-1,471,472,473,-1,473,472,474,-1,473,474,475,-1,475,474,476,-1,477,478,479,-1,479,478,480,-1,479,480,481,-1,481,480,482,-1,481,482,483,-1,483,482,484,-1,483,484,485,-1,485,484,486,-1,485,486,487,-1,487,486,488,-1,489,490,491,-1,491,490,492,-1,491,492,493,-1,493,492,494,-1,493,494,477,-1,477,494,495,-1,477,495,478,-1,496,497,498,-1,498,497,499,-1,500,501,502,-1,503,496,498,-1,489,491,473,-1,504,505,506,-1,506,505,507,-1,506,507,508,-1,508,507,509,-1,498,510,503,-1,503,510,475,-1,503,475,509,-1,509,475,511,-1,509,511,508,-1,502,512,500,-1,500,512,513,-1,500,513,514,-1,514,513,515,-1,514,515,510,-1,510,515,489,-1,510,489,475,-1,475,489,473,-1,473,491,471,-1,471,491,493,-1,471,493,469,-1,469,493,477,-1,469,477,466,-1,466,477,479,-1,466,479,464,-1,464,479,481,-1,464,481,462,-1,462,481,483,-1,462,483,460,-1,460,483,485,-1,516,517,487,-1,487,517,458,-1,487,458,485,-1,485,458,460,-1,518,519,516,-1,516,519,517,-1,486,461,488,-1,488,461,459,-1,488,459,518,-1,518,459,519,-1,461,486,484,-1,461,484,463,-1,463,484,482,-1,463,482,465,-1,465,482,480,-1,465,480,467,-1,467,480,478,-1,467,478,468,-1,468,478,495,-1,468,495,470,-1,470,495,494,-1,470,494,472,-1,472,494,492,-1,472,492,474,-1,520,521,522,-1,523,499,497,-1,476,474,492,-1,524,525,526,-1,526,525,527,-1,526,527,528,-1,528,527,529,-1,497,530,523,-1,523,530,490,-1,523,490,529,-1,529,490,531,-1,529,531,528,-1,522,532,520,-1,520,532,533,-1,520,533,534,-1,534,533,535,-1,534,535,530,-1,530,535,476,-1,530,476,490,-1,490,476,492,-1,497,496,530,-1,530,496,503,-1,510,498,523,-1,523,498,499,-1,516,487,518,-1,518,487,488,-1,458,517,459,-1,459,517,519,-1,500,514,527,-1,527,514,529,-1,501,500,525,-1,525,500,527,-1,502,501,524,-1,524,501,525,-1,512,502,526,-1,526,502,524,-1,513,512,528,-1,528,512,526,-1,515,513,531,-1,531,513,528,-1,529,514,523,-1,523,514,510,-1,515,531,489,-1,489,531,490,-1,476,535,475,-1,475,535,511,-1,508,511,533,-1,533,511,535,-1,506,508,532,-1,532,508,533,-1,504,506,522,-1,522,506,532,-1,505,504,521,-1,521,504,522,-1,507,505,520,-1,520,505,521,-1,509,507,534,-1,534,507,520,-1,503,509,530,-1,530,509,534,-1,536,537,538,-1,538,537,539,-1,538,539,540,-1,540,539,541,-1,540,541,542,-1,542,541,543,-1,542,543,544,-1,543,545,544,-1,544,545,546,-1,544,546,547,-1,547,546,548,-1,547,548,549,-1,549,548,550,-1,549,550,551,-1,551,550,552,-1,551,552,553,-1,553,552,554,-1,555,556,557,-1,557,556,558,-1,557,558,559,-1,559,558,560,-1,559,560,561,-1,561,560,562,-1,561,562,563,-1,563,562,564,-1,563,564,565,-1,565,564,566,-1,567,568,569,-1,569,568,570,-1,569,570,571,-1,571,570,572,-1,571,572,555,-1,555,572,573,-1,555,573,556,-1,574,575,576,-1,576,575,577,-1,578,579,580,-1,581,574,576,-1,567,569,551,-1,582,583,584,-1,584,583,585,-1,584,585,586,-1,586,585,587,-1,576,588,581,-1,581,588,553,-1,581,553,587,-1,587,553,589,-1,587,589,586,-1,580,590,578,-1,578,590,591,-1,578,591,592,-1,592,591,593,-1,592,593,588,-1,588,593,567,-1,588,567,553,-1,553,567,551,-1,551,569,549,-1,549,569,571,-1,549,571,547,-1,547,571,555,-1,547,555,544,-1,544,555,557,-1,544,557,542,-1,542,557,559,-1,542,559,540,-1,540,559,561,-1,540,561,538,-1,538,561,563,-1,594,595,565,-1,565,595,536,-1,565,536,563,-1,563,536,538,-1,596,597,594,-1,594,597,595,-1,564,539,566,-1,566,539,537,-1,566,537,596,-1,596,537,597,-1,539,564,562,-1,539,562,541,-1,541,562,560,-1,541,560,543,-1,543,560,558,-1,543,558,545,-1,545,558,556,-1,545,556,546,-1,546,556,573,-1,546,573,548,-1,548,573,572,-1,548,572,550,-1,550,572,570,-1,550,570,552,-1,598,599,600,-1,601,577,575,-1,554,552,570,-1,602,603,604,-1,604,603,605,-1,604,605,606,-1,606,605,607,-1,575,608,601,-1,601,608,568,-1,601,568,607,-1,607,568,609,-1,607,609,606,-1,600,610,598,-1,598,610,611,-1,598,611,612,-1,612,611,613,-1,612,613,608,-1,608,613,554,-1,608,554,568,-1,568,554,570,-1,575,574,608,-1,608,574,581,-1,588,576,601,-1,601,576,577,-1,594,565,596,-1,596,565,566,-1,536,595,537,-1,537,595,597,-1,578,592,605,-1,605,592,607,-1,579,578,603,-1,603,578,605,-1,580,579,602,-1,602,579,603,-1,590,580,604,-1,604,580,602,-1,591,590,606,-1,606,590,604,-1,593,591,609,-1,609,591,606,-1,607,592,601,-1,601,592,588,-1,593,609,567,-1,567,609,568,-1,554,613,553,-1,553,613,589,-1,586,589,611,-1,611,589,613,-1,584,586,610,-1,610,586,611,-1,582,584,600,-1,600,584,610,-1,583,582,599,-1,599,582,600,-1,585,583,598,-1,598,583,599,-1,587,585,612,-1,612,585,598,-1,581,587,608,-1,608,587,612,-1,614,615,616,-1,616,615,617,-1,616,617,618,-1,618,617,619,-1,618,619,620,-1,620,619,621,-1,620,621,622,-1,621,623,622,-1,622,623,624,-1,622,624,625,-1,625,624,626,-1,625,626,627,-1,627,626,628,-1,627,628,629,-1,629,628,630,-1,629,630,631,-1,631,630,632,-1,633,634,635,-1,635,634,636,-1,635,636,637,-1,637,636,638,-1,637,638,639,-1,639,638,640,-1,639,640,641,-1,641,640,642,-1,641,642,643,-1,643,642,644,-1,645,646,647,-1,647,646,648,-1,647,648,649,-1,649,648,650,-1,649,650,633,-1,633,650,651,-1,633,651,634,-1,652,653,654,-1,654,653,655,-1,656,657,658,-1,659,652,654,-1,645,647,629,-1,660,661,662,-1,662,661,663,-1,662,663,664,-1,664,663,665,-1,654,666,659,-1,659,666,631,-1,659,631,665,-1,665,631,667,-1,665,667,664,-1,658,668,656,-1,656,668,669,-1,656,669,670,-1,670,669,671,-1,670,671,666,-1,666,671,645,-1,666,645,631,-1,631,645,629,-1,629,647,627,-1,627,647,649,-1,627,649,625,-1,625,649,633,-1,625,633,622,-1,622,633,635,-1,622,635,620,-1,620,635,637,-1,620,637,618,-1,618,637,639,-1,618,639,616,-1,616,639,641,-1,672,673,643,-1,643,673,614,-1,643,614,641,-1,641,614,616,-1,674,675,672,-1,672,675,673,-1,642,617,644,-1,644,617,615,-1,644,615,674,-1,674,615,675,-1,617,642,640,-1,617,640,619,-1,619,640,638,-1,619,638,621,-1,621,638,636,-1,621,636,623,-1,623,636,634,-1,623,634,624,-1,624,634,651,-1,624,651,626,-1,626,651,650,-1,626,650,628,-1,628,650,648,-1,628,648,630,-1,676,677,678,-1,679,655,653,-1,632,630,648,-1,680,681,682,-1,682,681,683,-1,682,683,684,-1,684,683,685,-1,653,686,679,-1,679,686,646,-1,679,646,685,-1,685,646,687,-1,685,687,684,-1,678,688,676,-1,676,688,689,-1,676,689,690,-1,690,689,691,-1,690,691,686,-1,686,691,632,-1,686,632,646,-1,646,632,648,-1,653,652,686,-1,686,652,659,-1,666,654,679,-1,679,654,655,-1,672,643,674,-1,674,643,644,-1,614,673,615,-1,615,673,675,-1,656,670,683,-1,683,670,685,-1,657,656,681,-1,681,656,683,-1,658,657,680,-1,680,657,681,-1,668,658,682,-1,682,658,680,-1,669,668,684,-1,684,668,682,-1,671,669,687,-1,687,669,684,-1,685,670,679,-1,679,670,666,-1,671,687,645,-1,645,687,646,-1,632,691,631,-1,631,691,667,-1,664,667,689,-1,689,667,691,-1,662,664,688,-1,688,664,689,-1,660,662,678,-1,678,662,688,-1,661,660,677,-1,677,660,678,-1,663,661,676,-1,676,661,677,-1,665,663,690,-1,690,663,676,-1,659,665,686,-1,686,665,690,-1,692,693,694,-1,694,693,695,-1,694,695,696,-1,696,695,697,-1,696,697,698,-1,698,697,699,-1,698,699,700,-1,699,701,700,-1,700,701,702,-1,700,702,703,-1,703,702,704,-1,703,704,705,-1,705,704,706,-1,705,706,707,-1,707,706,708,-1,707,708,709,-1,709,708,710,-1,711,712,713,-1,713,712,714,-1,713,714,715,-1,715,714,716,-1,715,716,717,-1,717,716,718,-1,717,718,719,-1,719,718,720,-1,719,720,721,-1,721,720,722,-1,723,724,725,-1,725,724,726,-1,725,726,727,-1,727,726,728,-1,727,728,711,-1,711,728,729,-1,711,729,712,-1,730,731,732,-1,732,731,733,-1,734,735,736,-1,737,730,732,-1,723,725,707,-1,738,739,740,-1,740,739,741,-1,740,741,742,-1,742,741,743,-1,732,744,737,-1,737,744,709,-1,737,709,743,-1,743,709,745,-1,743,745,742,-1,736,746,734,-1,734,746,747,-1,734,747,748,-1,748,747,749,-1,748,749,744,-1,744,749,723,-1,744,723,709,-1,709,723,707,-1,707,725,705,-1,705,725,727,-1,705,727,703,-1,703,727,711,-1,703,711,700,-1,700,711,713,-1,700,713,698,-1,698,713,715,-1,698,715,696,-1,696,715,717,-1,696,717,694,-1,694,717,719,-1,750,751,721,-1,721,751,692,-1,721,692,719,-1,719,692,694,-1,752,753,750,-1,750,753,751,-1,720,695,722,-1,722,695,693,-1,722,693,752,-1,752,693,753,-1,695,720,718,-1,695,718,697,-1,697,718,716,-1,697,716,699,-1,699,716,714,-1,699,714,701,-1,701,714,712,-1,701,712,702,-1,702,712,729,-1,702,729,704,-1,704,729,728,-1,704,728,706,-1,706,728,726,-1,706,726,708,-1,754,755,756,-1,757,733,731,-1,710,708,726,-1,758,759,760,-1,760,759,761,-1,760,761,762,-1,762,761,763,-1,731,764,757,-1,757,764,724,-1,757,724,763,-1,763,724,765,-1,763,765,762,-1,756,766,754,-1,754,766,767,-1,754,767,768,-1,768,767,769,-1,768,769,764,-1,764,769,710,-1,764,710,724,-1,724,710,726,-1,731,730,764,-1,764,730,737,-1,744,732,757,-1,757,732,733,-1,750,721,752,-1,752,721,722,-1,692,751,693,-1,693,751,753,-1,734,748,761,-1,761,748,763,-1,735,734,759,-1,759,734,761,-1,736,735,758,-1,758,735,759,-1,746,736,760,-1,760,736,758,-1,747,746,762,-1,762,746,760,-1,749,747,765,-1,765,747,762,-1,763,748,757,-1,757,748,744,-1,749,765,723,-1,723,765,724,-1,710,769,709,-1,709,769,745,-1,742,745,767,-1,767,745,769,-1,740,742,766,-1,766,742,767,-1,738,740,756,-1,756,740,766,-1,739,738,755,-1,755,738,756,-1,741,739,754,-1,754,739,755,-1,743,741,768,-1,768,741,754,-1,737,743,764,-1,764,743,768,-1,770,771,772,-1,772,771,773,-1,772,773,774,-1,774,773,775,-1,774,775,776,-1,776,775,777,-1,776,777,778,-1,777,779,778,-1,778,779,780,-1,778,780,781,-1,781,780,782,-1,781,782,783,-1,783,782,784,-1,783,784,785,-1,785,784,786,-1,785,786,787,-1,787,786,788,-1,789,790,791,-1,791,790,792,-1,791,792,793,-1,793,792,794,-1,793,794,795,-1,795,794,796,-1,795,796,797,-1,797,796,798,-1,797,798,799,-1,799,798,800,-1,801,802,803,-1,803,802,804,-1,803,804,805,-1,805,804,806,-1,805,806,789,-1,789,806,807,-1,789,807,790,-1,808,809,810,-1,810,809,811,-1,812,813,814,-1,815,808,810,-1,801,803,785,-1,816,817,818,-1,818,817,819,-1,818,819,820,-1,820,819,821,-1,810,822,815,-1,815,822,787,-1,815,787,821,-1,821,787,823,-1,821,823,820,-1,814,824,812,-1,812,824,825,-1,812,825,826,-1,826,825,827,-1,826,827,822,-1,822,827,801,-1,822,801,787,-1,787,801,785,-1,785,803,783,-1,783,803,805,-1,783,805,781,-1,781,805,789,-1,781,789,778,-1,778,789,791,-1,778,791,776,-1,776,791,793,-1,776,793,774,-1,774,793,795,-1,774,795,772,-1,772,795,797,-1,772,797,770,-1,770,797,799,-1,770,799,828,-1,828,799,829,-1,830,831,829,-1,829,831,828,-1,831,830,771,-1,771,830,800,-1,771,800,773,-1,773,800,798,-1,773,798,796,-1,773,796,775,-1,775,796,794,-1,775,794,777,-1,777,794,792,-1,777,792,779,-1,779,792,790,-1,779,790,780,-1,780,790,807,-1,780,807,782,-1,782,807,806,-1,782,806,784,-1,784,806,804,-1,784,804,786,-1,832,833,834,-1,835,811,809,-1,788,786,804,-1,836,837,838,-1,838,837,839,-1,838,839,840,-1,840,839,841,-1,809,842,835,-1,835,842,802,-1,835,802,841,-1,841,802,843,-1,841,843,840,-1,834,844,832,-1,832,844,845,-1,832,845,846,-1,846,845,847,-1,846,847,842,-1,842,847,788,-1,842,788,802,-1,802,788,804,-1,809,808,842,-1,842,808,815,-1,822,810,835,-1,835,810,811,-1,829,799,830,-1,830,799,800,-1,770,828,771,-1,771,828,831,-1,812,826,839,-1,839,826,841,-1,813,812,837,-1,837,812,839,-1,814,813,836,-1,836,813,837,-1,824,814,838,-1,838,814,836,-1,825,824,840,-1,840,824,838,-1,827,825,843,-1,843,825,840,-1,841,826,835,-1,835,826,822,-1,827,843,801,-1,801,843,802,-1,788,847,787,-1,787,847,823,-1,820,823,845,-1,845,823,847,-1,818,820,844,-1,844,820,845,-1,816,818,834,-1,834,818,844,-1,817,816,833,-1,833,816,834,-1,819,817,832,-1,832,817,833,-1,821,819,846,-1,846,819,832,-1,815,821,842,-1,842,821,846,-1,848,849,850,-1,850,849,851,-1,850,851,852,-1,852,851,853,-1,852,853,854,-1,854,853,855,-1,854,855,856,-1,855,857,856,-1,856,857,858,-1,856,858,859,-1,859,858,860,-1,859,860,861,-1,861,860,862,-1,861,862,863,-1,863,862,864,-1,863,864,865,-1,865,864,866,-1,867,868,869,-1,869,868,870,-1,869,870,871,-1,871,870,872,-1,871,872,873,-1,873,872,874,-1,873,874,875,-1,875,874,876,-1,875,876,877,-1,877,876,878,-1,879,880,881,-1,881,880,882,-1,881,882,883,-1,883,882,884,-1,883,884,867,-1,867,884,885,-1,867,885,868,-1,886,887,888,-1,888,887,889,-1,890,891,892,-1,893,886,888,-1,879,881,863,-1,894,895,896,-1,896,895,897,-1,896,897,898,-1,898,897,899,-1,888,900,893,-1,893,900,865,-1,893,865,899,-1,899,865,901,-1,899,901,898,-1,892,902,890,-1,890,902,903,-1,890,903,904,-1,904,903,905,-1,904,905,900,-1,900,905,879,-1,900,879,865,-1,865,879,863,-1,863,881,861,-1,861,881,883,-1,861,883,859,-1,859,883,867,-1,859,867,856,-1,856,867,869,-1,856,869,854,-1,854,869,871,-1,854,871,852,-1,852,871,873,-1,852,873,850,-1,850,873,875,-1,906,907,877,-1,877,907,848,-1,877,848,875,-1,875,848,850,-1,908,909,906,-1,906,909,907,-1,876,851,878,-1,878,851,849,-1,878,849,908,-1,908,849,909,-1,851,876,874,-1,851,874,853,-1,853,874,872,-1,853,872,855,-1,855,872,870,-1,855,870,857,-1,857,870,868,-1,857,868,858,-1,858,868,885,-1,858,885,860,-1,860,885,884,-1,860,884,862,-1,862,884,882,-1,862,882,864,-1,910,911,912,-1,913,889,887,-1,866,864,882,-1,914,915,916,-1,916,915,917,-1,916,917,918,-1,918,917,919,-1,887,920,913,-1,913,920,880,-1,913,880,919,-1,919,880,921,-1,919,921,918,-1,912,922,910,-1,910,922,923,-1,910,923,924,-1,924,923,925,-1,924,925,920,-1,920,925,866,-1,920,866,880,-1,880,866,882,-1,887,886,920,-1,920,886,893,-1,900,888,913,-1,913,888,889,-1,906,877,908,-1,908,877,878,-1,848,907,849,-1,849,907,909,-1,890,904,917,-1,917,904,919,-1,891,890,915,-1,915,890,917,-1,892,891,914,-1,914,891,915,-1,902,892,916,-1,916,892,914,-1,903,902,918,-1,918,902,916,-1,905,903,921,-1,921,903,918,-1,919,904,913,-1,913,904,900,-1,905,921,879,-1,879,921,880,-1,866,925,865,-1,865,925,901,-1,898,901,923,-1,923,901,925,-1,896,898,922,-1,922,898,923,-1,894,896,912,-1,912,896,922,-1,895,894,911,-1,911,894,912,-1,897,895,910,-1,910,895,911,-1,899,897,924,-1,924,897,910,-1,893,899,920,-1,920,899,924,-1,926,927,928,-1,928,927,929,-1,928,929,930,-1,930,929,931,-1,930,931,932,-1,932,931,933,-1,932,933,934,-1,933,935,934,-1,934,935,936,-1,934,936,937,-1,937,936,938,-1,937,938,939,-1,939,938,940,-1,939,940,941,-1,941,940,942,-1,941,942,943,-1,943,942,944,-1,945,946,947,-1,947,946,948,-1,947,948,949,-1,949,948,950,-1,949,950,951,-1,951,950,952,-1,951,952,953,-1,953,952,954,-1,953,954,955,-1,955,954,956,-1,957,958,959,-1,959,958,960,-1,959,960,961,-1,961,960,962,-1,961,962,945,-1,945,962,963,-1,945,963,946,-1,964,965,966,-1,966,965,967,-1,968,969,970,-1,971,964,966,-1,957,959,941,-1,972,973,974,-1,974,973,975,-1,974,975,976,-1,976,975,977,-1,966,978,971,-1,971,978,943,-1,971,943,977,-1,977,943,979,-1,977,979,976,-1,970,980,968,-1,968,980,981,-1,968,981,982,-1,982,981,983,-1,982,983,978,-1,978,983,957,-1,978,957,943,-1,943,957,941,-1,941,959,939,-1,939,959,961,-1,939,961,937,-1,937,961,945,-1,937,945,934,-1,934,945,947,-1,934,947,932,-1,932,947,949,-1,932,949,930,-1,930,949,951,-1,930,951,928,-1,928,951,953,-1,984,985,955,-1,955,985,926,-1,955,926,953,-1,953,926,928,-1,986,987,984,-1,984,987,985,-1,954,929,956,-1,956,929,927,-1,956,927,986,-1,986,927,987,-1,929,954,952,-1,929,952,931,-1,931,952,950,-1,931,950,933,-1,933,950,948,-1,933,948,935,-1,935,948,946,-1,935,946,936,-1,936,946,963,-1,936,963,938,-1,938,963,962,-1,938,962,940,-1,940,962,960,-1,940,960,942,-1,988,989,990,-1,991,967,965,-1,944,942,960,-1,992,993,994,-1,994,993,995,-1,994,995,996,-1,996,995,997,-1,965,998,991,-1,991,998,958,-1,991,958,997,-1,997,958,999,-1,997,999,996,-1,990,1000,988,-1,988,1000,1001,-1,988,1001,1002,-1,1002,1001,1003,-1,1002,1003,998,-1,998,1003,944,-1,998,944,958,-1,958,944,960,-1,965,964,998,-1,998,964,971,-1,978,966,991,-1,991,966,967,-1,984,955,986,-1,986,955,956,-1,926,985,927,-1,927,985,987,-1,968,982,995,-1,995,982,997,-1,969,968,993,-1,993,968,995,-1,970,969,992,-1,992,969,993,-1,980,970,994,-1,994,970,992,-1,981,980,996,-1,996,980,994,-1,983,981,999,-1,999,981,996,-1,997,982,991,-1,991,982,978,-1,983,999,957,-1,957,999,958,-1,944,1003,943,-1,943,1003,979,-1,976,979,1001,-1,1001,979,1003,-1,974,976,1000,-1,1000,976,1001,-1,972,974,990,-1,990,974,1000,-1,973,972,989,-1,989,972,990,-1,975,973,988,-1,988,973,989,-1,977,975,1002,-1,1002,975,988,-1,971,977,998,-1,998,977,1002,-1,1004,1005,1006,-1,1006,1005,1007,-1,1006,1007,1008,-1,1008,1007,1009,-1,1008,1009,1010,-1,1010,1009,1011,-1,1010,1011,1012,-1,1011,1013,1012,-1,1012,1013,1014,-1,1012,1014,1015,-1,1015,1014,1016,-1,1015,1016,1017,-1,1017,1016,1018,-1,1017,1018,1019,-1,1019,1018,1020,-1,1019,1020,1021,-1,1021,1020,1022,-1,1023,1024,1025,-1,1025,1024,1026,-1,1025,1026,1027,-1,1027,1026,1028,-1,1027,1028,1029,-1,1029,1028,1030,-1,1029,1030,1031,-1,1031,1030,1032,-1,1031,1032,1033,-1,1033,1032,1034,-1,1035,1036,1037,-1,1037,1036,1038,-1,1037,1038,1039,-1,1039,1038,1040,-1,1039,1040,1023,-1,1023,1040,1041,-1,1023,1041,1024,-1,1042,1043,1044,-1,1044,1043,1045,-1,1046,1047,1048,-1,1049,1042,1044,-1,1035,1037,1019,-1,1050,1051,1052,-1,1052,1051,1053,-1,1052,1053,1054,-1,1054,1053,1055,-1,1044,1056,1049,-1,1049,1056,1021,-1,1049,1021,1055,-1,1055,1021,1057,-1,1055,1057,1054,-1,1048,1058,1046,-1,1046,1058,1059,-1,1046,1059,1060,-1,1060,1059,1061,-1,1060,1061,1056,-1,1056,1061,1035,-1,1056,1035,1021,-1,1021,1035,1019,-1,1019,1037,1017,-1,1017,1037,1039,-1,1017,1039,1015,-1,1015,1039,1023,-1,1015,1023,1012,-1,1012,1023,1025,-1,1012,1025,1010,-1,1010,1025,1027,-1,1010,1027,1008,-1,1008,1027,1029,-1,1008,1029,1006,-1,1006,1029,1031,-1,1062,1063,1033,-1,1033,1063,1004,-1,1033,1004,1031,-1,1031,1004,1006,-1,1064,1065,1062,-1,1062,1065,1063,-1,1032,1007,1034,-1,1034,1007,1005,-1,1034,1005,1064,-1,1064,1005,1065,-1,1007,1032,1030,-1,1007,1030,1009,-1,1009,1030,1028,-1,1009,1028,1011,-1,1011,1028,1026,-1,1011,1026,1013,-1,1013,1026,1024,-1,1013,1024,1014,-1,1014,1024,1041,-1,1014,1041,1016,-1,1016,1041,1040,-1,1016,1040,1018,-1,1018,1040,1038,-1,1018,1038,1020,-1,1066,1067,1068,-1,1069,1045,1043,-1,1022,1020,1038,-1,1070,1071,1072,-1,1072,1071,1073,-1,1072,1073,1074,-1,1074,1073,1075,-1,1043,1076,1069,-1,1069,1076,1036,-1,1069,1036,1075,-1,1075,1036,1077,-1,1075,1077,1074,-1,1068,1078,1066,-1,1066,1078,1079,-1,1066,1079,1080,-1,1080,1079,1081,-1,1080,1081,1076,-1,1076,1081,1022,-1,1076,1022,1036,-1,1036,1022,1038,-1,1043,1042,1076,-1,1076,1042,1049,-1,1056,1044,1069,-1,1069,1044,1045,-1,1062,1033,1064,-1,1064,1033,1034,-1,1004,1063,1005,-1,1005,1063,1065,-1,1046,1060,1073,-1,1073,1060,1075,-1,1047,1046,1071,-1,1071,1046,1073,-1,1048,1047,1070,-1,1070,1047,1071,-1,1058,1048,1072,-1,1072,1048,1070,-1,1059,1058,1074,-1,1074,1058,1072,-1,1061,1059,1077,-1,1077,1059,1074,-1,1075,1060,1069,-1,1069,1060,1056,-1,1061,1077,1035,-1,1035,1077,1036,-1,1022,1081,1021,-1,1021,1081,1057,-1,1054,1057,1079,-1,1079,1057,1081,-1,1052,1054,1078,-1,1078,1054,1079,-1,1050,1052,1068,-1,1068,1052,1078,-1,1051,1050,1067,-1,1067,1050,1068,-1,1053,1051,1066,-1,1066,1051,1067,-1,1055,1053,1080,-1,1080,1053,1066,-1,1049,1055,1076,-1,1076,1055,1080,-1,1082,1083,1084,-1,1084,1083,1085,-1,1084,1085,1086,-1,1086,1085,1087,-1,1086,1087,1088,-1,1088,1087,1089,-1,1088,1089,1090,-1,1089,1091,1090,-1,1090,1091,1092,-1,1090,1092,1093,-1,1093,1092,1094,-1,1093,1094,1095,-1,1095,1094,1096,-1,1095,1096,1097,-1,1097,1096,1098,-1,1097,1098,1099,-1,1099,1098,1100,-1,1101,1102,1103,-1,1103,1102,1104,-1,1103,1104,1105,-1,1105,1104,1106,-1,1105,1106,1107,-1,1107,1106,1108,-1,1107,1108,1109,-1,1109,1108,1110,-1,1109,1110,1111,-1,1111,1110,1112,-1,1113,1114,1115,-1,1115,1114,1116,-1,1115,1116,1117,-1,1117,1116,1118,-1,1117,1118,1101,-1,1101,1118,1119,-1,1101,1119,1102,-1,1120,1121,1122,-1,1122,1121,1123,-1,1124,1125,1126,-1,1127,1120,1122,-1,1113,1115,1097,-1,1128,1129,1130,-1,1130,1129,1131,-1,1130,1131,1132,-1,1132,1131,1133,-1,1122,1134,1127,-1,1127,1134,1099,-1,1127,1099,1133,-1,1133,1099,1135,-1,1133,1135,1132,-1,1126,1136,1124,-1,1124,1136,1137,-1,1124,1137,1138,-1,1138,1137,1139,-1,1138,1139,1134,-1,1134,1139,1113,-1,1134,1113,1099,-1,1099,1113,1097,-1,1097,1115,1095,-1,1095,1115,1117,-1,1095,1117,1093,-1,1093,1117,1101,-1,1093,1101,1090,-1,1090,1101,1103,-1,1090,1103,1088,-1,1088,1103,1105,-1,1088,1105,1086,-1,1086,1105,1107,-1,1086,1107,1084,-1,1084,1107,1109,-1,1140,1141,1111,-1,1111,1141,1082,-1,1111,1082,1109,-1,1109,1082,1084,-1,1142,1143,1140,-1,1140,1143,1141,-1,1110,1085,1112,-1,1112,1085,1083,-1,1112,1083,1142,-1,1142,1083,1143,-1,1085,1110,1108,-1,1085,1108,1087,-1,1087,1108,1106,-1,1087,1106,1089,-1,1089,1106,1104,-1,1089,1104,1091,-1,1091,1104,1102,-1,1091,1102,1092,-1,1092,1102,1119,-1,1092,1119,1094,-1,1094,1119,1118,-1,1094,1118,1096,-1,1096,1118,1116,-1,1096,1116,1098,-1,1144,1145,1146,-1,1147,1123,1121,-1,1100,1098,1116,-1,1148,1149,1150,-1,1150,1149,1151,-1,1150,1151,1152,-1,1152,1151,1153,-1,1121,1154,1147,-1,1147,1154,1114,-1,1147,1114,1153,-1,1153,1114,1155,-1,1153,1155,1152,-1,1146,1156,1144,-1,1144,1156,1157,-1,1144,1157,1158,-1,1158,1157,1159,-1,1158,1159,1154,-1,1154,1159,1100,-1,1154,1100,1114,-1,1114,1100,1116,-1,1121,1120,1154,-1,1154,1120,1127,-1,1134,1122,1147,-1,1147,1122,1123,-1,1140,1111,1142,-1,1142,1111,1112,-1,1082,1141,1083,-1,1083,1141,1143,-1,1124,1138,1151,-1,1151,1138,1153,-1,1125,1124,1149,-1,1149,1124,1151,-1,1126,1125,1148,-1,1148,1125,1149,-1,1136,1126,1150,-1,1150,1126,1148,-1,1137,1136,1152,-1,1152,1136,1150,-1,1139,1137,1155,-1,1155,1137,1152,-1,1153,1138,1147,-1,1147,1138,1134,-1,1139,1155,1113,-1,1113,1155,1114,-1,1100,1159,1099,-1,1099,1159,1135,-1,1132,1135,1157,-1,1157,1135,1159,-1,1130,1132,1156,-1,1156,1132,1157,-1,1128,1130,1146,-1,1146,1130,1156,-1,1129,1128,1145,-1,1145,1128,1146,-1,1131,1129,1144,-1,1144,1129,1145,-1,1133,1131,1158,-1,1158,1131,1144,-1,1127,1133,1154,-1,1154,1133,1158,-1,1160,1161,1162,-1,1162,1161,1163,-1,1162,1163,1164,-1,1164,1163,1165,-1,1164,1165,1166,-1,1166,1165,1167,-1,1166,1167,1168,-1,1167,1169,1168,-1,1168,1169,1170,-1,1168,1170,1171,-1,1171,1170,1172,-1,1171,1172,1173,-1,1173,1172,1174,-1,1173,1174,1175,-1,1175,1174,1176,-1,1175,1176,1177,-1,1177,1176,1178,-1,1179,1180,1181,-1,1181,1180,1182,-1,1181,1182,1183,-1,1183,1182,1184,-1,1183,1184,1185,-1,1185,1184,1186,-1,1185,1186,1187,-1,1187,1186,1188,-1,1187,1188,1189,-1,1189,1188,1190,-1,1191,1192,1193,-1,1193,1192,1194,-1,1193,1194,1195,-1,1195,1194,1196,-1,1195,1196,1179,-1,1179,1196,1197,-1,1179,1197,1180,-1,1198,1199,1200,-1,1200,1199,1201,-1,1202,1203,1204,-1,1205,1198,1200,-1,1191,1193,1175,-1,1206,1207,1208,-1,1208,1207,1209,-1,1208,1209,1210,-1,1210,1209,1211,-1,1200,1212,1205,-1,1205,1212,1177,-1,1205,1177,1211,-1,1211,1177,1213,-1,1211,1213,1210,-1,1204,1214,1202,-1,1202,1214,1215,-1,1202,1215,1216,-1,1216,1215,1217,-1,1216,1217,1212,-1,1212,1217,1191,-1,1212,1191,1177,-1,1177,1191,1175,-1,1175,1193,1173,-1,1173,1193,1195,-1,1173,1195,1171,-1,1171,1195,1179,-1,1171,1179,1168,-1,1168,1179,1181,-1,1168,1181,1166,-1,1166,1181,1183,-1,1166,1183,1164,-1,1164,1183,1185,-1,1164,1185,1162,-1,1162,1185,1187,-1,1218,1219,1189,-1,1189,1219,1160,-1,1189,1160,1187,-1,1187,1160,1162,-1,1220,1221,1218,-1,1218,1221,1219,-1,1188,1163,1190,-1,1190,1163,1161,-1,1190,1161,1220,-1,1220,1161,1221,-1,1163,1188,1186,-1,1163,1186,1165,-1,1165,1186,1184,-1,1165,1184,1167,-1,1167,1184,1182,-1,1167,1182,1169,-1,1169,1182,1180,-1,1169,1180,1170,-1,1170,1180,1197,-1,1170,1197,1172,-1,1172,1197,1196,-1,1172,1196,1174,-1,1174,1196,1194,-1,1174,1194,1176,-1,1222,1223,1224,-1,1225,1201,1199,-1,1178,1176,1194,-1,1226,1227,1228,-1,1228,1227,1229,-1,1228,1229,1230,-1,1230,1229,1231,-1,1199,1232,1225,-1,1225,1232,1192,-1,1225,1192,1231,-1,1231,1192,1233,-1,1231,1233,1230,-1,1224,1234,1222,-1,1222,1234,1235,-1,1222,1235,1236,-1,1236,1235,1237,-1,1236,1237,1232,-1,1232,1237,1178,-1,1232,1178,1192,-1,1192,1178,1194,-1,1199,1198,1232,-1,1232,1198,1205,-1,1212,1200,1225,-1,1225,1200,1201,-1,1218,1189,1220,-1,1220,1189,1190,-1,1160,1219,1161,-1,1161,1219,1221,-1,1202,1216,1229,-1,1229,1216,1231,-1,1203,1202,1227,-1,1227,1202,1229,-1,1204,1203,1226,-1,1226,1203,1227,-1,1214,1204,1228,-1,1228,1204,1226,-1,1215,1214,1230,-1,1230,1214,1228,-1,1217,1215,1233,-1,1233,1215,1230,-1,1231,1216,1225,-1,1225,1216,1212,-1,1217,1233,1191,-1,1191,1233,1192,-1,1178,1237,1177,-1,1177,1237,1213,-1,1210,1213,1235,-1,1235,1213,1237,-1,1208,1210,1234,-1,1234,1210,1235,-1,1206,1208,1224,-1,1224,1208,1234,-1,1207,1206,1223,-1,1223,1206,1224,-1,1209,1207,1222,-1,1222,1207,1223,-1,1211,1209,1236,-1,1236,1209,1222,-1,1205,1211,1232,-1,1232,1211,1236,-1,1238,1239,1240,-1,1240,1239,1241,-1,1240,1241,1242,-1,1242,1241,1243,-1,1242,1243,1244,-1,1244,1243,1245,-1,1244,1245,1246,-1,1245,1247,1246,-1,1246,1247,1248,-1,1246,1248,1249,-1,1249,1248,1250,-1,1249,1250,1251,-1,1251,1250,1252,-1,1251,1252,1253,-1,1253,1252,1254,-1,1253,1254,1255,-1,1255,1254,1256,-1,1257,1258,1259,-1,1259,1258,1260,-1,1259,1260,1261,-1,1261,1260,1262,-1,1261,1262,1263,-1,1263,1262,1264,-1,1263,1264,1265,-1,1265,1264,1266,-1,1265,1266,1267,-1,1267,1266,1268,-1,1269,1270,1271,-1,1271,1270,1272,-1,1271,1272,1273,-1,1273,1272,1274,-1,1273,1274,1257,-1,1257,1274,1275,-1,1257,1275,1258,-1,1276,1277,1278,-1,1278,1277,1279,-1,1280,1281,1282,-1,1283,1276,1278,-1,1269,1271,1253,-1,1284,1285,1286,-1,1286,1285,1287,-1,1286,1287,1288,-1,1288,1287,1289,-1,1278,1290,1283,-1,1283,1290,1255,-1,1283,1255,1289,-1,1289,1255,1291,-1,1289,1291,1288,-1,1282,1292,1280,-1,1280,1292,1293,-1,1280,1293,1294,-1,1294,1293,1295,-1,1294,1295,1290,-1,1290,1295,1269,-1,1290,1269,1255,-1,1255,1269,1253,-1,1253,1271,1251,-1,1251,1271,1273,-1,1251,1273,1249,-1,1249,1273,1257,-1,1249,1257,1246,-1,1246,1257,1259,-1,1246,1259,1244,-1,1244,1259,1261,-1,1244,1261,1242,-1,1242,1261,1263,-1,1242,1263,1240,-1,1240,1263,1265,-1,1296,1297,1267,-1,1267,1297,1238,-1,1267,1238,1265,-1,1265,1238,1240,-1,1298,1299,1296,-1,1296,1299,1297,-1,1266,1241,1268,-1,1268,1241,1239,-1,1268,1239,1298,-1,1298,1239,1299,-1,1241,1266,1264,-1,1241,1264,1243,-1,1243,1264,1262,-1,1243,1262,1245,-1,1245,1262,1260,-1,1245,1260,1247,-1,1247,1260,1258,-1,1247,1258,1248,-1,1248,1258,1275,-1,1248,1275,1250,-1,1250,1275,1274,-1,1250,1274,1252,-1,1252,1274,1272,-1,1252,1272,1254,-1,1300,1301,1302,-1,1303,1279,1277,-1,1256,1254,1272,-1,1304,1305,1306,-1,1306,1305,1307,-1,1306,1307,1308,-1,1308,1307,1309,-1,1277,1310,1303,-1,1303,1310,1270,-1,1303,1270,1309,-1,1309,1270,1311,-1,1309,1311,1308,-1,1302,1312,1300,-1,1300,1312,1313,-1,1300,1313,1314,-1,1314,1313,1315,-1,1314,1315,1310,-1,1310,1315,1256,-1,1310,1256,1270,-1,1270,1256,1272,-1,1277,1276,1310,-1,1310,1276,1283,-1,1290,1278,1303,-1,1303,1278,1279,-1,1296,1267,1298,-1,1298,1267,1268,-1,1238,1297,1239,-1,1239,1297,1299,-1,1280,1294,1307,-1,1307,1294,1309,-1,1281,1280,1305,-1,1305,1280,1307,-1,1282,1281,1304,-1,1304,1281,1305,-1,1292,1282,1306,-1,1306,1282,1304,-1,1293,1292,1308,-1,1308,1292,1306,-1,1295,1293,1311,-1,1311,1293,1308,-1,1309,1294,1303,-1,1303,1294,1290,-1,1295,1311,1269,-1,1269,1311,1270,-1,1256,1315,1255,-1,1255,1315,1291,-1,1288,1291,1313,-1,1313,1291,1315,-1,1286,1288,1312,-1,1312,1288,1313,-1,1284,1286,1302,-1,1302,1286,1312,-1,1285,1284,1301,-1,1301,1284,1302,-1,1287,1285,1300,-1,1300,1285,1301,-1,1289,1287,1314,-1,1314,1287,1300,-1,1283,1289,1310,-1,1310,1289,1314,-1,1316,1317,1318,-1,1318,1317,1319,-1,1318,1319,1320,-1,1320,1319,1321,-1,1320,1321,1322,-1,1322,1321,1323,-1,1322,1323,1324,-1,1323,1325,1324,-1,1324,1325,1326,-1,1324,1326,1327,-1,1327,1326,1328,-1,1327,1328,1329,-1,1329,1328,1330,-1,1329,1330,1331,-1,1331,1330,1332,-1,1331,1332,1333,-1,1333,1332,1334,-1,1335,1336,1337,-1,1337,1336,1338,-1,1337,1338,1339,-1,1339,1338,1340,-1,1339,1340,1341,-1,1341,1340,1342,-1,1341,1342,1343,-1,1343,1342,1344,-1,1343,1344,1345,-1,1345,1344,1346,-1,1347,1348,1349,-1,1349,1348,1350,-1,1349,1350,1351,-1,1351,1350,1352,-1,1351,1352,1335,-1,1335,1352,1353,-1,1335,1353,1336,-1,1354,1355,1356,-1,1356,1355,1357,-1,1358,1359,1360,-1,1361,1354,1356,-1,1347,1349,1331,-1,1362,1363,1364,-1,1364,1363,1365,-1,1364,1365,1366,-1,1366,1365,1367,-1,1356,1368,1361,-1,1361,1368,1333,-1,1361,1333,1367,-1,1367,1333,1369,-1,1367,1369,1366,-1,1360,1370,1358,-1,1358,1370,1371,-1,1358,1371,1372,-1,1372,1371,1373,-1,1372,1373,1368,-1,1368,1373,1347,-1,1368,1347,1333,-1,1333,1347,1331,-1,1331,1349,1329,-1,1329,1349,1351,-1,1329,1351,1327,-1,1327,1351,1335,-1,1327,1335,1324,-1,1324,1335,1337,-1,1324,1337,1322,-1,1322,1337,1339,-1,1322,1339,1320,-1,1320,1339,1341,-1,1320,1341,1318,-1,1318,1341,1343,-1,1374,1375,1345,-1,1345,1375,1316,-1,1345,1316,1343,-1,1343,1316,1318,-1,1376,1377,1374,-1,1374,1377,1375,-1,1344,1319,1346,-1,1346,1319,1317,-1,1346,1317,1376,-1,1376,1317,1377,-1,1319,1344,1342,-1,1319,1342,1321,-1,1321,1342,1340,-1,1321,1340,1323,-1,1323,1340,1338,-1,1323,1338,1325,-1,1325,1338,1336,-1,1325,1336,1326,-1,1326,1336,1353,-1,1326,1353,1328,-1,1328,1353,1352,-1,1328,1352,1330,-1,1330,1352,1350,-1,1330,1350,1332,-1,1378,1379,1380,-1,1381,1357,1355,-1,1334,1332,1350,-1,1382,1383,1384,-1,1384,1383,1385,-1,1384,1385,1386,-1,1386,1385,1387,-1,1355,1388,1381,-1,1381,1388,1348,-1,1381,1348,1387,-1,1387,1348,1389,-1,1387,1389,1386,-1,1380,1390,1378,-1,1378,1390,1391,-1,1378,1391,1392,-1,1392,1391,1393,-1,1392,1393,1388,-1,1388,1393,1334,-1,1388,1334,1348,-1,1348,1334,1350,-1,1355,1354,1388,-1,1388,1354,1361,-1,1368,1356,1381,-1,1381,1356,1357,-1,1374,1345,1376,-1,1376,1345,1346,-1,1316,1375,1317,-1,1317,1375,1377,-1,1358,1372,1385,-1,1385,1372,1387,-1,1359,1358,1383,-1,1383,1358,1385,-1,1360,1359,1382,-1,1382,1359,1383,-1,1370,1360,1384,-1,1384,1360,1382,-1,1371,1370,1386,-1,1386,1370,1384,-1,1373,1371,1389,-1,1389,1371,1386,-1,1387,1372,1381,-1,1381,1372,1368,-1,1373,1389,1347,-1,1347,1389,1348,-1,1334,1393,1333,-1,1333,1393,1369,-1,1366,1369,1391,-1,1391,1369,1393,-1,1364,1366,1390,-1,1390,1366,1391,-1,1362,1364,1380,-1,1380,1364,1390,-1,1363,1362,1379,-1,1379,1362,1380,-1,1365,1363,1378,-1,1378,1363,1379,-1,1367,1365,1392,-1,1392,1365,1378,-1,1361,1367,1388,-1,1388,1367,1392,-1,1394,1395,1396,-1,1396,1395,1397,-1,1396,1397,1398,-1,1398,1397,1399,-1,1398,1399,1400,-1,1400,1399,1401,-1,1400,1401,1402,-1,1401,1403,1402,-1,1402,1403,1404,-1,1402,1404,1405,-1,1405,1404,1406,-1,1405,1406,1407,-1,1407,1406,1408,-1,1407,1408,1409,-1,1409,1408,1410,-1,1409,1410,1411,-1,1411,1410,1412,-1,1413,1414,1415,-1,1415,1414,1416,-1,1415,1416,1417,-1,1417,1416,1418,-1,1417,1418,1419,-1,1419,1418,1420,-1,1419,1420,1421,-1,1421,1420,1422,-1,1421,1422,1423,-1,1423,1422,1424,-1,1425,1426,1427,-1,1427,1426,1428,-1,1427,1428,1429,-1,1429,1428,1430,-1,1429,1430,1413,-1,1413,1430,1431,-1,1413,1431,1414,-1,1432,1433,1434,-1,1434,1433,1435,-1,1436,1437,1438,-1,1439,1432,1434,-1,1425,1427,1409,-1,1440,1441,1442,-1,1442,1441,1443,-1,1442,1443,1444,-1,1444,1443,1445,-1,1434,1446,1439,-1,1439,1446,1411,-1,1439,1411,1445,-1,1445,1411,1447,-1,1445,1447,1444,-1,1438,1448,1436,-1,1436,1448,1449,-1,1436,1449,1450,-1,1450,1449,1451,-1,1450,1451,1446,-1,1446,1451,1425,-1,1446,1425,1411,-1,1411,1425,1409,-1,1409,1427,1407,-1,1407,1427,1429,-1,1407,1429,1405,-1,1405,1429,1413,-1,1405,1413,1402,-1,1402,1413,1415,-1,1402,1415,1400,-1,1400,1415,1417,-1,1400,1417,1398,-1,1398,1417,1419,-1,1398,1419,1396,-1,1396,1419,1421,-1,1452,1453,1423,-1,1423,1453,1394,-1,1423,1394,1421,-1,1421,1394,1396,-1,1454,1455,1452,-1,1452,1455,1453,-1,1422,1397,1424,-1,1424,1397,1395,-1,1424,1395,1454,-1,1454,1395,1455,-1,1397,1422,1420,-1,1397,1420,1399,-1,1399,1420,1418,-1,1399,1418,1401,-1,1401,1418,1416,-1,1401,1416,1403,-1,1403,1416,1414,-1,1403,1414,1404,-1,1404,1414,1431,-1,1404,1431,1406,-1,1406,1431,1430,-1,1406,1430,1408,-1,1408,1430,1428,-1,1408,1428,1410,-1,1456,1457,1458,-1,1459,1435,1433,-1,1412,1410,1428,-1,1460,1461,1462,-1,1462,1461,1463,-1,1462,1463,1464,-1,1464,1463,1465,-1,1433,1466,1459,-1,1459,1466,1426,-1,1459,1426,1465,-1,1465,1426,1467,-1,1465,1467,1464,-1,1458,1468,1456,-1,1456,1468,1469,-1,1456,1469,1470,-1,1470,1469,1471,-1,1470,1471,1466,-1,1466,1471,1412,-1,1466,1412,1426,-1,1426,1412,1428,-1,1433,1432,1466,-1,1466,1432,1439,-1,1446,1434,1459,-1,1459,1434,1435,-1,1452,1423,1454,-1,1454,1423,1424,-1,1394,1453,1395,-1,1395,1453,1455,-1,1436,1450,1463,-1,1463,1450,1465,-1,1437,1436,1461,-1,1461,1436,1463,-1,1438,1437,1460,-1,1460,1437,1461,-1,1448,1438,1462,-1,1462,1438,1460,-1,1449,1448,1464,-1,1464,1448,1462,-1,1451,1449,1467,-1,1467,1449,1464,-1,1465,1450,1459,-1,1459,1450,1446,-1,1451,1467,1425,-1,1425,1467,1426,-1,1412,1471,1411,-1,1411,1471,1447,-1,1444,1447,1469,-1,1469,1447,1471,-1,1442,1444,1468,-1,1468,1444,1469,-1,1440,1442,1458,-1,1458,1442,1468,-1,1441,1440,1457,-1,1457,1440,1458,-1,1443,1441,1456,-1,1456,1441,1457,-1,1445,1443,1470,-1,1470,1443,1456,-1,1439,1445,1466,-1,1466,1445,1470,-1,1472,1473,1474,-1,1474,1473,1475,-1,1476,1477,1478,-1,1478,1477,1479,-1,1480,1481,1482,-1,1482,1481,1483,-1,1482,1483,1484,-1,1484,1483,1485,-1,1486,1487,1480,-1,1480,1487,1481,-1,1488,1489,1490,-1,1490,1489,1491,-1,1490,1491,1486,-1,1486,1491,1487,-1,1489,1488,1492,-1,1489,1492,1493,-1,1493,1492,1494,-1,1493,1494,1495,-1,1495,1494,1496,-1,1495,1496,1497,-1,1497,1496,1498,-1,1497,1498,1499,-1,1499,1498,1500,-1,1499,1500,1501,-1,1501,1500,1502,-1,1501,1502,1503,-1,1478,1479,1472,-1,1504,1505,1506,-1,1507,1503,1502,-1,1506,1508,1504,-1,1504,1508,1509,-1,1504,1509,1510,-1,1510,1509,1511,-1,1510,1511,1474,-1,1474,1511,1507,-1,1474,1507,1512,-1,1512,1507,1502,-1,1513,1514,1515,-1,1515,1514,1516,-1,1515,1516,1517,-1,1517,1516,1518,-1,1472,1474,1478,-1,1478,1474,1512,-1,1478,1512,1518,-1,1518,1512,1519,-1,1518,1519,1517,-1,1473,1472,1477,-1,1477,1472,1479,-1,1475,1473,1477,-1,1520,1521,1522,-1,1523,1524,1525,-1,1522,1526,1520,-1,1520,1526,1527,-1,1520,1527,1528,-1,1528,1527,1529,-1,1528,1529,1476,-1,1476,1529,1523,-1,1476,1523,1530,-1,1530,1523,1525,-1,1531,1532,1533,-1,1533,1532,1534,-1,1533,1534,1535,-1,1535,1534,1536,-1,1477,1476,1475,-1,1475,1476,1530,-1,1475,1530,1536,-1,1536,1530,1537,-1,1536,1537,1535,-1,1525,1524,1538,-1,1538,1524,1539,-1,1538,1539,1540,-1,1540,1539,1541,-1,1540,1541,1542,-1,1542,1541,1543,-1,1542,1543,1544,-1,1544,1543,1545,-1,1544,1545,1546,-1,1546,1545,1547,-1,1546,1547,1485,-1,1485,1547,1484,-1,1483,1491,1485,-1,1485,1491,1489,-1,1485,1489,1546,-1,1546,1489,1493,-1,1546,1493,1544,-1,1544,1493,1495,-1,1544,1495,1542,-1,1542,1495,1497,-1,1542,1497,1540,-1,1540,1497,1499,-1,1540,1499,1538,-1,1538,1499,1501,-1,1538,1501,1525,-1,1525,1501,1503,-1,1525,1503,1530,-1,1530,1503,1507,-1,1523,1512,1524,-1,1524,1512,1502,-1,1524,1502,1539,-1,1539,1502,1500,-1,1539,1500,1541,-1,1541,1500,1498,-1,1541,1498,1543,-1,1543,1498,1496,-1,1543,1496,1545,-1,1545,1496,1494,-1,1545,1494,1547,-1,1547,1494,1492,-1,1547,1492,1484,-1,1484,1492,1488,-1,1484,1488,1482,-1,1482,1488,1490,-1,1480,1482,1486,-1,1486,1482,1490,-1,1483,1481,1491,-1,1491,1481,1487,-1,1520,1528,1516,-1,1516,1528,1518,-1,1521,1520,1514,-1,1514,1520,1516,-1,1522,1521,1513,-1,1513,1521,1514,-1,1526,1522,1515,-1,1515,1522,1513,-1,1527,1526,1517,-1,1517,1526,1515,-1,1529,1527,1519,-1,1519,1527,1517,-1,1529,1519,1523,-1,1523,1519,1512,-1,1518,1528,1478,-1,1478,1528,1476,-1,1533,1535,1508,-1,1508,1535,1509,-1,1531,1533,1506,-1,1506,1533,1508,-1,1532,1531,1505,-1,1505,1531,1506,-1,1534,1532,1504,-1,1504,1532,1505,-1,1536,1534,1510,-1,1510,1534,1504,-1,1475,1536,1474,-1,1474,1536,1510,-1,1507,1511,1530,-1,1530,1511,1537,-1,1535,1537,1509,-1,1509,1537,1511,-1,1548,1549,1550,-1,1550,1549,1551,-1,1552,1553,1554,-1,1554,1553,1555,-1,1556,1557,1558,-1,1558,1557,1559,-1,1558,1559,1560,-1,1560,1559,1561,-1,1562,1563,1556,-1,1556,1563,1557,-1,1564,1565,1566,-1,1566,1565,1567,-1,1566,1567,1562,-1,1562,1567,1563,-1,1565,1564,1568,-1,1565,1568,1569,-1,1569,1568,1570,-1,1569,1570,1571,-1,1571,1570,1572,-1,1571,1572,1573,-1,1573,1572,1574,-1,1573,1574,1575,-1,1575,1574,1576,-1,1575,1576,1577,-1,1577,1576,1578,-1,1577,1578,1579,-1,1554,1555,1548,-1,1580,1581,1582,-1,1583,1579,1578,-1,1582,1584,1580,-1,1580,1584,1585,-1,1580,1585,1586,-1,1586,1585,1587,-1,1586,1587,1550,-1,1550,1587,1583,-1,1550,1583,1588,-1,1588,1583,1578,-1,1589,1590,1591,-1,1591,1590,1592,-1,1591,1592,1593,-1,1593,1592,1594,-1,1548,1550,1554,-1,1554,1550,1588,-1,1554,1588,1594,-1,1594,1588,1595,-1,1594,1595,1593,-1,1549,1548,1553,-1,1553,1548,1555,-1,1551,1549,1553,-1,1596,1597,1598,-1,1599,1600,1601,-1,1598,1602,1596,-1,1596,1602,1603,-1,1596,1603,1604,-1,1604,1603,1605,-1,1604,1605,1552,-1,1552,1605,1599,-1,1552,1599,1606,-1,1606,1599,1601,-1,1607,1608,1609,-1,1609,1608,1610,-1,1609,1610,1611,-1,1611,1610,1612,-1,1553,1552,1551,-1,1551,1552,1606,-1,1551,1606,1612,-1,1612,1606,1613,-1,1612,1613,1611,-1,1601,1600,1614,-1,1614,1600,1615,-1,1614,1615,1616,-1,1616,1615,1617,-1,1616,1617,1618,-1,1618,1617,1619,-1,1618,1619,1620,-1,1620,1619,1621,-1,1620,1621,1622,-1,1622,1621,1623,-1,1622,1623,1561,-1,1561,1623,1560,-1,1559,1567,1561,-1,1561,1567,1565,-1,1561,1565,1622,-1,1622,1565,1569,-1,1622,1569,1620,-1,1620,1569,1571,-1,1620,1571,1618,-1,1618,1571,1573,-1,1618,1573,1616,-1,1616,1573,1575,-1,1616,1575,1614,-1,1614,1575,1577,-1,1614,1577,1601,-1,1601,1577,1579,-1,1601,1579,1606,-1,1606,1579,1583,-1,1599,1588,1600,-1,1600,1588,1578,-1,1600,1578,1615,-1,1615,1578,1576,-1,1615,1576,1617,-1,1617,1576,1574,-1,1617,1574,1619,-1,1619,1574,1572,-1,1619,1572,1621,-1,1621,1572,1570,-1,1621,1570,1623,-1,1623,1570,1568,-1,1623,1568,1560,-1,1560,1568,1564,-1,1560,1564,1558,-1,1558,1564,1566,-1,1556,1558,1562,-1,1562,1558,1566,-1,1559,1557,1567,-1,1567,1557,1563,-1,1596,1604,1592,-1,1592,1604,1594,-1,1597,1596,1590,-1,1590,1596,1592,-1,1598,1597,1589,-1,1589,1597,1590,-1,1602,1598,1591,-1,1591,1598,1589,-1,1603,1602,1593,-1,1593,1602,1591,-1,1605,1603,1595,-1,1595,1603,1593,-1,1605,1595,1599,-1,1599,1595,1588,-1,1594,1604,1554,-1,1554,1604,1552,-1,1609,1611,1584,-1,1584,1611,1585,-1,1607,1609,1582,-1,1582,1609,1584,-1,1608,1607,1581,-1,1581,1607,1582,-1,1610,1608,1580,-1,1580,1608,1581,-1,1612,1610,1586,-1,1586,1610,1580,-1,1551,1612,1550,-1,1550,1612,1586,-1,1583,1587,1606,-1,1606,1587,1613,-1,1611,1613,1585,-1,1585,1613,1587,-1,1624,1625,1626,-1,1626,1625,1627,-1,1628,1629,1630,-1,1630,1629,1631,-1,1632,1633,1634,-1,1634,1633,1635,-1,1634,1635,1636,-1,1636,1635,1637,-1,1638,1639,1632,-1,1632,1639,1633,-1,1640,1641,1642,-1,1642,1641,1643,-1,1642,1643,1638,-1,1638,1643,1639,-1,1641,1640,1644,-1,1641,1644,1645,-1,1645,1644,1646,-1,1645,1646,1647,-1,1647,1646,1648,-1,1647,1648,1649,-1,1649,1648,1650,-1,1649,1650,1651,-1,1651,1650,1652,-1,1651,1652,1653,-1,1653,1652,1654,-1,1653,1654,1655,-1,1630,1631,1624,-1,1656,1657,1658,-1,1659,1655,1654,-1,1658,1660,1656,-1,1656,1660,1661,-1,1656,1661,1662,-1,1662,1661,1663,-1,1662,1663,1626,-1,1626,1663,1659,-1,1626,1659,1664,-1,1664,1659,1654,-1,1665,1666,1667,-1,1667,1666,1668,-1,1667,1668,1669,-1,1669,1668,1670,-1,1624,1626,1630,-1,1630,1626,1664,-1,1630,1664,1670,-1,1670,1664,1671,-1,1670,1671,1669,-1,1625,1624,1629,-1,1629,1624,1631,-1,1627,1625,1629,-1,1672,1673,1674,-1,1675,1676,1677,-1,1674,1678,1672,-1,1672,1678,1679,-1,1672,1679,1680,-1,1680,1679,1681,-1,1680,1681,1628,-1,1628,1681,1675,-1,1628,1675,1682,-1,1682,1675,1677,-1,1683,1684,1685,-1,1685,1684,1686,-1,1685,1686,1687,-1,1687,1686,1688,-1,1629,1628,1627,-1,1627,1628,1682,-1,1627,1682,1688,-1,1688,1682,1689,-1,1688,1689,1687,-1,1677,1676,1690,-1,1690,1676,1691,-1,1690,1691,1692,-1,1692,1691,1693,-1,1692,1693,1694,-1,1694,1693,1695,-1,1694,1695,1696,-1,1696,1695,1697,-1,1696,1697,1698,-1,1698,1697,1699,-1,1698,1699,1637,-1,1637,1699,1636,-1,1635,1643,1637,-1,1637,1643,1641,-1,1637,1641,1698,-1,1698,1641,1645,-1,1698,1645,1696,-1,1696,1645,1647,-1,1696,1647,1694,-1,1694,1647,1649,-1,1694,1649,1692,-1,1692,1649,1651,-1,1692,1651,1690,-1,1690,1651,1653,-1,1690,1653,1677,-1,1677,1653,1655,-1,1677,1655,1682,-1,1682,1655,1659,-1,1675,1664,1676,-1,1676,1664,1654,-1,1676,1654,1691,-1,1691,1654,1652,-1,1691,1652,1693,-1,1693,1652,1650,-1,1693,1650,1695,-1,1695,1650,1648,-1,1695,1648,1697,-1,1697,1648,1646,-1,1697,1646,1699,-1,1699,1646,1644,-1,1699,1644,1636,-1,1636,1644,1640,-1,1636,1640,1634,-1,1634,1640,1642,-1,1632,1634,1638,-1,1638,1634,1642,-1,1635,1633,1643,-1,1643,1633,1639,-1,1672,1680,1668,-1,1668,1680,1670,-1,1673,1672,1666,-1,1666,1672,1668,-1,1674,1673,1665,-1,1665,1673,1666,-1,1678,1674,1667,-1,1667,1674,1665,-1,1679,1678,1669,-1,1669,1678,1667,-1,1681,1679,1671,-1,1671,1679,1669,-1,1681,1671,1675,-1,1675,1671,1664,-1,1670,1680,1630,-1,1630,1680,1628,-1,1685,1687,1660,-1,1660,1687,1661,-1,1683,1685,1658,-1,1658,1685,1660,-1,1684,1683,1657,-1,1657,1683,1658,-1,1686,1684,1656,-1,1656,1684,1657,-1,1688,1686,1662,-1,1662,1686,1656,-1,1627,1688,1626,-1,1626,1688,1662,-1,1659,1663,1682,-1,1682,1663,1689,-1,1687,1689,1661,-1,1661,1689,1663,-1,1700,1701,1702,-1,1702,1701,1703,-1,1704,1705,1706,-1,1706,1705,1707,-1,1708,1709,1710,-1,1710,1709,1711,-1,1710,1711,1712,-1,1712,1711,1713,-1,1714,1715,1708,-1,1708,1715,1709,-1,1716,1717,1718,-1,1718,1717,1719,-1,1718,1719,1714,-1,1714,1719,1715,-1,1717,1716,1720,-1,1717,1720,1721,-1,1721,1720,1722,-1,1721,1722,1723,-1,1723,1722,1724,-1,1723,1724,1725,-1,1725,1724,1726,-1,1725,1726,1727,-1,1727,1726,1728,-1,1727,1728,1729,-1,1729,1728,1730,-1,1729,1730,1731,-1,1706,1707,1700,-1,1732,1733,1734,-1,1735,1731,1730,-1,1734,1736,1732,-1,1732,1736,1737,-1,1732,1737,1738,-1,1738,1737,1739,-1,1738,1739,1702,-1,1702,1739,1735,-1,1702,1735,1740,-1,1740,1735,1730,-1,1741,1742,1743,-1,1743,1742,1744,-1,1743,1744,1745,-1,1745,1744,1746,-1,1700,1702,1706,-1,1706,1702,1740,-1,1706,1740,1746,-1,1746,1740,1747,-1,1746,1747,1745,-1,1701,1700,1705,-1,1705,1700,1707,-1,1703,1701,1705,-1,1748,1749,1750,-1,1751,1752,1753,-1,1750,1754,1748,-1,1748,1754,1755,-1,1748,1755,1756,-1,1756,1755,1757,-1,1756,1757,1704,-1,1704,1757,1751,-1,1704,1751,1758,-1,1758,1751,1753,-1,1759,1760,1761,-1,1761,1760,1762,-1,1761,1762,1763,-1,1763,1762,1764,-1,1705,1704,1703,-1,1703,1704,1758,-1,1703,1758,1764,-1,1764,1758,1765,-1,1764,1765,1763,-1,1753,1752,1766,-1,1766,1752,1767,-1,1766,1767,1768,-1,1768,1767,1769,-1,1768,1769,1770,-1,1770,1769,1771,-1,1770,1771,1772,-1,1772,1771,1773,-1,1772,1773,1774,-1,1774,1773,1775,-1,1774,1775,1713,-1,1713,1775,1712,-1,1711,1719,1713,-1,1713,1719,1717,-1,1713,1717,1774,-1,1774,1717,1721,-1,1774,1721,1772,-1,1772,1721,1723,-1,1772,1723,1770,-1,1770,1723,1725,-1,1770,1725,1768,-1,1768,1725,1727,-1,1768,1727,1766,-1,1766,1727,1729,-1,1766,1729,1753,-1,1753,1729,1731,-1,1753,1731,1758,-1,1758,1731,1735,-1,1751,1740,1752,-1,1752,1740,1730,-1,1752,1730,1767,-1,1767,1730,1728,-1,1767,1728,1769,-1,1769,1728,1726,-1,1769,1726,1771,-1,1771,1726,1724,-1,1771,1724,1773,-1,1773,1724,1722,-1,1773,1722,1775,-1,1775,1722,1720,-1,1775,1720,1712,-1,1712,1720,1716,-1,1712,1716,1710,-1,1710,1716,1718,-1,1708,1710,1714,-1,1714,1710,1718,-1,1711,1709,1719,-1,1719,1709,1715,-1,1748,1756,1744,-1,1744,1756,1746,-1,1749,1748,1742,-1,1742,1748,1744,-1,1750,1749,1741,-1,1741,1749,1742,-1,1754,1750,1743,-1,1743,1750,1741,-1,1755,1754,1745,-1,1745,1754,1743,-1,1757,1755,1747,-1,1747,1755,1745,-1,1757,1747,1751,-1,1751,1747,1740,-1,1746,1756,1706,-1,1706,1756,1704,-1,1761,1763,1736,-1,1736,1763,1737,-1,1759,1761,1734,-1,1734,1761,1736,-1,1760,1759,1733,-1,1733,1759,1734,-1,1762,1760,1732,-1,1732,1760,1733,-1,1764,1762,1738,-1,1738,1762,1732,-1,1703,1764,1702,-1,1702,1764,1738,-1,1735,1739,1758,-1,1758,1739,1765,-1,1763,1765,1737,-1,1737,1765,1739,-1,1776,1777,1778,-1,1778,1777,1779,-1,1780,1781,1782,-1,1782,1781,1783,-1,1784,1785,1786,-1,1786,1785,1787,-1,1786,1787,1788,-1,1788,1787,1789,-1,1790,1791,1784,-1,1784,1791,1785,-1,1792,1793,1794,-1,1794,1793,1795,-1,1794,1795,1790,-1,1790,1795,1791,-1,1793,1792,1796,-1,1793,1796,1797,-1,1797,1796,1798,-1,1797,1798,1799,-1,1799,1798,1800,-1,1799,1800,1801,-1,1801,1800,1802,-1,1801,1802,1803,-1,1803,1802,1804,-1,1803,1804,1805,-1,1805,1804,1806,-1,1805,1806,1807,-1,1782,1783,1776,-1,1808,1809,1810,-1,1811,1807,1806,-1,1810,1812,1808,-1,1808,1812,1813,-1,1808,1813,1814,-1,1814,1813,1815,-1,1814,1815,1778,-1,1778,1815,1811,-1,1778,1811,1816,-1,1816,1811,1806,-1,1817,1818,1819,-1,1819,1818,1820,-1,1819,1820,1821,-1,1821,1820,1822,-1,1776,1778,1782,-1,1782,1778,1816,-1,1782,1816,1822,-1,1822,1816,1823,-1,1822,1823,1821,-1,1777,1776,1781,-1,1781,1776,1783,-1,1779,1777,1781,-1,1824,1825,1826,-1,1827,1828,1829,-1,1826,1830,1824,-1,1824,1830,1831,-1,1824,1831,1832,-1,1832,1831,1833,-1,1832,1833,1780,-1,1780,1833,1827,-1,1780,1827,1834,-1,1834,1827,1829,-1,1835,1836,1837,-1,1837,1836,1838,-1,1837,1838,1839,-1,1839,1838,1840,-1,1781,1780,1779,-1,1779,1780,1834,-1,1779,1834,1840,-1,1840,1834,1841,-1,1840,1841,1839,-1,1829,1828,1842,-1,1842,1828,1843,-1,1842,1843,1844,-1,1844,1843,1845,-1,1844,1845,1846,-1,1846,1845,1847,-1,1846,1847,1848,-1,1848,1847,1849,-1,1848,1849,1850,-1,1850,1849,1851,-1,1850,1851,1789,-1,1789,1851,1788,-1,1787,1795,1789,-1,1789,1795,1793,-1,1789,1793,1850,-1,1850,1793,1797,-1,1850,1797,1848,-1,1848,1797,1799,-1,1848,1799,1846,-1,1846,1799,1801,-1,1846,1801,1844,-1,1844,1801,1803,-1,1844,1803,1842,-1,1842,1803,1805,-1,1842,1805,1829,-1,1829,1805,1807,-1,1829,1807,1834,-1,1834,1807,1811,-1,1827,1816,1828,-1,1828,1816,1806,-1,1828,1806,1843,-1,1843,1806,1804,-1,1843,1804,1845,-1,1845,1804,1802,-1,1845,1802,1847,-1,1847,1802,1800,-1,1847,1800,1849,-1,1849,1800,1798,-1,1849,1798,1851,-1,1851,1798,1796,-1,1851,1796,1788,-1,1788,1796,1792,-1,1788,1792,1786,-1,1786,1792,1794,-1,1784,1786,1790,-1,1790,1786,1794,-1,1787,1785,1795,-1,1795,1785,1791,-1,1824,1832,1820,-1,1820,1832,1822,-1,1825,1824,1818,-1,1818,1824,1820,-1,1826,1825,1817,-1,1817,1825,1818,-1,1830,1826,1819,-1,1819,1826,1817,-1,1831,1830,1821,-1,1821,1830,1819,-1,1833,1831,1823,-1,1823,1831,1821,-1,1833,1823,1827,-1,1827,1823,1816,-1,1822,1832,1782,-1,1782,1832,1780,-1,1837,1839,1812,-1,1812,1839,1813,-1,1835,1837,1810,-1,1810,1837,1812,-1,1836,1835,1809,-1,1809,1835,1810,-1,1838,1836,1808,-1,1808,1836,1809,-1,1840,1838,1814,-1,1814,1838,1808,-1,1779,1840,1778,-1,1778,1840,1814,-1,1811,1815,1834,-1,1834,1815,1841,-1,1839,1841,1813,-1,1813,1841,1815,-1,1852,1853,1854,-1,1854,1853,1855,-1,1856,1857,1858,-1,1858,1857,1859,-1,1860,1861,1862,-1,1862,1861,1863,-1,1862,1863,1864,-1,1864,1863,1865,-1,1866,1867,1860,-1,1860,1867,1861,-1,1868,1869,1870,-1,1870,1869,1871,-1,1870,1871,1866,-1,1866,1871,1867,-1,1869,1868,1872,-1,1869,1872,1873,-1,1873,1872,1874,-1,1873,1874,1875,-1,1875,1874,1876,-1,1875,1876,1877,-1,1877,1876,1878,-1,1877,1878,1879,-1,1879,1878,1880,-1,1879,1880,1881,-1,1881,1880,1882,-1,1881,1882,1883,-1,1858,1859,1852,-1,1884,1885,1886,-1,1887,1883,1882,-1,1886,1888,1884,-1,1884,1888,1889,-1,1884,1889,1890,-1,1890,1889,1891,-1,1890,1891,1854,-1,1854,1891,1887,-1,1854,1887,1892,-1,1892,1887,1882,-1,1893,1894,1895,-1,1895,1894,1896,-1,1895,1896,1897,-1,1897,1896,1898,-1,1852,1854,1858,-1,1858,1854,1892,-1,1858,1892,1898,-1,1898,1892,1899,-1,1898,1899,1897,-1,1853,1852,1857,-1,1857,1852,1859,-1,1855,1853,1857,-1,1900,1901,1902,-1,1903,1904,1905,-1,1902,1906,1900,-1,1900,1906,1907,-1,1900,1907,1908,-1,1908,1907,1909,-1,1908,1909,1856,-1,1856,1909,1903,-1,1856,1903,1910,-1,1910,1903,1905,-1,1911,1912,1913,-1,1913,1912,1914,-1,1913,1914,1915,-1,1915,1914,1916,-1,1857,1856,1855,-1,1855,1856,1910,-1,1855,1910,1916,-1,1916,1910,1917,-1,1916,1917,1915,-1,1905,1904,1918,-1,1918,1904,1919,-1,1918,1919,1920,-1,1920,1919,1921,-1,1920,1921,1922,-1,1922,1921,1923,-1,1922,1923,1924,-1,1924,1923,1925,-1,1924,1925,1926,-1,1926,1925,1927,-1,1926,1927,1865,-1,1865,1927,1864,-1,1863,1871,1865,-1,1865,1871,1869,-1,1865,1869,1926,-1,1926,1869,1873,-1,1926,1873,1924,-1,1924,1873,1875,-1,1924,1875,1922,-1,1922,1875,1877,-1,1922,1877,1920,-1,1920,1877,1879,-1,1920,1879,1918,-1,1918,1879,1881,-1,1918,1881,1905,-1,1905,1881,1883,-1,1905,1883,1910,-1,1910,1883,1887,-1,1903,1892,1904,-1,1904,1892,1882,-1,1904,1882,1919,-1,1919,1882,1880,-1,1919,1880,1921,-1,1921,1880,1878,-1,1921,1878,1923,-1,1923,1878,1876,-1,1923,1876,1925,-1,1925,1876,1874,-1,1925,1874,1927,-1,1927,1874,1872,-1,1927,1872,1864,-1,1864,1872,1868,-1,1864,1868,1862,-1,1862,1868,1870,-1,1860,1862,1866,-1,1866,1862,1870,-1,1863,1861,1871,-1,1871,1861,1867,-1,1900,1908,1896,-1,1896,1908,1898,-1,1901,1900,1894,-1,1894,1900,1896,-1,1902,1901,1893,-1,1893,1901,1894,-1,1906,1902,1895,-1,1895,1902,1893,-1,1907,1906,1897,-1,1897,1906,1895,-1,1909,1907,1899,-1,1899,1907,1897,-1,1909,1899,1903,-1,1903,1899,1892,-1,1898,1908,1858,-1,1858,1908,1856,-1,1913,1915,1888,-1,1888,1915,1889,-1,1911,1913,1886,-1,1886,1913,1888,-1,1912,1911,1885,-1,1885,1911,1886,-1,1914,1912,1884,-1,1884,1912,1885,-1,1916,1914,1890,-1,1890,1914,1884,-1,1855,1916,1854,-1,1854,1916,1890,-1,1887,1891,1910,-1,1910,1891,1917,-1,1915,1917,1889,-1,1889,1917,1891,-1,1928,1929,1930,-1,1930,1929,1931,-1,1932,1933,1934,-1,1934,1933,1935,-1,1936,1937,1938,-1,1938,1937,1939,-1,1938,1939,1940,-1,1940,1939,1941,-1,1942,1943,1936,-1,1936,1943,1937,-1,1944,1945,1946,-1,1946,1945,1947,-1,1946,1947,1942,-1,1942,1947,1943,-1,1945,1944,1948,-1,1945,1948,1949,-1,1949,1948,1950,-1,1949,1950,1951,-1,1951,1950,1952,-1,1951,1952,1953,-1,1953,1952,1954,-1,1953,1954,1955,-1,1955,1954,1956,-1,1955,1956,1957,-1,1957,1956,1958,-1,1957,1958,1959,-1,1934,1935,1928,-1,1960,1961,1962,-1,1963,1959,1958,-1,1962,1964,1960,-1,1960,1964,1965,-1,1960,1965,1966,-1,1966,1965,1967,-1,1966,1967,1930,-1,1930,1967,1963,-1,1930,1963,1968,-1,1968,1963,1958,-1,1969,1970,1971,-1,1971,1970,1972,-1,1971,1972,1973,-1,1973,1972,1974,-1,1928,1930,1934,-1,1934,1930,1968,-1,1934,1968,1974,-1,1974,1968,1975,-1,1974,1975,1973,-1,1929,1928,1933,-1,1933,1928,1935,-1,1931,1929,1933,-1,1976,1977,1978,-1,1979,1980,1981,-1,1978,1982,1976,-1,1976,1982,1983,-1,1976,1983,1984,-1,1984,1983,1985,-1,1984,1985,1932,-1,1932,1985,1979,-1,1932,1979,1986,-1,1986,1979,1981,-1,1987,1988,1989,-1,1989,1988,1990,-1,1989,1990,1991,-1,1991,1990,1992,-1,1933,1932,1931,-1,1931,1932,1986,-1,1931,1986,1992,-1,1992,1986,1993,-1,1992,1993,1991,-1,1981,1980,1994,-1,1994,1980,1995,-1,1994,1995,1996,-1,1996,1995,1997,-1,1996,1997,1998,-1,1998,1997,1999,-1,1998,1999,2000,-1,2000,1999,2001,-1,2000,2001,2002,-1,2002,2001,2003,-1,2002,2003,1941,-1,1941,2003,1940,-1,1939,1947,1941,-1,1941,1947,1945,-1,1941,1945,2002,-1,2002,1945,1949,-1,2002,1949,2000,-1,2000,1949,1951,-1,2000,1951,1998,-1,1998,1951,1953,-1,1998,1953,1996,-1,1996,1953,1955,-1,1996,1955,1994,-1,1994,1955,1957,-1,1994,1957,1981,-1,1981,1957,1959,-1,1981,1959,1986,-1,1986,1959,1963,-1,1979,1968,1980,-1,1980,1968,1958,-1,1980,1958,1995,-1,1995,1958,1956,-1,1995,1956,1997,-1,1997,1956,1954,-1,1997,1954,1999,-1,1999,1954,1952,-1,1999,1952,2001,-1,2001,1952,1950,-1,2001,1950,2003,-1,2003,1950,1948,-1,2003,1948,1940,-1,1940,1948,1944,-1,1940,1944,1938,-1,1938,1944,1946,-1,1936,1938,1942,-1,1942,1938,1946,-1,1939,1937,1947,-1,1947,1937,1943,-1,1976,1984,1972,-1,1972,1984,1974,-1,1977,1976,1970,-1,1970,1976,1972,-1,1978,1977,1969,-1,1969,1977,1970,-1,1982,1978,1971,-1,1971,1978,1969,-1,1983,1982,1973,-1,1973,1982,1971,-1,1985,1983,1975,-1,1975,1983,1973,-1,1985,1975,1979,-1,1979,1975,1968,-1,1974,1984,1934,-1,1934,1984,1932,-1,1989,1991,1964,-1,1964,1991,1965,-1,1987,1989,1962,-1,1962,1989,1964,-1,1988,1987,1961,-1,1961,1987,1962,-1,1990,1988,1960,-1,1960,1988,1961,-1,1992,1990,1966,-1,1966,1990,1960,-1,1931,1992,1930,-1,1930,1992,1966,-1,1963,1967,1986,-1,1986,1967,1993,-1,1991,1993,1965,-1,1965,1993,1967,-1,2004,2005,2006,-1,2006,2005,2007,-1,2008,2009,2010,-1,2010,2009,2011,-1,2012,2013,2014,-1,2014,2013,2015,-1,2014,2015,2016,-1,2016,2015,2017,-1,2018,2019,2012,-1,2012,2019,2013,-1,2020,2021,2022,-1,2022,2021,2023,-1,2022,2023,2018,-1,2018,2023,2019,-1,2021,2020,2024,-1,2021,2024,2025,-1,2025,2024,2026,-1,2025,2026,2027,-1,2027,2026,2028,-1,2027,2028,2029,-1,2029,2028,2030,-1,2029,2030,2031,-1,2031,2030,2032,-1,2031,2032,2033,-1,2033,2032,2034,-1,2033,2034,2035,-1,2010,2011,2004,-1,2036,2037,2038,-1,2039,2035,2034,-1,2038,2040,2036,-1,2036,2040,2041,-1,2036,2041,2042,-1,2042,2041,2043,-1,2042,2043,2006,-1,2006,2043,2039,-1,2006,2039,2044,-1,2044,2039,2034,-1,2045,2046,2047,-1,2047,2046,2048,-1,2047,2048,2049,-1,2049,2048,2050,-1,2004,2006,2010,-1,2010,2006,2044,-1,2010,2044,2050,-1,2050,2044,2051,-1,2050,2051,2049,-1,2005,2004,2009,-1,2009,2004,2011,-1,2007,2005,2009,-1,2052,2053,2054,-1,2055,2056,2057,-1,2054,2058,2052,-1,2052,2058,2059,-1,2052,2059,2060,-1,2060,2059,2061,-1,2060,2061,2008,-1,2008,2061,2055,-1,2008,2055,2062,-1,2062,2055,2057,-1,2063,2064,2065,-1,2065,2064,2066,-1,2065,2066,2067,-1,2067,2066,2068,-1,2009,2008,2007,-1,2007,2008,2062,-1,2007,2062,2068,-1,2068,2062,2069,-1,2068,2069,2067,-1,2057,2056,2070,-1,2070,2056,2071,-1,2070,2071,2072,-1,2072,2071,2073,-1,2072,2073,2074,-1,2074,2073,2075,-1,2074,2075,2076,-1,2076,2075,2077,-1,2076,2077,2078,-1,2078,2077,2079,-1,2078,2079,2017,-1,2017,2079,2016,-1,2015,2023,2017,-1,2017,2023,2021,-1,2017,2021,2078,-1,2078,2021,2025,-1,2078,2025,2076,-1,2076,2025,2027,-1,2076,2027,2074,-1,2074,2027,2029,-1,2074,2029,2072,-1,2072,2029,2031,-1,2072,2031,2070,-1,2070,2031,2033,-1,2070,2033,2057,-1,2057,2033,2035,-1,2057,2035,2062,-1,2062,2035,2039,-1,2055,2044,2056,-1,2056,2044,2034,-1,2056,2034,2071,-1,2071,2034,2032,-1,2071,2032,2073,-1,2073,2032,2030,-1,2073,2030,2075,-1,2075,2030,2028,-1,2075,2028,2077,-1,2077,2028,2026,-1,2077,2026,2079,-1,2079,2026,2024,-1,2079,2024,2016,-1,2016,2024,2020,-1,2016,2020,2014,-1,2014,2020,2022,-1,2012,2014,2018,-1,2018,2014,2022,-1,2015,2013,2023,-1,2023,2013,2019,-1,2052,2060,2048,-1,2048,2060,2050,-1,2053,2052,2046,-1,2046,2052,2048,-1,2054,2053,2045,-1,2045,2053,2046,-1,2058,2054,2047,-1,2047,2054,2045,-1,2059,2058,2049,-1,2049,2058,2047,-1,2061,2059,2051,-1,2051,2059,2049,-1,2061,2051,2055,-1,2055,2051,2044,-1,2050,2060,2010,-1,2010,2060,2008,-1,2065,2067,2040,-1,2040,2067,2041,-1,2063,2065,2038,-1,2038,2065,2040,-1,2064,2063,2037,-1,2037,2063,2038,-1,2066,2064,2036,-1,2036,2064,2037,-1,2068,2066,2042,-1,2042,2066,2036,-1,2007,2068,2006,-1,2006,2068,2042,-1,2039,2043,2062,-1,2062,2043,2069,-1,2067,2069,2041,-1,2041,2069,2043,-1,2080,2081,2082,-1,2082,2081,2083,-1,2084,2085,2086,-1,2086,2085,2087,-1,2088,2089,2090,-1,2090,2089,2091,-1,2090,2091,2092,-1,2092,2091,2093,-1,2094,2095,2088,-1,2088,2095,2089,-1,2096,2097,2098,-1,2098,2097,2099,-1,2098,2099,2094,-1,2094,2099,2095,-1,2097,2096,2100,-1,2097,2100,2101,-1,2101,2100,2102,-1,2101,2102,2103,-1,2103,2102,2104,-1,2103,2104,2105,-1,2105,2104,2106,-1,2105,2106,2107,-1,2107,2106,2108,-1,2107,2108,2109,-1,2109,2108,2110,-1,2109,2110,2111,-1,2086,2087,2080,-1,2112,2113,2114,-1,2115,2111,2110,-1,2114,2116,2112,-1,2112,2116,2117,-1,2112,2117,2118,-1,2118,2117,2119,-1,2118,2119,2082,-1,2082,2119,2115,-1,2082,2115,2120,-1,2120,2115,2110,-1,2121,2122,2123,-1,2123,2122,2124,-1,2123,2124,2125,-1,2125,2124,2126,-1,2080,2082,2086,-1,2086,2082,2120,-1,2086,2120,2126,-1,2126,2120,2127,-1,2126,2127,2125,-1,2081,2080,2085,-1,2085,2080,2087,-1,2083,2081,2085,-1,2128,2129,2130,-1,2131,2132,2133,-1,2130,2134,2128,-1,2128,2134,2135,-1,2128,2135,2136,-1,2136,2135,2137,-1,2136,2137,2084,-1,2084,2137,2131,-1,2084,2131,2138,-1,2138,2131,2133,-1,2139,2140,2141,-1,2141,2140,2142,-1,2141,2142,2143,-1,2143,2142,2144,-1,2085,2084,2083,-1,2083,2084,2138,-1,2083,2138,2144,-1,2144,2138,2145,-1,2144,2145,2143,-1,2133,2132,2146,-1,2146,2132,2147,-1,2146,2147,2148,-1,2148,2147,2149,-1,2148,2149,2150,-1,2150,2149,2151,-1,2150,2151,2152,-1,2152,2151,2153,-1,2152,2153,2154,-1,2154,2153,2155,-1,2154,2155,2093,-1,2093,2155,2092,-1,2091,2099,2093,-1,2093,2099,2097,-1,2093,2097,2154,-1,2154,2097,2101,-1,2154,2101,2152,-1,2152,2101,2103,-1,2152,2103,2150,-1,2150,2103,2105,-1,2150,2105,2148,-1,2148,2105,2107,-1,2148,2107,2146,-1,2146,2107,2109,-1,2146,2109,2133,-1,2133,2109,2111,-1,2133,2111,2138,-1,2138,2111,2115,-1,2131,2120,2132,-1,2132,2120,2110,-1,2132,2110,2147,-1,2147,2110,2108,-1,2147,2108,2149,-1,2149,2108,2106,-1,2149,2106,2151,-1,2151,2106,2104,-1,2151,2104,2153,-1,2153,2104,2102,-1,2153,2102,2155,-1,2155,2102,2100,-1,2155,2100,2092,-1,2092,2100,2096,-1,2092,2096,2090,-1,2090,2096,2098,-1,2088,2090,2094,-1,2094,2090,2098,-1,2091,2089,2099,-1,2099,2089,2095,-1,2128,2136,2124,-1,2124,2136,2126,-1,2129,2128,2122,-1,2122,2128,2124,-1,2130,2129,2121,-1,2121,2129,2122,-1,2134,2130,2123,-1,2123,2130,2121,-1,2135,2134,2125,-1,2125,2134,2123,-1,2137,2135,2127,-1,2127,2135,2125,-1,2137,2127,2131,-1,2131,2127,2120,-1,2126,2136,2086,-1,2086,2136,2084,-1,2141,2143,2116,-1,2116,2143,2117,-1,2139,2141,2114,-1,2114,2141,2116,-1,2140,2139,2113,-1,2113,2139,2114,-1,2142,2140,2112,-1,2112,2140,2113,-1,2144,2142,2118,-1,2118,2142,2112,-1,2083,2144,2082,-1,2082,2144,2118,-1,2115,2119,2138,-1,2138,2119,2145,-1,2143,2145,2117,-1,2117,2145,2119,-1,2156,2157,2158,-1,2158,2157,2159,-1,2160,2161,2162,-1,2162,2161,2163,-1,2164,2165,2166,-1,2166,2165,2167,-1,2166,2167,2168,-1,2168,2167,2169,-1,2170,2171,2164,-1,2164,2171,2165,-1,2172,2173,2174,-1,2174,2173,2175,-1,2174,2175,2170,-1,2170,2175,2171,-1,2173,2172,2176,-1,2173,2176,2177,-1,2177,2176,2178,-1,2177,2178,2179,-1,2179,2178,2180,-1,2179,2180,2181,-1,2181,2180,2182,-1,2181,2182,2183,-1,2183,2182,2184,-1,2183,2184,2185,-1,2185,2184,2186,-1,2185,2186,2187,-1,2162,2163,2156,-1,2188,2189,2190,-1,2191,2187,2186,-1,2190,2192,2188,-1,2188,2192,2193,-1,2188,2193,2194,-1,2194,2193,2195,-1,2194,2195,2158,-1,2158,2195,2191,-1,2158,2191,2196,-1,2196,2191,2186,-1,2197,2198,2199,-1,2199,2198,2200,-1,2199,2200,2201,-1,2201,2200,2202,-1,2156,2158,2162,-1,2162,2158,2196,-1,2162,2196,2202,-1,2202,2196,2203,-1,2202,2203,2201,-1,2157,2156,2161,-1,2161,2156,2163,-1,2159,2157,2161,-1,2204,2205,2206,-1,2207,2208,2209,-1,2206,2210,2204,-1,2204,2210,2211,-1,2204,2211,2212,-1,2212,2211,2213,-1,2212,2213,2160,-1,2160,2213,2207,-1,2160,2207,2214,-1,2214,2207,2209,-1,2215,2216,2217,-1,2217,2216,2218,-1,2217,2218,2219,-1,2219,2218,2220,-1,2161,2160,2159,-1,2159,2160,2214,-1,2159,2214,2220,-1,2220,2214,2221,-1,2220,2221,2219,-1,2209,2208,2222,-1,2222,2208,2223,-1,2222,2223,2224,-1,2224,2223,2225,-1,2224,2225,2226,-1,2226,2225,2227,-1,2226,2227,2228,-1,2228,2227,2229,-1,2228,2229,2230,-1,2230,2229,2231,-1,2230,2231,2169,-1,2169,2231,2168,-1,2167,2175,2169,-1,2169,2175,2173,-1,2169,2173,2230,-1,2230,2173,2177,-1,2230,2177,2228,-1,2228,2177,2179,-1,2228,2179,2226,-1,2226,2179,2181,-1,2226,2181,2224,-1,2224,2181,2183,-1,2224,2183,2222,-1,2222,2183,2185,-1,2222,2185,2209,-1,2209,2185,2187,-1,2209,2187,2214,-1,2214,2187,2191,-1,2207,2196,2208,-1,2208,2196,2186,-1,2208,2186,2223,-1,2223,2186,2184,-1,2223,2184,2225,-1,2225,2184,2182,-1,2225,2182,2227,-1,2227,2182,2180,-1,2227,2180,2229,-1,2229,2180,2178,-1,2229,2178,2231,-1,2231,2178,2176,-1,2231,2176,2168,-1,2168,2176,2172,-1,2168,2172,2166,-1,2166,2172,2174,-1,2164,2166,2170,-1,2170,2166,2174,-1,2167,2165,2175,-1,2175,2165,2171,-1,2204,2212,2200,-1,2200,2212,2202,-1,2205,2204,2198,-1,2198,2204,2200,-1,2206,2205,2197,-1,2197,2205,2198,-1,2210,2206,2199,-1,2199,2206,2197,-1,2211,2210,2201,-1,2201,2210,2199,-1,2213,2211,2203,-1,2203,2211,2201,-1,2213,2203,2207,-1,2207,2203,2196,-1,2202,2212,2162,-1,2162,2212,2160,-1,2217,2219,2192,-1,2192,2219,2193,-1,2215,2217,2190,-1,2190,2217,2192,-1,2216,2215,2189,-1,2189,2215,2190,-1,2218,2216,2188,-1,2188,2216,2189,-1,2220,2218,2194,-1,2194,2218,2188,-1,2159,2220,2158,-1,2158,2220,2194,-1,2191,2195,2214,-1,2214,2195,2221,-1,2219,2221,2193,-1,2193,2221,2195,-1,2232,2233,2234,-1,2234,2233,2235,-1,2236,2237,2238,-1,2238,2237,2239,-1,2240,2241,2242,-1,2242,2241,2243,-1,2242,2243,2244,-1,2244,2243,2245,-1,2246,2247,2240,-1,2240,2247,2241,-1,2248,2249,2250,-1,2250,2249,2251,-1,2250,2251,2246,-1,2246,2251,2247,-1,2249,2248,2252,-1,2249,2252,2253,-1,2253,2252,2254,-1,2253,2254,2255,-1,2255,2254,2256,-1,2255,2256,2257,-1,2257,2256,2258,-1,2257,2258,2259,-1,2259,2258,2260,-1,2259,2260,2261,-1,2261,2260,2262,-1,2261,2262,2263,-1,2238,2239,2232,-1,2264,2265,2266,-1,2267,2263,2262,-1,2266,2268,2264,-1,2264,2268,2269,-1,2264,2269,2270,-1,2270,2269,2271,-1,2270,2271,2234,-1,2234,2271,2267,-1,2234,2267,2272,-1,2272,2267,2262,-1,2273,2274,2275,-1,2275,2274,2276,-1,2275,2276,2277,-1,2277,2276,2278,-1,2232,2234,2238,-1,2238,2234,2272,-1,2238,2272,2278,-1,2278,2272,2279,-1,2278,2279,2277,-1,2233,2232,2237,-1,2237,2232,2239,-1,2235,2233,2237,-1,2280,2281,2282,-1,2283,2284,2285,-1,2282,2286,2280,-1,2280,2286,2287,-1,2280,2287,2288,-1,2288,2287,2289,-1,2288,2289,2236,-1,2236,2289,2283,-1,2236,2283,2290,-1,2290,2283,2285,-1,2291,2292,2293,-1,2293,2292,2294,-1,2293,2294,2295,-1,2295,2294,2296,-1,2237,2236,2235,-1,2235,2236,2290,-1,2235,2290,2296,-1,2296,2290,2297,-1,2296,2297,2295,-1,2285,2284,2298,-1,2298,2284,2299,-1,2298,2299,2300,-1,2300,2299,2301,-1,2300,2301,2302,-1,2302,2301,2303,-1,2302,2303,2304,-1,2304,2303,2305,-1,2304,2305,2306,-1,2306,2305,2307,-1,2306,2307,2245,-1,2245,2307,2244,-1,2243,2251,2245,-1,2245,2251,2249,-1,2245,2249,2306,-1,2306,2249,2253,-1,2306,2253,2304,-1,2304,2253,2255,-1,2304,2255,2302,-1,2302,2255,2257,-1,2302,2257,2300,-1,2300,2257,2259,-1,2300,2259,2298,-1,2298,2259,2261,-1,2298,2261,2285,-1,2285,2261,2263,-1,2285,2263,2290,-1,2290,2263,2267,-1,2283,2272,2284,-1,2284,2272,2262,-1,2284,2262,2299,-1,2299,2262,2260,-1,2299,2260,2301,-1,2301,2260,2258,-1,2301,2258,2303,-1,2303,2258,2256,-1,2303,2256,2305,-1,2305,2256,2254,-1,2305,2254,2307,-1,2307,2254,2252,-1,2307,2252,2244,-1,2244,2252,2248,-1,2244,2248,2242,-1,2242,2248,2250,-1,2240,2242,2246,-1,2246,2242,2250,-1,2243,2241,2251,-1,2251,2241,2247,-1,2280,2288,2276,-1,2276,2288,2278,-1,2281,2280,2274,-1,2274,2280,2276,-1,2282,2281,2273,-1,2273,2281,2274,-1,2286,2282,2275,-1,2275,2282,2273,-1,2287,2286,2277,-1,2277,2286,2275,-1,2289,2287,2279,-1,2279,2287,2277,-1,2289,2279,2283,-1,2283,2279,2272,-1,2278,2288,2238,-1,2238,2288,2236,-1,2293,2295,2268,-1,2268,2295,2269,-1,2291,2293,2266,-1,2266,2293,2268,-1,2292,2291,2265,-1,2265,2291,2266,-1,2294,2292,2264,-1,2264,2292,2265,-1,2296,2294,2270,-1,2270,2294,2264,-1,2235,2296,2234,-1,2234,2296,2270,-1,2267,2271,2290,-1,2290,2271,2297,-1,2295,2297,2269,-1,2269,2297,2271,-1,2308,2309,2310,-1,2310,2309,2311,-1,2312,2313,2314,-1,2314,2313,2315,-1,2316,2317,2318,-1,2318,2317,2319,-1,2318,2319,2320,-1,2320,2319,2321,-1,2322,2323,2316,-1,2316,2323,2317,-1,2324,2325,2326,-1,2326,2325,2327,-1,2326,2327,2322,-1,2322,2327,2323,-1,2325,2324,2328,-1,2325,2328,2329,-1,2329,2328,2330,-1,2329,2330,2331,-1,2331,2330,2332,-1,2331,2332,2333,-1,2333,2332,2334,-1,2333,2334,2335,-1,2335,2334,2336,-1,2335,2336,2337,-1,2337,2336,2338,-1,2337,2338,2339,-1,2314,2315,2308,-1,2340,2341,2342,-1,2343,2339,2338,-1,2342,2344,2340,-1,2340,2344,2345,-1,2340,2345,2346,-1,2346,2345,2347,-1,2346,2347,2310,-1,2310,2347,2343,-1,2310,2343,2348,-1,2348,2343,2338,-1,2349,2350,2351,-1,2351,2350,2352,-1,2351,2352,2353,-1,2353,2352,2354,-1,2308,2310,2314,-1,2314,2310,2348,-1,2314,2348,2354,-1,2354,2348,2355,-1,2354,2355,2353,-1,2309,2308,2313,-1,2313,2308,2315,-1,2311,2309,2313,-1,2356,2357,2358,-1,2359,2360,2361,-1,2358,2362,2356,-1,2356,2362,2363,-1,2356,2363,2364,-1,2364,2363,2365,-1,2364,2365,2312,-1,2312,2365,2359,-1,2312,2359,2366,-1,2366,2359,2361,-1,2367,2368,2369,-1,2369,2368,2370,-1,2369,2370,2371,-1,2371,2370,2372,-1,2313,2312,2311,-1,2311,2312,2366,-1,2311,2366,2372,-1,2372,2366,2373,-1,2372,2373,2371,-1,2361,2360,2374,-1,2374,2360,2375,-1,2374,2375,2376,-1,2376,2375,2377,-1,2376,2377,2378,-1,2378,2377,2379,-1,2378,2379,2380,-1,2380,2379,2381,-1,2380,2381,2382,-1,2382,2381,2383,-1,2382,2383,2321,-1,2321,2383,2320,-1,2319,2327,2321,-1,2321,2327,2325,-1,2321,2325,2382,-1,2382,2325,2329,-1,2382,2329,2380,-1,2380,2329,2331,-1,2380,2331,2378,-1,2378,2331,2333,-1,2378,2333,2376,-1,2376,2333,2335,-1,2376,2335,2374,-1,2374,2335,2337,-1,2374,2337,2361,-1,2361,2337,2339,-1,2361,2339,2366,-1,2366,2339,2343,-1,2359,2348,2360,-1,2360,2348,2338,-1,2360,2338,2375,-1,2375,2338,2336,-1,2375,2336,2377,-1,2377,2336,2334,-1,2377,2334,2379,-1,2379,2334,2332,-1,2379,2332,2381,-1,2381,2332,2330,-1,2381,2330,2383,-1,2383,2330,2328,-1,2383,2328,2320,-1,2320,2328,2324,-1,2320,2324,2318,-1,2318,2324,2326,-1,2316,2318,2322,-1,2322,2318,2326,-1,2319,2317,2327,-1,2327,2317,2323,-1,2356,2364,2352,-1,2352,2364,2354,-1,2357,2356,2350,-1,2350,2356,2352,-1,2358,2357,2349,-1,2349,2357,2350,-1,2362,2358,2351,-1,2351,2358,2349,-1,2363,2362,2353,-1,2353,2362,2351,-1,2365,2363,2355,-1,2355,2363,2353,-1,2365,2355,2359,-1,2359,2355,2348,-1,2354,2364,2314,-1,2314,2364,2312,-1,2369,2371,2344,-1,2344,2371,2345,-1,2367,2369,2342,-1,2342,2369,2344,-1,2368,2367,2341,-1,2341,2367,2342,-1,2370,2368,2340,-1,2340,2368,2341,-1,2372,2370,2346,-1,2346,2370,2340,-1,2311,2372,2310,-1,2310,2372,2346,-1,2343,2347,2366,-1,2366,2347,2373,-1,2371,2373,2345,-1,2345,2373,2347,-1,2384,2385,2386,-1,2386,2385,2387,-1,2388,2389,2390,-1,2390,2389,2391,-1,2392,2393,2394,-1,2394,2393,2395,-1,2394,2395,2396,-1,2396,2395,2397,-1,2398,2399,2392,-1,2392,2399,2393,-1,2400,2401,2402,-1,2402,2401,2403,-1,2402,2403,2398,-1,2398,2403,2399,-1,2401,2400,2404,-1,2401,2404,2405,-1,2405,2404,2406,-1,2405,2406,2407,-1,2407,2406,2408,-1,2407,2408,2409,-1,2409,2408,2410,-1,2409,2410,2411,-1,2411,2410,2412,-1,2411,2412,2413,-1,2413,2412,2414,-1,2413,2414,2415,-1,2390,2391,2384,-1,2416,2417,2418,-1,2419,2415,2414,-1,2418,2420,2416,-1,2416,2420,2421,-1,2416,2421,2422,-1,2422,2421,2423,-1,2422,2423,2386,-1,2386,2423,2419,-1,2386,2419,2424,-1,2424,2419,2414,-1,2425,2426,2427,-1,2427,2426,2428,-1,2427,2428,2429,-1,2429,2428,2430,-1,2384,2386,2390,-1,2390,2386,2424,-1,2390,2424,2430,-1,2430,2424,2431,-1,2430,2431,2429,-1,2385,2384,2389,-1,2389,2384,2391,-1,2387,2385,2389,-1,2432,2433,2434,-1,2435,2436,2437,-1,2434,2438,2432,-1,2432,2438,2439,-1,2432,2439,2440,-1,2440,2439,2441,-1,2440,2441,2388,-1,2388,2441,2435,-1,2388,2435,2442,-1,2442,2435,2437,-1,2443,2444,2445,-1,2445,2444,2446,-1,2445,2446,2447,-1,2447,2446,2448,-1,2389,2388,2387,-1,2387,2388,2442,-1,2387,2442,2448,-1,2448,2442,2449,-1,2448,2449,2447,-1,2437,2436,2450,-1,2450,2436,2451,-1,2450,2451,2452,-1,2452,2451,2453,-1,2452,2453,2454,-1,2454,2453,2455,-1,2454,2455,2456,-1,2456,2455,2457,-1,2456,2457,2458,-1,2458,2457,2459,-1,2458,2459,2397,-1,2397,2459,2396,-1,2395,2403,2397,-1,2397,2403,2401,-1,2397,2401,2458,-1,2458,2401,2405,-1,2458,2405,2456,-1,2456,2405,2407,-1,2456,2407,2454,-1,2454,2407,2409,-1,2454,2409,2452,-1,2452,2409,2411,-1,2452,2411,2450,-1,2450,2411,2413,-1,2450,2413,2437,-1,2437,2413,2415,-1,2437,2415,2442,-1,2442,2415,2419,-1,2435,2424,2436,-1,2436,2424,2414,-1,2436,2414,2451,-1,2451,2414,2412,-1,2451,2412,2453,-1,2453,2412,2410,-1,2453,2410,2455,-1,2455,2410,2408,-1,2455,2408,2457,-1,2457,2408,2406,-1,2457,2406,2459,-1,2459,2406,2404,-1,2459,2404,2396,-1,2396,2404,2400,-1,2396,2400,2394,-1,2394,2400,2402,-1,2392,2394,2398,-1,2398,2394,2402,-1,2395,2393,2403,-1,2403,2393,2399,-1,2432,2440,2428,-1,2428,2440,2430,-1,2433,2432,2426,-1,2426,2432,2428,-1,2434,2433,2425,-1,2425,2433,2426,-1,2438,2434,2427,-1,2427,2434,2425,-1,2439,2438,2429,-1,2429,2438,2427,-1,2441,2439,2431,-1,2431,2439,2429,-1,2441,2431,2435,-1,2435,2431,2424,-1,2430,2440,2390,-1,2390,2440,2388,-1,2445,2447,2420,-1,2420,2447,2421,-1,2443,2445,2418,-1,2418,2445,2420,-1,2444,2443,2417,-1,2417,2443,2418,-1,2446,2444,2416,-1,2416,2444,2417,-1,2448,2446,2422,-1,2422,2446,2416,-1,2387,2448,2386,-1,2386,2448,2422,-1,2419,2423,2442,-1,2442,2423,2449,-1,2447,2449,2421,-1,2421,2449,2423,-1,2460,2461,2462,-1,2462,2461,2463,-1,2464,2465,2466,-1,2466,2465,2467,-1,2468,2469,2470,-1,2470,2469,2471,-1,2470,2471,2472,-1,2472,2471,2473,-1,2474,2475,2468,-1,2468,2475,2469,-1,2476,2477,2478,-1,2478,2477,2479,-1,2478,2479,2474,-1,2474,2479,2475,-1,2477,2476,2480,-1,2477,2480,2481,-1,2481,2480,2482,-1,2481,2482,2483,-1,2483,2482,2484,-1,2483,2484,2485,-1,2485,2484,2486,-1,2485,2486,2487,-1,2487,2486,2488,-1,2487,2488,2489,-1,2489,2488,2490,-1,2489,2490,2491,-1,2466,2467,2460,-1,2492,2493,2494,-1,2495,2491,2490,-1,2494,2496,2492,-1,2492,2496,2497,-1,2492,2497,2498,-1,2498,2497,2499,-1,2498,2499,2462,-1,2462,2499,2495,-1,2462,2495,2500,-1,2500,2495,2490,-1,2501,2502,2503,-1,2503,2502,2504,-1,2503,2504,2505,-1,2505,2504,2506,-1,2460,2462,2466,-1,2466,2462,2500,-1,2466,2500,2506,-1,2506,2500,2507,-1,2506,2507,2505,-1,2461,2460,2465,-1,2465,2460,2467,-1,2463,2461,2465,-1,2508,2509,2510,-1,2511,2512,2513,-1,2510,2514,2508,-1,2508,2514,2515,-1,2508,2515,2516,-1,2516,2515,2517,-1,2516,2517,2464,-1,2464,2517,2511,-1,2464,2511,2518,-1,2518,2511,2513,-1,2519,2520,2521,-1,2521,2520,2522,-1,2521,2522,2523,-1,2523,2522,2524,-1,2465,2464,2463,-1,2463,2464,2518,-1,2463,2518,2524,-1,2524,2518,2525,-1,2524,2525,2523,-1,2513,2512,2526,-1,2526,2512,2527,-1,2526,2527,2528,-1,2528,2527,2529,-1,2528,2529,2530,-1,2530,2529,2531,-1,2530,2531,2532,-1,2532,2531,2533,-1,2532,2533,2534,-1,2534,2533,2535,-1,2534,2535,2473,-1,2473,2535,2472,-1,2471,2479,2473,-1,2473,2479,2477,-1,2473,2477,2534,-1,2534,2477,2481,-1,2534,2481,2532,-1,2532,2481,2483,-1,2532,2483,2530,-1,2530,2483,2485,-1,2530,2485,2528,-1,2528,2485,2487,-1,2528,2487,2526,-1,2526,2487,2489,-1,2526,2489,2513,-1,2513,2489,2491,-1,2513,2491,2518,-1,2518,2491,2495,-1,2511,2500,2512,-1,2512,2500,2490,-1,2512,2490,2527,-1,2527,2490,2488,-1,2527,2488,2529,-1,2529,2488,2486,-1,2529,2486,2531,-1,2531,2486,2484,-1,2531,2484,2533,-1,2533,2484,2482,-1,2533,2482,2535,-1,2535,2482,2480,-1,2535,2480,2472,-1,2472,2480,2476,-1,2472,2476,2470,-1,2470,2476,2478,-1,2468,2470,2474,-1,2474,2470,2478,-1,2471,2469,2479,-1,2479,2469,2475,-1,2508,2516,2504,-1,2504,2516,2506,-1,2509,2508,2502,-1,2502,2508,2504,-1,2510,2509,2501,-1,2501,2509,2502,-1,2514,2510,2503,-1,2503,2510,2501,-1,2515,2514,2505,-1,2505,2514,2503,-1,2517,2515,2507,-1,2507,2515,2505,-1,2517,2507,2511,-1,2511,2507,2500,-1,2506,2516,2466,-1,2466,2516,2464,-1,2521,2523,2496,-1,2496,2523,2497,-1,2519,2521,2494,-1,2494,2521,2496,-1,2520,2519,2493,-1,2493,2519,2494,-1,2522,2520,2492,-1,2492,2520,2493,-1,2524,2522,2498,-1,2498,2522,2492,-1,2463,2524,2462,-1,2462,2524,2498,-1,2495,2499,2518,-1,2518,2499,2525,-1,2523,2525,2497,-1,2497,2525,2499,-1,2536,2537,2538,-1,2538,2537,2539,-1,2540,2541,2542,-1,2542,2541,2543,-1,2544,2545,2546,-1,2546,2545,2547,-1,2546,2547,2548,-1,2548,2547,2549,-1,2550,2551,2544,-1,2544,2551,2545,-1,2552,2553,2554,-1,2554,2553,2555,-1,2554,2555,2550,-1,2550,2555,2551,-1,2553,2552,2556,-1,2553,2556,2557,-1,2557,2556,2558,-1,2557,2558,2559,-1,2559,2558,2560,-1,2559,2560,2561,-1,2561,2560,2562,-1,2561,2562,2563,-1,2563,2562,2564,-1,2563,2564,2565,-1,2565,2564,2566,-1,2565,2566,2567,-1,2542,2543,2536,-1,2568,2569,2570,-1,2571,2567,2566,-1,2570,2572,2568,-1,2568,2572,2573,-1,2568,2573,2574,-1,2574,2573,2575,-1,2574,2575,2538,-1,2538,2575,2571,-1,2538,2571,2576,-1,2576,2571,2566,-1,2577,2578,2579,-1,2579,2578,2580,-1,2579,2580,2581,-1,2581,2580,2582,-1,2536,2538,2542,-1,2542,2538,2576,-1,2542,2576,2582,-1,2582,2576,2583,-1,2582,2583,2581,-1,2537,2536,2541,-1,2541,2536,2543,-1,2539,2537,2541,-1,2584,2585,2586,-1,2587,2588,2589,-1,2586,2590,2584,-1,2584,2590,2591,-1,2584,2591,2592,-1,2592,2591,2593,-1,2592,2593,2540,-1,2540,2593,2587,-1,2540,2587,2594,-1,2594,2587,2589,-1,2595,2596,2597,-1,2597,2596,2598,-1,2597,2598,2599,-1,2599,2598,2600,-1,2541,2540,2539,-1,2539,2540,2594,-1,2539,2594,2600,-1,2600,2594,2601,-1,2600,2601,2599,-1,2589,2588,2602,-1,2602,2588,2603,-1,2602,2603,2604,-1,2604,2603,2605,-1,2604,2605,2606,-1,2606,2605,2607,-1,2606,2607,2608,-1,2608,2607,2609,-1,2608,2609,2610,-1,2610,2609,2611,-1,2610,2611,2549,-1,2549,2611,2548,-1,2547,2555,2549,-1,2549,2555,2553,-1,2549,2553,2610,-1,2610,2553,2557,-1,2610,2557,2608,-1,2608,2557,2559,-1,2608,2559,2606,-1,2606,2559,2561,-1,2606,2561,2604,-1,2604,2561,2563,-1,2604,2563,2602,-1,2602,2563,2565,-1,2602,2565,2589,-1,2589,2565,2567,-1,2589,2567,2594,-1,2594,2567,2571,-1,2587,2576,2588,-1,2588,2576,2566,-1,2588,2566,2603,-1,2603,2566,2564,-1,2603,2564,2605,-1,2605,2564,2562,-1,2605,2562,2607,-1,2607,2562,2560,-1,2607,2560,2609,-1,2609,2560,2558,-1,2609,2558,2611,-1,2611,2558,2556,-1,2611,2556,2548,-1,2548,2556,2552,-1,2548,2552,2546,-1,2546,2552,2554,-1,2544,2546,2550,-1,2550,2546,2554,-1,2547,2545,2555,-1,2555,2545,2551,-1,2584,2592,2580,-1,2580,2592,2582,-1,2585,2584,2578,-1,2578,2584,2580,-1,2586,2585,2577,-1,2577,2585,2578,-1,2590,2586,2579,-1,2579,2586,2577,-1,2591,2590,2581,-1,2581,2590,2579,-1,2593,2591,2583,-1,2583,2591,2581,-1,2593,2583,2587,-1,2587,2583,2576,-1,2582,2592,2542,-1,2542,2592,2540,-1,2597,2599,2572,-1,2572,2599,2573,-1,2595,2597,2570,-1,2570,2597,2572,-1,2596,2595,2569,-1,2569,2595,2570,-1,2598,2596,2568,-1,2568,2596,2569,-1,2600,2598,2574,-1,2574,2598,2568,-1,2539,2600,2538,-1,2538,2600,2574,-1,2571,2575,2594,-1,2594,2575,2601,-1,2599,2601,2573,-1,2573,2601,2575,-1,
        ]
    }
}