#VRML V2.0 utf8
# 3D model generated by easyeda2kicad.py (https://github.com/uPesy/easyeda2kicad.py)

Shape{
    appearance Appearance {
        material  Material 	{
            diffuseColor 0.17647058823529413 0.17647058823529413 0.17647058823529413
            specularColor 0.050980392156862744 0.050980392156862744 0.050980392156862744
            ambientIntensity 0.251
            transparency 0.0
            shininess 0.5
        }
    }
    geometry IndexedFaceSet {
        ccw TRUE
        solid FALSE
        coord DEF co Coordinate {
            point [
                10.0 -1.1673 1.811, 10.0 -1.1673 0.2047, 9.0 -1.1673 1.811, 9.0 -1.1673 0.2047, 10.0 -0.9705 0.1063, 10.0 -0.9705 0.2047, 10.0 -0.9705 1.811, 10.0 -0.9705 1.9095, 10.0 -1.9705 1.9095, 10.0 -1.9705 0.1063, 9.0 -0.9705 1.9095, 9.0 -0.9705 1.811, 9.0 -0.9705 0.2047, 9.0 -0.9705 0.1063, 9.0 -1.9705 0.1063, 9.0 -1.9705 1.9095, 9.0984 -1.9705 0.0079, 9.9016 -1.9705 0.0079, 9.0984 -1.9705 2.0079, 9.9016 -1.9705 2.0079, 9.9016 -0.9705 2.0079, 9.0984 -0.9705 2.0079, 9.9016 -0.9705 0.0079, 9.0984 -0.9705 0.0079
            ]
        }
        coordIndex [
            0,1,2,-1,2,1,3,-1,4,5,1,-1,6,7,0,-1,0,7,8,-1,0,8,1,-1,1,8,9,-1,1,9,4,-1,10,11,2,-1,12,13,3,-1,3,13,14,-1,3,14,2,-1,2,14,15,-1,2,15,10,-1,15,14,16,-1,16,17,9,-1,18,15,19,-1,19,15,16,-1,19,16,8,-1,8,16,9,-1,20,21,19,-1,19,21,18,-1,22,17,23,-1,23,17,16,-1,7,20,8,-1,8,20,19,-1,22,4,17,-1,17,4,9,-1,23,16,13,-1,13,16,14,-1,10,15,21,-1,21,15,18,-1,5,12,1,-1,1,12,3,-1,23,13,12,-1,22,23,4,-1,4,23,12,-1,4,12,5,-1,11,6,2,-1,2,6,0,-1,21,20,10,-1,10,20,7,-1,10,7,11,-1,11,7,6,-1,
        ]
    }
}
Shape{
    appearance Appearance {
        material  Material 	{
            diffuseColor 0.9490196078431372 0.7607843137254902 0.1803921568627451
            specularColor 0.7607843137254902 0.6078431372549019 0.1450980392156863
            ambientIntensity 0.7509
            transparency 0.0
            shininess 0.5
        }
    }
    geometry IndexedFaceSet {
        ccw TRUE
        solid FALSE
        coord DEF co Coordinate {
            point [
                9.6378 -4.2618 0.6457, 9.6378 -0.8917 0.6457, 9.3622 -4.2618 0.6457, 9.3622 -0.8917 0.6457, 9.3622 -4.2618 0.3701, 9.3622 -0.8917 0.3701, 9.6378 -4.2618 0.3701, 9.6378 -0.8917 0.3701, 9.6378 -0.788 0.6355, 9.3622 -0.788 0.6355, 9.6378 -0.6883 0.6052, 9.3622 -0.6883 0.6052, 9.6378 -0.5964 0.5561, 9.3622 -0.5964 0.5561, 9.6378 -0.5159 0.49, 9.3622 -0.5159 0.49, 9.6378 -0.4498 0.4095, 9.3622 -0.4498 0.4095, 9.6378 -0.4007 0.3176, 9.3622 -0.4007 0.3176, 9.6378 -0.3704 0.2179, 9.3622 -0.3704 0.2179, 9.6378 -0.3602 0.1142, 9.3622 -0.3602 0.1142, 9.3622 -0.6358 0.1142, 9.6378 -0.6358 0.1142, 9.3622 -0.6422 0.1711, 9.6378 -0.6422 0.1711, 9.3622 -0.6612 0.2252, 9.6378 -0.6612 0.2252, 9.3622 -0.6917 0.2737, 9.6378 -0.6917 0.2737, 9.3622 -0.7322 0.3143, 9.6378 -0.7322 0.3143, 9.3622 -0.7807 0.3447, 9.6378 -0.7807 0.3447, 9.3622 -0.8348 0.3637, 9.6378 -0.8348 0.3637, 9.6378 -0.6358 -1.0236, 9.6378 -0.3602 -1.0236, 9.3622 -0.3602 -1.0236, 9.3622 -0.6358 -1.0236, 9.5866 -4.4193 0.4213, 9.5866 -4.4193 0.5945, 9.4134 -4.4193 0.4213, 9.4134 -4.4193 0.5945, 9.5866 -0.4114 -1.1811, 9.5866 -0.5846 -1.1811, 9.4134 -0.4114 -1.1811, 9.4134 -0.5846 -1.1811, 8.6378 -4.2618 0.6457, 8.6378 -0.8917 0.6457, 8.3622 -4.2618 0.6457, 8.3622 -0.8917 0.6457, 8.3622 -4.2618 0.3701, 8.3622 -0.8917 0.3701, 8.6378 -4.2618 0.3701, 8.6378 -0.8917 0.3701, 8.6378 -0.788 0.6355, 8.3622 -0.788 0.6355, 8.6378 -0.6883 0.6052, 8.3622 -0.6883 0.6052, 8.6378 -0.5964 0.5561, 8.3622 -0.5964 0.5561, 8.6378 -0.5159 0.49, 8.3622 -0.5159 0.49, 8.6378 -0.4498 0.4095, 8.3622 -0.4498 0.4095, 8.6378 -0.4007 0.3176, 8.3622 -0.4007 0.3176, 8.6378 -0.3704 0.2179, 8.3622 -0.3704 0.2179, 8.6378 -0.3602 0.1142, 8.3622 -0.3602 0.1142, 8.3622 -0.6358 0.1142, 8.6378 -0.6358 0.1142, 8.3622 -0.6422 0.1711, 8.6378 -0.6422 0.1711, 8.3622 -0.6612 0.2252, 8.6378 -0.6612 0.2252, 8.3622 -0.6917 0.2737, 8.6378 -0.6917 0.2737, 8.3622 -0.7322 0.3143, 8.6378 -0.7322 0.3143, 8.3622 -0.7807 0.3447, 8.6378 -0.7807 0.3447, 8.3622 -0.8348 0.3637, 8.6378 -0.8348 0.3637, 8.6378 -0.6358 -1.0236, 8.6378 -0.3602 -1.0236, 8.3622 -0.3602 -1.0236, 8.3622 -0.6358 -1.0236, 8.5866 -4.4193 0.4213, 8.5866 -4.4193 0.5945, 8.4134 -4.4193 0.4213, 8.4134 -4.4193 0.5945, 8.5866 -0.4114 -1.1811, 8.5866 -0.5846 -1.1811, 8.4134 -0.4114 -1.1811, 8.4134 -0.5846 -1.1811, 8.6378 0.5804 -1.0236, 8.6378 0.6398 -1.0236, 8.6378 0.6398 0.4869, 8.6378 0.5641 0.6544, 8.6378 0.5624 0.6699, 8.6378 0.4459 0.6203, 8.6378 0.5804 0.6407, 8.6378 0.5801 0.6357, 8.6378 0.5795 0.5868, 8.6378 0.5752 0.6175, 8.6378 0.554 0.6175, 8.6378 0.5616 0.6353, 8.6378 0.4475 0.6175, 8.6378 0.422 0.5868, 8.6378 0.422 0.7481, 8.6378 0.4221 0.6803, 8.6378 0.4393 0.7481, 8.6378 0.4274 0.6955, 8.6378 0.4354 0.7082, 8.6378 0.5622 0.5061, 8.6378 0.3642 0.4869, 8.6378 0.5804 0.4869, 8.6378 0.4479 0.72, 8.6378 0.4629 0.7284, 8.6378 0.4393 0.8076, 8.6378 0.538 0.7264, 8.6378 0.5527 0.7171, 8.6378 0.5795 0.8076, 8.6378 0.5664 0.7029, 8.6378 0.575 0.688, 8.6378 0.5795 0.5061, 8.6378 0.5801 0.6704, 8.6378 0.5804 0.6663, 8.6378 0.5795 0.8288, 8.6378 0.5581 0.6817, 8.6378 0.5508 0.6926, 8.6378 0.5403 0.7021, 8.6378 0.4991 0.7135, 8.6378 0.482 0.7119, 8.6378 0.4685 0.7077, 8.6378 0.439 0.6726, 8.6378 0.4374 0.6579, 8.6378 0.4432 0.6841, 8.6378 0.4498 0.6938, 8.6378 0.4576 0.7012, 8.6378 0.4397 0.637, 8.6378 0.4931 0.51, 8.6378 0.4931 0.5657, 8.6378 0.4393 0.5657, 8.6378 0.3528 1.122, 8.6378 0.5804 1.293, 8.6378 0.3193 1.2028, 8.6378 0.5369 1.3745, 8.6378 0.2662 1.2721, 8.6378 0.461 1.4669, 8.6378 0.1969 1.3252, 8.6378 0.5282 0.7086, 8.6378 0.5113 0.7128, 8.6378 -4.2618 1.6457, 8.6378 -4.2618 1.3701, 8.6378 0.0295 1.6457, 8.6378 0.0295 1.3701, 8.6378 0.1486 1.6339, 8.6378 0.1161 1.3587, 8.6378 0.2631 1.5992, 8.6378 0.3686 1.5428, 8.6378 0.4795 0.7331, 8.6378 0.4978 0.7347, 8.6378 0.5202 0.7324, 8.6378 0.4393 0.5023, 8.6378 0.5104 0.51, 8.6378 0.5104 0.5657, 8.6378 0.5622 0.5657, 8.6378 0.4302 0.6175, 8.6378 0.422 0.5023, 8.6378 0.4233 0.6343, 8.6378 0.4202 0.6565, 8.6378 0.4201 0.6608, 8.6378 0.5814 0.6546, 8.6378 0.6398 1.0354, 8.6378 0.628 1.1545, 8.6378 0.3642 1.0354, 8.6378 0.422 0.8288, 8.6378 0.5933 1.269, 8.6378 0.422 0.3102, 8.6378 0.422 0.3333, 8.6378 0.422 0.2142, 8.6378 0.4662 0.2301, 8.6378 0.4662 0.2952, 8.6378 0.5795 0.2526, 8.6378 0.5795 0.2737, 8.6378 0.5795 0.4271, 8.6378 0.5771 0.4044, 8.6378 0.5706 0.3859, 8.6378 0.5591 0.3688, 8.6378 0.4652 0.3527, 8.6378 0.4511 0.3617, 8.6378 0.559 0.3686, 8.6378 0.5466 0.3575, 8.6378 0.5331 0.3502, 8.6378 0.4387 0.3747, 8.6378 0.4291 0.3911, 8.6378 0.4237 0.4093, 8.6378 0.422 0.4287, 8.6378 0.422 0.4716, 8.6378 0.5795 0.4716, 8.6378 0.5175 0.346, 8.6378 0.5027 0.3448, 8.6378 0.4817 0.347, 8.6378 0.422 0.1912, 8.6378 0.3642 -1.0236, 8.3622 -4.2618 1.6457, 8.3622 0.0295 1.6457, 8.3622 -4.2618 1.3701, 8.3622 0.0295 1.3701, 8.3622 0.1486 1.6339, 8.3622 0.2631 1.5992, 8.3622 0.3686 1.5428, 8.3622 0.461 1.4669, 8.3622 0.5369 1.3745, 8.3622 0.5933 1.269, 8.3622 0.628 1.1545, 8.3622 0.6398 1.0354, 8.3622 0.3642 1.0354, 8.3622 0.3528 1.122, 8.3622 0.3193 1.2028, 8.3622 0.2662 1.2721, 8.3622 0.1969 1.3252, 8.3622 0.1161 1.3587, 8.3622 0.6398 -1.0236, 8.3622 0.3642 -1.0236, 8.5866 -4.4193 1.4213, 8.5866 -4.4193 1.5945, 8.4134 -4.4193 1.4213, 8.4134 -4.4193 1.5945, 8.5866 0.5886 -1.1811, 8.5866 0.4154 -1.1811, 8.4134 0.5886 -1.1811, 8.4134 0.4154 -1.1811
            ]
        }
        coordIndex [
            0,1,2,-1,2,1,3,-1,4,5,6,-1,6,5,7,-1,3,1,8,-1,3,8,9,-1,9,8,10,-1,9,10,11,-1,11,10,12,-1,11,12,13,-1,13,12,14,-1,13,14,15,-1,15,14,16,-1,15,16,17,-1,17,16,18,-1,17,18,19,-1,19,18,20,-1,19,20,21,-1,21,20,22,-1,21,22,23,-1,24,25,26,-1,26,25,27,-1,26,27,28,-1,28,27,29,-1,28,29,30,-1,30,29,31,-1,30,31,32,-1,32,31,33,-1,32,33,34,-1,34,33,35,-1,34,35,36,-1,36,35,37,-1,36,37,5,-1,5,37,7,-1,0,6,1,-1,1,6,7,-1,1,7,8,-1,8,7,37,-1,8,37,10,-1,10,37,35,-1,10,35,12,-1,12,35,33,-1,12,33,14,-1,14,33,31,-1,38,39,25,-1,25,39,22,-1,25,22,27,-1,27,22,20,-1,27,20,29,-1,29,20,18,-1,29,18,31,-1,31,18,16,-1,31,16,14,-1,40,23,39,-1,39,23,22,-1,4,2,5,-1,5,2,3,-1,5,3,36,-1,36,3,9,-1,36,9,34,-1,34,9,11,-1,34,11,32,-1,40,41,23,-1,23,41,24,-1,23,24,21,-1,21,24,26,-1,21,26,19,-1,19,26,28,-1,19,28,17,-1,17,28,30,-1,17,30,15,-1,15,30,32,-1,15,32,13,-1,13,32,11,-1,38,25,41,-1,41,25,24,-1,42,43,44,-1,44,43,45,-1,46,47,48,-1,48,47,49,-1,2,45,0,-1,0,45,43,-1,4,44,2,-1,2,44,45,-1,42,6,43,-1,43,6,0,-1,6,42,4,-1,4,42,44,-1,47,38,49,-1,49,38,41,-1,46,39,47,-1,47,39,38,-1,40,48,41,-1,41,48,49,-1,48,40,46,-1,46,40,39,-1,50,51,52,-1,52,51,53,-1,54,55,56,-1,56,55,57,-1,53,51,58,-1,53,58,59,-1,59,58,60,-1,59,60,61,-1,61,60,62,-1,61,62,63,-1,63,62,64,-1,63,64,65,-1,65,64,66,-1,65,66,67,-1,67,66,68,-1,67,68,69,-1,69,68,70,-1,69,70,71,-1,71,70,72,-1,71,72,73,-1,74,75,76,-1,76,75,77,-1,76,77,78,-1,78,77,79,-1,78,79,80,-1,80,79,81,-1,80,81,82,-1,82,81,83,-1,82,83,84,-1,84,83,85,-1,84,85,86,-1,86,85,87,-1,86,87,55,-1,55,87,57,-1,50,56,51,-1,51,56,57,-1,51,57,58,-1,58,57,87,-1,58,87,60,-1,60,87,85,-1,60,85,62,-1,62,85,83,-1,62,83,64,-1,64,83,81,-1,88,89,75,-1,75,89,72,-1,75,72,77,-1,77,72,70,-1,77,70,79,-1,79,70,68,-1,79,68,81,-1,81,68,66,-1,81,66,64,-1,90,73,89,-1,89,73,72,-1,54,52,55,-1,55,52,53,-1,55,53,86,-1,86,53,59,-1,86,59,84,-1,84,59,61,-1,84,61,82,-1,90,91,73,-1,73,91,74,-1,73,74,71,-1,71,74,76,-1,71,76,69,-1,69,76,78,-1,69,78,67,-1,67,78,80,-1,67,80,65,-1,65,80,82,-1,65,82,63,-1,63,82,61,-1,88,75,91,-1,91,75,74,-1,92,93,94,-1,94,93,95,-1,96,97,98,-1,98,97,99,-1,52,95,50,-1,50,95,93,-1,54,94,52,-1,52,94,95,-1,92,56,93,-1,93,56,50,-1,56,92,54,-1,54,92,94,-1,97,88,99,-1,99,88,91,-1,96,89,97,-1,97,89,88,-1,90,98,91,-1,91,98,99,-1,98,90,96,-1,96,90,89,-1,100,101,102,-1,103,104,105,-1,106,107,108,-1,108,107,109,-1,108,109,110,-1,103,105,111,-1,111,105,112,-1,111,112,110,-1,110,112,113,-1,110,113,108,-1,114,115,116,-1,116,115,117,-1,116,117,118,-1,119,120,121,-1,118,122,116,-1,116,122,123,-1,116,123,124,-1,125,126,127,-1,127,126,128,-1,127,128,129,-1,106,108,121,-1,121,108,130,-1,121,130,119,-1,129,131,127,-1,127,131,132,-1,127,132,133,-1,104,134,105,-1,105,134,135,-1,105,135,136,-1,137,138,105,-1,105,138,139,-1,140,141,142,-1,142,141,143,-1,139,144,105,-1,105,144,143,-1,105,143,145,-1,145,143,141,-1,146,147,148,-1,149,150,151,-1,151,150,152,-1,151,152,153,-1,153,152,154,-1,153,154,155,-1,136,156,105,-1,105,156,157,-1,105,157,137,-1,158,159,160,-1,160,159,161,-1,160,161,162,-1,162,161,163,-1,162,163,164,-1,164,163,155,-1,164,155,165,-1,165,155,154,-1,123,166,124,-1,124,166,167,-1,124,167,127,-1,127,167,168,-1,127,168,125,-1,148,169,146,-1,146,169,120,-1,146,120,170,-1,170,120,119,-1,170,119,171,-1,171,119,172,-1,112,173,113,-1,113,173,120,-1,113,120,174,-1,174,120,169,-1,173,175,120,-1,120,175,176,-1,120,176,177,-1,178,102,132,-1,132,102,179,-1,132,179,180,-1,177,115,120,-1,120,115,114,-1,120,114,181,-1,181,114,182,-1,181,182,149,-1,149,182,133,-1,149,133,150,-1,150,133,132,-1,150,132,183,-1,183,132,180,-1,184,185,120,-1,186,187,188,-1,189,121,190,-1,190,121,191,-1,191,192,190,-1,190,192,193,-1,190,193,194,-1,185,195,196,-1,194,197,190,-1,190,197,198,-1,190,198,199,-1,196,200,185,-1,185,200,201,-1,185,201,120,-1,120,201,202,-1,202,203,120,-1,120,203,204,-1,120,204,121,-1,121,204,205,-1,121,205,191,-1,199,206,190,-1,190,206,207,-1,190,207,185,-1,185,207,208,-1,185,208,195,-1,188,184,186,-1,186,184,120,-1,186,120,209,-1,209,120,210,-1,209,210,189,-1,189,210,100,-1,189,100,121,-1,121,100,102,-1,121,102,106,-1,106,102,178,-1,158,160,211,-1,211,160,212,-1,213,214,159,-1,159,214,161,-1,212,160,162,-1,212,162,215,-1,215,162,164,-1,215,164,216,-1,216,164,165,-1,216,165,217,-1,217,165,154,-1,217,154,218,-1,218,154,152,-1,218,152,219,-1,219,152,150,-1,219,150,220,-1,150,183,220,-1,220,183,180,-1,220,180,221,-1,221,180,179,-1,221,179,222,-1,223,181,224,-1,224,181,149,-1,224,149,225,-1,225,149,151,-1,225,151,226,-1,226,151,153,-1,226,153,227,-1,227,153,155,-1,227,155,228,-1,228,155,163,-1,228,163,214,-1,214,163,161,-1,101,229,102,-1,102,229,222,-1,102,222,179,-1,213,211,214,-1,214,211,212,-1,214,212,228,-1,225,220,224,-1,224,220,221,-1,224,221,223,-1,223,221,222,-1,223,222,230,-1,230,222,229,-1,212,215,228,-1,228,215,216,-1,228,216,227,-1,227,216,217,-1,227,217,226,-1,226,217,218,-1,226,218,225,-1,225,218,219,-1,225,219,220,-1,230,210,223,-1,223,210,120,-1,223,120,181,-1,231,232,233,-1,233,232,234,-1,235,236,237,-1,237,236,238,-1,211,234,158,-1,158,234,232,-1,213,233,211,-1,211,233,234,-1,231,159,232,-1,232,159,158,-1,159,231,213,-1,213,231,233,-1,236,210,238,-1,238,210,230,-1,210,236,100,-1,100,236,235,-1,100,235,101,-1,229,237,230,-1,230,237,238,-1,237,229,235,-1,235,229,101,-1,
        ]
    }
}
Shape{
    appearance Appearance {
        material  Material 	{
            diffuseColor 0.2235294117647059 0.2235294117647059 0.2235294117647059
            specularColor 0.11372549019607843 0.11372549019607843 0.11372549019607843
            ambientIntensity 0.2235
            transparency 0.0
            shininess 0.5
        }
    }
    geometry IndexedFaceSet {
        ccw TRUE
        solid FALSE
        coord DEF co Coordinate {
            point [
                8.6339 0.5795 0.2526, 8.6339 0.422 0.1912, 8.6378 0.5795 0.2526, 8.6378 0.422 0.1912, 8.6339 0.422 0.2142, 8.6378 0.422 0.2142, 8.6339 0.4662 0.2301, 8.6378 0.4662 0.2301, 8.6339 0.4662 0.2952, 8.6378 0.4662 0.2952, 8.6339 0.422 0.3102, 8.6378 0.422 0.3102, 8.6339 0.422 0.3333, 8.6378 0.422 0.3333, 8.6339 0.5795 0.2737, 8.6378 0.5795 0.2737, 8.6339 0.4835 0.2899, 8.6339 0.5492 0.2664, 8.6339 0.5547 0.2649, 8.6339 0.5603 0.2639, 8.6339 0.5603 0.2634, 8.6339 0.5547 0.2623, 8.6339 0.5492 0.2609, 8.6339 0.4835 0.2372, 8.6378 0.4835 0.2899, 8.6378 0.4835 0.2372, 8.6378 0.5492 0.2664, 8.6378 0.5547 0.2649, 8.6378 0.5603 0.2639, 8.6378 0.5603 0.2634, 8.6378 0.5547 0.2623, 8.6378 0.5492 0.2609, 8.6339 0.422 0.4287, 8.6339 0.422 0.4716, 8.6378 0.422 0.4287, 8.6378 0.422 0.4716, 8.6339 0.5795 0.4716, 8.6378 0.5795 0.4716, 8.6339 0.5795 0.4271, 8.6378 0.5795 0.4271, 8.6339 0.5027 0.3448, 8.6378 0.5027 0.3448, 8.6378 0.5175 0.346, 8.6339 0.5175 0.346, 8.6378 0.5331 0.3502, 8.6339 0.5331 0.3502, 8.6378 0.5466 0.3575, 8.6339 0.5466 0.3575, 8.6378 0.559 0.3686, 8.6339 0.559 0.3686, 8.6378 0.5591 0.3688, 8.6339 0.5591 0.3688, 8.6378 0.5706 0.3859, 8.6339 0.5706 0.3859, 8.6378 0.5771 0.4044, 8.6339 0.5771 0.4044, 8.6378 0.4237 0.4093, 8.6339 0.4237 0.4093, 8.6378 0.4291 0.3911, 8.6339 0.4291 0.3911, 8.6378 0.4387 0.3747, 8.6339 0.4387 0.3747, 8.6378 0.4511 0.3617, 8.6339 0.4511 0.3617, 8.6378 0.4652 0.3527, 8.6339 0.4652 0.3527, 8.6378 0.4817 0.347, 8.6339 0.4817 0.347, 8.6339 0.5401 0.3764, 8.6339 0.5482 0.3841, 8.6339 0.5557 0.3956, 8.6339 0.5602 0.4086, 8.6339 0.5622 0.4272, 8.6339 0.5622 0.4504, 8.6339 0.4393 0.4504, 8.6339 0.4393 0.4281, 8.6339 0.4408 0.4115, 8.6339 0.445 0.3982, 8.6339 0.4514 0.3875, 8.6339 0.4601 0.3786, 8.6339 0.4709 0.372, 8.6339 0.4857 0.3674, 8.6339 0.5023 0.3659, 8.6339 0.518 0.3673, 8.6339 0.5304 0.3709, 8.6378 0.5622 0.4272, 8.6378 0.5622 0.4504, 8.6378 0.5602 0.4086, 8.6378 0.5557 0.3956, 8.6378 0.5482 0.3841, 8.6378 0.5401 0.3764, 8.6378 0.5304 0.3709, 8.6378 0.518 0.3673, 8.6378 0.5023 0.3659, 8.6378 0.4857 0.3674, 8.6378 0.4709 0.372, 8.6378 0.4601 0.3786, 8.6378 0.4514 0.3875, 8.6378 0.445 0.3982, 8.6378 0.4408 0.4115, 8.6378 0.4393 0.4281, 8.6378 0.4393 0.4504, 8.6339 0.4393 0.5023, 8.6339 0.422 0.5023, 8.6378 0.4393 0.5023, 8.6378 0.422 0.5023, 8.6339 0.422 0.5868, 8.6378 0.422 0.5868, 8.6339 0.5795 0.5868, 8.6378 0.5795 0.5868, 8.6339 0.5795 0.5061, 8.6378 0.5795 0.5061, 8.6339 0.5622 0.5061, 8.6378 0.5622 0.5061, 8.6339 0.5622 0.5657, 8.6378 0.5622 0.5657, 8.6339 0.5104 0.5657, 8.6378 0.5104 0.5657, 8.6339 0.5104 0.51, 8.6378 0.5104 0.51, 8.6339 0.4931 0.51, 8.6378 0.4931 0.51, 8.6339 0.4931 0.5657, 8.6378 0.4931 0.5657, 8.6339 0.4393 0.5657, 8.6378 0.4393 0.5657, 8.6339 0.4475 0.6175, 8.6339 0.4302 0.6175, 8.6378 0.4475 0.6175, 8.6378 0.4302 0.6175, 8.6339 0.4201 0.6608, 8.6378 0.4201 0.6608, 8.6378 0.4202 0.6565, 8.6339 0.4202 0.6565, 8.6378 0.4233 0.6343, 8.6339 0.4233 0.6343, 8.6339 0.4978 0.7347, 8.6378 0.4978 0.7347, 8.6378 0.4795 0.7331, 8.6339 0.4795 0.7331, 8.6378 0.4629 0.7284, 8.6339 0.4629 0.7284, 8.6378 0.4479 0.72, 8.6339 0.4479 0.72, 8.6378 0.4354 0.7082, 8.6339 0.4354 0.7082, 8.6378 0.4274 0.6955, 8.6339 0.4274 0.6955, 8.6378 0.4221 0.6803, 8.6339 0.4221 0.6803, 8.6339 0.5814 0.6546, 8.6378 0.5814 0.6546, 8.6339 0.5801 0.6704, 8.6378 0.5804 0.6663, 8.6378 0.5801 0.6704, 8.6378 0.575 0.688, 8.6339 0.575 0.688, 8.6378 0.5664 0.7029, 8.6339 0.5664 0.7029, 8.6378 0.5527 0.7171, 8.6339 0.5527 0.7171, 8.6378 0.538 0.7264, 8.6339 0.538 0.7264, 8.6378 0.5202 0.7324, 8.6339 0.5202 0.7324, 8.6378 0.5804 0.6407, 8.6339 0.5801 0.6357, 8.6378 0.5801 0.6357, 8.6339 0.5752 0.6175, 8.6378 0.5752 0.6175, 8.6339 0.554 0.6175, 8.6378 0.554 0.6175, 8.6339 0.5641 0.6544, 8.6378 0.5641 0.6544, 8.6378 0.5616 0.6353, 8.6339 0.5616 0.6353, 8.6339 0.4991 0.7135, 8.6378 0.4991 0.7135, 8.6378 0.5113 0.7128, 8.6339 0.5113 0.7128, 8.6378 0.5282 0.7086, 8.6339 0.5282 0.7086, 8.6378 0.5403 0.7021, 8.6339 0.5403 0.7021, 8.6378 0.5508 0.6926, 8.6339 0.5508 0.6926, 8.6378 0.5581 0.6817, 8.6339 0.5581 0.6817, 8.6378 0.5624 0.6699, 8.6339 0.5624 0.6699, 8.6339 0.4374 0.6579, 8.6378 0.4374 0.6579, 8.6378 0.439 0.6726, 8.6339 0.439 0.6726, 8.6378 0.4432 0.6841, 8.6339 0.4432 0.6841, 8.6378 0.4498 0.6938, 8.6339 0.4498 0.6938, 8.6378 0.4576 0.7012, 8.6339 0.4576 0.7012, 8.6378 0.4685 0.7077, 8.6339 0.4685 0.7077, 8.6378 0.482 0.7119, 8.6339 0.482 0.7119, 8.6378 0.4459 0.6203, 8.6339 0.4459 0.6203, 8.6378 0.4397 0.637, 8.6339 0.4397 0.637, 8.6339 0.4393 0.7481, 8.6339 0.422 0.7481, 8.6378 0.4393 0.7481, 8.6378 0.422 0.7481, 8.6339 0.422 0.8288, 8.6378 0.422 0.8288, 8.6339 0.5795 0.8288, 8.6378 0.5795 0.8288, 8.6339 0.5795 0.8076, 8.6378 0.5795 0.8076, 8.6339 0.4393 0.8076, 8.6378 0.4393 0.8076
            ]
        }
        coordIndex [
            0,1,2,-1,2,1,3,-1,1,4,3,-1,3,4,5,-1,4,6,5,-1,5,6,7,-1,6,8,7,-1,7,8,9,-1,8,10,9,-1,9,10,11,-1,10,12,11,-1,11,12,13,-1,12,14,13,-1,13,14,15,-1,14,0,15,-1,15,0,2,-1,16,17,14,-1,12,10,8,-1,17,18,14,-1,14,18,19,-1,14,19,0,-1,0,19,20,-1,0,20,21,-1,21,22,0,-1,0,22,23,-1,0,23,1,-1,4,1,6,-1,6,1,23,-1,6,23,8,-1,8,23,16,-1,8,16,12,-1,12,16,14,-1,16,23,24,-1,24,23,25,-1,17,16,26,-1,26,16,24,-1,17,26,27,-1,17,27,18,-1,18,27,28,-1,18,28,19,-1,20,19,29,-1,29,19,28,-1,20,29,30,-1,20,30,21,-1,21,30,31,-1,21,31,22,-1,23,22,25,-1,25,22,31,-1,32,33,34,-1,34,33,35,-1,33,36,35,-1,35,36,37,-1,36,38,37,-1,37,38,39,-1,40,41,42,-1,40,42,43,-1,43,42,44,-1,43,44,45,-1,45,44,46,-1,45,46,47,-1,47,46,48,-1,47,48,49,-1,49,48,50,-1,49,50,51,-1,51,50,52,-1,51,52,53,-1,53,52,54,-1,53,54,55,-1,55,54,39,-1,55,39,38,-1,32,34,56,-1,32,56,57,-1,57,56,58,-1,57,58,59,-1,59,58,60,-1,59,60,61,-1,61,60,62,-1,61,62,63,-1,63,62,64,-1,63,64,65,-1,65,64,66,-1,65,66,67,-1,67,66,41,-1,67,41,40,-1,45,47,68,-1,68,47,49,-1,68,49,69,-1,69,49,51,-1,69,51,70,-1,70,51,53,-1,70,53,71,-1,71,53,55,-1,71,55,72,-1,72,55,38,-1,72,38,73,-1,73,38,36,-1,73,36,74,-1,74,36,33,-1,74,33,75,-1,75,33,32,-1,75,32,76,-1,76,32,57,-1,76,57,77,-1,77,57,59,-1,77,59,78,-1,78,59,61,-1,78,61,79,-1,79,61,63,-1,79,63,80,-1,80,63,65,-1,80,65,81,-1,81,65,67,-1,81,67,82,-1,82,67,40,-1,82,40,83,-1,83,40,43,-1,83,43,84,-1,84,43,45,-1,84,45,68,-1,72,73,85,-1,85,73,86,-1,72,85,87,-1,72,87,71,-1,71,87,88,-1,71,88,70,-1,70,88,89,-1,70,89,69,-1,69,89,90,-1,69,90,68,-1,68,90,91,-1,68,91,84,-1,84,91,92,-1,84,92,83,-1,83,92,93,-1,83,93,82,-1,82,93,94,-1,82,94,81,-1,81,94,95,-1,81,95,80,-1,80,95,96,-1,80,96,79,-1,79,96,97,-1,79,97,78,-1,78,97,98,-1,78,98,77,-1,77,98,99,-1,77,99,76,-1,76,99,100,-1,76,100,75,-1,74,75,101,-1,101,75,100,-1,73,74,86,-1,86,74,101,-1,102,103,104,-1,104,103,105,-1,103,106,105,-1,105,106,107,-1,106,108,107,-1,107,108,109,-1,108,110,109,-1,109,110,111,-1,110,112,111,-1,111,112,113,-1,112,114,113,-1,113,114,115,-1,114,116,115,-1,115,116,117,-1,116,118,117,-1,117,118,119,-1,118,120,119,-1,119,120,121,-1,120,122,121,-1,121,122,123,-1,122,124,123,-1,123,124,125,-1,124,102,125,-1,125,102,104,-1,106,103,102,-1,102,124,106,-1,106,124,122,-1,106,122,108,-1,112,110,114,-1,114,110,108,-1,114,108,116,-1,116,108,122,-1,116,122,118,-1,118,122,120,-1,126,127,128,-1,128,127,129,-1,130,131,132,-1,130,132,133,-1,133,132,134,-1,133,134,135,-1,135,134,129,-1,135,129,127,-1,136,137,138,-1,136,138,139,-1,139,138,140,-1,139,140,141,-1,141,140,142,-1,141,142,143,-1,143,142,144,-1,143,144,145,-1,145,144,146,-1,145,146,147,-1,147,146,148,-1,147,148,149,-1,149,148,131,-1,149,131,130,-1,150,151,152,-1,152,151,153,-1,153,154,152,-1,152,154,155,-1,152,155,156,-1,156,155,157,-1,156,157,158,-1,158,157,159,-1,158,159,160,-1,160,159,161,-1,160,161,162,-1,162,161,163,-1,162,163,164,-1,164,163,137,-1,164,137,136,-1,151,150,165,-1,165,150,166,-1,165,166,167,-1,167,166,168,-1,167,168,169,-1,168,170,169,-1,169,170,171,-1,172,173,174,-1,172,174,175,-1,175,174,171,-1,175,171,170,-1,176,177,178,-1,176,178,179,-1,179,178,180,-1,179,180,181,-1,181,180,182,-1,181,182,183,-1,183,182,184,-1,183,184,185,-1,185,184,186,-1,185,186,187,-1,187,186,188,-1,187,188,189,-1,189,188,173,-1,189,173,172,-1,190,191,192,-1,190,192,193,-1,193,192,194,-1,193,194,195,-1,195,194,196,-1,195,196,197,-1,197,196,198,-1,197,198,199,-1,199,198,200,-1,199,200,201,-1,201,200,202,-1,201,202,203,-1,203,202,177,-1,203,177,176,-1,126,128,204,-1,126,204,205,-1,205,204,206,-1,205,206,207,-1,207,206,191,-1,207,191,190,-1,193,130,190,-1,190,130,133,-1,190,133,207,-1,207,133,135,-1,207,135,205,-1,205,135,127,-1,205,127,126,-1,170,168,175,-1,175,168,166,-1,175,166,172,-1,172,166,150,-1,172,150,189,-1,189,150,152,-1,189,152,187,-1,187,152,156,-1,187,156,185,-1,185,156,158,-1,185,158,183,-1,183,158,160,-1,183,160,181,-1,181,160,162,-1,181,162,179,-1,179,162,164,-1,179,164,176,-1,176,164,136,-1,176,136,203,-1,203,136,139,-1,203,139,201,-1,201,139,141,-1,201,141,199,-1,199,141,143,-1,199,143,197,-1,197,143,145,-1,197,145,195,-1,195,145,147,-1,195,147,193,-1,193,147,149,-1,193,149,130,-1,208,209,210,-1,210,209,211,-1,209,212,211,-1,211,212,213,-1,212,214,213,-1,213,214,215,-1,214,216,215,-1,215,216,217,-1,216,218,217,-1,217,218,219,-1,218,208,219,-1,219,208,210,-1,216,214,218,-1,218,214,212,-1,218,212,208,-1,208,212,209,-1,
        ]
    }
}
Shape{
    appearance Appearance {
        material  Material 	{
            diffuseColor 0.9490196078431372 0.7607843137254902 0.1803921568627451
            specularColor 0.7607843137254902 0.6078431372549019 0.1450980392156863
            ambientIntensity 0.7509
            transparency 0.0
            shininess 0.5
        }
    }
    geometry IndexedFaceSet {
        ccw TRUE
        solid FALSE
        coord DEF co Coordinate {
            point [
                8.6378 0.4835 0.2899, 8.6378 0.4835 0.2372, 8.6378 0.5492 0.2664, 8.6378 0.5492 0.2609, 8.6378 0.5547 0.2649, 8.6378 0.5547 0.2623, 8.6378 0.5603 0.2639, 8.6378 0.5603 0.2634, 8.6378 0.5622 0.4504, 8.6378 0.4393 0.4504, 8.6378 0.5622 0.4272, 8.6378 0.4393 0.4281, 8.6378 0.4408 0.4115, 8.6378 0.5023 0.3659, 8.6378 0.518 0.3673, 8.6378 0.5304 0.3709, 8.6378 0.5602 0.4086, 8.6378 0.445 0.3982, 8.6378 0.4514 0.3875, 8.6378 0.4601 0.3786, 8.6378 0.4709 0.372, 8.6378 0.4857 0.3674, 8.6378 0.5401 0.3764, 8.6378 0.5482 0.3841, 8.6378 0.5557 0.3956
            ]
        }
        coordIndex [
            0,1,2,-1,2,1,3,-1,2,3,4,-1,4,3,5,-1,4,5,6,-1,6,5,7,-1,8,9,10,-1,10,9,11,-1,10,11,12,-1,13,14,10,-1,10,14,15,-1,10,15,16,-1,12,17,10,-1,10,17,18,-1,10,18,19,-1,19,20,10,-1,10,20,21,-1,10,21,13,-1,22,23,15,-1,15,23,24,-1,15,24,16,-1,
        ]
    }
}
Shape{
    appearance Appearance {
        material  Material 	{
            diffuseColor 0.17647058823529413 0.17647058823529413 0.17647058823529413
            specularColor 0.050980392156862744 0.050980392156862744 0.050980392156862744
            ambientIntensity 0.251
            transparency 0.0
            shininess 0.5
        }
    }
    geometry IndexedFaceSet {
        ccw TRUE
        solid FALSE
        coord DEF co Coordinate {
            point [
                9.0 -1.1673 1.811, 9.0 -1.1673 0.2047, 8.0 -1.1673 1.811, 8.0 -1.1673 0.2047, 9.0 -0.9705 0.1063, 9.0 -0.9705 0.2047, 9.0 -0.9705 1.811, 9.0 -0.9705 1.9095, 9.0 -1.9705 1.9095, 9.0 -1.9705 0.1063, 8.0 -0.9705 1.9095, 8.0 -0.9705 1.811, 8.0 -0.9705 0.2047, 8.0 -0.9705 0.1063, 8.0 -1.9705 0.1063, 8.0 -1.9705 1.9095, 8.9016 -1.9705 2.0079, 8.0984 -1.9705 2.0079, 8.9016 -1.9705 0.0079, 8.0984 -1.9705 0.0079, 8.9016 -0.9705 2.0079, 8.0984 -0.9705 2.0079, 8.9016 -0.9705 0.0079, 8.0984 -0.9705 0.0079
            ]
        }
        coordIndex [
            0,1,2,-1,2,1,3,-1,4,5,1,-1,6,7,0,-1,0,7,8,-1,0,8,1,-1,1,8,9,-1,1,9,4,-1,10,11,2,-1,12,13,3,-1,3,13,14,-1,3,14,2,-1,2,14,15,-1,2,15,10,-1,16,17,8,-1,8,17,15,-1,18,9,19,-1,19,9,8,-1,19,8,14,-1,14,8,15,-1,20,21,16,-1,16,21,17,-1,22,18,23,-1,23,18,19,-1,7,20,8,-1,8,20,16,-1,22,4,18,-1,18,4,9,-1,23,19,13,-1,13,19,14,-1,10,15,21,-1,21,15,17,-1,5,12,1,-1,1,12,3,-1,23,13,12,-1,22,23,4,-1,4,23,12,-1,4,12,5,-1,11,6,2,-1,2,6,0,-1,7,6,11,-1,10,21,11,-1,11,21,20,-1,11,20,7,-1,
        ]
    }
}
Shape{
    appearance Appearance {
        material  Material 	{
            diffuseColor 0.9490196078431372 0.7607843137254902 0.1803921568627451
            specularColor 0.7607843137254902 0.6078431372549019 0.1450980392156863
            ambientIntensity 0.7509
            transparency 0.0
            shininess 0.5
        }
    }
    geometry IndexedFaceSet {
        ccw TRUE
        solid FALSE
        coord DEF co Coordinate {
            point [
                9.6378 0.5804 -1.0236, 9.6378 0.6398 -1.0236, 9.6378 0.6398 0.4869, 9.6378 0.5641 0.6544, 9.6378 0.5624 0.6699, 9.6378 0.4459 0.6203, 9.6378 0.5804 0.6407, 9.6378 0.5801 0.6357, 9.6378 0.5795 0.5868, 9.6378 0.5752 0.6175, 9.6378 0.554 0.6175, 9.6378 0.5616 0.6353, 9.6378 0.4475 0.6175, 9.6378 0.422 0.5868, 9.6378 0.422 0.7481, 9.6378 0.4221 0.6803, 9.6378 0.4393 0.7481, 9.6378 0.4274 0.6955, 9.6378 0.4354 0.7082, 9.6378 0.5622 0.5061, 9.6378 0.3642 0.4869, 9.6378 0.5804 0.4869, 9.6378 0.4479 0.72, 9.6378 0.4629 0.7284, 9.6378 0.4393 0.8076, 9.6378 0.538 0.7264, 9.6378 0.5527 0.7171, 9.6378 0.5795 0.8076, 9.6378 0.5664 0.7029, 9.6378 0.575 0.688, 9.6378 0.5795 0.5061, 9.6378 0.5801 0.6704, 9.6378 0.5804 0.6663, 9.6378 0.5795 0.8288, 9.6378 0.5581 0.6817, 9.6378 0.5508 0.6926, 9.6378 0.5403 0.7021, 9.6378 0.4991 0.7135, 9.6378 0.482 0.7119, 9.6378 0.4685 0.7077, 9.6378 0.439 0.6726, 9.6378 0.4374 0.6579, 9.6378 0.4432 0.6841, 9.6378 0.4498 0.6938, 9.6378 0.4576 0.7012, 9.6378 0.4397 0.637, 9.6378 0.4931 0.51, 9.6378 0.4931 0.5657, 9.6378 0.4393 0.5657, 9.6378 0.3528 1.122, 9.6378 0.5804 1.293, 9.6378 0.3193 1.2028, 9.6378 0.5369 1.3745, 9.6378 0.2662 1.2721, 9.6378 0.461 1.4669, 9.6378 0.1969 1.3252, 9.6378 0.5282 0.7086, 9.6378 0.5113 0.7128, 9.6378 -4.2618 1.6457, 9.6378 -4.2618 1.3701, 9.6378 0.0295 1.6457, 9.6378 0.0295 1.3701, 9.6378 0.1486 1.6339, 9.6378 0.1161 1.3587, 9.6378 0.2631 1.5992, 9.6378 0.3686 1.5428, 9.6378 0.4795 0.7331, 9.6378 0.4978 0.7347, 9.6378 0.5202 0.7324, 9.6378 0.4393 0.5023, 9.6378 0.5104 0.51, 9.6378 0.5104 0.5657, 9.6378 0.5622 0.5657, 9.6378 0.4302 0.6175, 9.6378 0.422 0.5023, 9.6378 0.4233 0.6343, 9.6378 0.4202 0.6565, 9.6378 0.4201 0.6608, 9.6378 0.5814 0.6546, 9.6378 0.6398 1.0354, 9.6378 0.628 1.1545, 9.6378 0.3642 1.0354, 9.6378 0.422 0.8288, 9.6378 0.5933 1.269, 9.6378 0.422 0.3102, 9.6378 0.422 0.3333, 9.6378 0.422 0.2142, 9.6378 0.4662 0.2301, 9.6378 0.4662 0.2952, 9.6378 0.5795 0.2526, 9.6378 0.5795 0.2737, 9.6378 0.5795 0.4271, 9.6378 0.5771 0.4044, 9.6378 0.5706 0.3859, 9.6378 0.5591 0.3688, 9.6378 0.4652 0.3527, 9.6378 0.4511 0.3617, 9.6378 0.559 0.3686, 9.6378 0.5466 0.3575, 9.6378 0.5331 0.3502, 9.6378 0.4387 0.3747, 9.6378 0.4291 0.3911, 9.6378 0.4237 0.4093, 9.6378 0.422 0.4287, 9.6378 0.422 0.4716, 9.6378 0.5795 0.4716, 9.6378 0.5175 0.346, 9.6378 0.5027 0.3448, 9.6378 0.4817 0.347, 9.6378 0.422 0.1912, 9.6378 0.3642 -1.0236, 9.3622 -4.2618 1.6457, 9.3622 0.0295 1.6457, 9.3622 -4.2618 1.3701, 9.3622 0.0295 1.3701, 9.3622 0.1486 1.6339, 9.3622 0.2631 1.5992, 9.3622 0.3686 1.5428, 9.3622 0.461 1.4669, 9.3622 0.5369 1.3745, 9.3622 0.5933 1.269, 9.3622 0.628 1.1545, 9.3622 0.6398 1.0354, 9.3622 0.3642 1.0354, 9.3622 0.3528 1.122, 9.3622 0.3193 1.2028, 9.3622 0.2662 1.2721, 9.3622 0.1969 1.3252, 9.3622 0.1161 1.3587, 9.3622 0.6398 -1.0236, 9.3622 0.3642 -1.0236, 9.5866 -4.4193 1.4213, 9.5866 -4.4193 1.5945, 9.4134 -4.4193 1.4213, 9.4134 -4.4193 1.5945, 9.5866 0.5886 -1.1811, 9.5866 0.4154 -1.1811, 9.4134 0.5886 -1.1811, 9.4134 0.4154 -1.1811
            ]
        }
        coordIndex [
            0,1,2,-1,3,4,5,-1,6,7,8,-1,8,7,9,-1,8,9,10,-1,3,5,11,-1,11,5,12,-1,11,12,10,-1,10,12,13,-1,10,13,8,-1,14,15,16,-1,16,15,17,-1,16,17,18,-1,19,20,21,-1,18,22,16,-1,16,22,23,-1,16,23,24,-1,25,26,27,-1,27,26,28,-1,27,28,29,-1,6,8,21,-1,21,8,30,-1,21,30,19,-1,29,31,27,-1,27,31,32,-1,27,32,33,-1,4,34,5,-1,5,34,35,-1,5,35,36,-1,37,38,5,-1,5,38,39,-1,40,41,42,-1,42,41,43,-1,39,44,5,-1,5,44,43,-1,5,43,45,-1,45,43,41,-1,46,47,48,-1,49,50,51,-1,51,50,52,-1,51,52,53,-1,53,52,54,-1,53,54,55,-1,36,56,5,-1,5,56,57,-1,5,57,37,-1,58,59,60,-1,60,59,61,-1,60,61,62,-1,62,61,63,-1,62,63,64,-1,64,63,55,-1,64,55,65,-1,65,55,54,-1,23,66,24,-1,24,66,67,-1,24,67,27,-1,27,67,68,-1,27,68,25,-1,48,69,46,-1,46,69,20,-1,46,20,70,-1,70,20,19,-1,70,19,71,-1,71,19,72,-1,12,73,13,-1,13,73,20,-1,13,20,74,-1,74,20,69,-1,73,75,20,-1,20,75,76,-1,20,76,77,-1,78,2,32,-1,32,2,79,-1,32,79,80,-1,77,15,20,-1,20,15,14,-1,20,14,81,-1,81,14,82,-1,81,82,49,-1,49,82,33,-1,49,33,50,-1,50,33,32,-1,50,32,83,-1,83,32,80,-1,84,85,20,-1,86,87,88,-1,89,21,90,-1,90,21,91,-1,91,92,90,-1,90,92,93,-1,90,93,94,-1,85,95,96,-1,94,97,90,-1,90,97,98,-1,90,98,99,-1,96,100,85,-1,85,100,101,-1,85,101,20,-1,20,101,102,-1,102,103,20,-1,20,103,104,-1,20,104,21,-1,21,104,105,-1,21,105,91,-1,99,106,90,-1,90,106,107,-1,90,107,85,-1,85,107,108,-1,85,108,95,-1,88,84,86,-1,86,84,20,-1,86,20,109,-1,109,20,110,-1,109,110,89,-1,89,110,0,-1,89,0,21,-1,21,0,2,-1,21,2,6,-1,6,2,78,-1,58,60,111,-1,111,60,112,-1,113,114,59,-1,59,114,61,-1,112,60,62,-1,112,62,115,-1,115,62,64,-1,115,64,116,-1,116,64,65,-1,116,65,117,-1,117,65,54,-1,117,54,118,-1,118,54,52,-1,118,52,119,-1,119,52,50,-1,119,50,120,-1,50,83,120,-1,120,83,80,-1,120,80,121,-1,121,80,79,-1,121,79,122,-1,123,81,124,-1,124,81,49,-1,124,49,125,-1,125,49,51,-1,125,51,126,-1,126,51,53,-1,126,53,127,-1,127,53,55,-1,127,55,128,-1,128,55,63,-1,128,63,114,-1,114,63,61,-1,1,129,2,-1,2,129,122,-1,2,122,79,-1,113,111,114,-1,114,111,112,-1,114,112,128,-1,125,120,124,-1,124,120,121,-1,124,121,123,-1,123,121,122,-1,123,122,130,-1,130,122,129,-1,112,115,128,-1,128,115,116,-1,128,116,127,-1,127,116,117,-1,127,117,126,-1,126,117,118,-1,126,118,125,-1,125,118,119,-1,125,119,120,-1,130,110,123,-1,123,110,20,-1,123,20,81,-1,131,132,133,-1,133,132,134,-1,135,136,137,-1,137,136,138,-1,111,134,58,-1,58,134,132,-1,113,133,111,-1,111,133,134,-1,131,59,132,-1,132,59,58,-1,59,131,113,-1,113,131,133,-1,136,110,138,-1,138,110,130,-1,110,136,0,-1,0,136,135,-1,0,135,1,-1,129,137,130,-1,130,137,138,-1,137,129,135,-1,135,129,1,-1,
        ]
    }
}
Shape{
    appearance Appearance {
        material  Material 	{
            diffuseColor 0.2235294117647059 0.2235294117647059 0.2235294117647059
            specularColor 0.11372549019607843 0.11372549019607843 0.11372549019607843
            ambientIntensity 0.2235
            transparency 0.0
            shininess 0.5
        }
    }
    geometry IndexedFaceSet {
        ccw TRUE
        solid FALSE
        coord DEF co Coordinate {
            point [
                9.6339 0.5795 0.2526, 9.6339 0.422 0.1912, 9.6378 0.5795 0.2526, 9.6378 0.422 0.1912, 9.6339 0.422 0.2142, 9.6378 0.422 0.2142, 9.6339 0.4662 0.2301, 9.6378 0.4662 0.2301, 9.6339 0.4662 0.2952, 9.6378 0.4662 0.2952, 9.6339 0.422 0.3102, 9.6378 0.422 0.3102, 9.6339 0.422 0.3333, 9.6378 0.422 0.3333, 9.6339 0.5795 0.2737, 9.6378 0.5795 0.2737, 9.6339 0.4835 0.2899, 9.6339 0.5492 0.2664, 9.6339 0.5547 0.2649, 9.6339 0.5603 0.2639, 9.6339 0.5603 0.2634, 9.6339 0.5547 0.2623, 9.6339 0.5492 0.2609, 9.6339 0.4835 0.2372, 9.6378 0.4835 0.2899, 9.6378 0.4835 0.2372, 9.6378 0.5492 0.2664, 9.6378 0.5547 0.2649, 9.6378 0.5603 0.2639, 9.6378 0.5603 0.2634, 9.6378 0.5547 0.2623, 9.6378 0.5492 0.2609, 9.6339 0.422 0.4287, 9.6339 0.422 0.4716, 9.6378 0.422 0.4287, 9.6378 0.422 0.4716, 9.6339 0.5795 0.4716, 9.6378 0.5795 0.4716, 9.6339 0.5795 0.4271, 9.6378 0.5795 0.4271, 9.6339 0.5027 0.3448, 9.6378 0.5027 0.3448, 9.6378 0.5175 0.346, 9.6339 0.5175 0.346, 9.6378 0.5331 0.3502, 9.6339 0.5331 0.3502, 9.6378 0.5466 0.3575, 9.6339 0.5466 0.3575, 9.6378 0.559 0.3686, 9.6339 0.559 0.3686, 9.6378 0.5591 0.3688, 9.6339 0.5591 0.3688, 9.6378 0.5706 0.3859, 9.6339 0.5706 0.3859, 9.6378 0.5771 0.4044, 9.6339 0.5771 0.4044, 9.6378 0.4237 0.4093, 9.6339 0.4237 0.4093, 9.6378 0.4291 0.3911, 9.6339 0.4291 0.3911, 9.6378 0.4387 0.3747, 9.6339 0.4387 0.3747, 9.6378 0.4511 0.3617, 9.6339 0.4511 0.3617, 9.6378 0.4652 0.3527, 9.6339 0.4652 0.3527, 9.6378 0.4817 0.347, 9.6339 0.4817 0.347, 9.6339 0.5401 0.3764, 9.6339 0.5482 0.3841, 9.6339 0.5557 0.3956, 9.6339 0.5602 0.4086, 9.6339 0.5622 0.4272, 9.6339 0.5622 0.4504, 9.6339 0.4393 0.4504, 9.6339 0.4393 0.4281, 9.6339 0.4408 0.4115, 9.6339 0.445 0.3982, 9.6339 0.4514 0.3875, 9.6339 0.4601 0.3786, 9.6339 0.4709 0.372, 9.6339 0.4857 0.3674, 9.6339 0.5023 0.3659, 9.6339 0.518 0.3673, 9.6339 0.5304 0.3709, 9.6378 0.5622 0.4272, 9.6378 0.5622 0.4504, 9.6378 0.5602 0.4086, 9.6378 0.5557 0.3956, 9.6378 0.5482 0.3841, 9.6378 0.5401 0.3764, 9.6378 0.5304 0.3709, 9.6378 0.518 0.3673, 9.6378 0.5023 0.3659, 9.6378 0.4857 0.3674, 9.6378 0.4709 0.372, 9.6378 0.4601 0.3786, 9.6378 0.4514 0.3875, 9.6378 0.445 0.3982, 9.6378 0.4408 0.4115, 9.6378 0.4393 0.4281, 9.6378 0.4393 0.4504, 9.6339 0.4393 0.5023, 9.6339 0.422 0.5023, 9.6378 0.4393 0.5023, 9.6378 0.422 0.5023, 9.6339 0.422 0.5868, 9.6378 0.422 0.5868, 9.6339 0.5795 0.5868, 9.6378 0.5795 0.5868, 9.6339 0.5795 0.5061, 9.6378 0.5795 0.5061, 9.6339 0.5622 0.5061, 9.6378 0.5622 0.5061, 9.6339 0.5622 0.5657, 9.6378 0.5622 0.5657, 9.6339 0.5104 0.5657, 9.6378 0.5104 0.5657, 9.6339 0.5104 0.51, 9.6378 0.5104 0.51, 9.6339 0.4931 0.51, 9.6378 0.4931 0.51, 9.6339 0.4931 0.5657, 9.6378 0.4931 0.5657, 9.6339 0.4393 0.5657, 9.6378 0.4393 0.5657, 9.6339 0.4475 0.6175, 9.6339 0.4302 0.6175, 9.6378 0.4475 0.6175, 9.6378 0.4302 0.6175, 9.6339 0.4201 0.6608, 9.6378 0.4201 0.6608, 9.6378 0.4202 0.6565, 9.6339 0.4202 0.6565, 9.6378 0.4233 0.6343, 9.6339 0.4233 0.6343, 9.6339 0.4978 0.7347, 9.6378 0.4978 0.7347, 9.6378 0.4795 0.7331, 9.6339 0.4795 0.7331, 9.6378 0.4629 0.7284, 9.6339 0.4629 0.7284, 9.6378 0.4479 0.72, 9.6339 0.4479 0.72, 9.6378 0.4354 0.7082, 9.6339 0.4354 0.7082, 9.6378 0.4274 0.6955, 9.6339 0.4274 0.6955, 9.6378 0.4221 0.6803, 9.6339 0.4221 0.6803, 9.6339 0.5814 0.6546, 9.6378 0.5814 0.6546, 9.6339 0.5801 0.6704, 9.6378 0.5804 0.6663, 9.6378 0.5801 0.6704, 9.6378 0.575 0.688, 9.6339 0.575 0.688, 9.6378 0.5664 0.7029, 9.6339 0.5664 0.7029, 9.6378 0.5527 0.7171, 9.6339 0.5527 0.7171, 9.6378 0.538 0.7264, 9.6339 0.538 0.7264, 9.6378 0.5202 0.7324, 9.6339 0.5202 0.7324, 9.6378 0.5804 0.6407, 9.6339 0.5801 0.6357, 9.6378 0.5801 0.6357, 9.6339 0.5752 0.6175, 9.6378 0.5752 0.6175, 9.6339 0.554 0.6175, 9.6378 0.554 0.6175, 9.6339 0.5641 0.6544, 9.6378 0.5641 0.6544, 9.6378 0.5616 0.6353, 9.6339 0.5616 0.6353, 9.6339 0.4991 0.7135, 9.6378 0.4991 0.7135, 9.6378 0.5113 0.7128, 9.6339 0.5113 0.7128, 9.6378 0.5282 0.7086, 9.6339 0.5282 0.7086, 9.6378 0.5403 0.7021, 9.6339 0.5403 0.7021, 9.6378 0.5508 0.6926, 9.6339 0.5508 0.6926, 9.6378 0.5581 0.6817, 9.6339 0.5581 0.6817, 9.6378 0.5624 0.6699, 9.6339 0.5624 0.6699, 9.6339 0.4374 0.6579, 9.6378 0.4374 0.6579, 9.6378 0.439 0.6726, 9.6339 0.439 0.6726, 9.6378 0.4432 0.6841, 9.6339 0.4432 0.6841, 9.6378 0.4498 0.6938, 9.6339 0.4498 0.6938, 9.6378 0.4576 0.7012, 9.6339 0.4576 0.7012, 9.6378 0.4685 0.7077, 9.6339 0.4685 0.7077, 9.6378 0.482 0.7119, 9.6339 0.482 0.7119, 9.6378 0.4459 0.6203, 9.6339 0.4459 0.6203, 9.6378 0.4397 0.637, 9.6339 0.4397 0.637, 9.6339 0.4393 0.7481, 9.6339 0.422 0.7481, 9.6378 0.4393 0.7481, 9.6378 0.422 0.7481, 9.6339 0.422 0.8288, 9.6378 0.422 0.8288, 9.6339 0.5795 0.8288, 9.6378 0.5795 0.8288, 9.6339 0.5795 0.8076, 9.6378 0.5795 0.8076, 9.6339 0.4393 0.8076, 9.6378 0.4393 0.8076
            ]
        }
        coordIndex [
            0,1,2,-1,2,1,3,-1,1,4,3,-1,3,4,5,-1,4,6,5,-1,5,6,7,-1,6,8,7,-1,7,8,9,-1,8,10,9,-1,9,10,11,-1,10,12,11,-1,11,12,13,-1,12,14,13,-1,13,14,15,-1,14,0,15,-1,15,0,2,-1,16,17,14,-1,12,10,8,-1,17,18,14,-1,14,18,19,-1,14,19,0,-1,0,19,20,-1,0,20,21,-1,21,22,0,-1,0,22,23,-1,0,23,1,-1,4,1,6,-1,6,1,23,-1,6,23,8,-1,8,23,16,-1,8,16,12,-1,12,16,14,-1,16,23,24,-1,24,23,25,-1,17,16,26,-1,26,16,24,-1,17,26,27,-1,17,27,18,-1,18,27,28,-1,18,28,19,-1,20,19,29,-1,29,19,28,-1,20,29,30,-1,20,30,21,-1,21,30,31,-1,21,31,22,-1,23,22,25,-1,25,22,31,-1,32,33,34,-1,34,33,35,-1,33,36,35,-1,35,36,37,-1,36,38,37,-1,37,38,39,-1,40,41,42,-1,40,42,43,-1,43,42,44,-1,43,44,45,-1,45,44,46,-1,45,46,47,-1,47,46,48,-1,47,48,49,-1,49,48,50,-1,49,50,51,-1,51,50,52,-1,51,52,53,-1,53,52,54,-1,53,54,55,-1,55,54,39,-1,55,39,38,-1,32,34,56,-1,32,56,57,-1,57,56,58,-1,57,58,59,-1,59,58,60,-1,59,60,61,-1,61,60,62,-1,61,62,63,-1,63,62,64,-1,63,64,65,-1,65,64,66,-1,65,66,67,-1,67,66,41,-1,67,41,40,-1,45,47,68,-1,68,47,49,-1,68,49,69,-1,69,49,51,-1,69,51,70,-1,70,51,53,-1,70,53,71,-1,71,53,55,-1,71,55,72,-1,72,55,38,-1,72,38,73,-1,73,38,36,-1,73,36,74,-1,74,36,33,-1,74,33,75,-1,75,33,32,-1,75,32,76,-1,76,32,57,-1,76,57,77,-1,77,57,59,-1,77,59,78,-1,78,59,61,-1,78,61,79,-1,79,61,63,-1,79,63,80,-1,80,63,65,-1,80,65,81,-1,81,65,67,-1,81,67,82,-1,82,67,40,-1,82,40,83,-1,83,40,43,-1,83,43,84,-1,84,43,45,-1,84,45,68,-1,72,73,85,-1,85,73,86,-1,72,85,87,-1,72,87,71,-1,71,87,88,-1,71,88,70,-1,70,88,89,-1,70,89,69,-1,69,89,90,-1,69,90,68,-1,68,90,91,-1,68,91,84,-1,84,91,92,-1,84,92,83,-1,83,92,93,-1,83,93,82,-1,82,93,94,-1,82,94,81,-1,81,94,95,-1,81,95,80,-1,80,95,96,-1,80,96,79,-1,79,96,97,-1,79,97,78,-1,78,97,98,-1,78,98,77,-1,77,98,99,-1,77,99,76,-1,76,99,100,-1,76,100,75,-1,74,75,101,-1,101,75,100,-1,73,74,86,-1,86,74,101,-1,102,103,104,-1,104,103,105,-1,103,106,105,-1,105,106,107,-1,106,108,107,-1,107,108,109,-1,108,110,109,-1,109,110,111,-1,110,112,111,-1,111,112,113,-1,112,114,113,-1,113,114,115,-1,114,116,115,-1,115,116,117,-1,116,118,117,-1,117,118,119,-1,118,120,119,-1,119,120,121,-1,120,122,121,-1,121,122,123,-1,122,124,123,-1,123,124,125,-1,124,102,125,-1,125,102,104,-1,106,103,102,-1,102,124,106,-1,106,124,122,-1,106,122,108,-1,112,110,114,-1,114,110,108,-1,114,108,116,-1,116,108,122,-1,116,122,118,-1,118,122,120,-1,126,127,128,-1,128,127,129,-1,130,131,132,-1,130,132,133,-1,133,132,134,-1,133,134,135,-1,135,134,129,-1,135,129,127,-1,136,137,138,-1,136,138,139,-1,139,138,140,-1,139,140,141,-1,141,140,142,-1,141,142,143,-1,143,142,144,-1,143,144,145,-1,145,144,146,-1,145,146,147,-1,147,146,148,-1,147,148,149,-1,149,148,131,-1,149,131,130,-1,150,151,152,-1,152,151,153,-1,153,154,152,-1,152,154,155,-1,152,155,156,-1,156,155,157,-1,156,157,158,-1,158,157,159,-1,158,159,160,-1,160,159,161,-1,160,161,162,-1,162,161,163,-1,162,163,164,-1,164,163,137,-1,164,137,136,-1,151,150,165,-1,165,150,166,-1,165,166,167,-1,167,166,168,-1,167,168,169,-1,168,170,169,-1,169,170,171,-1,172,173,174,-1,172,174,175,-1,175,174,171,-1,175,171,170,-1,176,177,178,-1,176,178,179,-1,179,178,180,-1,179,180,181,-1,181,180,182,-1,181,182,183,-1,183,182,184,-1,183,184,185,-1,185,184,186,-1,185,186,187,-1,187,186,188,-1,187,188,189,-1,189,188,173,-1,189,173,172,-1,190,191,192,-1,190,192,193,-1,193,192,194,-1,193,194,195,-1,195,194,196,-1,195,196,197,-1,197,196,198,-1,197,198,199,-1,199,198,200,-1,199,200,201,-1,201,200,202,-1,201,202,203,-1,203,202,177,-1,203,177,176,-1,126,128,204,-1,126,204,205,-1,205,204,206,-1,205,206,207,-1,207,206,191,-1,207,191,190,-1,193,130,190,-1,190,130,133,-1,190,133,207,-1,207,133,135,-1,207,135,205,-1,205,135,127,-1,205,127,126,-1,170,168,175,-1,175,168,166,-1,175,166,172,-1,172,166,150,-1,172,150,189,-1,189,150,152,-1,189,152,187,-1,187,152,156,-1,187,156,185,-1,185,156,158,-1,185,158,183,-1,183,158,160,-1,183,160,181,-1,181,160,162,-1,181,162,179,-1,179,162,164,-1,179,164,176,-1,176,164,136,-1,176,136,203,-1,203,136,139,-1,203,139,201,-1,201,139,141,-1,201,141,199,-1,199,141,143,-1,199,143,197,-1,197,143,145,-1,197,145,195,-1,195,145,147,-1,195,147,193,-1,193,147,149,-1,193,149,130,-1,208,209,210,-1,210,209,211,-1,209,212,211,-1,211,212,213,-1,212,214,213,-1,213,214,215,-1,214,216,215,-1,215,216,217,-1,216,218,217,-1,217,218,219,-1,218,208,219,-1,219,208,210,-1,216,214,218,-1,218,214,212,-1,218,212,208,-1,208,212,209,-1,
        ]
    }
}
Shape{
    appearance Appearance {
        material  Material 	{
            diffuseColor 0.9490196078431372 0.7607843137254902 0.1803921568627451
            specularColor 0.7607843137254902 0.6078431372549019 0.1450980392156863
            ambientIntensity 0.7509
            transparency 0.0
            shininess 0.5
        }
    }
    geometry IndexedFaceSet {
        ccw TRUE
        solid FALSE
        coord DEF co Coordinate {
            point [
                9.6378 0.4835 0.2899, 9.6378 0.4835 0.2372, 9.6378 0.5492 0.2664, 9.6378 0.5492 0.2609, 9.6378 0.5547 0.2649, 9.6378 0.5547 0.2623, 9.6378 0.5603 0.2639, 9.6378 0.5603 0.2634, 9.6378 0.5622 0.4504, 9.6378 0.4393 0.4504, 9.6378 0.5622 0.4272, 9.6378 0.4393 0.4281, 9.6378 0.4408 0.4115, 9.6378 0.5023 0.3659, 9.6378 0.518 0.3673, 9.6378 0.5304 0.3709, 9.6378 0.5602 0.4086, 9.6378 0.445 0.3982, 9.6378 0.4514 0.3875, 9.6378 0.4601 0.3786, 9.6378 0.4709 0.372, 9.6378 0.4857 0.3674, 9.6378 0.5401 0.3764, 9.6378 0.5482 0.3841, 9.6378 0.5557 0.3956
            ]
        }
        coordIndex [
            0,1,2,-1,2,1,3,-1,2,3,4,-1,4,3,5,-1,4,5,6,-1,6,5,7,-1,8,9,10,-1,10,9,11,-1,10,11,12,-1,13,14,10,-1,10,14,15,-1,10,15,16,-1,12,17,10,-1,10,17,18,-1,10,18,19,-1,19,20,10,-1,10,20,21,-1,10,21,13,-1,22,23,15,-1,15,23,24,-1,15,24,16,-1,
        ]
    }
}
Shape{
    appearance Appearance {
        material  Material 	{
            diffuseColor 0.17647058823529413 0.17647058823529413 0.17647058823529413
            specularColor 0.050980392156862744 0.050980392156862744 0.050980392156862744
            ambientIntensity 0.251
            transparency 0.0
            shininess 0.5
        }
    }
    geometry IndexedFaceSet {
        ccw TRUE
        solid FALSE
        coord DEF co Coordinate {
            point [
                8.0 -1.1673 1.811, 8.0 -1.1673 0.2047, 7.0 -1.1673 1.811, 7.0 -1.1673 0.2047, 8.0 -0.9705 0.1063, 8.0 -0.9705 0.2047, 8.0 -0.9705 1.811, 8.0 -0.9705 1.9095, 8.0 -1.9705 1.9095, 8.0 -1.9705 0.1063, 7.0 -0.9705 1.9095, 7.0 -0.9705 1.811, 7.0 -0.9705 0.2047, 7.0 -0.9705 0.1063, 7.0 -1.9705 0.1063, 7.0 -1.9705 1.9095, 7.9016 -1.9705 2.0079, 7.0984 -1.9705 2.0079, 7.9016 -1.9705 0.0079, 7.0984 -1.9705 0.0079, 7.9016 -0.9705 2.0079, 7.0984 -0.9705 2.0079, 7.9016 -0.9705 0.0079, 7.0984 -0.9705 0.0079, 6.0 -1.1673 1.811, 6.0 -1.1673 0.2047, 6.0 -0.9705 1.9095, 6.0 -0.9705 1.811, 6.0 -0.9705 0.2047, 6.0 -0.9705 0.1063, 6.0 -1.9705 0.1063, 6.0 -1.9705 1.9095, 6.9016 -1.9705 2.0079, 6.0984 -1.9705 2.0079, 6.9016 -1.9705 0.0079, 6.0984 -1.9705 0.0079, 6.9016 -0.9705 2.0079, 6.0984 -0.9705 2.0079, 6.9016 -0.9705 0.0079, 6.0984 -0.9705 0.0079, 5.0 -1.1673 1.811, 5.0 -1.1673 0.2047, 5.0 -0.9705 1.9095, 5.0 -0.9705 1.811, 5.0 -0.9705 0.2047, 5.0 -0.9705 0.1063, 5.0 -1.9705 0.1063, 5.0 -1.9705 1.9095, 5.0984 -1.9705 0.0079, 5.9016 -1.9705 0.0079, 5.0984 -1.9705 2.0079, 5.9016 -1.9705 2.0079, 5.9016 -0.9705 2.0079, 5.0984 -0.9705 2.0079, 5.9016 -0.9705 0.0079, 5.0984 -0.9705 0.0079, 4.0 -1.1673 1.811, 4.0 -1.1673 0.2047, 4.0 -0.9705 1.9095, 4.0 -0.9705 1.811, 4.0 -0.9705 0.2047, 4.0 -0.9705 0.1063, 4.0 -1.9705 0.1063, 4.0 -1.9705 1.9095, 4.0984 -1.9705 0.0079, 4.9016 -1.9705 0.0079, 4.0984 -1.9705 2.0079, 4.9016 -1.9705 2.0079, 4.9016 -0.9705 2.0079, 4.0984 -0.9705 2.0079, 4.9016 -0.9705 0.0079, 4.0984 -0.9705 0.0079, 3.0 -1.1673 1.811, 3.0 -1.1673 0.2047, 3.0 -0.9705 1.9095, 3.0 -0.9705 1.811, 3.0 -0.9705 0.2047, 3.0 -0.9705 0.1063, 3.0 -1.9705 0.1063, 3.0 -1.9705 1.9095, 3.9016 -1.9705 2.0079, 3.0984 -1.9705 2.0079, 3.9016 -1.9705 0.0079, 3.0984 -1.9705 0.0079, 3.9016 -0.9705 2.0079, 3.0984 -0.9705 2.0079, 3.9016 -0.9705 0.0079, 3.0984 -0.9705 0.0079, 2.0 -1.1673 1.811, 2.0 -1.1673 0.2047, 2.0 -0.9705 1.9095, 2.0 -0.9705 1.811, 2.0 -0.9705 0.2047, 2.0 -0.9705 0.1063, 2.0 -1.9705 0.1063, 2.0 -1.9705 1.9095, 2.9016 -1.9705 2.0079, 2.0984 -1.9705 2.0079, 2.9016 -1.9705 0.0079, 2.0984 -1.9705 0.0079, 2.9016 -0.9705 2.0079, 2.0984 -0.9705 2.0079, 2.9016 -0.9705 0.0079, 2.0984 -0.9705 0.0079, 1.0 -1.1673 1.811, 1.0 -1.1673 0.2047, 1.0 -0.9705 1.9095, 1.0 -0.9705 1.811, 1.0 -0.9705 0.2047, 1.0 -0.9705 0.1063, 1.0 -1.9705 0.1063, 1.0 -1.9705 1.9095, 1.9016 -1.9705 2.0079, 1.0984 -1.9705 2.0079, 1.9016 -1.9705 0.0079, 1.0984 -1.9705 0.0079, 1.9016 -0.9705 2.0079, 1.0984 -0.9705 2.0079, 1.9016 -0.9705 0.0079, 1.0984 -0.9705 0.0079, 0.0 -1.1673 1.811, 0.0 -1.1673 0.2047, 0.0 -0.9705 1.9095, 0.0 -0.9705 1.811, 0.0 -0.9705 0.2047, 0.0 -0.9705 0.1063, 0.0 -1.9705 0.1063, 0.0 -1.9705 1.9095, 0.9016 -1.9705 2.0079, 0.0984 -1.9705 2.0079, 0.9016 -1.9705 0.0079, 0.0984 -1.9705 0.0079, 0.9016 -0.9705 2.0079, 0.0984 -0.9705 2.0079, 0.9016 -0.9705 0.0079, 0.0984 -0.9705 0.0079, -1.0 -1.1673 1.811, -1.0 -1.1673 0.2047, -1.0 -0.9705 1.9095, -1.0 -0.9705 1.811, -1.0 -0.9705 0.2047, -1.0 -0.9705 0.1063, -1.0 -1.9705 0.1063, -1.0 -1.9705 1.9095, -0.0984 -1.9705 2.0079, -0.9016 -1.9705 2.0079, -0.0984 -1.9705 0.0079, -0.9016 -1.9705 0.0079, -0.0984 -0.9705 2.0079, -0.9016 -0.9705 2.0079, -0.0984 -0.9705 0.0079, -0.9016 -0.9705 0.0079, -2.0 -1.1673 1.811, -2.0 -1.1673 0.2047, -2.0 -0.9705 1.9095, -2.0 -0.9705 1.811, -2.0 -0.9705 0.2047, -2.0 -0.9705 0.1063, -2.0 -1.9705 0.1063, -2.0 -1.9705 1.9095, -1.0984 -1.9705 2.0079, -1.9016 -1.9705 2.0079, -1.0984 -1.9705 0.0079, -1.9016 -1.9705 0.0079, -1.0984 -0.9705 2.0079, -1.9016 -0.9705 2.0079, -1.0984 -0.9705 0.0079, -1.9016 -0.9705 0.0079, -3.0 -1.1673 1.811, -3.0 -1.1673 0.2047, -3.0 -0.9705 1.9095, -3.0 -0.9705 1.811, -3.0 -0.9705 0.2047, -3.0 -0.9705 0.1063, -3.0 -1.9705 0.1063, -3.0 -1.9705 1.9095, -2.0984 -1.9705 2.0079, -2.9016 -1.9705 2.0079, -2.0984 -1.9705 0.0079, -2.9016 -1.9705 0.0079, -2.0984 -0.9705 2.0079, -2.9016 -0.9705 2.0079, -2.0984 -0.9705 0.0079, -2.9016 -0.9705 0.0079, -4.0 -1.1673 1.811, -4.0 -1.1673 0.2047, -4.0 -0.9705 1.9095, -4.0 -0.9705 1.811, -4.0 -0.9705 0.2047, -4.0 -0.9705 0.1063, -4.0 -1.9705 0.1063, -4.0 -1.9705 1.9095, -3.0984 -1.9705 2.0079, -3.9016 -1.9705 2.0079, -3.0984 -1.9705 0.0079, -3.9016 -1.9705 0.0079, -3.0984 -0.9705 2.0079, -3.9016 -0.9705 2.0079, -3.0984 -0.9705 0.0079, -3.9016 -0.9705 0.0079, -5.0 -1.1673 1.811, -5.0 -1.1673 0.2047, -5.0 -0.9705 1.9095, -5.0 -0.9705 1.811, -5.0 -0.9705 0.2047, -5.0 -0.9705 0.1063, -5.0 -1.9705 0.1063, -5.0 -1.9705 1.9095, -4.0984 -1.9705 2.0079, -4.9016 -1.9705 2.0079, -4.0984 -1.9705 0.0079, -4.9016 -1.9705 0.0079, -4.0984 -0.9705 2.0079, -4.9016 -0.9705 2.0079, -4.0984 -0.9705 0.0079, -4.9016 -0.9705 0.0079, -6.0 -1.1673 1.811, -6.0 -1.1673 0.2047, -6.0 -0.9705 1.9095, -6.0 -0.9705 1.811, -6.0 -0.9705 0.2047, -6.0 -0.9705 0.1063, -6.0 -1.9705 0.1063, -6.0 -1.9705 1.9095, -5.0984 -1.9705 2.0079, -5.9016 -1.9705 2.0079, -5.0984 -1.9705 0.0079, -5.9016 -1.9705 0.0079, -5.0984 -0.9705 2.0079, -5.9016 -0.9705 2.0079, -5.0984 -0.9705 0.0079, -5.9016 -0.9705 0.0079, -7.0 -1.1673 1.811, -7.0 -1.1673 0.2047, -7.0 -0.9705 1.9095, -7.0 -0.9705 1.811, -7.0 -0.9705 0.2047, -7.0 -0.9705 0.1063, -7.0 -1.9705 0.1063, -7.0 -1.9705 1.9095, -6.0984 -1.9705 2.0079, -6.9016 -1.9705 2.0079, -6.0984 -1.9705 0.0079, -6.9016 -1.9705 0.0079, -6.0984 -0.9705 2.0079, -6.9016 -0.9705 2.0079, -6.0984 -0.9705 0.0079, -6.9016 -0.9705 0.0079, -8.0 -1.1673 1.811, -8.0 -1.1673 0.2047, -8.0 -0.9705 1.9095, -8.0 -0.9705 1.811, -8.0 -0.9705 0.2047, -8.0 -0.9705 0.1063, -8.0 -1.9705 0.1063, -8.0 -1.9705 1.9095, -7.0984 -1.9705 2.0079, -7.9016 -1.9705 2.0079, -7.0984 -1.9705 0.0079, -7.9016 -1.9705 0.0079, -7.0984 -0.9705 2.0079, -7.9016 -0.9705 2.0079, -7.0984 -0.9705 0.0079, -7.9016 -0.9705 0.0079, -9.0 -1.1673 1.811, -9.0 -1.1673 0.2047, -9.0 -0.9705 1.9095, -9.0 -0.9705 1.811, -9.0 -0.9705 0.2047, -9.0 -0.9705 0.1063, -9.0 -1.9705 0.1063, -9.0 -1.9705 1.9095, -8.0984 -1.9705 2.0079, -8.9016 -1.9705 2.0079, -8.0984 -1.9705 0.0079, -8.9016 -1.9705 0.0079, -8.0984 -0.9705 2.0079, -8.9016 -0.9705 2.0079, -8.0984 -0.9705 0.0079, -8.9016 -0.9705 0.0079, -10.0 -1.1673 1.811, -10.0 -1.1673 0.2047, -10.0 -0.9705 1.9095, -10.0 -0.9705 1.811, -10.0 -0.9705 0.2047, -10.0 -0.9705 0.1063, -10.0 -1.9705 0.1063, -10.0 -1.9705 1.9095, -9.0984 -1.9705 2.0079, -9.9016 -1.9705 2.0079, -9.0984 -1.9705 0.0079, -9.9016 -1.9705 0.0079, -9.0984 -0.9705 2.0079, -9.9016 -0.9705 2.0079, -9.0984 -0.9705 0.0079, -9.9016 -0.9705 0.0079
            ]
        }
        coordIndex [
            0,1,2,-1,2,1,3,-1,4,5,1,-1,6,7,0,-1,0,7,8,-1,0,8,1,-1,1,8,9,-1,1,9,4,-1,10,11,2,-1,12,13,3,-1,3,13,14,-1,3,14,2,-1,2,14,15,-1,2,15,10,-1,16,17,8,-1,8,17,15,-1,18,9,19,-1,19,9,8,-1,19,8,14,-1,14,8,15,-1,20,21,16,-1,16,21,17,-1,22,18,23,-1,23,18,19,-1,7,20,8,-1,8,20,16,-1,22,4,18,-1,18,4,9,-1,23,19,13,-1,13,19,14,-1,10,15,21,-1,21,15,17,-1,5,12,1,-1,1,12,3,-1,23,13,12,-1,22,23,4,-1,4,23,12,-1,4,12,5,-1,11,6,2,-1,2,6,0,-1,21,20,10,-1,10,20,7,-1,10,7,11,-1,11,7,6,-1,2,3,24,-1,24,3,25,-1,13,12,3,-1,11,10,2,-1,2,10,15,-1,2,15,3,-1,3,15,14,-1,3,14,13,-1,26,27,24,-1,28,29,25,-1,25,29,30,-1,25,30,24,-1,24,30,31,-1,24,31,26,-1,32,33,31,-1,14,15,34,-1,34,15,32,-1,34,32,35,-1,35,32,31,-1,35,31,30,-1,36,37,32,-1,32,37,33,-1,38,34,39,-1,39,34,35,-1,10,36,15,-1,15,36,32,-1,38,13,34,-1,34,13,14,-1,39,35,29,-1,29,35,30,-1,26,31,37,-1,37,31,33,-1,12,28,3,-1,3,28,25,-1,28,12,13,-1,13,38,28,-1,28,38,39,-1,28,39,29,-1,27,11,24,-1,24,11,2,-1,37,36,26,-1,26,36,10,-1,26,10,27,-1,27,10,11,-1,24,25,40,-1,40,25,41,-1,29,28,25,-1,27,26,24,-1,24,26,31,-1,24,31,25,-1,25,31,30,-1,25,30,29,-1,42,43,40,-1,44,45,41,-1,41,45,46,-1,41,46,40,-1,40,46,47,-1,40,47,42,-1,47,46,48,-1,48,49,30,-1,50,47,51,-1,51,47,48,-1,51,48,31,-1,31,48,30,-1,52,53,51,-1,51,53,50,-1,54,49,55,-1,55,49,48,-1,26,52,31,-1,31,52,51,-1,54,29,49,-1,49,29,30,-1,55,48,45,-1,45,48,46,-1,42,47,53,-1,53,47,50,-1,28,44,25,-1,25,44,41,-1,44,28,29,-1,29,54,44,-1,44,54,55,-1,44,55,45,-1,43,27,40,-1,40,27,24,-1,52,26,27,-1,53,52,42,-1,42,52,27,-1,42,27,43,-1,40,41,56,-1,56,41,57,-1,45,44,41,-1,43,42,40,-1,40,42,47,-1,40,47,41,-1,41,47,46,-1,41,46,45,-1,58,59,56,-1,60,61,57,-1,57,61,62,-1,57,62,56,-1,56,62,63,-1,56,63,58,-1,63,62,64,-1,64,65,46,-1,66,63,67,-1,67,63,64,-1,67,64,47,-1,47,64,46,-1,68,69,67,-1,67,69,66,-1,70,65,71,-1,71,65,64,-1,42,68,47,-1,47,68,67,-1,70,45,65,-1,65,45,46,-1,71,64,61,-1,61,64,62,-1,58,63,69,-1,69,63,66,-1,44,60,41,-1,41,60,57,-1,60,44,45,-1,45,70,60,-1,60,70,71,-1,60,71,61,-1,59,43,56,-1,56,43,40,-1,68,42,43,-1,69,68,58,-1,58,68,43,-1,58,43,59,-1,56,57,72,-1,72,57,73,-1,61,60,57,-1,59,58,56,-1,56,58,63,-1,56,63,57,-1,57,63,62,-1,57,62,61,-1,74,75,72,-1,76,77,73,-1,73,77,78,-1,73,78,72,-1,72,78,79,-1,72,79,74,-1,80,81,63,-1,63,81,79,-1,63,79,62,-1,62,79,78,-1,62,78,82,-1,82,78,83,-1,84,85,80,-1,80,85,81,-1,86,82,87,-1,87,82,83,-1,58,84,63,-1,63,84,80,-1,86,61,82,-1,82,61,62,-1,87,83,77,-1,77,83,78,-1,74,79,85,-1,85,79,81,-1,60,76,57,-1,57,76,73,-1,76,60,61,-1,61,86,76,-1,76,86,87,-1,76,87,77,-1,75,59,72,-1,72,59,56,-1,59,75,74,-1,74,85,59,-1,59,85,84,-1,59,84,58,-1,72,73,88,-1,88,73,89,-1,77,76,73,-1,75,74,72,-1,72,74,79,-1,72,79,73,-1,73,79,78,-1,73,78,77,-1,90,91,88,-1,92,93,89,-1,89,93,94,-1,89,94,88,-1,88,94,95,-1,88,95,90,-1,96,97,79,-1,79,97,95,-1,78,79,98,-1,98,79,95,-1,98,95,99,-1,99,95,94,-1,100,101,96,-1,96,101,97,-1,102,98,103,-1,103,98,99,-1,74,100,79,-1,79,100,96,-1,102,77,98,-1,98,77,78,-1,103,99,93,-1,93,99,94,-1,90,95,101,-1,101,95,97,-1,76,92,73,-1,73,92,89,-1,92,76,77,-1,77,102,92,-1,92,102,103,-1,92,103,93,-1,91,75,88,-1,88,75,72,-1,75,91,90,-1,90,101,75,-1,75,101,100,-1,75,100,74,-1,88,89,104,-1,104,89,105,-1,93,92,89,-1,91,90,88,-1,88,90,95,-1,88,95,89,-1,89,95,94,-1,89,94,93,-1,106,107,104,-1,108,109,105,-1,105,109,110,-1,105,110,104,-1,104,110,111,-1,104,111,106,-1,112,113,95,-1,95,113,111,-1,94,95,114,-1,114,95,111,-1,114,111,115,-1,115,111,110,-1,116,117,112,-1,112,117,113,-1,118,114,119,-1,119,114,115,-1,90,116,95,-1,95,116,112,-1,118,93,114,-1,114,93,94,-1,119,115,109,-1,109,115,110,-1,106,111,117,-1,117,111,113,-1,92,108,89,-1,89,108,105,-1,108,92,93,-1,93,118,108,-1,108,118,119,-1,108,119,109,-1,107,91,104,-1,104,91,88,-1,91,107,106,-1,106,117,91,-1,91,117,116,-1,91,116,90,-1,104,105,120,-1,120,105,121,-1,109,108,105,-1,107,106,104,-1,104,106,111,-1,104,111,105,-1,105,111,110,-1,105,110,109,-1,122,123,120,-1,124,125,121,-1,121,125,126,-1,121,126,120,-1,120,126,127,-1,120,127,122,-1,128,129,111,-1,111,129,127,-1,110,111,130,-1,130,111,127,-1,130,127,131,-1,131,127,126,-1,132,133,128,-1,128,133,129,-1,134,130,135,-1,135,130,131,-1,106,132,111,-1,111,132,128,-1,134,109,130,-1,130,109,110,-1,135,131,125,-1,125,131,126,-1,122,127,133,-1,133,127,129,-1,108,124,105,-1,105,124,121,-1,124,108,109,-1,109,134,124,-1,124,134,135,-1,124,135,125,-1,123,107,120,-1,120,107,104,-1,107,123,122,-1,122,133,107,-1,107,133,132,-1,107,132,106,-1,120,121,136,-1,136,121,137,-1,125,124,121,-1,123,122,120,-1,120,122,127,-1,120,127,121,-1,121,127,126,-1,121,126,125,-1,138,139,136,-1,140,141,137,-1,137,141,142,-1,137,142,136,-1,136,142,143,-1,136,143,138,-1,144,145,127,-1,127,145,143,-1,126,127,146,-1,146,127,143,-1,146,143,147,-1,147,143,142,-1,148,149,144,-1,144,149,145,-1,150,146,151,-1,151,146,147,-1,122,148,127,-1,127,148,144,-1,150,125,146,-1,146,125,126,-1,151,147,141,-1,141,147,142,-1,138,143,149,-1,149,143,145,-1,124,140,121,-1,121,140,137,-1,140,124,125,-1,125,150,140,-1,140,150,151,-1,140,151,141,-1,139,123,136,-1,136,123,120,-1,123,139,138,-1,138,149,123,-1,123,149,148,-1,123,148,122,-1,136,137,152,-1,152,137,153,-1,141,140,137,-1,139,138,136,-1,136,138,143,-1,136,143,137,-1,137,143,142,-1,137,142,141,-1,154,155,152,-1,156,157,153,-1,153,157,158,-1,153,158,152,-1,152,158,159,-1,152,159,154,-1,160,161,143,-1,143,161,159,-1,142,143,162,-1,162,143,159,-1,162,159,163,-1,163,159,158,-1,164,165,160,-1,160,165,161,-1,166,162,167,-1,167,162,163,-1,138,164,143,-1,143,164,160,-1,166,141,162,-1,162,141,142,-1,167,163,157,-1,157,163,158,-1,154,159,165,-1,165,159,161,-1,140,156,137,-1,137,156,153,-1,156,140,141,-1,141,166,156,-1,156,166,167,-1,156,167,157,-1,155,139,152,-1,152,139,136,-1,139,155,154,-1,154,165,139,-1,139,165,164,-1,139,164,138,-1,152,153,168,-1,168,153,169,-1,157,156,153,-1,155,154,152,-1,152,154,159,-1,152,159,153,-1,153,159,158,-1,153,158,157,-1,170,171,168,-1,172,173,169,-1,169,173,174,-1,169,174,168,-1,168,174,175,-1,168,175,170,-1,176,177,159,-1,159,177,175,-1,159,175,158,-1,158,175,174,-1,158,174,178,-1,178,174,179,-1,180,181,176,-1,176,181,177,-1,182,178,183,-1,183,178,179,-1,154,180,159,-1,159,180,176,-1,182,157,178,-1,178,157,158,-1,183,179,173,-1,173,179,174,-1,170,175,181,-1,181,175,177,-1,156,172,153,-1,153,172,169,-1,172,156,157,-1,157,182,172,-1,172,182,183,-1,172,183,173,-1,171,155,168,-1,168,155,152,-1,155,171,170,-1,170,181,155,-1,155,181,180,-1,155,180,154,-1,168,169,184,-1,184,169,185,-1,173,172,169,-1,171,170,168,-1,168,170,175,-1,168,175,169,-1,169,175,174,-1,169,174,173,-1,186,187,184,-1,188,189,185,-1,185,189,190,-1,185,190,184,-1,184,190,191,-1,184,191,186,-1,192,193,175,-1,175,193,191,-1,175,191,174,-1,174,191,190,-1,174,190,194,-1,194,190,195,-1,196,197,192,-1,192,197,193,-1,198,194,199,-1,199,194,195,-1,170,196,175,-1,175,196,192,-1,198,173,194,-1,194,173,174,-1,199,195,189,-1,189,195,190,-1,186,191,197,-1,197,191,193,-1,172,188,169,-1,169,188,185,-1,188,172,173,-1,173,198,188,-1,188,198,199,-1,188,199,189,-1,187,171,184,-1,184,171,168,-1,171,187,186,-1,186,197,171,-1,171,197,196,-1,171,196,170,-1,184,185,200,-1,200,185,201,-1,189,188,185,-1,187,186,184,-1,184,186,191,-1,184,191,185,-1,185,191,190,-1,185,190,189,-1,202,203,200,-1,204,205,201,-1,201,205,206,-1,201,206,200,-1,200,206,207,-1,200,207,202,-1,208,209,191,-1,191,209,207,-1,191,207,190,-1,190,207,206,-1,190,206,210,-1,210,206,211,-1,212,213,208,-1,208,213,209,-1,214,210,215,-1,215,210,211,-1,186,212,191,-1,191,212,208,-1,214,189,210,-1,210,189,190,-1,215,211,205,-1,205,211,206,-1,202,207,213,-1,213,207,209,-1,188,204,185,-1,185,204,201,-1,204,188,189,-1,189,214,204,-1,204,214,215,-1,204,215,205,-1,203,187,200,-1,200,187,184,-1,187,203,202,-1,202,213,187,-1,187,213,212,-1,187,212,186,-1,200,201,216,-1,216,201,217,-1,205,204,201,-1,203,202,200,-1,200,202,207,-1,200,207,201,-1,201,207,206,-1,201,206,205,-1,218,219,216,-1,220,221,217,-1,217,221,222,-1,217,222,216,-1,216,222,223,-1,216,223,218,-1,224,225,207,-1,207,225,223,-1,207,223,206,-1,206,223,222,-1,206,222,226,-1,226,222,227,-1,228,229,224,-1,224,229,225,-1,230,226,231,-1,231,226,227,-1,202,228,207,-1,207,228,224,-1,230,205,226,-1,226,205,206,-1,231,227,221,-1,221,227,222,-1,218,223,229,-1,229,223,225,-1,204,220,201,-1,201,220,217,-1,220,204,205,-1,205,230,220,-1,220,230,231,-1,220,231,221,-1,219,203,216,-1,216,203,200,-1,203,219,218,-1,218,229,203,-1,203,229,228,-1,203,228,202,-1,216,217,232,-1,232,217,233,-1,221,220,217,-1,219,218,216,-1,216,218,223,-1,216,223,217,-1,217,223,222,-1,217,222,221,-1,234,235,232,-1,236,237,233,-1,233,237,238,-1,233,238,232,-1,232,238,239,-1,232,239,234,-1,240,241,223,-1,223,241,239,-1,223,239,222,-1,222,239,238,-1,222,238,242,-1,242,238,243,-1,244,245,240,-1,240,245,241,-1,246,242,247,-1,247,242,243,-1,218,244,223,-1,223,244,240,-1,246,221,242,-1,242,221,222,-1,247,243,237,-1,237,243,238,-1,234,239,245,-1,245,239,241,-1,220,236,217,-1,217,236,233,-1,236,220,221,-1,221,246,236,-1,236,246,247,-1,236,247,237,-1,235,219,232,-1,232,219,216,-1,219,235,234,-1,234,245,219,-1,219,245,244,-1,219,244,218,-1,232,233,248,-1,248,233,249,-1,237,236,233,-1,235,234,232,-1,232,234,239,-1,232,239,233,-1,233,239,238,-1,233,238,237,-1,250,251,248,-1,252,253,249,-1,249,253,254,-1,249,254,248,-1,248,254,255,-1,248,255,250,-1,256,257,239,-1,239,257,255,-1,239,255,238,-1,238,255,254,-1,238,254,258,-1,258,254,259,-1,260,261,256,-1,256,261,257,-1,262,258,263,-1,263,258,259,-1,234,260,239,-1,239,260,256,-1,262,237,258,-1,258,237,238,-1,263,259,253,-1,253,259,254,-1,250,255,261,-1,261,255,257,-1,236,252,233,-1,233,252,249,-1,252,236,237,-1,237,262,252,-1,252,262,263,-1,252,263,253,-1,251,235,248,-1,248,235,232,-1,235,251,250,-1,250,261,235,-1,235,261,260,-1,235,260,234,-1,248,249,264,-1,264,249,265,-1,253,252,249,-1,251,250,248,-1,248,250,255,-1,248,255,249,-1,249,255,254,-1,249,254,253,-1,266,267,264,-1,268,269,265,-1,265,269,270,-1,265,270,264,-1,264,270,271,-1,264,271,266,-1,272,273,255,-1,255,273,271,-1,255,271,254,-1,254,271,270,-1,254,270,274,-1,274,270,275,-1,276,277,272,-1,272,277,273,-1,278,274,279,-1,279,274,275,-1,250,276,255,-1,255,276,272,-1,278,253,274,-1,274,253,254,-1,279,275,269,-1,269,275,270,-1,266,271,277,-1,277,271,273,-1,252,268,249,-1,249,268,265,-1,268,252,253,-1,253,278,268,-1,268,278,279,-1,268,279,269,-1,267,251,264,-1,264,251,248,-1,251,267,266,-1,266,277,251,-1,251,277,276,-1,251,276,250,-1,264,265,280,-1,280,265,281,-1,269,268,265,-1,267,266,264,-1,264,266,271,-1,264,271,265,-1,265,271,270,-1,265,270,269,-1,282,283,280,-1,284,285,281,-1,281,285,286,-1,281,286,280,-1,280,286,287,-1,280,287,282,-1,288,289,271,-1,271,289,287,-1,271,287,270,-1,270,287,286,-1,270,286,290,-1,290,286,291,-1,292,293,288,-1,288,293,289,-1,294,290,295,-1,295,290,291,-1,266,292,271,-1,271,292,288,-1,294,269,290,-1,290,269,270,-1,295,291,285,-1,285,291,286,-1,282,287,293,-1,293,287,289,-1,268,284,265,-1,265,284,281,-1,284,268,269,-1,269,294,284,-1,284,294,295,-1,284,295,285,-1,283,267,280,-1,280,267,264,-1,267,283,282,-1,282,293,267,-1,267,293,292,-1,267,292,266,-1,
        ]
    }
}
Shape{
    appearance Appearance {
        material  Material 	{
            diffuseColor 0.9490196078431372 0.7607843137254902 0.1803921568627451
            specularColor 0.7607843137254902 0.6078431372549019 0.1450980392156863
            ambientIntensity 0.7509
            transparency 0.0
            shininess 0.5
        }
    }
    geometry IndexedFaceSet {
        ccw TRUE
        solid FALSE
        coord DEF co Coordinate {
            point [
                7.6378 0.5804 -1.0236, 7.6378 0.6398 -1.0236, 7.6378 0.6398 0.4869, 7.6378 0.5641 0.6544, 7.6378 0.5624 0.6699, 7.6378 0.4459 0.6203, 7.6378 0.5804 0.6407, 7.6378 0.5801 0.6357, 7.6378 0.5795 0.5868, 7.6378 0.5752 0.6175, 7.6378 0.554 0.6175, 7.6378 0.5616 0.6353, 7.6378 0.4475 0.6175, 7.6378 0.422 0.5868, 7.6378 0.422 0.7481, 7.6378 0.4221 0.6803, 7.6378 0.4393 0.7481, 7.6378 0.4274 0.6955, 7.6378 0.4354 0.7082, 7.6378 0.5622 0.5061, 7.6378 0.3642 0.4869, 7.6378 0.5804 0.4869, 7.6378 0.4479 0.72, 7.6378 0.4629 0.7284, 7.6378 0.4393 0.8076, 7.6378 0.538 0.7264, 7.6378 0.5527 0.7171, 7.6378 0.5795 0.8076, 7.6378 0.5664 0.7029, 7.6378 0.575 0.688, 7.6378 0.5795 0.5061, 7.6378 0.5801 0.6704, 7.6378 0.5804 0.6663, 7.6378 0.5795 0.8288, 7.6378 0.5581 0.6817, 7.6378 0.5508 0.6926, 7.6378 0.5403 0.7021, 7.6378 0.4991 0.7135, 7.6378 0.482 0.7119, 7.6378 0.4685 0.7077, 7.6378 0.439 0.6726, 7.6378 0.4374 0.6579, 7.6378 0.4432 0.6841, 7.6378 0.4498 0.6938, 7.6378 0.4576 0.7012, 7.6378 0.4397 0.637, 7.6378 0.4931 0.51, 7.6378 0.4931 0.5657, 7.6378 0.4393 0.5657, 7.6378 0.3528 1.122, 7.6378 0.5804 1.293, 7.6378 0.3193 1.2028, 7.6378 0.5369 1.3745, 7.6378 0.2662 1.2721, 7.6378 0.461 1.4669, 7.6378 0.1969 1.3252, 7.6378 0.5282 0.7086, 7.6378 0.5113 0.7128, 7.6378 -4.2618 1.6457, 7.6378 -4.2618 1.3701, 7.6378 0.0295 1.6457, 7.6378 0.0295 1.3701, 7.6378 0.1486 1.6339, 7.6378 0.1161 1.3587, 7.6378 0.2631 1.5992, 7.6378 0.3686 1.5428, 7.6378 0.4795 0.7331, 7.6378 0.4978 0.7347, 7.6378 0.5202 0.7324, 7.6378 0.4393 0.5023, 7.6378 0.5104 0.51, 7.6378 0.5104 0.5657, 7.6378 0.5622 0.5657, 7.6378 0.4302 0.6175, 7.6378 0.422 0.5023, 7.6378 0.4233 0.6343, 7.6378 0.4202 0.6565, 7.6378 0.4201 0.6608, 7.6378 0.5814 0.6546, 7.6378 0.6398 1.0354, 7.6378 0.628 1.1545, 7.6378 0.3642 1.0354, 7.6378 0.422 0.8288, 7.6378 0.5933 1.269, 7.6378 0.422 0.3102, 7.6378 0.422 0.3333, 7.6378 0.422 0.2142, 7.6378 0.4662 0.2301, 7.6378 0.4662 0.2952, 7.6378 0.5795 0.2526, 7.6378 0.5795 0.2737, 7.6378 0.5795 0.4271, 7.6378 0.5771 0.4044, 7.6378 0.5706 0.3859, 7.6378 0.5591 0.3688, 7.6378 0.4652 0.3527, 7.6378 0.4511 0.3617, 7.6378 0.559 0.3686, 7.6378 0.5466 0.3575, 7.6378 0.5331 0.3502, 7.6378 0.4387 0.3747, 7.6378 0.4291 0.3911, 7.6378 0.4237 0.4093, 7.6378 0.422 0.4287, 7.6378 0.422 0.4716, 7.6378 0.5795 0.4716, 7.6378 0.5175 0.346, 7.6378 0.5027 0.3448, 7.6378 0.4817 0.347, 7.6378 0.422 0.1912, 7.6378 0.3642 -1.0236, 7.3622 -4.2618 1.6457, 7.3622 0.0295 1.6457, 7.3622 -4.2618 1.3701, 7.3622 0.0295 1.3701, 7.3622 0.1486 1.6339, 7.3622 0.2631 1.5992, 7.3622 0.3686 1.5428, 7.3622 0.461 1.4669, 7.3622 0.5369 1.3745, 7.3622 0.5933 1.269, 7.3622 0.628 1.1545, 7.3622 0.6398 1.0354, 7.3622 0.3642 1.0354, 7.3622 0.3528 1.122, 7.3622 0.3193 1.2028, 7.3622 0.2662 1.2721, 7.3622 0.1969 1.3252, 7.3622 0.1161 1.3587, 7.3622 0.6398 -1.0236, 7.3622 0.3642 -1.0236, 7.5866 -4.4193 1.4213, 7.5866 -4.4193 1.5945, 7.4134 -4.4193 1.4213, 7.4134 -4.4193 1.5945, 7.5866 0.5886 -1.1811, 7.5866 0.4154 -1.1811, 7.4134 0.5886 -1.1811, 7.4134 0.4154 -1.1811
            ]
        }
        coordIndex [
            0,1,2,-1,3,4,5,-1,6,7,8,-1,8,7,9,-1,8,9,10,-1,3,5,11,-1,11,5,12,-1,11,12,10,-1,10,12,13,-1,10,13,8,-1,14,15,16,-1,16,15,17,-1,16,17,18,-1,19,20,21,-1,18,22,16,-1,16,22,23,-1,16,23,24,-1,25,26,27,-1,27,26,28,-1,27,28,29,-1,6,8,21,-1,21,8,30,-1,21,30,19,-1,29,31,27,-1,27,31,32,-1,27,32,33,-1,4,34,5,-1,5,34,35,-1,5,35,36,-1,37,38,5,-1,5,38,39,-1,40,41,42,-1,42,41,43,-1,39,44,5,-1,5,44,43,-1,5,43,45,-1,45,43,41,-1,46,47,48,-1,49,50,51,-1,51,50,52,-1,51,52,53,-1,53,52,54,-1,53,54,55,-1,36,56,5,-1,5,56,57,-1,5,57,37,-1,58,59,60,-1,60,59,61,-1,60,61,62,-1,62,61,63,-1,62,63,64,-1,64,63,55,-1,64,55,65,-1,65,55,54,-1,23,66,24,-1,24,66,67,-1,24,67,27,-1,27,67,68,-1,27,68,25,-1,48,69,46,-1,46,69,20,-1,46,20,70,-1,70,20,19,-1,70,19,71,-1,71,19,72,-1,12,73,13,-1,13,73,20,-1,13,20,74,-1,74,20,69,-1,73,75,20,-1,20,75,76,-1,20,76,77,-1,78,2,32,-1,32,2,79,-1,32,79,80,-1,77,15,20,-1,20,15,14,-1,20,14,81,-1,81,14,82,-1,81,82,49,-1,49,82,33,-1,49,33,50,-1,50,33,32,-1,50,32,83,-1,83,32,80,-1,84,85,20,-1,86,87,88,-1,89,21,90,-1,90,21,91,-1,91,92,90,-1,90,92,93,-1,90,93,94,-1,85,95,96,-1,94,97,90,-1,90,97,98,-1,90,98,99,-1,96,100,85,-1,85,100,101,-1,85,101,20,-1,20,101,102,-1,102,103,20,-1,20,103,104,-1,20,104,21,-1,21,104,105,-1,21,105,91,-1,99,106,90,-1,90,106,107,-1,90,107,85,-1,85,107,108,-1,85,108,95,-1,88,84,86,-1,86,84,20,-1,86,20,109,-1,109,20,110,-1,109,110,89,-1,89,110,0,-1,89,0,21,-1,21,0,2,-1,21,2,6,-1,6,2,78,-1,58,60,111,-1,111,60,112,-1,113,114,59,-1,59,114,61,-1,112,60,62,-1,112,62,115,-1,115,62,64,-1,115,64,116,-1,116,64,65,-1,116,65,117,-1,117,65,54,-1,117,54,118,-1,118,54,52,-1,118,52,119,-1,119,52,50,-1,119,50,120,-1,50,83,120,-1,120,83,80,-1,120,80,121,-1,121,80,79,-1,121,79,122,-1,123,81,124,-1,124,81,49,-1,124,49,125,-1,125,49,51,-1,125,51,126,-1,126,51,53,-1,126,53,127,-1,127,53,55,-1,127,55,128,-1,128,55,63,-1,128,63,114,-1,114,63,61,-1,1,129,2,-1,2,129,122,-1,2,122,79,-1,113,111,114,-1,114,111,112,-1,114,112,128,-1,125,120,124,-1,124,120,121,-1,124,121,123,-1,123,121,122,-1,123,122,130,-1,130,122,129,-1,112,115,128,-1,128,115,116,-1,128,116,127,-1,127,116,117,-1,127,117,126,-1,126,117,118,-1,126,118,125,-1,125,118,119,-1,125,119,120,-1,130,110,123,-1,123,110,20,-1,123,20,81,-1,131,132,133,-1,133,132,134,-1,135,136,137,-1,137,136,138,-1,111,134,58,-1,58,134,132,-1,113,133,111,-1,111,133,134,-1,131,59,132,-1,132,59,58,-1,59,131,113,-1,113,131,133,-1,136,110,138,-1,138,110,130,-1,110,136,0,-1,0,136,135,-1,0,135,1,-1,129,137,130,-1,130,137,138,-1,137,129,135,-1,135,129,1,-1,
        ]
    }
}
Shape{
    appearance Appearance {
        material  Material 	{
            diffuseColor 0.2235294117647059 0.2235294117647059 0.2235294117647059
            specularColor 0.11372549019607843 0.11372549019607843 0.11372549019607843
            ambientIntensity 0.2235
            transparency 0.0
            shininess 0.5
        }
    }
    geometry IndexedFaceSet {
        ccw TRUE
        solid FALSE
        coord DEF co Coordinate {
            point [
                7.6339 0.5795 0.2526, 7.6339 0.422 0.1912, 7.6378 0.5795 0.2526, 7.6378 0.422 0.1912, 7.6339 0.422 0.2142, 7.6378 0.422 0.2142, 7.6339 0.4662 0.2301, 7.6378 0.4662 0.2301, 7.6339 0.4662 0.2952, 7.6378 0.4662 0.2952, 7.6339 0.422 0.3102, 7.6378 0.422 0.3102, 7.6339 0.422 0.3333, 7.6378 0.422 0.3333, 7.6339 0.5795 0.2737, 7.6378 0.5795 0.2737, 7.6339 0.4835 0.2899, 7.6339 0.5492 0.2664, 7.6339 0.5547 0.2649, 7.6339 0.5603 0.2639, 7.6339 0.5603 0.2634, 7.6339 0.5547 0.2623, 7.6339 0.5492 0.2609, 7.6339 0.4835 0.2372, 7.6378 0.4835 0.2899, 7.6378 0.4835 0.2372, 7.6378 0.5492 0.2664, 7.6378 0.5547 0.2649, 7.6378 0.5603 0.2639, 7.6378 0.5603 0.2634, 7.6378 0.5547 0.2623, 7.6378 0.5492 0.2609, 7.6339 0.422 0.4287, 7.6339 0.422 0.4716, 7.6378 0.422 0.4287, 7.6378 0.422 0.4716, 7.6339 0.5795 0.4716, 7.6378 0.5795 0.4716, 7.6339 0.5795 0.4271, 7.6378 0.5795 0.4271, 7.6339 0.5027 0.3448, 7.6378 0.5027 0.3448, 7.6378 0.5175 0.346, 7.6339 0.5175 0.346, 7.6378 0.5331 0.3502, 7.6339 0.5331 0.3502, 7.6378 0.5466 0.3575, 7.6339 0.5466 0.3575, 7.6378 0.559 0.3686, 7.6339 0.559 0.3686, 7.6378 0.5591 0.3688, 7.6339 0.5591 0.3688, 7.6378 0.5706 0.3859, 7.6339 0.5706 0.3859, 7.6378 0.5771 0.4044, 7.6339 0.5771 0.4044, 7.6378 0.4237 0.4093, 7.6339 0.4237 0.4093, 7.6378 0.4291 0.3911, 7.6339 0.4291 0.3911, 7.6378 0.4387 0.3747, 7.6339 0.4387 0.3747, 7.6378 0.4511 0.3617, 7.6339 0.4511 0.3617, 7.6378 0.4652 0.3527, 7.6339 0.4652 0.3527, 7.6378 0.4817 0.347, 7.6339 0.4817 0.347, 7.6339 0.5401 0.3764, 7.6339 0.5482 0.3841, 7.6339 0.5557 0.3956, 7.6339 0.5602 0.4086, 7.6339 0.5622 0.4272, 7.6339 0.5622 0.4504, 7.6339 0.4393 0.4504, 7.6339 0.4393 0.4281, 7.6339 0.4408 0.4115, 7.6339 0.445 0.3982, 7.6339 0.4514 0.3875, 7.6339 0.4601 0.3786, 7.6339 0.4709 0.372, 7.6339 0.4857 0.3674, 7.6339 0.5023 0.3659, 7.6339 0.518 0.3673, 7.6339 0.5304 0.3709, 7.6378 0.5622 0.4272, 7.6378 0.5622 0.4504, 7.6378 0.5602 0.4086, 7.6378 0.5557 0.3956, 7.6378 0.5482 0.3841, 7.6378 0.5401 0.3764, 7.6378 0.5304 0.3709, 7.6378 0.518 0.3673, 7.6378 0.5023 0.3659, 7.6378 0.4857 0.3674, 7.6378 0.4709 0.372, 7.6378 0.4601 0.3786, 7.6378 0.4514 0.3875, 7.6378 0.445 0.3982, 7.6378 0.4408 0.4115, 7.6378 0.4393 0.4281, 7.6378 0.4393 0.4504, 7.6339 0.4393 0.5023, 7.6339 0.422 0.5023, 7.6378 0.4393 0.5023, 7.6378 0.422 0.5023, 7.6339 0.422 0.5868, 7.6378 0.422 0.5868, 7.6339 0.5795 0.5868, 7.6378 0.5795 0.5868, 7.6339 0.5795 0.5061, 7.6378 0.5795 0.5061, 7.6339 0.5622 0.5061, 7.6378 0.5622 0.5061, 7.6339 0.5622 0.5657, 7.6378 0.5622 0.5657, 7.6339 0.5104 0.5657, 7.6378 0.5104 0.5657, 7.6339 0.5104 0.51, 7.6378 0.5104 0.51, 7.6339 0.4931 0.51, 7.6378 0.4931 0.51, 7.6339 0.4931 0.5657, 7.6378 0.4931 0.5657, 7.6339 0.4393 0.5657, 7.6378 0.4393 0.5657, 7.6339 0.4475 0.6175, 7.6339 0.4302 0.6175, 7.6378 0.4475 0.6175, 7.6378 0.4302 0.6175, 7.6339 0.4201 0.6608, 7.6378 0.4201 0.6608, 7.6378 0.4202 0.6565, 7.6339 0.4202 0.6565, 7.6378 0.4233 0.6343, 7.6339 0.4233 0.6343, 7.6339 0.4978 0.7347, 7.6378 0.4978 0.7347, 7.6378 0.4795 0.7331, 7.6339 0.4795 0.7331, 7.6378 0.4629 0.7284, 7.6339 0.4629 0.7284, 7.6378 0.4479 0.72, 7.6339 0.4479 0.72, 7.6378 0.4354 0.7082, 7.6339 0.4354 0.7082, 7.6378 0.4274 0.6955, 7.6339 0.4274 0.6955, 7.6378 0.4221 0.6803, 7.6339 0.4221 0.6803, 7.6339 0.5814 0.6546, 7.6378 0.5814 0.6546, 7.6339 0.5801 0.6704, 7.6378 0.5804 0.6663, 7.6378 0.5801 0.6704, 7.6378 0.575 0.688, 7.6339 0.575 0.688, 7.6378 0.5664 0.7029, 7.6339 0.5664 0.7029, 7.6378 0.5527 0.7171, 7.6339 0.5527 0.7171, 7.6378 0.538 0.7264, 7.6339 0.538 0.7264, 7.6378 0.5202 0.7324, 7.6339 0.5202 0.7324, 7.6378 0.5804 0.6407, 7.6339 0.5801 0.6357, 7.6378 0.5801 0.6357, 7.6339 0.5752 0.6175, 7.6378 0.5752 0.6175, 7.6339 0.554 0.6175, 7.6378 0.554 0.6175, 7.6339 0.5641 0.6544, 7.6378 0.5641 0.6544, 7.6378 0.5616 0.6353, 7.6339 0.5616 0.6353, 7.6339 0.4991 0.7135, 7.6378 0.4991 0.7135, 7.6378 0.5113 0.7128, 7.6339 0.5113 0.7128, 7.6378 0.5282 0.7086, 7.6339 0.5282 0.7086, 7.6378 0.5403 0.7021, 7.6339 0.5403 0.7021, 7.6378 0.5508 0.6926, 7.6339 0.5508 0.6926, 7.6378 0.5581 0.6817, 7.6339 0.5581 0.6817, 7.6378 0.5624 0.6699, 7.6339 0.5624 0.6699, 7.6339 0.4374 0.6579, 7.6378 0.4374 0.6579, 7.6378 0.439 0.6726, 7.6339 0.439 0.6726, 7.6378 0.4432 0.6841, 7.6339 0.4432 0.6841, 7.6378 0.4498 0.6938, 7.6339 0.4498 0.6938, 7.6378 0.4576 0.7012, 7.6339 0.4576 0.7012, 7.6378 0.4685 0.7077, 7.6339 0.4685 0.7077, 7.6378 0.482 0.7119, 7.6339 0.482 0.7119, 7.6378 0.4459 0.6203, 7.6339 0.4459 0.6203, 7.6378 0.4397 0.637, 7.6339 0.4397 0.637, 7.6339 0.4393 0.7481, 7.6339 0.422 0.7481, 7.6378 0.4393 0.7481, 7.6378 0.422 0.7481, 7.6339 0.422 0.8288, 7.6378 0.422 0.8288, 7.6339 0.5795 0.8288, 7.6378 0.5795 0.8288, 7.6339 0.5795 0.8076, 7.6378 0.5795 0.8076, 7.6339 0.4393 0.8076, 7.6378 0.4393 0.8076
            ]
        }
        coordIndex [
            0,1,2,-1,2,1,3,-1,1,4,3,-1,3,4,5,-1,4,6,5,-1,5,6,7,-1,6,8,7,-1,7,8,9,-1,8,10,9,-1,9,10,11,-1,10,12,11,-1,11,12,13,-1,12,14,13,-1,13,14,15,-1,14,0,15,-1,15,0,2,-1,16,17,14,-1,12,10,8,-1,17,18,14,-1,14,18,19,-1,14,19,0,-1,0,19,20,-1,0,20,21,-1,21,22,0,-1,0,22,23,-1,0,23,1,-1,4,1,6,-1,6,1,23,-1,6,23,8,-1,8,23,16,-1,8,16,12,-1,12,16,14,-1,16,23,24,-1,24,23,25,-1,17,16,26,-1,26,16,24,-1,17,26,27,-1,17,27,18,-1,18,27,28,-1,18,28,19,-1,20,19,29,-1,29,19,28,-1,20,29,30,-1,20,30,21,-1,21,30,31,-1,21,31,22,-1,23,22,25,-1,25,22,31,-1,32,33,34,-1,34,33,35,-1,33,36,35,-1,35,36,37,-1,36,38,37,-1,37,38,39,-1,40,41,42,-1,40,42,43,-1,43,42,44,-1,43,44,45,-1,45,44,46,-1,45,46,47,-1,47,46,48,-1,47,48,49,-1,49,48,50,-1,49,50,51,-1,51,50,52,-1,51,52,53,-1,53,52,54,-1,53,54,55,-1,55,54,39,-1,55,39,38,-1,32,34,56,-1,32,56,57,-1,57,56,58,-1,57,58,59,-1,59,58,60,-1,59,60,61,-1,61,60,62,-1,61,62,63,-1,63,62,64,-1,63,64,65,-1,65,64,66,-1,65,66,67,-1,67,66,41,-1,67,41,40,-1,45,47,68,-1,68,47,49,-1,68,49,69,-1,69,49,51,-1,69,51,70,-1,70,51,53,-1,70,53,71,-1,71,53,55,-1,71,55,72,-1,72,55,38,-1,72,38,73,-1,73,38,36,-1,73,36,74,-1,74,36,33,-1,74,33,75,-1,75,33,32,-1,75,32,76,-1,76,32,57,-1,76,57,77,-1,77,57,59,-1,77,59,78,-1,78,59,61,-1,78,61,79,-1,79,61,63,-1,79,63,80,-1,80,63,65,-1,80,65,81,-1,81,65,67,-1,81,67,82,-1,82,67,40,-1,82,40,83,-1,83,40,43,-1,83,43,84,-1,84,43,45,-1,84,45,68,-1,72,73,85,-1,85,73,86,-1,72,85,87,-1,72,87,71,-1,71,87,88,-1,71,88,70,-1,70,88,89,-1,70,89,69,-1,69,89,90,-1,69,90,68,-1,68,90,91,-1,68,91,84,-1,84,91,92,-1,84,92,83,-1,83,92,93,-1,83,93,82,-1,82,93,94,-1,82,94,81,-1,81,94,95,-1,81,95,80,-1,80,95,96,-1,80,96,79,-1,79,96,97,-1,79,97,78,-1,78,97,98,-1,78,98,77,-1,77,98,99,-1,77,99,76,-1,76,99,100,-1,76,100,75,-1,74,75,101,-1,101,75,100,-1,73,74,86,-1,86,74,101,-1,102,103,104,-1,104,103,105,-1,103,106,105,-1,105,106,107,-1,106,108,107,-1,107,108,109,-1,108,110,109,-1,109,110,111,-1,110,112,111,-1,111,112,113,-1,112,114,113,-1,113,114,115,-1,114,116,115,-1,115,116,117,-1,116,118,117,-1,117,118,119,-1,118,120,119,-1,119,120,121,-1,120,122,121,-1,121,122,123,-1,122,124,123,-1,123,124,125,-1,124,102,125,-1,125,102,104,-1,106,103,102,-1,102,124,106,-1,106,124,122,-1,106,122,108,-1,112,110,114,-1,114,110,108,-1,114,108,116,-1,116,108,122,-1,116,122,118,-1,118,122,120,-1,126,127,128,-1,128,127,129,-1,130,131,132,-1,130,132,133,-1,133,132,134,-1,133,134,135,-1,135,134,129,-1,135,129,127,-1,136,137,138,-1,136,138,139,-1,139,138,140,-1,139,140,141,-1,141,140,142,-1,141,142,143,-1,143,142,144,-1,143,144,145,-1,145,144,146,-1,145,146,147,-1,147,146,148,-1,147,148,149,-1,149,148,131,-1,149,131,130,-1,150,151,152,-1,152,151,153,-1,153,154,152,-1,152,154,155,-1,152,155,156,-1,156,155,157,-1,156,157,158,-1,158,157,159,-1,158,159,160,-1,160,159,161,-1,160,161,162,-1,162,161,163,-1,162,163,164,-1,164,163,137,-1,164,137,136,-1,151,150,165,-1,165,150,166,-1,165,166,167,-1,167,166,168,-1,167,168,169,-1,168,170,169,-1,169,170,171,-1,172,173,174,-1,172,174,175,-1,175,174,171,-1,175,171,170,-1,176,177,178,-1,176,178,179,-1,179,178,180,-1,179,180,181,-1,181,180,182,-1,181,182,183,-1,183,182,184,-1,183,184,185,-1,185,184,186,-1,185,186,187,-1,187,186,188,-1,187,188,189,-1,189,188,173,-1,189,173,172,-1,190,191,192,-1,190,192,193,-1,193,192,194,-1,193,194,195,-1,195,194,196,-1,195,196,197,-1,197,196,198,-1,197,198,199,-1,199,198,200,-1,199,200,201,-1,201,200,202,-1,201,202,203,-1,203,202,177,-1,203,177,176,-1,126,128,204,-1,126,204,205,-1,205,204,206,-1,205,206,207,-1,207,206,191,-1,207,191,190,-1,193,130,190,-1,190,130,133,-1,190,133,207,-1,207,133,135,-1,207,135,205,-1,205,135,127,-1,205,127,126,-1,170,168,175,-1,175,168,166,-1,175,166,172,-1,172,166,150,-1,172,150,189,-1,189,150,152,-1,189,152,187,-1,187,152,156,-1,187,156,185,-1,185,156,158,-1,185,158,183,-1,183,158,160,-1,183,160,181,-1,181,160,162,-1,181,162,179,-1,179,162,164,-1,179,164,176,-1,176,164,136,-1,176,136,203,-1,203,136,139,-1,203,139,201,-1,201,139,141,-1,201,141,199,-1,199,141,143,-1,199,143,197,-1,197,143,145,-1,197,145,195,-1,195,145,147,-1,195,147,193,-1,193,147,149,-1,193,149,130,-1,208,209,210,-1,210,209,211,-1,209,212,211,-1,211,212,213,-1,212,214,213,-1,213,214,215,-1,214,216,215,-1,215,216,217,-1,216,218,217,-1,217,218,219,-1,218,208,219,-1,219,208,210,-1,216,214,218,-1,218,214,212,-1,218,212,208,-1,208,212,209,-1,
        ]
    }
}
Shape{
    appearance Appearance {
        material  Material 	{
            diffuseColor 0.9490196078431372 0.7607843137254902 0.1803921568627451
            specularColor 0.7607843137254902 0.6078431372549019 0.1450980392156863
            ambientIntensity 0.7509
            transparency 0.0
            shininess 0.5
        }
    }
    geometry IndexedFaceSet {
        ccw TRUE
        solid FALSE
        coord DEF co Coordinate {
            point [
                7.6378 0.4835 0.2899, 7.6378 0.4835 0.2372, 7.6378 0.5492 0.2664, 7.6378 0.5492 0.2609, 7.6378 0.5547 0.2649, 7.6378 0.5547 0.2623, 7.6378 0.5603 0.2639, 7.6378 0.5603 0.2634, 7.6378 0.5622 0.4504, 7.6378 0.4393 0.4504, 7.6378 0.5622 0.4272, 7.6378 0.4393 0.4281, 7.6378 0.4408 0.4115, 7.6378 0.5023 0.3659, 7.6378 0.518 0.3673, 7.6378 0.5304 0.3709, 7.6378 0.5602 0.4086, 7.6378 0.445 0.3982, 7.6378 0.4514 0.3875, 7.6378 0.4601 0.3786, 7.6378 0.4709 0.372, 7.6378 0.4857 0.3674, 7.6378 0.5401 0.3764, 7.6378 0.5482 0.3841, 7.6378 0.5557 0.3956, 6.6378 0.5804 -1.0236, 6.6378 0.6398 -1.0236, 6.6378 0.6398 0.4869, 6.6378 0.5641 0.6544, 6.6378 0.5624 0.6699, 6.6378 0.4459 0.6203, 6.6378 0.5804 0.6407, 6.6378 0.5801 0.6357, 6.6378 0.5795 0.5868, 6.6378 0.5752 0.6175, 6.6378 0.554 0.6175, 6.6378 0.5616 0.6353, 6.6378 0.4475 0.6175, 6.6378 0.422 0.5868, 6.6378 0.422 0.7481, 6.6378 0.4221 0.6803, 6.6378 0.4393 0.7481, 6.6378 0.4274 0.6955, 6.6378 0.4354 0.7082, 6.6378 0.5622 0.5061, 6.6378 0.3642 0.4869, 6.6378 0.5804 0.4869, 6.6378 0.4479 0.72, 6.6378 0.4629 0.7284, 6.6378 0.4393 0.8076, 6.6378 0.538 0.7264, 6.6378 0.5527 0.7171, 6.6378 0.5795 0.8076, 6.6378 0.5664 0.7029, 6.6378 0.575 0.688, 6.6378 0.5795 0.5061, 6.6378 0.5801 0.6704, 6.6378 0.5804 0.6663, 6.6378 0.5795 0.8288, 6.6378 0.5581 0.6817, 6.6378 0.5508 0.6926, 6.6378 0.5403 0.7021, 6.6378 0.4991 0.7135, 6.6378 0.482 0.7119, 6.6378 0.4685 0.7077, 6.6378 0.439 0.6726, 6.6378 0.4374 0.6579, 6.6378 0.4432 0.6841, 6.6378 0.4498 0.6938, 6.6378 0.4576 0.7012, 6.6378 0.4397 0.637, 6.6378 0.4931 0.51, 6.6378 0.4931 0.5657, 6.6378 0.4393 0.5657, 6.6378 0.3528 1.122, 6.6378 0.5804 1.293, 6.6378 0.3193 1.2028, 6.6378 0.5369 1.3745, 6.6378 0.2662 1.2721, 6.6378 0.461 1.4669, 6.6378 0.1969 1.3252, 6.6378 0.5282 0.7086, 6.6378 0.5113 0.7128, 6.6378 -4.2618 1.6457, 6.6378 -4.2618 1.3701, 6.6378 0.0295 1.6457, 6.6378 0.0295 1.3701, 6.6378 0.1486 1.6339, 6.6378 0.1161 1.3587, 6.6378 0.2631 1.5992, 6.6378 0.3686 1.5428, 6.6378 0.4795 0.7331, 6.6378 0.4978 0.7347, 6.6378 0.5202 0.7324, 6.6378 0.4393 0.5023, 6.6378 0.5104 0.51, 6.6378 0.5104 0.5657, 6.6378 0.5622 0.5657, 6.6378 0.4302 0.6175, 6.6378 0.422 0.5023, 6.6378 0.4233 0.6343, 6.6378 0.4202 0.6565, 6.6378 0.4201 0.6608, 6.6378 0.5814 0.6546, 6.6378 0.6398 1.0354, 6.6378 0.628 1.1545, 6.6378 0.3642 1.0354, 6.6378 0.422 0.8288, 6.6378 0.5933 1.269, 6.6378 0.422 0.3102, 6.6378 0.422 0.3333, 6.6378 0.422 0.2142, 6.6378 0.4662 0.2301, 6.6378 0.4662 0.2952, 6.6378 0.5795 0.2526, 6.6378 0.5795 0.2737, 6.6378 0.5795 0.4271, 6.6378 0.5771 0.4044, 6.6378 0.5706 0.3859, 6.6378 0.5591 0.3688, 6.6378 0.4652 0.3527, 6.6378 0.4511 0.3617, 6.6378 0.559 0.3686, 6.6378 0.5466 0.3575, 6.6378 0.5331 0.3502, 6.6378 0.4387 0.3747, 6.6378 0.4291 0.3911, 6.6378 0.4237 0.4093, 6.6378 0.422 0.4287, 6.6378 0.422 0.4716, 6.6378 0.5795 0.4716, 6.6378 0.5175 0.346, 6.6378 0.5027 0.3448, 6.6378 0.4817 0.347, 6.6378 0.422 0.1912, 6.6378 0.3642 -1.0236, 6.3622 -4.2618 1.6457, 6.3622 0.0295 1.6457, 6.3622 -4.2618 1.3701, 6.3622 0.0295 1.3701, 6.3622 0.1486 1.6339, 6.3622 0.2631 1.5992, 6.3622 0.3686 1.5428, 6.3622 0.461 1.4669, 6.3622 0.5369 1.3745, 6.3622 0.5933 1.269, 6.3622 0.628 1.1545, 6.3622 0.6398 1.0354, 6.3622 0.3642 1.0354, 6.3622 0.3528 1.122, 6.3622 0.3193 1.2028, 6.3622 0.2662 1.2721, 6.3622 0.1969 1.3252, 6.3622 0.1161 1.3587, 6.3622 0.6398 -1.0236, 6.3622 0.3642 -1.0236, 6.5866 -4.4193 1.4213, 6.5866 -4.4193 1.5945, 6.4134 -4.4193 1.4213, 6.4134 -4.4193 1.5945, 6.5866 0.5886 -1.1811, 6.5866 0.4154 -1.1811, 6.4134 0.5886 -1.1811, 6.4134 0.4154 -1.1811
            ]
        }
        coordIndex [
            0,1,2,-1,2,1,3,-1,2,3,4,-1,4,3,5,-1,4,5,6,-1,6,5,7,-1,8,9,10,-1,10,9,11,-1,10,11,12,-1,13,14,10,-1,10,14,15,-1,10,15,16,-1,12,17,10,-1,10,17,18,-1,10,18,19,-1,19,20,10,-1,10,20,21,-1,10,21,13,-1,22,23,15,-1,15,23,24,-1,15,24,16,-1,25,26,27,-1,28,29,30,-1,31,32,33,-1,33,32,34,-1,33,34,35,-1,28,30,36,-1,36,30,37,-1,36,37,35,-1,35,37,38,-1,35,38,33,-1,39,40,41,-1,41,40,42,-1,41,42,43,-1,44,45,46,-1,43,47,41,-1,41,47,48,-1,41,48,49,-1,50,51,52,-1,52,51,53,-1,52,53,54,-1,31,33,46,-1,46,33,55,-1,46,55,44,-1,54,56,52,-1,52,56,57,-1,52,57,58,-1,29,59,30,-1,30,59,60,-1,30,60,61,-1,62,63,30,-1,30,63,64,-1,65,66,67,-1,67,66,68,-1,64,69,30,-1,30,69,68,-1,30,68,70,-1,70,68,66,-1,71,72,73,-1,74,75,76,-1,76,75,77,-1,76,77,78,-1,78,77,79,-1,78,79,80,-1,61,81,30,-1,30,81,82,-1,30,82,62,-1,83,84,85,-1,85,84,86,-1,85,86,87,-1,87,86,88,-1,87,88,89,-1,89,88,80,-1,89,80,90,-1,90,80,79,-1,48,91,49,-1,49,91,92,-1,49,92,52,-1,52,92,93,-1,52,93,50,-1,73,94,71,-1,71,94,45,-1,71,45,95,-1,95,45,44,-1,95,44,96,-1,96,44,97,-1,37,98,38,-1,38,98,45,-1,38,45,99,-1,99,45,94,-1,98,100,45,-1,45,100,101,-1,45,101,102,-1,103,27,57,-1,57,27,104,-1,57,104,105,-1,102,40,45,-1,45,40,39,-1,45,39,106,-1,106,39,107,-1,106,107,74,-1,74,107,58,-1,74,58,75,-1,75,58,57,-1,75,57,108,-1,108,57,105,-1,109,110,45,-1,111,112,113,-1,114,46,115,-1,115,46,116,-1,116,117,115,-1,115,117,118,-1,115,118,119,-1,110,120,121,-1,119,122,115,-1,115,122,123,-1,115,123,124,-1,121,125,110,-1,110,125,126,-1,110,126,45,-1,45,126,127,-1,127,128,45,-1,45,128,129,-1,45,129,46,-1,46,129,130,-1,46,130,116,-1,124,131,115,-1,115,131,132,-1,115,132,110,-1,110,132,133,-1,110,133,120,-1,113,109,111,-1,111,109,45,-1,111,45,134,-1,134,45,135,-1,134,135,114,-1,114,135,25,-1,114,25,46,-1,46,25,27,-1,46,27,31,-1,31,27,103,-1,83,85,136,-1,136,85,137,-1,138,139,84,-1,84,139,86,-1,137,85,87,-1,137,87,140,-1,140,87,89,-1,140,89,141,-1,141,89,90,-1,141,90,142,-1,142,90,79,-1,142,79,143,-1,143,79,77,-1,143,77,144,-1,144,77,75,-1,144,75,145,-1,75,108,145,-1,145,108,105,-1,145,105,146,-1,146,105,104,-1,146,104,147,-1,148,106,149,-1,149,106,74,-1,149,74,150,-1,150,74,76,-1,150,76,151,-1,151,76,78,-1,151,78,152,-1,152,78,80,-1,152,80,153,-1,153,80,88,-1,153,88,139,-1,139,88,86,-1,26,154,27,-1,27,154,147,-1,27,147,104,-1,138,136,139,-1,139,136,137,-1,139,137,153,-1,150,145,149,-1,149,145,146,-1,149,146,148,-1,148,146,147,-1,148,147,155,-1,155,147,154,-1,137,140,153,-1,153,140,141,-1,153,141,152,-1,152,141,142,-1,152,142,151,-1,151,142,143,-1,151,143,150,-1,150,143,144,-1,150,144,145,-1,155,135,148,-1,148,135,45,-1,148,45,106,-1,156,157,158,-1,158,157,159,-1,160,161,162,-1,162,161,163,-1,136,159,83,-1,83,159,157,-1,138,158,136,-1,136,158,159,-1,156,84,157,-1,157,84,83,-1,84,156,138,-1,138,156,158,-1,161,135,163,-1,163,135,155,-1,135,161,25,-1,25,161,160,-1,25,160,26,-1,154,162,155,-1,155,162,163,-1,162,154,160,-1,160,154,26,-1,
        ]
    }
}
Shape{
    appearance Appearance {
        material  Material 	{
            diffuseColor 0.2235294117647059 0.2235294117647059 0.2235294117647059
            specularColor 0.11372549019607843 0.11372549019607843 0.11372549019607843
            ambientIntensity 0.2235
            transparency 0.0
            shininess 0.5
        }
    }
    geometry IndexedFaceSet {
        ccw TRUE
        solid FALSE
        coord DEF co Coordinate {
            point [
                6.6339 0.5795 0.2526, 6.6339 0.422 0.1912, 6.6378 0.5795 0.2526, 6.6378 0.422 0.1912, 6.6339 0.422 0.2142, 6.6378 0.422 0.2142, 6.6339 0.4662 0.2301, 6.6378 0.4662 0.2301, 6.6339 0.4662 0.2952, 6.6378 0.4662 0.2952, 6.6339 0.422 0.3102, 6.6378 0.422 0.3102, 6.6339 0.422 0.3333, 6.6378 0.422 0.3333, 6.6339 0.5795 0.2737, 6.6378 0.5795 0.2737, 6.6339 0.4835 0.2899, 6.6339 0.5492 0.2664, 6.6339 0.5547 0.2649, 6.6339 0.5603 0.2639, 6.6339 0.5603 0.2634, 6.6339 0.5547 0.2623, 6.6339 0.5492 0.2609, 6.6339 0.4835 0.2372, 6.6378 0.4835 0.2899, 6.6378 0.4835 0.2372, 6.6378 0.5492 0.2664, 6.6378 0.5547 0.2649, 6.6378 0.5603 0.2639, 6.6378 0.5603 0.2634, 6.6378 0.5547 0.2623, 6.6378 0.5492 0.2609, 6.6339 0.422 0.4287, 6.6339 0.422 0.4716, 6.6378 0.422 0.4287, 6.6378 0.422 0.4716, 6.6339 0.5795 0.4716, 6.6378 0.5795 0.4716, 6.6339 0.5795 0.4271, 6.6378 0.5795 0.4271, 6.6339 0.5027 0.3448, 6.6378 0.5027 0.3448, 6.6378 0.5175 0.346, 6.6339 0.5175 0.346, 6.6378 0.5331 0.3502, 6.6339 0.5331 0.3502, 6.6378 0.5466 0.3575, 6.6339 0.5466 0.3575, 6.6378 0.559 0.3686, 6.6339 0.559 0.3686, 6.6378 0.5591 0.3688, 6.6339 0.5591 0.3688, 6.6378 0.5706 0.3859, 6.6339 0.5706 0.3859, 6.6378 0.5771 0.4044, 6.6339 0.5771 0.4044, 6.6378 0.4237 0.4093, 6.6339 0.4237 0.4093, 6.6378 0.4291 0.3911, 6.6339 0.4291 0.3911, 6.6378 0.4387 0.3747, 6.6339 0.4387 0.3747, 6.6378 0.4511 0.3617, 6.6339 0.4511 0.3617, 6.6378 0.4652 0.3527, 6.6339 0.4652 0.3527, 6.6378 0.4817 0.347, 6.6339 0.4817 0.347, 6.6339 0.5401 0.3764, 6.6339 0.5482 0.3841, 6.6339 0.5557 0.3956, 6.6339 0.5602 0.4086, 6.6339 0.5622 0.4272, 6.6339 0.5622 0.4504, 6.6339 0.4393 0.4504, 6.6339 0.4393 0.4281, 6.6339 0.4408 0.4115, 6.6339 0.445 0.3982, 6.6339 0.4514 0.3875, 6.6339 0.4601 0.3786, 6.6339 0.4709 0.372, 6.6339 0.4857 0.3674, 6.6339 0.5023 0.3659, 6.6339 0.518 0.3673, 6.6339 0.5304 0.3709, 6.6378 0.5622 0.4272, 6.6378 0.5622 0.4504, 6.6378 0.5602 0.4086, 6.6378 0.5557 0.3956, 6.6378 0.5482 0.3841, 6.6378 0.5401 0.3764, 6.6378 0.5304 0.3709, 6.6378 0.518 0.3673, 6.6378 0.5023 0.3659, 6.6378 0.4857 0.3674, 6.6378 0.4709 0.372, 6.6378 0.4601 0.3786, 6.6378 0.4514 0.3875, 6.6378 0.445 0.3982, 6.6378 0.4408 0.4115, 6.6378 0.4393 0.4281, 6.6378 0.4393 0.4504, 6.6339 0.4393 0.5023, 6.6339 0.422 0.5023, 6.6378 0.4393 0.5023, 6.6378 0.422 0.5023, 6.6339 0.422 0.5868, 6.6378 0.422 0.5868, 6.6339 0.5795 0.5868, 6.6378 0.5795 0.5868, 6.6339 0.5795 0.5061, 6.6378 0.5795 0.5061, 6.6339 0.5622 0.5061, 6.6378 0.5622 0.5061, 6.6339 0.5622 0.5657, 6.6378 0.5622 0.5657, 6.6339 0.5104 0.5657, 6.6378 0.5104 0.5657, 6.6339 0.5104 0.51, 6.6378 0.5104 0.51, 6.6339 0.4931 0.51, 6.6378 0.4931 0.51, 6.6339 0.4931 0.5657, 6.6378 0.4931 0.5657, 6.6339 0.4393 0.5657, 6.6378 0.4393 0.5657, 6.6339 0.4475 0.6175, 6.6339 0.4302 0.6175, 6.6378 0.4475 0.6175, 6.6378 0.4302 0.6175, 6.6339 0.4201 0.6608, 6.6378 0.4201 0.6608, 6.6378 0.4202 0.6565, 6.6339 0.4202 0.6565, 6.6378 0.4233 0.6343, 6.6339 0.4233 0.6343, 6.6339 0.4978 0.7347, 6.6378 0.4978 0.7347, 6.6378 0.4795 0.7331, 6.6339 0.4795 0.7331, 6.6378 0.4629 0.7284, 6.6339 0.4629 0.7284, 6.6378 0.4479 0.72, 6.6339 0.4479 0.72, 6.6378 0.4354 0.7082, 6.6339 0.4354 0.7082, 6.6378 0.4274 0.6955, 6.6339 0.4274 0.6955, 6.6378 0.4221 0.6803, 6.6339 0.4221 0.6803, 6.6339 0.5814 0.6546, 6.6378 0.5814 0.6546, 6.6339 0.5801 0.6704, 6.6378 0.5804 0.6663, 6.6378 0.5801 0.6704, 6.6378 0.575 0.688, 6.6339 0.575 0.688, 6.6378 0.5664 0.7029, 6.6339 0.5664 0.7029, 6.6378 0.5527 0.7171, 6.6339 0.5527 0.7171, 6.6378 0.538 0.7264, 6.6339 0.538 0.7264, 6.6378 0.5202 0.7324, 6.6339 0.5202 0.7324, 6.6378 0.5804 0.6407, 6.6339 0.5801 0.6357, 6.6378 0.5801 0.6357, 6.6339 0.5752 0.6175, 6.6378 0.5752 0.6175, 6.6339 0.554 0.6175, 6.6378 0.554 0.6175, 6.6339 0.5641 0.6544, 6.6378 0.5641 0.6544, 6.6378 0.5616 0.6353, 6.6339 0.5616 0.6353, 6.6339 0.4991 0.7135, 6.6378 0.4991 0.7135, 6.6378 0.5113 0.7128, 6.6339 0.5113 0.7128, 6.6378 0.5282 0.7086, 6.6339 0.5282 0.7086, 6.6378 0.5403 0.7021, 6.6339 0.5403 0.7021, 6.6378 0.5508 0.6926, 6.6339 0.5508 0.6926, 6.6378 0.5581 0.6817, 6.6339 0.5581 0.6817, 6.6378 0.5624 0.6699, 6.6339 0.5624 0.6699, 6.6339 0.4374 0.6579, 6.6378 0.4374 0.6579, 6.6378 0.439 0.6726, 6.6339 0.439 0.6726, 6.6378 0.4432 0.6841, 6.6339 0.4432 0.6841, 6.6378 0.4498 0.6938, 6.6339 0.4498 0.6938, 6.6378 0.4576 0.7012, 6.6339 0.4576 0.7012, 6.6378 0.4685 0.7077, 6.6339 0.4685 0.7077, 6.6378 0.482 0.7119, 6.6339 0.482 0.7119, 6.6378 0.4459 0.6203, 6.6339 0.4459 0.6203, 6.6378 0.4397 0.637, 6.6339 0.4397 0.637, 6.6339 0.4393 0.7481, 6.6339 0.422 0.7481, 6.6378 0.4393 0.7481, 6.6378 0.422 0.7481, 6.6339 0.422 0.8288, 6.6378 0.422 0.8288, 6.6339 0.5795 0.8288, 6.6378 0.5795 0.8288, 6.6339 0.5795 0.8076, 6.6378 0.5795 0.8076, 6.6339 0.4393 0.8076, 6.6378 0.4393 0.8076
            ]
        }
        coordIndex [
            0,1,2,-1,2,1,3,-1,1,4,3,-1,3,4,5,-1,4,6,5,-1,5,6,7,-1,6,8,7,-1,7,8,9,-1,8,10,9,-1,9,10,11,-1,10,12,11,-1,11,12,13,-1,12,14,13,-1,13,14,15,-1,14,0,15,-1,15,0,2,-1,16,17,14,-1,12,10,8,-1,17,18,14,-1,14,18,19,-1,14,19,0,-1,0,19,20,-1,0,20,21,-1,21,22,0,-1,0,22,23,-1,0,23,1,-1,4,1,6,-1,6,1,23,-1,6,23,8,-1,8,23,16,-1,8,16,12,-1,12,16,14,-1,16,23,24,-1,24,23,25,-1,17,16,26,-1,26,16,24,-1,17,26,27,-1,17,27,18,-1,18,27,28,-1,18,28,19,-1,20,19,29,-1,29,19,28,-1,20,29,30,-1,20,30,21,-1,21,30,31,-1,21,31,22,-1,23,22,25,-1,25,22,31,-1,32,33,34,-1,34,33,35,-1,33,36,35,-1,35,36,37,-1,36,38,37,-1,37,38,39,-1,40,41,42,-1,40,42,43,-1,43,42,44,-1,43,44,45,-1,45,44,46,-1,45,46,47,-1,47,46,48,-1,47,48,49,-1,49,48,50,-1,49,50,51,-1,51,50,52,-1,51,52,53,-1,53,52,54,-1,53,54,55,-1,55,54,39,-1,55,39,38,-1,32,34,56,-1,32,56,57,-1,57,56,58,-1,57,58,59,-1,59,58,60,-1,59,60,61,-1,61,60,62,-1,61,62,63,-1,63,62,64,-1,63,64,65,-1,65,64,66,-1,65,66,67,-1,67,66,41,-1,67,41,40,-1,45,47,68,-1,68,47,49,-1,68,49,69,-1,69,49,51,-1,69,51,70,-1,70,51,53,-1,70,53,71,-1,71,53,55,-1,71,55,72,-1,72,55,38,-1,72,38,73,-1,73,38,36,-1,73,36,74,-1,74,36,33,-1,74,33,75,-1,75,33,32,-1,75,32,76,-1,76,32,57,-1,76,57,77,-1,77,57,59,-1,77,59,78,-1,78,59,61,-1,78,61,79,-1,79,61,63,-1,79,63,80,-1,80,63,65,-1,80,65,81,-1,81,65,67,-1,81,67,82,-1,82,67,40,-1,82,40,83,-1,83,40,43,-1,83,43,84,-1,84,43,45,-1,84,45,68,-1,72,73,85,-1,85,73,86,-1,72,85,87,-1,72,87,71,-1,71,87,88,-1,71,88,70,-1,70,88,89,-1,70,89,69,-1,69,89,90,-1,69,90,68,-1,68,90,91,-1,68,91,84,-1,84,91,92,-1,84,92,83,-1,83,92,93,-1,83,93,82,-1,82,93,94,-1,82,94,81,-1,81,94,95,-1,81,95,80,-1,80,95,96,-1,80,96,79,-1,79,96,97,-1,79,97,78,-1,78,97,98,-1,78,98,77,-1,77,98,99,-1,77,99,76,-1,76,99,100,-1,76,100,75,-1,74,75,101,-1,101,75,100,-1,73,74,86,-1,86,74,101,-1,102,103,104,-1,104,103,105,-1,103,106,105,-1,105,106,107,-1,106,108,107,-1,107,108,109,-1,108,110,109,-1,109,110,111,-1,110,112,111,-1,111,112,113,-1,112,114,113,-1,113,114,115,-1,114,116,115,-1,115,116,117,-1,116,118,117,-1,117,118,119,-1,118,120,119,-1,119,120,121,-1,120,122,121,-1,121,122,123,-1,122,124,123,-1,123,124,125,-1,124,102,125,-1,125,102,104,-1,106,103,102,-1,102,124,106,-1,106,124,122,-1,106,122,108,-1,112,110,114,-1,114,110,108,-1,114,108,116,-1,116,108,122,-1,116,122,118,-1,118,122,120,-1,126,127,128,-1,128,127,129,-1,130,131,132,-1,130,132,133,-1,133,132,134,-1,133,134,135,-1,135,134,129,-1,135,129,127,-1,136,137,138,-1,136,138,139,-1,139,138,140,-1,139,140,141,-1,141,140,142,-1,141,142,143,-1,143,142,144,-1,143,144,145,-1,145,144,146,-1,145,146,147,-1,147,146,148,-1,147,148,149,-1,149,148,131,-1,149,131,130,-1,150,151,152,-1,152,151,153,-1,153,154,152,-1,152,154,155,-1,152,155,156,-1,156,155,157,-1,156,157,158,-1,158,157,159,-1,158,159,160,-1,160,159,161,-1,160,161,162,-1,162,161,163,-1,162,163,164,-1,164,163,137,-1,164,137,136,-1,151,150,165,-1,165,150,166,-1,165,166,167,-1,167,166,168,-1,167,168,169,-1,168,170,169,-1,169,170,171,-1,172,173,174,-1,172,174,175,-1,175,174,171,-1,175,171,170,-1,176,177,178,-1,176,178,179,-1,179,178,180,-1,179,180,181,-1,181,180,182,-1,181,182,183,-1,183,182,184,-1,183,184,185,-1,185,184,186,-1,185,186,187,-1,187,186,188,-1,187,188,189,-1,189,188,173,-1,189,173,172,-1,190,191,192,-1,190,192,193,-1,193,192,194,-1,193,194,195,-1,195,194,196,-1,195,196,197,-1,197,196,198,-1,197,198,199,-1,199,198,200,-1,199,200,201,-1,201,200,202,-1,201,202,203,-1,203,202,177,-1,203,177,176,-1,126,128,204,-1,126,204,205,-1,205,204,206,-1,205,206,207,-1,207,206,191,-1,207,191,190,-1,193,130,190,-1,190,130,133,-1,190,133,207,-1,207,133,135,-1,207,135,205,-1,205,135,127,-1,205,127,126,-1,170,168,175,-1,175,168,166,-1,175,166,172,-1,172,166,150,-1,172,150,189,-1,189,150,152,-1,189,152,187,-1,187,152,156,-1,187,156,185,-1,185,156,158,-1,185,158,183,-1,183,158,160,-1,183,160,181,-1,181,160,162,-1,181,162,179,-1,179,162,164,-1,179,164,176,-1,176,164,136,-1,176,136,203,-1,203,136,139,-1,203,139,201,-1,201,139,141,-1,201,141,199,-1,199,141,143,-1,199,143,197,-1,197,143,145,-1,197,145,195,-1,195,145,147,-1,195,147,193,-1,193,147,149,-1,193,149,130,-1,208,209,210,-1,210,209,211,-1,209,212,211,-1,211,212,213,-1,212,214,213,-1,213,214,215,-1,214,216,215,-1,215,216,217,-1,216,218,217,-1,217,218,219,-1,218,208,219,-1,219,208,210,-1,216,214,218,-1,218,214,212,-1,218,212,208,-1,208,212,209,-1,
        ]
    }
}
Shape{
    appearance Appearance {
        material  Material 	{
            diffuseColor 0.9490196078431372 0.7607843137254902 0.1803921568627451
            specularColor 0.7607843137254902 0.6078431372549019 0.1450980392156863
            ambientIntensity 0.7509
            transparency 0.0
            shininess 0.5
        }
    }
    geometry IndexedFaceSet {
        ccw TRUE
        solid FALSE
        coord DEF co Coordinate {
            point [
                6.6378 0.4835 0.2899, 6.6378 0.4835 0.2372, 6.6378 0.5492 0.2664, 6.6378 0.5492 0.2609, 6.6378 0.5547 0.2649, 6.6378 0.5547 0.2623, 6.6378 0.5603 0.2639, 6.6378 0.5603 0.2634, 6.6378 0.5622 0.4504, 6.6378 0.4393 0.4504, 6.6378 0.5622 0.4272, 6.6378 0.4393 0.4281, 6.6378 0.4408 0.4115, 6.6378 0.5023 0.3659, 6.6378 0.518 0.3673, 6.6378 0.5304 0.3709, 6.6378 0.5602 0.4086, 6.6378 0.445 0.3982, 6.6378 0.4514 0.3875, 6.6378 0.4601 0.3786, 6.6378 0.4709 0.372, 6.6378 0.4857 0.3674, 6.6378 0.5401 0.3764, 6.6378 0.5482 0.3841, 6.6378 0.5557 0.3956, 5.6378 0.5804 -1.0236, 5.6378 0.6398 -1.0236, 5.6378 0.6398 0.4869, 5.6378 0.5641 0.6544, 5.6378 0.5624 0.6699, 5.6378 0.4459 0.6203, 5.6378 0.5804 0.6407, 5.6378 0.5801 0.6357, 5.6378 0.5795 0.5868, 5.6378 0.5752 0.6175, 5.6378 0.554 0.6175, 5.6378 0.5616 0.6353, 5.6378 0.4475 0.6175, 5.6378 0.422 0.5868, 5.6378 0.422 0.7481, 5.6378 0.4221 0.6803, 5.6378 0.4393 0.7481, 5.6378 0.4274 0.6955, 5.6378 0.4354 0.7082, 5.6378 0.5622 0.5061, 5.6378 0.3642 0.4869, 5.6378 0.5804 0.4869, 5.6378 0.4479 0.72, 5.6378 0.4629 0.7284, 5.6378 0.4393 0.8076, 5.6378 0.538 0.7264, 5.6378 0.5527 0.7171, 5.6378 0.5795 0.8076, 5.6378 0.5664 0.7029, 5.6378 0.575 0.688, 5.6378 0.5795 0.5061, 5.6378 0.5801 0.6704, 5.6378 0.5804 0.6663, 5.6378 0.5795 0.8288, 5.6378 0.5581 0.6817, 5.6378 0.5508 0.6926, 5.6378 0.5403 0.7021, 5.6378 0.4991 0.7135, 5.6378 0.482 0.7119, 5.6378 0.4685 0.7077, 5.6378 0.439 0.6726, 5.6378 0.4374 0.6579, 5.6378 0.4432 0.6841, 5.6378 0.4498 0.6938, 5.6378 0.4576 0.7012, 5.6378 0.4397 0.637, 5.6378 0.4931 0.51, 5.6378 0.4931 0.5657, 5.6378 0.4393 0.5657, 5.6378 0.3528 1.122, 5.6378 0.5804 1.293, 5.6378 0.3193 1.2028, 5.6378 0.5369 1.3745, 5.6378 0.2662 1.2721, 5.6378 0.461 1.4669, 5.6378 0.1969 1.3252, 5.6378 0.5282 0.7086, 5.6378 0.5113 0.7128, 5.6378 -4.2618 1.6457, 5.6378 -4.2618 1.3701, 5.6378 0.0295 1.6457, 5.6378 0.0295 1.3701, 5.6378 0.1486 1.6339, 5.6378 0.1161 1.3587, 5.6378 0.2631 1.5992, 5.6378 0.3686 1.5428, 5.6378 0.4795 0.7331, 5.6378 0.4978 0.7347, 5.6378 0.5202 0.7324, 5.6378 0.4393 0.5023, 5.6378 0.5104 0.51, 5.6378 0.5104 0.5657, 5.6378 0.5622 0.5657, 5.6378 0.4302 0.6175, 5.6378 0.422 0.5023, 5.6378 0.4233 0.6343, 5.6378 0.4202 0.6565, 5.6378 0.4201 0.6608, 5.6378 0.5814 0.6546, 5.6378 0.6398 1.0354, 5.6378 0.628 1.1545, 5.6378 0.3642 1.0354, 5.6378 0.422 0.8288, 5.6378 0.5933 1.269, 5.6378 0.422 0.3102, 5.6378 0.422 0.3333, 5.6378 0.422 0.2142, 5.6378 0.4662 0.2301, 5.6378 0.4662 0.2952, 5.6378 0.5795 0.2526, 5.6378 0.5795 0.2737, 5.6378 0.5795 0.4271, 5.6378 0.5771 0.4044, 5.6378 0.5706 0.3859, 5.6378 0.5591 0.3688, 5.6378 0.4652 0.3527, 5.6378 0.4511 0.3617, 5.6378 0.559 0.3686, 5.6378 0.5466 0.3575, 5.6378 0.5331 0.3502, 5.6378 0.4387 0.3747, 5.6378 0.4291 0.3911, 5.6378 0.4237 0.4093, 5.6378 0.422 0.4287, 5.6378 0.422 0.4716, 5.6378 0.5795 0.4716, 5.6378 0.5175 0.346, 5.6378 0.5027 0.3448, 5.6378 0.4817 0.347, 5.6378 0.422 0.1912, 5.6378 0.3642 -1.0236, 5.3622 -4.2618 1.6457, 5.3622 0.0295 1.6457, 5.3622 -4.2618 1.3701, 5.3622 0.0295 1.3701, 5.3622 0.1486 1.6339, 5.3622 0.2631 1.5992, 5.3622 0.3686 1.5428, 5.3622 0.461 1.4669, 5.3622 0.5369 1.3745, 5.3622 0.5933 1.269, 5.3622 0.628 1.1545, 5.3622 0.6398 1.0354, 5.3622 0.3642 1.0354, 5.3622 0.3528 1.122, 5.3622 0.3193 1.2028, 5.3622 0.2662 1.2721, 5.3622 0.1969 1.3252, 5.3622 0.1161 1.3587, 5.3622 0.6398 -1.0236, 5.3622 0.3642 -1.0236, 5.5866 -4.4193 1.4213, 5.5866 -4.4193 1.5945, 5.4134 -4.4193 1.4213, 5.4134 -4.4193 1.5945, 5.5866 0.5886 -1.1811, 5.5866 0.4154 -1.1811, 5.4134 0.5886 -1.1811, 5.4134 0.4154 -1.1811
            ]
        }
        coordIndex [
            0,1,2,-1,2,1,3,-1,2,3,4,-1,4,3,5,-1,4,5,6,-1,6,5,7,-1,8,9,10,-1,10,9,11,-1,10,11,12,-1,13,14,10,-1,10,14,15,-1,10,15,16,-1,12,17,10,-1,10,17,18,-1,10,18,19,-1,19,20,10,-1,10,20,21,-1,10,21,13,-1,22,23,15,-1,15,23,24,-1,15,24,16,-1,25,26,27,-1,28,29,30,-1,31,32,33,-1,33,32,34,-1,33,34,35,-1,28,30,36,-1,36,30,37,-1,36,37,35,-1,35,37,38,-1,35,38,33,-1,39,40,41,-1,41,40,42,-1,41,42,43,-1,44,45,46,-1,43,47,41,-1,41,47,48,-1,41,48,49,-1,50,51,52,-1,52,51,53,-1,52,53,54,-1,31,33,46,-1,46,33,55,-1,46,55,44,-1,54,56,52,-1,52,56,57,-1,52,57,58,-1,29,59,30,-1,30,59,60,-1,30,60,61,-1,62,63,30,-1,30,63,64,-1,65,66,67,-1,67,66,68,-1,64,69,30,-1,30,69,68,-1,30,68,70,-1,70,68,66,-1,71,72,73,-1,74,75,76,-1,76,75,77,-1,76,77,78,-1,78,77,79,-1,78,79,80,-1,61,81,30,-1,30,81,82,-1,30,82,62,-1,83,84,85,-1,85,84,86,-1,85,86,87,-1,87,86,88,-1,87,88,89,-1,89,88,80,-1,89,80,90,-1,90,80,79,-1,48,91,49,-1,49,91,92,-1,49,92,52,-1,52,92,93,-1,52,93,50,-1,73,94,71,-1,71,94,45,-1,71,45,95,-1,95,45,44,-1,95,44,96,-1,96,44,97,-1,37,98,38,-1,38,98,45,-1,38,45,99,-1,99,45,94,-1,98,100,45,-1,45,100,101,-1,45,101,102,-1,103,27,57,-1,57,27,104,-1,57,104,105,-1,102,40,45,-1,45,40,39,-1,45,39,106,-1,106,39,107,-1,106,107,74,-1,74,107,58,-1,74,58,75,-1,75,58,57,-1,75,57,108,-1,108,57,105,-1,109,110,45,-1,111,112,113,-1,114,46,115,-1,115,46,116,-1,116,117,115,-1,115,117,118,-1,115,118,119,-1,110,120,121,-1,119,122,115,-1,115,122,123,-1,115,123,124,-1,121,125,110,-1,110,125,126,-1,110,126,45,-1,45,126,127,-1,127,128,45,-1,45,128,129,-1,45,129,46,-1,46,129,130,-1,46,130,116,-1,124,131,115,-1,115,131,132,-1,115,132,110,-1,110,132,133,-1,110,133,120,-1,113,109,111,-1,111,109,45,-1,111,45,134,-1,134,45,135,-1,134,135,114,-1,114,135,25,-1,114,25,46,-1,46,25,27,-1,46,27,31,-1,31,27,103,-1,83,85,136,-1,136,85,137,-1,138,139,84,-1,84,139,86,-1,137,85,87,-1,137,87,140,-1,140,87,89,-1,140,89,141,-1,141,89,90,-1,141,90,142,-1,142,90,79,-1,142,79,143,-1,143,79,77,-1,143,77,144,-1,144,77,75,-1,144,75,145,-1,75,108,145,-1,145,108,105,-1,145,105,146,-1,146,105,104,-1,146,104,147,-1,148,106,149,-1,149,106,74,-1,149,74,150,-1,150,74,76,-1,150,76,151,-1,151,76,78,-1,151,78,152,-1,152,78,80,-1,152,80,153,-1,153,80,88,-1,153,88,139,-1,139,88,86,-1,26,154,27,-1,27,154,147,-1,27,147,104,-1,138,136,139,-1,139,136,137,-1,139,137,153,-1,150,145,149,-1,149,145,146,-1,149,146,148,-1,148,146,147,-1,148,147,155,-1,155,147,154,-1,137,140,153,-1,153,140,141,-1,153,141,152,-1,152,141,142,-1,152,142,151,-1,151,142,143,-1,151,143,150,-1,150,143,144,-1,150,144,145,-1,155,135,148,-1,148,135,45,-1,148,45,106,-1,156,157,158,-1,158,157,159,-1,160,161,162,-1,162,161,163,-1,136,159,83,-1,83,159,157,-1,138,158,136,-1,136,158,159,-1,156,84,157,-1,157,84,83,-1,84,156,138,-1,138,156,158,-1,161,135,163,-1,163,135,155,-1,135,161,25,-1,25,161,160,-1,25,160,26,-1,154,162,155,-1,155,162,163,-1,162,154,160,-1,160,154,26,-1,
        ]
    }
}
Shape{
    appearance Appearance {
        material  Material 	{
            diffuseColor 0.2235294117647059 0.2235294117647059 0.2235294117647059
            specularColor 0.11372549019607843 0.11372549019607843 0.11372549019607843
            ambientIntensity 0.2235
            transparency 0.0
            shininess 0.5
        }
    }
    geometry IndexedFaceSet {
        ccw TRUE
        solid FALSE
        coord DEF co Coordinate {
            point [
                5.6339 0.5795 0.2526, 5.6339 0.422 0.1912, 5.6378 0.5795 0.2526, 5.6378 0.422 0.1912, 5.6339 0.422 0.2142, 5.6378 0.422 0.2142, 5.6339 0.4662 0.2301, 5.6378 0.4662 0.2301, 5.6339 0.4662 0.2952, 5.6378 0.4662 0.2952, 5.6339 0.422 0.3102, 5.6378 0.422 0.3102, 5.6339 0.422 0.3333, 5.6378 0.422 0.3333, 5.6339 0.5795 0.2737, 5.6378 0.5795 0.2737, 5.6339 0.4835 0.2899, 5.6339 0.5492 0.2664, 5.6339 0.5547 0.2649, 5.6339 0.5603 0.2639, 5.6339 0.5603 0.2634, 5.6339 0.5547 0.2623, 5.6339 0.5492 0.2609, 5.6339 0.4835 0.2372, 5.6378 0.4835 0.2899, 5.6378 0.4835 0.2372, 5.6378 0.5492 0.2664, 5.6378 0.5547 0.2649, 5.6378 0.5603 0.2639, 5.6378 0.5603 0.2634, 5.6378 0.5547 0.2623, 5.6378 0.5492 0.2609, 5.6339 0.422 0.4287, 5.6339 0.422 0.4716, 5.6378 0.422 0.4287, 5.6378 0.422 0.4716, 5.6339 0.5795 0.4716, 5.6378 0.5795 0.4716, 5.6339 0.5795 0.4271, 5.6378 0.5795 0.4271, 5.6339 0.5027 0.3448, 5.6378 0.5027 0.3448, 5.6378 0.5175 0.346, 5.6339 0.5175 0.346, 5.6378 0.5331 0.3502, 5.6339 0.5331 0.3502, 5.6378 0.5466 0.3575, 5.6339 0.5466 0.3575, 5.6378 0.559 0.3686, 5.6339 0.559 0.3686, 5.6378 0.5591 0.3688, 5.6339 0.5591 0.3688, 5.6378 0.5706 0.3859, 5.6339 0.5706 0.3859, 5.6378 0.5771 0.4044, 5.6339 0.5771 0.4044, 5.6378 0.4237 0.4093, 5.6339 0.4237 0.4093, 5.6378 0.4291 0.3911, 5.6339 0.4291 0.3911, 5.6378 0.4387 0.3747, 5.6339 0.4387 0.3747, 5.6378 0.4511 0.3617, 5.6339 0.4511 0.3617, 5.6378 0.4652 0.3527, 5.6339 0.4652 0.3527, 5.6378 0.4817 0.347, 5.6339 0.4817 0.347, 5.6339 0.5401 0.3764, 5.6339 0.5482 0.3841, 5.6339 0.5557 0.3956, 5.6339 0.5602 0.4086, 5.6339 0.5622 0.4272, 5.6339 0.5622 0.4504, 5.6339 0.4393 0.4504, 5.6339 0.4393 0.4281, 5.6339 0.4408 0.4115, 5.6339 0.445 0.3982, 5.6339 0.4514 0.3875, 5.6339 0.4601 0.3786, 5.6339 0.4709 0.372, 5.6339 0.4857 0.3674, 5.6339 0.5023 0.3659, 5.6339 0.518 0.3673, 5.6339 0.5304 0.3709, 5.6378 0.5622 0.4272, 5.6378 0.5622 0.4504, 5.6378 0.5602 0.4086, 5.6378 0.5557 0.3956, 5.6378 0.5482 0.3841, 5.6378 0.5401 0.3764, 5.6378 0.5304 0.3709, 5.6378 0.518 0.3673, 5.6378 0.5023 0.3659, 5.6378 0.4857 0.3674, 5.6378 0.4709 0.372, 5.6378 0.4601 0.3786, 5.6378 0.4514 0.3875, 5.6378 0.445 0.3982, 5.6378 0.4408 0.4115, 5.6378 0.4393 0.4281, 5.6378 0.4393 0.4504, 5.6339 0.4393 0.5023, 5.6339 0.422 0.5023, 5.6378 0.4393 0.5023, 5.6378 0.422 0.5023, 5.6339 0.422 0.5868, 5.6378 0.422 0.5868, 5.6339 0.5795 0.5868, 5.6378 0.5795 0.5868, 5.6339 0.5795 0.5061, 5.6378 0.5795 0.5061, 5.6339 0.5622 0.5061, 5.6378 0.5622 0.5061, 5.6339 0.5622 0.5657, 5.6378 0.5622 0.5657, 5.6339 0.5104 0.5657, 5.6378 0.5104 0.5657, 5.6339 0.5104 0.51, 5.6378 0.5104 0.51, 5.6339 0.4931 0.51, 5.6378 0.4931 0.51, 5.6339 0.4931 0.5657, 5.6378 0.4931 0.5657, 5.6339 0.4393 0.5657, 5.6378 0.4393 0.5657, 5.6339 0.4475 0.6175, 5.6339 0.4302 0.6175, 5.6378 0.4475 0.6175, 5.6378 0.4302 0.6175, 5.6339 0.4201 0.6608, 5.6378 0.4201 0.6608, 5.6378 0.4202 0.6565, 5.6339 0.4202 0.6565, 5.6378 0.4233 0.6343, 5.6339 0.4233 0.6343, 5.6339 0.4978 0.7347, 5.6378 0.4978 0.7347, 5.6378 0.4795 0.7331, 5.6339 0.4795 0.7331, 5.6378 0.4629 0.7284, 5.6339 0.4629 0.7284, 5.6378 0.4479 0.72, 5.6339 0.4479 0.72, 5.6378 0.4354 0.7082, 5.6339 0.4354 0.7082, 5.6378 0.4274 0.6955, 5.6339 0.4274 0.6955, 5.6378 0.4221 0.6803, 5.6339 0.4221 0.6803, 5.6339 0.5814 0.6546, 5.6378 0.5814 0.6546, 5.6339 0.5801 0.6704, 5.6378 0.5804 0.6663, 5.6378 0.5801 0.6704, 5.6378 0.575 0.688, 5.6339 0.575 0.688, 5.6378 0.5664 0.7029, 5.6339 0.5664 0.7029, 5.6378 0.5527 0.7171, 5.6339 0.5527 0.7171, 5.6378 0.538 0.7264, 5.6339 0.538 0.7264, 5.6378 0.5202 0.7324, 5.6339 0.5202 0.7324, 5.6378 0.5804 0.6407, 5.6339 0.5801 0.6357, 5.6378 0.5801 0.6357, 5.6339 0.5752 0.6175, 5.6378 0.5752 0.6175, 5.6339 0.554 0.6175, 5.6378 0.554 0.6175, 5.6339 0.5641 0.6544, 5.6378 0.5641 0.6544, 5.6378 0.5616 0.6353, 5.6339 0.5616 0.6353, 5.6339 0.4991 0.7135, 5.6378 0.4991 0.7135, 5.6378 0.5113 0.7128, 5.6339 0.5113 0.7128, 5.6378 0.5282 0.7086, 5.6339 0.5282 0.7086, 5.6378 0.5403 0.7021, 5.6339 0.5403 0.7021, 5.6378 0.5508 0.6926, 5.6339 0.5508 0.6926, 5.6378 0.5581 0.6817, 5.6339 0.5581 0.6817, 5.6378 0.5624 0.6699, 5.6339 0.5624 0.6699, 5.6339 0.4374 0.6579, 5.6378 0.4374 0.6579, 5.6378 0.439 0.6726, 5.6339 0.439 0.6726, 5.6378 0.4432 0.6841, 5.6339 0.4432 0.6841, 5.6378 0.4498 0.6938, 5.6339 0.4498 0.6938, 5.6378 0.4576 0.7012, 5.6339 0.4576 0.7012, 5.6378 0.4685 0.7077, 5.6339 0.4685 0.7077, 5.6378 0.482 0.7119, 5.6339 0.482 0.7119, 5.6378 0.4459 0.6203, 5.6339 0.4459 0.6203, 5.6378 0.4397 0.637, 5.6339 0.4397 0.637, 5.6339 0.4393 0.7481, 5.6339 0.422 0.7481, 5.6378 0.4393 0.7481, 5.6378 0.422 0.7481, 5.6339 0.422 0.8288, 5.6378 0.422 0.8288, 5.6339 0.5795 0.8288, 5.6378 0.5795 0.8288, 5.6339 0.5795 0.8076, 5.6378 0.5795 0.8076, 5.6339 0.4393 0.8076, 5.6378 0.4393 0.8076
            ]
        }
        coordIndex [
            0,1,2,-1,2,1,3,-1,1,4,3,-1,3,4,5,-1,4,6,5,-1,5,6,7,-1,6,8,7,-1,7,8,9,-1,8,10,9,-1,9,10,11,-1,10,12,11,-1,11,12,13,-1,12,14,13,-1,13,14,15,-1,14,0,15,-1,15,0,2,-1,16,17,14,-1,12,10,8,-1,17,18,14,-1,14,18,19,-1,14,19,0,-1,0,19,20,-1,0,20,21,-1,21,22,0,-1,0,22,23,-1,0,23,1,-1,4,1,6,-1,6,1,23,-1,6,23,8,-1,8,23,16,-1,8,16,12,-1,12,16,14,-1,16,23,24,-1,24,23,25,-1,17,16,26,-1,26,16,24,-1,17,26,27,-1,17,27,18,-1,18,27,28,-1,18,28,19,-1,20,19,29,-1,29,19,28,-1,20,29,30,-1,20,30,21,-1,21,30,31,-1,21,31,22,-1,23,22,25,-1,25,22,31,-1,32,33,34,-1,34,33,35,-1,33,36,35,-1,35,36,37,-1,36,38,37,-1,37,38,39,-1,40,41,42,-1,40,42,43,-1,43,42,44,-1,43,44,45,-1,45,44,46,-1,45,46,47,-1,47,46,48,-1,47,48,49,-1,49,48,50,-1,49,50,51,-1,51,50,52,-1,51,52,53,-1,53,52,54,-1,53,54,55,-1,55,54,39,-1,55,39,38,-1,32,34,56,-1,32,56,57,-1,57,56,58,-1,57,58,59,-1,59,58,60,-1,59,60,61,-1,61,60,62,-1,61,62,63,-1,63,62,64,-1,63,64,65,-1,65,64,66,-1,65,66,67,-1,67,66,41,-1,67,41,40,-1,45,47,68,-1,68,47,49,-1,68,49,69,-1,69,49,51,-1,69,51,70,-1,70,51,53,-1,70,53,71,-1,71,53,55,-1,71,55,72,-1,72,55,38,-1,72,38,73,-1,73,38,36,-1,73,36,74,-1,74,36,33,-1,74,33,75,-1,75,33,32,-1,75,32,76,-1,76,32,57,-1,76,57,77,-1,77,57,59,-1,77,59,78,-1,78,59,61,-1,78,61,79,-1,79,61,63,-1,79,63,80,-1,80,63,65,-1,80,65,81,-1,81,65,67,-1,81,67,82,-1,82,67,40,-1,82,40,83,-1,83,40,43,-1,83,43,84,-1,84,43,45,-1,84,45,68,-1,72,73,85,-1,85,73,86,-1,72,85,87,-1,72,87,71,-1,71,87,88,-1,71,88,70,-1,70,88,89,-1,70,89,69,-1,69,89,90,-1,69,90,68,-1,68,90,91,-1,68,91,84,-1,84,91,92,-1,84,92,83,-1,83,92,93,-1,83,93,82,-1,82,93,94,-1,82,94,81,-1,81,94,95,-1,81,95,80,-1,80,95,96,-1,80,96,79,-1,79,96,97,-1,79,97,78,-1,78,97,98,-1,78,98,77,-1,77,98,99,-1,77,99,76,-1,76,99,100,-1,76,100,75,-1,74,75,101,-1,101,75,100,-1,73,74,86,-1,86,74,101,-1,102,103,104,-1,104,103,105,-1,103,106,105,-1,105,106,107,-1,106,108,107,-1,107,108,109,-1,108,110,109,-1,109,110,111,-1,110,112,111,-1,111,112,113,-1,112,114,113,-1,113,114,115,-1,114,116,115,-1,115,116,117,-1,116,118,117,-1,117,118,119,-1,118,120,119,-1,119,120,121,-1,120,122,121,-1,121,122,123,-1,122,124,123,-1,123,124,125,-1,124,102,125,-1,125,102,104,-1,106,103,102,-1,102,124,106,-1,106,124,122,-1,106,122,108,-1,112,110,114,-1,114,110,108,-1,114,108,116,-1,116,108,122,-1,116,122,118,-1,118,122,120,-1,126,127,128,-1,128,127,129,-1,130,131,132,-1,130,132,133,-1,133,132,134,-1,133,134,135,-1,135,134,129,-1,135,129,127,-1,136,137,138,-1,136,138,139,-1,139,138,140,-1,139,140,141,-1,141,140,142,-1,141,142,143,-1,143,142,144,-1,143,144,145,-1,145,144,146,-1,145,146,147,-1,147,146,148,-1,147,148,149,-1,149,148,131,-1,149,131,130,-1,150,151,152,-1,152,151,153,-1,153,154,152,-1,152,154,155,-1,152,155,156,-1,156,155,157,-1,156,157,158,-1,158,157,159,-1,158,159,160,-1,160,159,161,-1,160,161,162,-1,162,161,163,-1,162,163,164,-1,164,163,137,-1,164,137,136,-1,151,150,165,-1,165,150,166,-1,165,166,167,-1,167,166,168,-1,167,168,169,-1,168,170,169,-1,169,170,171,-1,172,173,174,-1,172,174,175,-1,175,174,171,-1,175,171,170,-1,176,177,178,-1,176,178,179,-1,179,178,180,-1,179,180,181,-1,181,180,182,-1,181,182,183,-1,183,182,184,-1,183,184,185,-1,185,184,186,-1,185,186,187,-1,187,186,188,-1,187,188,189,-1,189,188,173,-1,189,173,172,-1,190,191,192,-1,190,192,193,-1,193,192,194,-1,193,194,195,-1,195,194,196,-1,195,196,197,-1,197,196,198,-1,197,198,199,-1,199,198,200,-1,199,200,201,-1,201,200,202,-1,201,202,203,-1,203,202,177,-1,203,177,176,-1,126,128,204,-1,126,204,205,-1,205,204,206,-1,205,206,207,-1,207,206,191,-1,207,191,190,-1,193,130,190,-1,190,130,133,-1,190,133,207,-1,207,133,135,-1,207,135,205,-1,205,135,127,-1,205,127,126,-1,170,168,175,-1,175,168,166,-1,175,166,172,-1,172,166,150,-1,172,150,189,-1,189,150,152,-1,189,152,187,-1,187,152,156,-1,187,156,185,-1,185,156,158,-1,185,158,183,-1,183,158,160,-1,183,160,181,-1,181,160,162,-1,181,162,179,-1,179,162,164,-1,179,164,176,-1,176,164,136,-1,176,136,203,-1,203,136,139,-1,203,139,201,-1,201,139,141,-1,201,141,199,-1,199,141,143,-1,199,143,197,-1,197,143,145,-1,197,145,195,-1,195,145,147,-1,195,147,193,-1,193,147,149,-1,193,149,130,-1,208,209,210,-1,210,209,211,-1,209,212,211,-1,211,212,213,-1,212,214,213,-1,213,214,215,-1,214,216,215,-1,215,216,217,-1,216,218,217,-1,217,218,219,-1,218,208,219,-1,219,208,210,-1,216,214,218,-1,218,214,212,-1,218,212,208,-1,208,212,209,-1,
        ]
    }
}
Shape{
    appearance Appearance {
        material  Material 	{
            diffuseColor 0.9490196078431372 0.7607843137254902 0.1803921568627451
            specularColor 0.7607843137254902 0.6078431372549019 0.1450980392156863
            ambientIntensity 0.7509
            transparency 0.0
            shininess 0.5
        }
    }
    geometry IndexedFaceSet {
        ccw TRUE
        solid FALSE
        coord DEF co Coordinate {
            point [
                5.6378 0.4835 0.2899, 5.6378 0.4835 0.2372, 5.6378 0.5492 0.2664, 5.6378 0.5492 0.2609, 5.6378 0.5547 0.2649, 5.6378 0.5547 0.2623, 5.6378 0.5603 0.2639, 5.6378 0.5603 0.2634, 5.6378 0.5622 0.4504, 5.6378 0.4393 0.4504, 5.6378 0.5622 0.4272, 5.6378 0.4393 0.4281, 5.6378 0.4408 0.4115, 5.6378 0.5023 0.3659, 5.6378 0.518 0.3673, 5.6378 0.5304 0.3709, 5.6378 0.5602 0.4086, 5.6378 0.445 0.3982, 5.6378 0.4514 0.3875, 5.6378 0.4601 0.3786, 5.6378 0.4709 0.372, 5.6378 0.4857 0.3674, 5.6378 0.5401 0.3764, 5.6378 0.5482 0.3841, 5.6378 0.5557 0.3956, 4.6378 0.5804 -1.0236, 4.6378 0.6398 -1.0236, 4.6378 0.6398 0.4869, 4.6378 0.5641 0.6544, 4.6378 0.5624 0.6699, 4.6378 0.4459 0.6203, 4.6378 0.5804 0.6407, 4.6378 0.5801 0.6357, 4.6378 0.5795 0.5868, 4.6378 0.5752 0.6175, 4.6378 0.554 0.6175, 4.6378 0.5616 0.6353, 4.6378 0.4475 0.6175, 4.6378 0.422 0.5868, 4.6378 0.422 0.7481, 4.6378 0.4221 0.6803, 4.6378 0.4393 0.7481, 4.6378 0.4274 0.6955, 4.6378 0.4354 0.7082, 4.6378 0.5622 0.5061, 4.6378 0.3642 0.4869, 4.6378 0.5804 0.4869, 4.6378 0.4479 0.72, 4.6378 0.4629 0.7284, 4.6378 0.4393 0.8076, 4.6378 0.538 0.7264, 4.6378 0.5527 0.7171, 4.6378 0.5795 0.8076, 4.6378 0.5664 0.7029, 4.6378 0.575 0.688, 4.6378 0.5795 0.5061, 4.6378 0.5801 0.6704, 4.6378 0.5804 0.6663, 4.6378 0.5795 0.8288, 4.6378 0.5581 0.6817, 4.6378 0.5508 0.6926, 4.6378 0.5403 0.7021, 4.6378 0.4991 0.7135, 4.6378 0.482 0.7119, 4.6378 0.4685 0.7077, 4.6378 0.439 0.6726, 4.6378 0.4374 0.6579, 4.6378 0.4432 0.6841, 4.6378 0.4498 0.6938, 4.6378 0.4576 0.7012, 4.6378 0.4397 0.637, 4.6378 0.4931 0.51, 4.6378 0.4931 0.5657, 4.6378 0.4393 0.5657, 4.6378 0.3528 1.122, 4.6378 0.5804 1.293, 4.6378 0.3193 1.2028, 4.6378 0.5369 1.3745, 4.6378 0.2662 1.2721, 4.6378 0.461 1.4669, 4.6378 0.1969 1.3252, 4.6378 0.5282 0.7086, 4.6378 0.5113 0.7128, 4.6378 -4.2618 1.6457, 4.6378 -4.2618 1.3701, 4.6378 0.0295 1.6457, 4.6378 0.0295 1.3701, 4.6378 0.1486 1.6339, 4.6378 0.1161 1.3587, 4.6378 0.2631 1.5992, 4.6378 0.3686 1.5428, 4.6378 0.4795 0.7331, 4.6378 0.4978 0.7347, 4.6378 0.5202 0.7324, 4.6378 0.4393 0.5023, 4.6378 0.5104 0.51, 4.6378 0.5104 0.5657, 4.6378 0.5622 0.5657, 4.6378 0.4302 0.6175, 4.6378 0.422 0.5023, 4.6378 0.4233 0.6343, 4.6378 0.4202 0.6565, 4.6378 0.4201 0.6608, 4.6378 0.5814 0.6546, 4.6378 0.6398 1.0354, 4.6378 0.628 1.1545, 4.6378 0.3642 1.0354, 4.6378 0.422 0.8288, 4.6378 0.5933 1.269, 4.6378 0.422 0.3102, 4.6378 0.422 0.3333, 4.6378 0.422 0.2142, 4.6378 0.4662 0.2301, 4.6378 0.4662 0.2952, 4.6378 0.5795 0.2526, 4.6378 0.5795 0.2737, 4.6378 0.5795 0.4271, 4.6378 0.5771 0.4044, 4.6378 0.5706 0.3859, 4.6378 0.5591 0.3688, 4.6378 0.4652 0.3527, 4.6378 0.4511 0.3617, 4.6378 0.559 0.3686, 4.6378 0.5466 0.3575, 4.6378 0.5331 0.3502, 4.6378 0.4387 0.3747, 4.6378 0.4291 0.3911, 4.6378 0.4237 0.4093, 4.6378 0.422 0.4287, 4.6378 0.422 0.4716, 4.6378 0.5795 0.4716, 4.6378 0.5175 0.346, 4.6378 0.5027 0.3448, 4.6378 0.4817 0.347, 4.6378 0.422 0.1912, 4.6378 0.3642 -1.0236, 4.3622 -4.2618 1.6457, 4.3622 0.0295 1.6457, 4.3622 -4.2618 1.3701, 4.3622 0.0295 1.3701, 4.3622 0.1486 1.6339, 4.3622 0.2631 1.5992, 4.3622 0.3686 1.5428, 4.3622 0.461 1.4669, 4.3622 0.5369 1.3745, 4.3622 0.5933 1.269, 4.3622 0.628 1.1545, 4.3622 0.6398 1.0354, 4.3622 0.3642 1.0354, 4.3622 0.3528 1.122, 4.3622 0.3193 1.2028, 4.3622 0.2662 1.2721, 4.3622 0.1969 1.3252, 4.3622 0.1161 1.3587, 4.3622 0.6398 -1.0236, 4.3622 0.3642 -1.0236, 4.5866 -4.4193 1.4213, 4.5866 -4.4193 1.5945, 4.4134 -4.4193 1.4213, 4.4134 -4.4193 1.5945, 4.5866 0.5886 -1.1811, 4.5866 0.4154 -1.1811, 4.4134 0.5886 -1.1811, 4.4134 0.4154 -1.1811
            ]
        }
        coordIndex [
            0,1,2,-1,2,1,3,-1,2,3,4,-1,4,3,5,-1,4,5,6,-1,6,5,7,-1,8,9,10,-1,10,9,11,-1,10,11,12,-1,13,14,10,-1,10,14,15,-1,10,15,16,-1,12,17,10,-1,10,17,18,-1,10,18,19,-1,19,20,10,-1,10,20,21,-1,10,21,13,-1,22,23,15,-1,15,23,24,-1,15,24,16,-1,25,26,27,-1,28,29,30,-1,31,32,33,-1,33,32,34,-1,33,34,35,-1,28,30,36,-1,36,30,37,-1,36,37,35,-1,35,37,38,-1,35,38,33,-1,39,40,41,-1,41,40,42,-1,41,42,43,-1,44,45,46,-1,43,47,41,-1,41,47,48,-1,41,48,49,-1,50,51,52,-1,52,51,53,-1,52,53,54,-1,31,33,46,-1,46,33,55,-1,46,55,44,-1,54,56,52,-1,52,56,57,-1,52,57,58,-1,29,59,30,-1,30,59,60,-1,30,60,61,-1,62,63,30,-1,30,63,64,-1,65,66,67,-1,67,66,68,-1,64,69,30,-1,30,69,68,-1,30,68,70,-1,70,68,66,-1,71,72,73,-1,74,75,76,-1,76,75,77,-1,76,77,78,-1,78,77,79,-1,78,79,80,-1,61,81,30,-1,30,81,82,-1,30,82,62,-1,83,84,85,-1,85,84,86,-1,85,86,87,-1,87,86,88,-1,87,88,89,-1,89,88,80,-1,89,80,90,-1,90,80,79,-1,48,91,49,-1,49,91,92,-1,49,92,52,-1,52,92,93,-1,52,93,50,-1,73,94,71,-1,71,94,45,-1,71,45,95,-1,95,45,44,-1,95,44,96,-1,96,44,97,-1,37,98,38,-1,38,98,45,-1,38,45,99,-1,99,45,94,-1,98,100,45,-1,45,100,101,-1,45,101,102,-1,103,27,57,-1,57,27,104,-1,57,104,105,-1,102,40,45,-1,45,40,39,-1,45,39,106,-1,106,39,107,-1,106,107,74,-1,74,107,58,-1,74,58,75,-1,75,58,57,-1,75,57,108,-1,108,57,105,-1,109,110,45,-1,111,112,113,-1,114,46,115,-1,115,46,116,-1,116,117,115,-1,115,117,118,-1,115,118,119,-1,110,120,121,-1,119,122,115,-1,115,122,123,-1,115,123,124,-1,121,125,110,-1,110,125,126,-1,110,126,45,-1,45,126,127,-1,127,128,45,-1,45,128,129,-1,45,129,46,-1,46,129,130,-1,46,130,116,-1,124,131,115,-1,115,131,132,-1,115,132,110,-1,110,132,133,-1,110,133,120,-1,113,109,111,-1,111,109,45,-1,111,45,134,-1,134,45,135,-1,134,135,114,-1,114,135,25,-1,114,25,46,-1,46,25,27,-1,46,27,31,-1,31,27,103,-1,83,85,136,-1,136,85,137,-1,138,139,84,-1,84,139,86,-1,137,85,87,-1,137,87,140,-1,140,87,89,-1,140,89,141,-1,141,89,90,-1,141,90,142,-1,142,90,79,-1,142,79,143,-1,143,79,77,-1,143,77,144,-1,144,77,75,-1,144,75,145,-1,75,108,145,-1,145,108,105,-1,145,105,146,-1,146,105,104,-1,146,104,147,-1,148,106,149,-1,149,106,74,-1,149,74,150,-1,150,74,76,-1,150,76,151,-1,151,76,78,-1,151,78,152,-1,152,78,80,-1,152,80,153,-1,153,80,88,-1,153,88,139,-1,139,88,86,-1,26,154,27,-1,27,154,147,-1,27,147,104,-1,138,136,139,-1,139,136,137,-1,139,137,153,-1,150,145,149,-1,149,145,146,-1,149,146,148,-1,148,146,147,-1,148,147,155,-1,155,147,154,-1,137,140,153,-1,153,140,141,-1,153,141,152,-1,152,141,142,-1,152,142,151,-1,151,142,143,-1,151,143,150,-1,150,143,144,-1,150,144,145,-1,155,135,148,-1,148,135,45,-1,148,45,106,-1,156,157,158,-1,158,157,159,-1,160,161,162,-1,162,161,163,-1,136,159,83,-1,83,159,157,-1,138,158,136,-1,136,158,159,-1,156,84,157,-1,157,84,83,-1,84,156,138,-1,138,156,158,-1,161,135,163,-1,163,135,155,-1,135,161,25,-1,25,161,160,-1,25,160,26,-1,154,162,155,-1,155,162,163,-1,162,154,160,-1,160,154,26,-1,
        ]
    }
}
Shape{
    appearance Appearance {
        material  Material 	{
            diffuseColor 0.2235294117647059 0.2235294117647059 0.2235294117647059
            specularColor 0.11372549019607843 0.11372549019607843 0.11372549019607843
            ambientIntensity 0.2235
            transparency 0.0
            shininess 0.5
        }
    }
    geometry IndexedFaceSet {
        ccw TRUE
        solid FALSE
        coord DEF co Coordinate {
            point [
                4.6339 0.5795 0.2526, 4.6339 0.422 0.1912, 4.6378 0.5795 0.2526, 4.6378 0.422 0.1912, 4.6339 0.422 0.2142, 4.6378 0.422 0.2142, 4.6339 0.4662 0.2301, 4.6378 0.4662 0.2301, 4.6339 0.4662 0.2952, 4.6378 0.4662 0.2952, 4.6339 0.422 0.3102, 4.6378 0.422 0.3102, 4.6339 0.422 0.3333, 4.6378 0.422 0.3333, 4.6339 0.5795 0.2737, 4.6378 0.5795 0.2737, 4.6339 0.4835 0.2899, 4.6339 0.5492 0.2664, 4.6339 0.5547 0.2649, 4.6339 0.5603 0.2639, 4.6339 0.5603 0.2634, 4.6339 0.5547 0.2623, 4.6339 0.5492 0.2609, 4.6339 0.4835 0.2372, 4.6378 0.4835 0.2899, 4.6378 0.4835 0.2372, 4.6378 0.5492 0.2664, 4.6378 0.5547 0.2649, 4.6378 0.5603 0.2639, 4.6378 0.5603 0.2634, 4.6378 0.5547 0.2623, 4.6378 0.5492 0.2609, 4.6339 0.422 0.4287, 4.6339 0.422 0.4716, 4.6378 0.422 0.4287, 4.6378 0.422 0.4716, 4.6339 0.5795 0.4716, 4.6378 0.5795 0.4716, 4.6339 0.5795 0.4271, 4.6378 0.5795 0.4271, 4.6339 0.5027 0.3448, 4.6378 0.5027 0.3448, 4.6378 0.5175 0.346, 4.6339 0.5175 0.346, 4.6378 0.5331 0.3502, 4.6339 0.5331 0.3502, 4.6378 0.5466 0.3575, 4.6339 0.5466 0.3575, 4.6378 0.559 0.3686, 4.6339 0.559 0.3686, 4.6378 0.5591 0.3688, 4.6339 0.5591 0.3688, 4.6378 0.5706 0.3859, 4.6339 0.5706 0.3859, 4.6378 0.5771 0.4044, 4.6339 0.5771 0.4044, 4.6378 0.4237 0.4093, 4.6339 0.4237 0.4093, 4.6378 0.4291 0.3911, 4.6339 0.4291 0.3911, 4.6378 0.4387 0.3747, 4.6339 0.4387 0.3747, 4.6378 0.4511 0.3617, 4.6339 0.4511 0.3617, 4.6378 0.4652 0.3527, 4.6339 0.4652 0.3527, 4.6378 0.4817 0.347, 4.6339 0.4817 0.347, 4.6339 0.5401 0.3764, 4.6339 0.5482 0.3841, 4.6339 0.5557 0.3956, 4.6339 0.5602 0.4086, 4.6339 0.5622 0.4272, 4.6339 0.5622 0.4504, 4.6339 0.4393 0.4504, 4.6339 0.4393 0.4281, 4.6339 0.4408 0.4115, 4.6339 0.445 0.3982, 4.6339 0.4514 0.3875, 4.6339 0.4601 0.3786, 4.6339 0.4709 0.372, 4.6339 0.4857 0.3674, 4.6339 0.5023 0.3659, 4.6339 0.518 0.3673, 4.6339 0.5304 0.3709, 4.6378 0.5622 0.4272, 4.6378 0.5622 0.4504, 4.6378 0.5602 0.4086, 4.6378 0.5557 0.3956, 4.6378 0.5482 0.3841, 4.6378 0.5401 0.3764, 4.6378 0.5304 0.3709, 4.6378 0.518 0.3673, 4.6378 0.5023 0.3659, 4.6378 0.4857 0.3674, 4.6378 0.4709 0.372, 4.6378 0.4601 0.3786, 4.6378 0.4514 0.3875, 4.6378 0.445 0.3982, 4.6378 0.4408 0.4115, 4.6378 0.4393 0.4281, 4.6378 0.4393 0.4504, 4.6339 0.4393 0.5023, 4.6339 0.422 0.5023, 4.6378 0.4393 0.5023, 4.6378 0.422 0.5023, 4.6339 0.422 0.5868, 4.6378 0.422 0.5868, 4.6339 0.5795 0.5868, 4.6378 0.5795 0.5868, 4.6339 0.5795 0.5061, 4.6378 0.5795 0.5061, 4.6339 0.5622 0.5061, 4.6378 0.5622 0.5061, 4.6339 0.5622 0.5657, 4.6378 0.5622 0.5657, 4.6339 0.5104 0.5657, 4.6378 0.5104 0.5657, 4.6339 0.5104 0.51, 4.6378 0.5104 0.51, 4.6339 0.4931 0.51, 4.6378 0.4931 0.51, 4.6339 0.4931 0.5657, 4.6378 0.4931 0.5657, 4.6339 0.4393 0.5657, 4.6378 0.4393 0.5657, 4.6339 0.4475 0.6175, 4.6339 0.4302 0.6175, 4.6378 0.4475 0.6175, 4.6378 0.4302 0.6175, 4.6339 0.4201 0.6608, 4.6378 0.4201 0.6608, 4.6378 0.4202 0.6565, 4.6339 0.4202 0.6565, 4.6378 0.4233 0.6343, 4.6339 0.4233 0.6343, 4.6339 0.4978 0.7347, 4.6378 0.4978 0.7347, 4.6378 0.4795 0.7331, 4.6339 0.4795 0.7331, 4.6378 0.4629 0.7284, 4.6339 0.4629 0.7284, 4.6378 0.4479 0.72, 4.6339 0.4479 0.72, 4.6378 0.4354 0.7082, 4.6339 0.4354 0.7082, 4.6378 0.4274 0.6955, 4.6339 0.4274 0.6955, 4.6378 0.4221 0.6803, 4.6339 0.4221 0.6803, 4.6339 0.5814 0.6546, 4.6378 0.5814 0.6546, 4.6339 0.5801 0.6704, 4.6378 0.5804 0.6663, 4.6378 0.5801 0.6704, 4.6378 0.575 0.688, 4.6339 0.575 0.688, 4.6378 0.5664 0.7029, 4.6339 0.5664 0.7029, 4.6378 0.5527 0.7171, 4.6339 0.5527 0.7171, 4.6378 0.538 0.7264, 4.6339 0.538 0.7264, 4.6378 0.5202 0.7324, 4.6339 0.5202 0.7324, 4.6378 0.5804 0.6407, 4.6339 0.5801 0.6357, 4.6378 0.5801 0.6357, 4.6339 0.5752 0.6175, 4.6378 0.5752 0.6175, 4.6339 0.554 0.6175, 4.6378 0.554 0.6175, 4.6339 0.5641 0.6544, 4.6378 0.5641 0.6544, 4.6378 0.5616 0.6353, 4.6339 0.5616 0.6353, 4.6339 0.4991 0.7135, 4.6378 0.4991 0.7135, 4.6378 0.5113 0.7128, 4.6339 0.5113 0.7128, 4.6378 0.5282 0.7086, 4.6339 0.5282 0.7086, 4.6378 0.5403 0.7021, 4.6339 0.5403 0.7021, 4.6378 0.5508 0.6926, 4.6339 0.5508 0.6926, 4.6378 0.5581 0.6817, 4.6339 0.5581 0.6817, 4.6378 0.5624 0.6699, 4.6339 0.5624 0.6699, 4.6339 0.4374 0.6579, 4.6378 0.4374 0.6579, 4.6378 0.439 0.6726, 4.6339 0.439 0.6726, 4.6378 0.4432 0.6841, 4.6339 0.4432 0.6841, 4.6378 0.4498 0.6938, 4.6339 0.4498 0.6938, 4.6378 0.4576 0.7012, 4.6339 0.4576 0.7012, 4.6378 0.4685 0.7077, 4.6339 0.4685 0.7077, 4.6378 0.482 0.7119, 4.6339 0.482 0.7119, 4.6378 0.4459 0.6203, 4.6339 0.4459 0.6203, 4.6378 0.4397 0.637, 4.6339 0.4397 0.637, 4.6339 0.4393 0.7481, 4.6339 0.422 0.7481, 4.6378 0.4393 0.7481, 4.6378 0.422 0.7481, 4.6339 0.422 0.8288, 4.6378 0.422 0.8288, 4.6339 0.5795 0.8288, 4.6378 0.5795 0.8288, 4.6339 0.5795 0.8076, 4.6378 0.5795 0.8076, 4.6339 0.4393 0.8076, 4.6378 0.4393 0.8076
            ]
        }
        coordIndex [
            0,1,2,-1,2,1,3,-1,1,4,3,-1,3,4,5,-1,4,6,5,-1,5,6,7,-1,6,8,7,-1,7,8,9,-1,8,10,9,-1,9,10,11,-1,10,12,11,-1,11,12,13,-1,12,14,13,-1,13,14,15,-1,14,0,15,-1,15,0,2,-1,16,17,14,-1,12,10,8,-1,17,18,14,-1,14,18,19,-1,14,19,0,-1,0,19,20,-1,0,20,21,-1,21,22,0,-1,0,22,23,-1,0,23,1,-1,4,1,6,-1,6,1,23,-1,6,23,8,-1,8,23,16,-1,8,16,12,-1,12,16,14,-1,16,23,24,-1,24,23,25,-1,17,16,26,-1,26,16,24,-1,17,26,27,-1,17,27,18,-1,18,27,28,-1,18,28,19,-1,20,19,29,-1,29,19,28,-1,20,29,30,-1,20,30,21,-1,21,30,31,-1,21,31,22,-1,23,22,25,-1,25,22,31,-1,32,33,34,-1,34,33,35,-1,33,36,35,-1,35,36,37,-1,36,38,37,-1,37,38,39,-1,40,41,42,-1,40,42,43,-1,43,42,44,-1,43,44,45,-1,45,44,46,-1,45,46,47,-1,47,46,48,-1,47,48,49,-1,49,48,50,-1,49,50,51,-1,51,50,52,-1,51,52,53,-1,53,52,54,-1,53,54,55,-1,55,54,39,-1,55,39,38,-1,32,34,56,-1,32,56,57,-1,57,56,58,-1,57,58,59,-1,59,58,60,-1,59,60,61,-1,61,60,62,-1,61,62,63,-1,63,62,64,-1,63,64,65,-1,65,64,66,-1,65,66,67,-1,67,66,41,-1,67,41,40,-1,45,47,68,-1,68,47,49,-1,68,49,69,-1,69,49,51,-1,69,51,70,-1,70,51,53,-1,70,53,71,-1,71,53,55,-1,71,55,72,-1,72,55,38,-1,72,38,73,-1,73,38,36,-1,73,36,74,-1,74,36,33,-1,74,33,75,-1,75,33,32,-1,75,32,76,-1,76,32,57,-1,76,57,77,-1,77,57,59,-1,77,59,78,-1,78,59,61,-1,78,61,79,-1,79,61,63,-1,79,63,80,-1,80,63,65,-1,80,65,81,-1,81,65,67,-1,81,67,82,-1,82,67,40,-1,82,40,83,-1,83,40,43,-1,83,43,84,-1,84,43,45,-1,84,45,68,-1,72,73,85,-1,85,73,86,-1,72,85,87,-1,72,87,71,-1,71,87,88,-1,71,88,70,-1,70,88,89,-1,70,89,69,-1,69,89,90,-1,69,90,68,-1,68,90,91,-1,68,91,84,-1,84,91,92,-1,84,92,83,-1,83,92,93,-1,83,93,82,-1,82,93,94,-1,82,94,81,-1,81,94,95,-1,81,95,80,-1,80,95,96,-1,80,96,79,-1,79,96,97,-1,79,97,78,-1,78,97,98,-1,78,98,77,-1,77,98,99,-1,77,99,76,-1,76,99,100,-1,76,100,75,-1,74,75,101,-1,101,75,100,-1,73,74,86,-1,86,74,101,-1,102,103,104,-1,104,103,105,-1,103,106,105,-1,105,106,107,-1,106,108,107,-1,107,108,109,-1,108,110,109,-1,109,110,111,-1,110,112,111,-1,111,112,113,-1,112,114,113,-1,113,114,115,-1,114,116,115,-1,115,116,117,-1,116,118,117,-1,117,118,119,-1,118,120,119,-1,119,120,121,-1,120,122,121,-1,121,122,123,-1,122,124,123,-1,123,124,125,-1,124,102,125,-1,125,102,104,-1,106,103,102,-1,102,124,106,-1,106,124,122,-1,106,122,108,-1,112,110,114,-1,114,110,108,-1,114,108,116,-1,116,108,122,-1,116,122,118,-1,118,122,120,-1,126,127,128,-1,128,127,129,-1,130,131,132,-1,130,132,133,-1,133,132,134,-1,133,134,135,-1,135,134,129,-1,135,129,127,-1,136,137,138,-1,136,138,139,-1,139,138,140,-1,139,140,141,-1,141,140,142,-1,141,142,143,-1,143,142,144,-1,143,144,145,-1,145,144,146,-1,145,146,147,-1,147,146,148,-1,147,148,149,-1,149,148,131,-1,149,131,130,-1,150,151,152,-1,152,151,153,-1,153,154,152,-1,152,154,155,-1,152,155,156,-1,156,155,157,-1,156,157,158,-1,158,157,159,-1,158,159,160,-1,160,159,161,-1,160,161,162,-1,162,161,163,-1,162,163,164,-1,164,163,137,-1,164,137,136,-1,151,150,165,-1,165,150,166,-1,165,166,167,-1,167,166,168,-1,167,168,169,-1,168,170,169,-1,169,170,171,-1,172,173,174,-1,172,174,175,-1,175,174,171,-1,175,171,170,-1,176,177,178,-1,176,178,179,-1,179,178,180,-1,179,180,181,-1,181,180,182,-1,181,182,183,-1,183,182,184,-1,183,184,185,-1,185,184,186,-1,185,186,187,-1,187,186,188,-1,187,188,189,-1,189,188,173,-1,189,173,172,-1,190,191,192,-1,190,192,193,-1,193,192,194,-1,193,194,195,-1,195,194,196,-1,195,196,197,-1,197,196,198,-1,197,198,199,-1,199,198,200,-1,199,200,201,-1,201,200,202,-1,201,202,203,-1,203,202,177,-1,203,177,176,-1,126,128,204,-1,126,204,205,-1,205,204,206,-1,205,206,207,-1,207,206,191,-1,207,191,190,-1,193,130,190,-1,190,130,133,-1,190,133,207,-1,207,133,135,-1,207,135,205,-1,205,135,127,-1,205,127,126,-1,170,168,175,-1,175,168,166,-1,175,166,172,-1,172,166,150,-1,172,150,189,-1,189,150,152,-1,189,152,187,-1,187,152,156,-1,187,156,185,-1,185,156,158,-1,185,158,183,-1,183,158,160,-1,183,160,181,-1,181,160,162,-1,181,162,179,-1,179,162,164,-1,179,164,176,-1,176,164,136,-1,176,136,203,-1,203,136,139,-1,203,139,201,-1,201,139,141,-1,201,141,199,-1,199,141,143,-1,199,143,197,-1,197,143,145,-1,197,145,195,-1,195,145,147,-1,195,147,193,-1,193,147,149,-1,193,149,130,-1,208,209,210,-1,210,209,211,-1,209,212,211,-1,211,212,213,-1,212,214,213,-1,213,214,215,-1,214,216,215,-1,215,216,217,-1,216,218,217,-1,217,218,219,-1,218,208,219,-1,219,208,210,-1,216,214,218,-1,218,214,212,-1,218,212,208,-1,208,212,209,-1,
        ]
    }
}
Shape{
    appearance Appearance {
        material  Material 	{
            diffuseColor 0.9490196078431372 0.7607843137254902 0.1803921568627451
            specularColor 0.7607843137254902 0.6078431372549019 0.1450980392156863
            ambientIntensity 0.7509
            transparency 0.0
            shininess 0.5
        }
    }
    geometry IndexedFaceSet {
        ccw TRUE
        solid FALSE
        coord DEF co Coordinate {
            point [
                4.6378 0.4835 0.2899, 4.6378 0.4835 0.2372, 4.6378 0.5492 0.2664, 4.6378 0.5492 0.2609, 4.6378 0.5547 0.2649, 4.6378 0.5547 0.2623, 4.6378 0.5603 0.2639, 4.6378 0.5603 0.2634, 4.6378 0.5622 0.4504, 4.6378 0.4393 0.4504, 4.6378 0.5622 0.4272, 4.6378 0.4393 0.4281, 4.6378 0.4408 0.4115, 4.6378 0.5023 0.3659, 4.6378 0.518 0.3673, 4.6378 0.5304 0.3709, 4.6378 0.5602 0.4086, 4.6378 0.445 0.3982, 4.6378 0.4514 0.3875, 4.6378 0.4601 0.3786, 4.6378 0.4709 0.372, 4.6378 0.4857 0.3674, 4.6378 0.5401 0.3764, 4.6378 0.5482 0.3841, 4.6378 0.5557 0.3956, 3.6378 0.5804 -1.0236, 3.6378 0.6398 -1.0236, 3.6378 0.6398 0.4869, 3.6378 0.5641 0.6544, 3.6378 0.5624 0.6699, 3.6378 0.4459 0.6203, 3.6378 0.5804 0.6407, 3.6378 0.5801 0.6357, 3.6378 0.5795 0.5868, 3.6378 0.5752 0.6175, 3.6378 0.554 0.6175, 3.6378 0.5616 0.6353, 3.6378 0.4475 0.6175, 3.6378 0.422 0.5868, 3.6378 0.422 0.7481, 3.6378 0.4221 0.6803, 3.6378 0.4393 0.7481, 3.6378 0.4274 0.6955, 3.6378 0.4354 0.7082, 3.6378 0.5622 0.5061, 3.6378 0.3642 0.4869, 3.6378 0.5804 0.4869, 3.6378 0.4479 0.72, 3.6378 0.4629 0.7284, 3.6378 0.4393 0.8076, 3.6378 0.538 0.7264, 3.6378 0.5527 0.7171, 3.6378 0.5795 0.8076, 3.6378 0.5664 0.7029, 3.6378 0.575 0.688, 3.6378 0.5795 0.5061, 3.6378 0.5801 0.6704, 3.6378 0.5804 0.6663, 3.6378 0.5795 0.8288, 3.6378 0.5581 0.6817, 3.6378 0.5508 0.6926, 3.6378 0.5403 0.7021, 3.6378 0.4991 0.7135, 3.6378 0.482 0.7119, 3.6378 0.4685 0.7077, 3.6378 0.439 0.6726, 3.6378 0.4374 0.6579, 3.6378 0.4432 0.6841, 3.6378 0.4498 0.6938, 3.6378 0.4576 0.7012, 3.6378 0.4397 0.637, 3.6378 0.4931 0.51, 3.6378 0.4931 0.5657, 3.6378 0.4393 0.5657, 3.6378 0.3528 1.122, 3.6378 0.5804 1.293, 3.6378 0.3193 1.2028, 3.6378 0.5369 1.3745, 3.6378 0.2662 1.2721, 3.6378 0.461 1.4669, 3.6378 0.1969 1.3252, 3.6378 0.5282 0.7086, 3.6378 0.5113 0.7128, 3.6378 -4.2618 1.6457, 3.6378 -4.2618 1.3701, 3.6378 0.0295 1.6457, 3.6378 0.0295 1.3701, 3.6378 0.1486 1.6339, 3.6378 0.1161 1.3587, 3.6378 0.2631 1.5992, 3.6378 0.3686 1.5428, 3.6378 0.4795 0.7331, 3.6378 0.4978 0.7347, 3.6378 0.5202 0.7324, 3.6378 0.4393 0.5023, 3.6378 0.5104 0.51, 3.6378 0.5104 0.5657, 3.6378 0.5622 0.5657, 3.6378 0.4302 0.6175, 3.6378 0.422 0.5023, 3.6378 0.4233 0.6343, 3.6378 0.4202 0.6565, 3.6378 0.4201 0.6608, 3.6378 0.5814 0.6546, 3.6378 0.6398 1.0354, 3.6378 0.628 1.1545, 3.6378 0.3642 1.0354, 3.6378 0.422 0.8288, 3.6378 0.5933 1.269, 3.6378 0.422 0.3102, 3.6378 0.422 0.3333, 3.6378 0.422 0.2142, 3.6378 0.4662 0.2301, 3.6378 0.4662 0.2952, 3.6378 0.5795 0.2526, 3.6378 0.5795 0.2737, 3.6378 0.5795 0.4271, 3.6378 0.5771 0.4044, 3.6378 0.5706 0.3859, 3.6378 0.5591 0.3688, 3.6378 0.4652 0.3527, 3.6378 0.4511 0.3617, 3.6378 0.559 0.3686, 3.6378 0.5466 0.3575, 3.6378 0.5331 0.3502, 3.6378 0.4387 0.3747, 3.6378 0.4291 0.3911, 3.6378 0.4237 0.4093, 3.6378 0.422 0.4287, 3.6378 0.422 0.4716, 3.6378 0.5795 0.4716, 3.6378 0.5175 0.346, 3.6378 0.5027 0.3448, 3.6378 0.4817 0.347, 3.6378 0.422 0.1912, 3.6378 0.3642 -1.0236, 3.3622 -4.2618 1.6457, 3.3622 0.0295 1.6457, 3.3622 -4.2618 1.3701, 3.3622 0.0295 1.3701, 3.3622 0.1486 1.6339, 3.3622 0.2631 1.5992, 3.3622 0.3686 1.5428, 3.3622 0.461 1.4669, 3.3622 0.5369 1.3745, 3.3622 0.5933 1.269, 3.3622 0.628 1.1545, 3.3622 0.6398 1.0354, 3.3622 0.3642 1.0354, 3.3622 0.3528 1.122, 3.3622 0.3193 1.2028, 3.3622 0.2662 1.2721, 3.3622 0.1969 1.3252, 3.3622 0.1161 1.3587, 3.3622 0.6398 -1.0236, 3.3622 0.3642 -1.0236, 3.5866 -4.4193 1.4213, 3.5866 -4.4193 1.5945, 3.4134 -4.4193 1.4213, 3.4134 -4.4193 1.5945, 3.5866 0.5886 -1.1811, 3.5866 0.4154 -1.1811, 3.4134 0.5886 -1.1811, 3.4134 0.4154 -1.1811
            ]
        }
        coordIndex [
            0,1,2,-1,2,1,3,-1,2,3,4,-1,4,3,5,-1,4,5,6,-1,6,5,7,-1,8,9,10,-1,10,9,11,-1,10,11,12,-1,13,14,10,-1,10,14,15,-1,10,15,16,-1,12,17,10,-1,10,17,18,-1,10,18,19,-1,19,20,10,-1,10,20,21,-1,10,21,13,-1,22,23,15,-1,15,23,24,-1,15,24,16,-1,25,26,27,-1,28,29,30,-1,31,32,33,-1,33,32,34,-1,33,34,35,-1,28,30,36,-1,36,30,37,-1,36,37,35,-1,35,37,38,-1,35,38,33,-1,39,40,41,-1,41,40,42,-1,41,42,43,-1,44,45,46,-1,43,47,41,-1,41,47,48,-1,41,48,49,-1,50,51,52,-1,52,51,53,-1,52,53,54,-1,31,33,46,-1,46,33,55,-1,46,55,44,-1,54,56,52,-1,52,56,57,-1,52,57,58,-1,29,59,30,-1,30,59,60,-1,30,60,61,-1,62,63,30,-1,30,63,64,-1,65,66,67,-1,67,66,68,-1,64,69,30,-1,30,69,68,-1,30,68,70,-1,70,68,66,-1,71,72,73,-1,74,75,76,-1,76,75,77,-1,76,77,78,-1,78,77,79,-1,78,79,80,-1,61,81,30,-1,30,81,82,-1,30,82,62,-1,83,84,85,-1,85,84,86,-1,85,86,87,-1,87,86,88,-1,87,88,89,-1,89,88,80,-1,89,80,90,-1,90,80,79,-1,48,91,49,-1,49,91,92,-1,49,92,52,-1,52,92,93,-1,52,93,50,-1,73,94,71,-1,71,94,45,-1,71,45,95,-1,95,45,44,-1,95,44,96,-1,96,44,97,-1,37,98,38,-1,38,98,45,-1,38,45,99,-1,99,45,94,-1,98,100,45,-1,45,100,101,-1,45,101,102,-1,103,27,57,-1,57,27,104,-1,57,104,105,-1,102,40,45,-1,45,40,39,-1,45,39,106,-1,106,39,107,-1,106,107,74,-1,74,107,58,-1,74,58,75,-1,75,58,57,-1,75,57,108,-1,108,57,105,-1,109,110,45,-1,111,112,113,-1,114,46,115,-1,115,46,116,-1,116,117,115,-1,115,117,118,-1,115,118,119,-1,110,120,121,-1,119,122,115,-1,115,122,123,-1,115,123,124,-1,121,125,110,-1,110,125,126,-1,110,126,45,-1,45,126,127,-1,127,128,45,-1,45,128,129,-1,45,129,46,-1,46,129,130,-1,46,130,116,-1,124,131,115,-1,115,131,132,-1,115,132,110,-1,110,132,133,-1,110,133,120,-1,113,109,111,-1,111,109,45,-1,111,45,134,-1,134,45,135,-1,134,135,114,-1,114,135,25,-1,114,25,46,-1,46,25,27,-1,46,27,31,-1,31,27,103,-1,83,85,136,-1,136,85,137,-1,138,139,84,-1,84,139,86,-1,137,85,87,-1,137,87,140,-1,140,87,89,-1,140,89,141,-1,141,89,90,-1,141,90,142,-1,142,90,79,-1,142,79,143,-1,143,79,77,-1,143,77,144,-1,144,77,75,-1,144,75,145,-1,75,108,145,-1,145,108,105,-1,145,105,146,-1,146,105,104,-1,146,104,147,-1,148,106,149,-1,149,106,74,-1,149,74,150,-1,150,74,76,-1,150,76,151,-1,151,76,78,-1,151,78,152,-1,152,78,80,-1,152,80,153,-1,153,80,88,-1,153,88,139,-1,139,88,86,-1,26,154,27,-1,27,154,147,-1,27,147,104,-1,138,136,139,-1,139,136,137,-1,139,137,153,-1,150,145,149,-1,149,145,146,-1,149,146,148,-1,148,146,147,-1,148,147,155,-1,155,147,154,-1,137,140,153,-1,153,140,141,-1,153,141,152,-1,152,141,142,-1,152,142,151,-1,151,142,143,-1,151,143,150,-1,150,143,144,-1,150,144,145,-1,155,135,148,-1,148,135,45,-1,148,45,106,-1,156,157,158,-1,158,157,159,-1,160,161,162,-1,162,161,163,-1,136,159,83,-1,83,159,157,-1,138,158,136,-1,136,158,159,-1,156,84,157,-1,157,84,83,-1,84,156,138,-1,138,156,158,-1,161,135,163,-1,163,135,155,-1,135,161,25,-1,25,161,160,-1,25,160,26,-1,154,162,155,-1,155,162,163,-1,162,154,160,-1,160,154,26,-1,
        ]
    }
}
Shape{
    appearance Appearance {
        material  Material 	{
            diffuseColor 0.2235294117647059 0.2235294117647059 0.2235294117647059
            specularColor 0.11372549019607843 0.11372549019607843 0.11372549019607843
            ambientIntensity 0.2235
            transparency 0.0
            shininess 0.5
        }
    }
    geometry IndexedFaceSet {
        ccw TRUE
        solid FALSE
        coord DEF co Coordinate {
            point [
                3.6339 0.5795 0.2526, 3.6339 0.422 0.1912, 3.6378 0.5795 0.2526, 3.6378 0.422 0.1912, 3.6339 0.422 0.2142, 3.6378 0.422 0.2142, 3.6339 0.4662 0.2301, 3.6378 0.4662 0.2301, 3.6339 0.4662 0.2952, 3.6378 0.4662 0.2952, 3.6339 0.422 0.3102, 3.6378 0.422 0.3102, 3.6339 0.422 0.3333, 3.6378 0.422 0.3333, 3.6339 0.5795 0.2737, 3.6378 0.5795 0.2737, 3.6339 0.4835 0.2899, 3.6339 0.5492 0.2664, 3.6339 0.5547 0.2649, 3.6339 0.5603 0.2639, 3.6339 0.5603 0.2634, 3.6339 0.5547 0.2623, 3.6339 0.5492 0.2609, 3.6339 0.4835 0.2372, 3.6378 0.4835 0.2899, 3.6378 0.4835 0.2372, 3.6378 0.5492 0.2664, 3.6378 0.5547 0.2649, 3.6378 0.5603 0.2639, 3.6378 0.5603 0.2634, 3.6378 0.5547 0.2623, 3.6378 0.5492 0.2609, 3.6339 0.422 0.4287, 3.6339 0.422 0.4716, 3.6378 0.422 0.4287, 3.6378 0.422 0.4716, 3.6339 0.5795 0.4716, 3.6378 0.5795 0.4716, 3.6339 0.5795 0.4271, 3.6378 0.5795 0.4271, 3.6339 0.5027 0.3448, 3.6378 0.5027 0.3448, 3.6378 0.5175 0.346, 3.6339 0.5175 0.346, 3.6378 0.5331 0.3502, 3.6339 0.5331 0.3502, 3.6378 0.5466 0.3575, 3.6339 0.5466 0.3575, 3.6378 0.559 0.3686, 3.6339 0.559 0.3686, 3.6378 0.5591 0.3688, 3.6339 0.5591 0.3688, 3.6378 0.5706 0.3859, 3.6339 0.5706 0.3859, 3.6378 0.5771 0.4044, 3.6339 0.5771 0.4044, 3.6378 0.4237 0.4093, 3.6339 0.4237 0.4093, 3.6378 0.4291 0.3911, 3.6339 0.4291 0.3911, 3.6378 0.4387 0.3747, 3.6339 0.4387 0.3747, 3.6378 0.4511 0.3617, 3.6339 0.4511 0.3617, 3.6378 0.4652 0.3527, 3.6339 0.4652 0.3527, 3.6378 0.4817 0.347, 3.6339 0.4817 0.347, 3.6339 0.5401 0.3764, 3.6339 0.5482 0.3841, 3.6339 0.5557 0.3956, 3.6339 0.5602 0.4086, 3.6339 0.5622 0.4272, 3.6339 0.5622 0.4504, 3.6339 0.4393 0.4504, 3.6339 0.4393 0.4281, 3.6339 0.4408 0.4115, 3.6339 0.445 0.3982, 3.6339 0.4514 0.3875, 3.6339 0.4601 0.3786, 3.6339 0.4709 0.372, 3.6339 0.4857 0.3674, 3.6339 0.5023 0.3659, 3.6339 0.518 0.3673, 3.6339 0.5304 0.3709, 3.6378 0.5622 0.4272, 3.6378 0.5622 0.4504, 3.6378 0.5602 0.4086, 3.6378 0.5557 0.3956, 3.6378 0.5482 0.3841, 3.6378 0.5401 0.3764, 3.6378 0.5304 0.3709, 3.6378 0.518 0.3673, 3.6378 0.5023 0.3659, 3.6378 0.4857 0.3674, 3.6378 0.4709 0.372, 3.6378 0.4601 0.3786, 3.6378 0.4514 0.3875, 3.6378 0.445 0.3982, 3.6378 0.4408 0.4115, 3.6378 0.4393 0.4281, 3.6378 0.4393 0.4504, 3.6339 0.4393 0.5023, 3.6339 0.422 0.5023, 3.6378 0.4393 0.5023, 3.6378 0.422 0.5023, 3.6339 0.422 0.5868, 3.6378 0.422 0.5868, 3.6339 0.5795 0.5868, 3.6378 0.5795 0.5868, 3.6339 0.5795 0.5061, 3.6378 0.5795 0.5061, 3.6339 0.5622 0.5061, 3.6378 0.5622 0.5061, 3.6339 0.5622 0.5657, 3.6378 0.5622 0.5657, 3.6339 0.5104 0.5657, 3.6378 0.5104 0.5657, 3.6339 0.5104 0.51, 3.6378 0.5104 0.51, 3.6339 0.4931 0.51, 3.6378 0.4931 0.51, 3.6339 0.4931 0.5657, 3.6378 0.4931 0.5657, 3.6339 0.4393 0.5657, 3.6378 0.4393 0.5657, 3.6339 0.4475 0.6175, 3.6339 0.4302 0.6175, 3.6378 0.4475 0.6175, 3.6378 0.4302 0.6175, 3.6339 0.4201 0.6608, 3.6378 0.4201 0.6608, 3.6378 0.4202 0.6565, 3.6339 0.4202 0.6565, 3.6378 0.4233 0.6343, 3.6339 0.4233 0.6343, 3.6339 0.4978 0.7347, 3.6378 0.4978 0.7347, 3.6378 0.4795 0.7331, 3.6339 0.4795 0.7331, 3.6378 0.4629 0.7284, 3.6339 0.4629 0.7284, 3.6378 0.4479 0.72, 3.6339 0.4479 0.72, 3.6378 0.4354 0.7082, 3.6339 0.4354 0.7082, 3.6378 0.4274 0.6955, 3.6339 0.4274 0.6955, 3.6378 0.4221 0.6803, 3.6339 0.4221 0.6803, 3.6339 0.5814 0.6546, 3.6378 0.5814 0.6546, 3.6339 0.5801 0.6704, 3.6378 0.5804 0.6663, 3.6378 0.5801 0.6704, 3.6378 0.575 0.688, 3.6339 0.575 0.688, 3.6378 0.5664 0.7029, 3.6339 0.5664 0.7029, 3.6378 0.5527 0.7171, 3.6339 0.5527 0.7171, 3.6378 0.538 0.7264, 3.6339 0.538 0.7264, 3.6378 0.5202 0.7324, 3.6339 0.5202 0.7324, 3.6378 0.5804 0.6407, 3.6339 0.5801 0.6357, 3.6378 0.5801 0.6357, 3.6339 0.5752 0.6175, 3.6378 0.5752 0.6175, 3.6339 0.554 0.6175, 3.6378 0.554 0.6175, 3.6339 0.5641 0.6544, 3.6378 0.5641 0.6544, 3.6378 0.5616 0.6353, 3.6339 0.5616 0.6353, 3.6339 0.4991 0.7135, 3.6378 0.4991 0.7135, 3.6378 0.5113 0.7128, 3.6339 0.5113 0.7128, 3.6378 0.5282 0.7086, 3.6339 0.5282 0.7086, 3.6378 0.5403 0.7021, 3.6339 0.5403 0.7021, 3.6378 0.5508 0.6926, 3.6339 0.5508 0.6926, 3.6378 0.5581 0.6817, 3.6339 0.5581 0.6817, 3.6378 0.5624 0.6699, 3.6339 0.5624 0.6699, 3.6339 0.4374 0.6579, 3.6378 0.4374 0.6579, 3.6378 0.439 0.6726, 3.6339 0.439 0.6726, 3.6378 0.4432 0.6841, 3.6339 0.4432 0.6841, 3.6378 0.4498 0.6938, 3.6339 0.4498 0.6938, 3.6378 0.4576 0.7012, 3.6339 0.4576 0.7012, 3.6378 0.4685 0.7077, 3.6339 0.4685 0.7077, 3.6378 0.482 0.7119, 3.6339 0.482 0.7119, 3.6378 0.4459 0.6203, 3.6339 0.4459 0.6203, 3.6378 0.4397 0.637, 3.6339 0.4397 0.637, 3.6339 0.4393 0.7481, 3.6339 0.422 0.7481, 3.6378 0.4393 0.7481, 3.6378 0.422 0.7481, 3.6339 0.422 0.8288, 3.6378 0.422 0.8288, 3.6339 0.5795 0.8288, 3.6378 0.5795 0.8288, 3.6339 0.5795 0.8076, 3.6378 0.5795 0.8076, 3.6339 0.4393 0.8076, 3.6378 0.4393 0.8076
            ]
        }
        coordIndex [
            0,1,2,-1,2,1,3,-1,1,4,3,-1,3,4,5,-1,4,6,5,-1,5,6,7,-1,6,8,7,-1,7,8,9,-1,8,10,9,-1,9,10,11,-1,10,12,11,-1,11,12,13,-1,12,14,13,-1,13,14,15,-1,14,0,15,-1,15,0,2,-1,16,17,14,-1,12,10,8,-1,17,18,14,-1,14,18,19,-1,14,19,0,-1,0,19,20,-1,0,20,21,-1,21,22,0,-1,0,22,23,-1,0,23,1,-1,4,1,6,-1,6,1,23,-1,6,23,8,-1,8,23,16,-1,8,16,12,-1,12,16,14,-1,16,23,24,-1,24,23,25,-1,17,16,26,-1,26,16,24,-1,17,26,27,-1,17,27,18,-1,18,27,28,-1,18,28,19,-1,20,19,29,-1,29,19,28,-1,20,29,30,-1,20,30,21,-1,21,30,31,-1,21,31,22,-1,23,22,25,-1,25,22,31,-1,32,33,34,-1,34,33,35,-1,33,36,35,-1,35,36,37,-1,36,38,37,-1,37,38,39,-1,40,41,42,-1,40,42,43,-1,43,42,44,-1,43,44,45,-1,45,44,46,-1,45,46,47,-1,47,46,48,-1,47,48,49,-1,49,48,50,-1,49,50,51,-1,51,50,52,-1,51,52,53,-1,53,52,54,-1,53,54,55,-1,55,54,39,-1,55,39,38,-1,32,34,56,-1,32,56,57,-1,57,56,58,-1,57,58,59,-1,59,58,60,-1,59,60,61,-1,61,60,62,-1,61,62,63,-1,63,62,64,-1,63,64,65,-1,65,64,66,-1,65,66,67,-1,67,66,41,-1,67,41,40,-1,45,47,68,-1,68,47,49,-1,68,49,69,-1,69,49,51,-1,69,51,70,-1,70,51,53,-1,70,53,71,-1,71,53,55,-1,71,55,72,-1,72,55,38,-1,72,38,73,-1,73,38,36,-1,73,36,74,-1,74,36,33,-1,74,33,75,-1,75,33,32,-1,75,32,76,-1,76,32,57,-1,76,57,77,-1,77,57,59,-1,77,59,78,-1,78,59,61,-1,78,61,79,-1,79,61,63,-1,79,63,80,-1,80,63,65,-1,80,65,81,-1,81,65,67,-1,81,67,82,-1,82,67,40,-1,82,40,83,-1,83,40,43,-1,83,43,84,-1,84,43,45,-1,84,45,68,-1,72,73,85,-1,85,73,86,-1,72,85,87,-1,72,87,71,-1,71,87,88,-1,71,88,70,-1,70,88,89,-1,70,89,69,-1,69,89,90,-1,69,90,68,-1,68,90,91,-1,68,91,84,-1,84,91,92,-1,84,92,83,-1,83,92,93,-1,83,93,82,-1,82,93,94,-1,82,94,81,-1,81,94,95,-1,81,95,80,-1,80,95,96,-1,80,96,79,-1,79,96,97,-1,79,97,78,-1,78,97,98,-1,78,98,77,-1,77,98,99,-1,77,99,76,-1,76,99,100,-1,76,100,75,-1,74,75,101,-1,101,75,100,-1,73,74,86,-1,86,74,101,-1,102,103,104,-1,104,103,105,-1,103,106,105,-1,105,106,107,-1,106,108,107,-1,107,108,109,-1,108,110,109,-1,109,110,111,-1,110,112,111,-1,111,112,113,-1,112,114,113,-1,113,114,115,-1,114,116,115,-1,115,116,117,-1,116,118,117,-1,117,118,119,-1,118,120,119,-1,119,120,121,-1,120,122,121,-1,121,122,123,-1,122,124,123,-1,123,124,125,-1,124,102,125,-1,125,102,104,-1,106,103,102,-1,102,124,106,-1,106,124,122,-1,106,122,108,-1,112,110,114,-1,114,110,108,-1,114,108,116,-1,116,108,122,-1,116,122,118,-1,118,122,120,-1,126,127,128,-1,128,127,129,-1,130,131,132,-1,130,132,133,-1,133,132,134,-1,133,134,135,-1,135,134,129,-1,135,129,127,-1,136,137,138,-1,136,138,139,-1,139,138,140,-1,139,140,141,-1,141,140,142,-1,141,142,143,-1,143,142,144,-1,143,144,145,-1,145,144,146,-1,145,146,147,-1,147,146,148,-1,147,148,149,-1,149,148,131,-1,149,131,130,-1,150,151,152,-1,152,151,153,-1,153,154,152,-1,152,154,155,-1,152,155,156,-1,156,155,157,-1,156,157,158,-1,158,157,159,-1,158,159,160,-1,160,159,161,-1,160,161,162,-1,162,161,163,-1,162,163,164,-1,164,163,137,-1,164,137,136,-1,151,150,165,-1,165,150,166,-1,165,166,167,-1,167,166,168,-1,167,168,169,-1,168,170,169,-1,169,170,171,-1,172,173,174,-1,172,174,175,-1,175,174,171,-1,175,171,170,-1,176,177,178,-1,176,178,179,-1,179,178,180,-1,179,180,181,-1,181,180,182,-1,181,182,183,-1,183,182,184,-1,183,184,185,-1,185,184,186,-1,185,186,187,-1,187,186,188,-1,187,188,189,-1,189,188,173,-1,189,173,172,-1,190,191,192,-1,190,192,193,-1,193,192,194,-1,193,194,195,-1,195,194,196,-1,195,196,197,-1,197,196,198,-1,197,198,199,-1,199,198,200,-1,199,200,201,-1,201,200,202,-1,201,202,203,-1,203,202,177,-1,203,177,176,-1,126,128,204,-1,126,204,205,-1,205,204,206,-1,205,206,207,-1,207,206,191,-1,207,191,190,-1,193,130,190,-1,190,130,133,-1,190,133,207,-1,207,133,135,-1,207,135,205,-1,205,135,127,-1,205,127,126,-1,170,168,175,-1,175,168,166,-1,175,166,172,-1,172,166,150,-1,172,150,189,-1,189,150,152,-1,189,152,187,-1,187,152,156,-1,187,156,185,-1,185,156,158,-1,185,158,183,-1,183,158,160,-1,183,160,181,-1,181,160,162,-1,181,162,179,-1,179,162,164,-1,179,164,176,-1,176,164,136,-1,176,136,203,-1,203,136,139,-1,203,139,201,-1,201,139,141,-1,201,141,199,-1,199,141,143,-1,199,143,197,-1,197,143,145,-1,197,145,195,-1,195,145,147,-1,195,147,193,-1,193,147,149,-1,193,149,130,-1,208,209,210,-1,210,209,211,-1,209,212,211,-1,211,212,213,-1,212,214,213,-1,213,214,215,-1,214,216,215,-1,215,216,217,-1,216,218,217,-1,217,218,219,-1,218,208,219,-1,219,208,210,-1,216,214,218,-1,218,214,212,-1,218,212,208,-1,208,212,209,-1,
        ]
    }
}
Shape{
    appearance Appearance {
        material  Material 	{
            diffuseColor 0.9490196078431372 0.7607843137254902 0.1803921568627451
            specularColor 0.7607843137254902 0.6078431372549019 0.1450980392156863
            ambientIntensity 0.7509
            transparency 0.0
            shininess 0.5
        }
    }
    geometry IndexedFaceSet {
        ccw TRUE
        solid FALSE
        coord DEF co Coordinate {
            point [
                3.6378 0.4835 0.2899, 3.6378 0.4835 0.2372, 3.6378 0.5492 0.2664, 3.6378 0.5492 0.2609, 3.6378 0.5547 0.2649, 3.6378 0.5547 0.2623, 3.6378 0.5603 0.2639, 3.6378 0.5603 0.2634, 3.6378 0.5622 0.4504, 3.6378 0.4393 0.4504, 3.6378 0.5622 0.4272, 3.6378 0.4393 0.4281, 3.6378 0.4408 0.4115, 3.6378 0.5023 0.3659, 3.6378 0.518 0.3673, 3.6378 0.5304 0.3709, 3.6378 0.5602 0.4086, 3.6378 0.445 0.3982, 3.6378 0.4514 0.3875, 3.6378 0.4601 0.3786, 3.6378 0.4709 0.372, 3.6378 0.4857 0.3674, 3.6378 0.5401 0.3764, 3.6378 0.5482 0.3841, 3.6378 0.5557 0.3956, 2.6378 0.5804 -1.0236, 2.6378 0.6398 -1.0236, 2.6378 0.6398 0.4869, 2.6378 0.5641 0.6544, 2.6378 0.5624 0.6699, 2.6378 0.4459 0.6203, 2.6378 0.5804 0.6407, 2.6378 0.5801 0.6357, 2.6378 0.5795 0.5868, 2.6378 0.5752 0.6175, 2.6378 0.554 0.6175, 2.6378 0.5616 0.6353, 2.6378 0.4475 0.6175, 2.6378 0.422 0.5868, 2.6378 0.422 0.7481, 2.6378 0.4221 0.6803, 2.6378 0.4393 0.7481, 2.6378 0.4274 0.6955, 2.6378 0.4354 0.7082, 2.6378 0.5622 0.5061, 2.6378 0.3642 0.4869, 2.6378 0.5804 0.4869, 2.6378 0.4479 0.72, 2.6378 0.4629 0.7284, 2.6378 0.4393 0.8076, 2.6378 0.538 0.7264, 2.6378 0.5527 0.7171, 2.6378 0.5795 0.8076, 2.6378 0.5664 0.7029, 2.6378 0.575 0.688, 2.6378 0.5795 0.5061, 2.6378 0.5801 0.6704, 2.6378 0.5804 0.6663, 2.6378 0.5795 0.8288, 2.6378 0.5581 0.6817, 2.6378 0.5508 0.6926, 2.6378 0.5403 0.7021, 2.6378 0.4991 0.7135, 2.6378 0.482 0.7119, 2.6378 0.4685 0.7077, 2.6378 0.439 0.6726, 2.6378 0.4374 0.6579, 2.6378 0.4432 0.6841, 2.6378 0.4498 0.6938, 2.6378 0.4576 0.7012, 2.6378 0.4397 0.637, 2.6378 0.4931 0.51, 2.6378 0.4931 0.5657, 2.6378 0.4393 0.5657, 2.6378 0.3528 1.122, 2.6378 0.5804 1.293, 2.6378 0.3193 1.2028, 2.6378 0.5369 1.3745, 2.6378 0.2662 1.2721, 2.6378 0.461 1.4669, 2.6378 0.1969 1.3252, 2.6378 0.5282 0.7086, 2.6378 0.5113 0.7128, 2.6378 -4.2618 1.6457, 2.6378 -4.2618 1.3701, 2.6378 0.0295 1.6457, 2.6378 0.0295 1.3701, 2.6378 0.1486 1.6339, 2.6378 0.1161 1.3587, 2.6378 0.2631 1.5992, 2.6378 0.3686 1.5428, 2.6378 0.4795 0.7331, 2.6378 0.4978 0.7347, 2.6378 0.5202 0.7324, 2.6378 0.4393 0.5023, 2.6378 0.5104 0.51, 2.6378 0.5104 0.5657, 2.6378 0.5622 0.5657, 2.6378 0.4302 0.6175, 2.6378 0.422 0.5023, 2.6378 0.4233 0.6343, 2.6378 0.4202 0.6565, 2.6378 0.4201 0.6608, 2.6378 0.5814 0.6546, 2.6378 0.6398 1.0354, 2.6378 0.628 1.1545, 2.6378 0.3642 1.0354, 2.6378 0.422 0.8288, 2.6378 0.5933 1.269, 2.6378 0.422 0.3102, 2.6378 0.422 0.3333, 2.6378 0.422 0.2142, 2.6378 0.4662 0.2301, 2.6378 0.4662 0.2952, 2.6378 0.5795 0.2526, 2.6378 0.5795 0.2737, 2.6378 0.5795 0.4271, 2.6378 0.5771 0.4044, 2.6378 0.5706 0.3859, 2.6378 0.5591 0.3688, 2.6378 0.4652 0.3527, 2.6378 0.4511 0.3617, 2.6378 0.559 0.3686, 2.6378 0.5466 0.3575, 2.6378 0.5331 0.3502, 2.6378 0.4387 0.3747, 2.6378 0.4291 0.3911, 2.6378 0.4237 0.4093, 2.6378 0.422 0.4287, 2.6378 0.422 0.4716, 2.6378 0.5795 0.4716, 2.6378 0.5175 0.346, 2.6378 0.5027 0.3448, 2.6378 0.4817 0.347, 2.6378 0.422 0.1912, 2.6378 0.3642 -1.0236, 2.3622 -4.2618 1.6457, 2.3622 0.0295 1.6457, 2.3622 -4.2618 1.3701, 2.3622 0.0295 1.3701, 2.3622 0.1486 1.6339, 2.3622 0.2631 1.5992, 2.3622 0.3686 1.5428, 2.3622 0.461 1.4669, 2.3622 0.5369 1.3745, 2.3622 0.5933 1.269, 2.3622 0.628 1.1545, 2.3622 0.6398 1.0354, 2.3622 0.3642 1.0354, 2.3622 0.3528 1.122, 2.3622 0.3193 1.2028, 2.3622 0.2662 1.2721, 2.3622 0.1969 1.3252, 2.3622 0.1161 1.3587, 2.3622 0.6398 -1.0236, 2.3622 0.3642 -1.0236, 2.5866 -4.4193 1.4213, 2.5866 -4.4193 1.5945, 2.4134 -4.4193 1.4213, 2.4134 -4.4193 1.5945, 2.5866 0.5886 -1.1811, 2.5866 0.4154 -1.1811, 2.4134 0.5886 -1.1811, 2.4134 0.4154 -1.1811
            ]
        }
        coordIndex [
            0,1,2,-1,2,1,3,-1,2,3,4,-1,4,3,5,-1,4,5,6,-1,6,5,7,-1,8,9,10,-1,10,9,11,-1,10,11,12,-1,13,14,10,-1,10,14,15,-1,10,15,16,-1,12,17,10,-1,10,17,18,-1,10,18,19,-1,19,20,10,-1,10,20,21,-1,10,21,13,-1,22,23,15,-1,15,23,24,-1,15,24,16,-1,25,26,27,-1,28,29,30,-1,31,32,33,-1,33,32,34,-1,33,34,35,-1,28,30,36,-1,36,30,37,-1,36,37,35,-1,35,37,38,-1,35,38,33,-1,39,40,41,-1,41,40,42,-1,41,42,43,-1,44,45,46,-1,43,47,41,-1,41,47,48,-1,41,48,49,-1,50,51,52,-1,52,51,53,-1,52,53,54,-1,31,33,46,-1,46,33,55,-1,46,55,44,-1,54,56,52,-1,52,56,57,-1,52,57,58,-1,29,59,30,-1,30,59,60,-1,30,60,61,-1,62,63,30,-1,30,63,64,-1,65,66,67,-1,67,66,68,-1,64,69,30,-1,30,69,68,-1,30,68,70,-1,70,68,66,-1,71,72,73,-1,74,75,76,-1,76,75,77,-1,76,77,78,-1,78,77,79,-1,78,79,80,-1,61,81,30,-1,30,81,82,-1,30,82,62,-1,83,84,85,-1,85,84,86,-1,85,86,87,-1,87,86,88,-1,87,88,89,-1,89,88,80,-1,89,80,90,-1,90,80,79,-1,48,91,49,-1,49,91,92,-1,49,92,52,-1,52,92,93,-1,52,93,50,-1,73,94,71,-1,71,94,45,-1,71,45,95,-1,95,45,44,-1,95,44,96,-1,96,44,97,-1,37,98,38,-1,38,98,45,-1,38,45,99,-1,99,45,94,-1,98,100,45,-1,45,100,101,-1,45,101,102,-1,103,27,57,-1,57,27,104,-1,57,104,105,-1,102,40,45,-1,45,40,39,-1,45,39,106,-1,106,39,107,-1,106,107,74,-1,74,107,58,-1,74,58,75,-1,75,58,57,-1,75,57,108,-1,108,57,105,-1,109,110,45,-1,111,112,113,-1,114,46,115,-1,115,46,116,-1,116,117,115,-1,115,117,118,-1,115,118,119,-1,110,120,121,-1,119,122,115,-1,115,122,123,-1,115,123,124,-1,121,125,110,-1,110,125,126,-1,110,126,45,-1,45,126,127,-1,127,128,45,-1,45,128,129,-1,45,129,46,-1,46,129,130,-1,46,130,116,-1,124,131,115,-1,115,131,132,-1,115,132,110,-1,110,132,133,-1,110,133,120,-1,113,109,111,-1,111,109,45,-1,111,45,134,-1,134,45,135,-1,134,135,114,-1,114,135,25,-1,114,25,46,-1,46,25,27,-1,46,27,31,-1,31,27,103,-1,83,85,136,-1,136,85,137,-1,138,139,84,-1,84,139,86,-1,137,85,87,-1,137,87,140,-1,140,87,89,-1,140,89,141,-1,141,89,90,-1,141,90,142,-1,142,90,79,-1,142,79,143,-1,143,79,77,-1,143,77,144,-1,144,77,75,-1,144,75,145,-1,75,108,145,-1,145,108,105,-1,145,105,146,-1,146,105,104,-1,146,104,147,-1,148,106,149,-1,149,106,74,-1,149,74,150,-1,150,74,76,-1,150,76,151,-1,151,76,78,-1,151,78,152,-1,152,78,80,-1,152,80,153,-1,153,80,88,-1,153,88,139,-1,139,88,86,-1,26,154,27,-1,27,154,147,-1,27,147,104,-1,138,136,139,-1,139,136,137,-1,139,137,153,-1,150,145,149,-1,149,145,146,-1,149,146,148,-1,148,146,147,-1,148,147,155,-1,155,147,154,-1,137,140,153,-1,153,140,141,-1,153,141,152,-1,152,141,142,-1,152,142,151,-1,151,142,143,-1,151,143,150,-1,150,143,144,-1,150,144,145,-1,155,135,148,-1,148,135,45,-1,148,45,106,-1,156,157,158,-1,158,157,159,-1,160,161,162,-1,162,161,163,-1,136,159,83,-1,83,159,157,-1,138,158,136,-1,136,158,159,-1,156,84,157,-1,157,84,83,-1,84,156,138,-1,138,156,158,-1,161,135,163,-1,163,135,155,-1,135,161,25,-1,25,161,160,-1,25,160,26,-1,154,162,155,-1,155,162,163,-1,162,154,160,-1,160,154,26,-1,
        ]
    }
}
Shape{
    appearance Appearance {
        material  Material 	{
            diffuseColor 0.2235294117647059 0.2235294117647059 0.2235294117647059
            specularColor 0.11372549019607843 0.11372549019607843 0.11372549019607843
            ambientIntensity 0.2235
            transparency 0.0
            shininess 0.5
        }
    }
    geometry IndexedFaceSet {
        ccw TRUE
        solid FALSE
        coord DEF co Coordinate {
            point [
                2.6339 0.5795 0.2526, 2.6339 0.422 0.1912, 2.6378 0.5795 0.2526, 2.6378 0.422 0.1912, 2.6339 0.422 0.2142, 2.6378 0.422 0.2142, 2.6339 0.4662 0.2301, 2.6378 0.4662 0.2301, 2.6339 0.4662 0.2952, 2.6378 0.4662 0.2952, 2.6339 0.422 0.3102, 2.6378 0.422 0.3102, 2.6339 0.422 0.3333, 2.6378 0.422 0.3333, 2.6339 0.5795 0.2737, 2.6378 0.5795 0.2737, 2.6339 0.4835 0.2899, 2.6339 0.5492 0.2664, 2.6339 0.5547 0.2649, 2.6339 0.5603 0.2639, 2.6339 0.5603 0.2634, 2.6339 0.5547 0.2623, 2.6339 0.5492 0.2609, 2.6339 0.4835 0.2372, 2.6378 0.4835 0.2899, 2.6378 0.4835 0.2372, 2.6378 0.5492 0.2664, 2.6378 0.5547 0.2649, 2.6378 0.5603 0.2639, 2.6378 0.5603 0.2634, 2.6378 0.5547 0.2623, 2.6378 0.5492 0.2609, 2.6339 0.422 0.4287, 2.6339 0.422 0.4716, 2.6378 0.422 0.4287, 2.6378 0.422 0.4716, 2.6339 0.5795 0.4716, 2.6378 0.5795 0.4716, 2.6339 0.5795 0.4271, 2.6378 0.5795 0.4271, 2.6339 0.5027 0.3448, 2.6378 0.5027 0.3448, 2.6378 0.5175 0.346, 2.6339 0.5175 0.346, 2.6378 0.5331 0.3502, 2.6339 0.5331 0.3502, 2.6378 0.5466 0.3575, 2.6339 0.5466 0.3575, 2.6378 0.559 0.3686, 2.6339 0.559 0.3686, 2.6378 0.5591 0.3688, 2.6339 0.5591 0.3688, 2.6378 0.5706 0.3859, 2.6339 0.5706 0.3859, 2.6378 0.5771 0.4044, 2.6339 0.5771 0.4044, 2.6378 0.4237 0.4093, 2.6339 0.4237 0.4093, 2.6378 0.4291 0.3911, 2.6339 0.4291 0.3911, 2.6378 0.4387 0.3747, 2.6339 0.4387 0.3747, 2.6378 0.4511 0.3617, 2.6339 0.4511 0.3617, 2.6378 0.4652 0.3527, 2.6339 0.4652 0.3527, 2.6378 0.4817 0.347, 2.6339 0.4817 0.347, 2.6339 0.5401 0.3764, 2.6339 0.5482 0.3841, 2.6339 0.5557 0.3956, 2.6339 0.5602 0.4086, 2.6339 0.5622 0.4272, 2.6339 0.5622 0.4504, 2.6339 0.4393 0.4504, 2.6339 0.4393 0.4281, 2.6339 0.4408 0.4115, 2.6339 0.445 0.3982, 2.6339 0.4514 0.3875, 2.6339 0.4601 0.3786, 2.6339 0.4709 0.372, 2.6339 0.4857 0.3674, 2.6339 0.5023 0.3659, 2.6339 0.518 0.3673, 2.6339 0.5304 0.3709, 2.6378 0.5622 0.4272, 2.6378 0.5622 0.4504, 2.6378 0.5602 0.4086, 2.6378 0.5557 0.3956, 2.6378 0.5482 0.3841, 2.6378 0.5401 0.3764, 2.6378 0.5304 0.3709, 2.6378 0.518 0.3673, 2.6378 0.5023 0.3659, 2.6378 0.4857 0.3674, 2.6378 0.4709 0.372, 2.6378 0.4601 0.3786, 2.6378 0.4514 0.3875, 2.6378 0.445 0.3982, 2.6378 0.4408 0.4115, 2.6378 0.4393 0.4281, 2.6378 0.4393 0.4504, 2.6339 0.4393 0.5023, 2.6339 0.422 0.5023, 2.6378 0.4393 0.5023, 2.6378 0.422 0.5023, 2.6339 0.422 0.5868, 2.6378 0.422 0.5868, 2.6339 0.5795 0.5868, 2.6378 0.5795 0.5868, 2.6339 0.5795 0.5061, 2.6378 0.5795 0.5061, 2.6339 0.5622 0.5061, 2.6378 0.5622 0.5061, 2.6339 0.5622 0.5657, 2.6378 0.5622 0.5657, 2.6339 0.5104 0.5657, 2.6378 0.5104 0.5657, 2.6339 0.5104 0.51, 2.6378 0.5104 0.51, 2.6339 0.4931 0.51, 2.6378 0.4931 0.51, 2.6339 0.4931 0.5657, 2.6378 0.4931 0.5657, 2.6339 0.4393 0.5657, 2.6378 0.4393 0.5657, 2.6339 0.4475 0.6175, 2.6339 0.4302 0.6175, 2.6378 0.4475 0.6175, 2.6378 0.4302 0.6175, 2.6339 0.4201 0.6608, 2.6378 0.4201 0.6608, 2.6378 0.4202 0.6565, 2.6339 0.4202 0.6565, 2.6378 0.4233 0.6343, 2.6339 0.4233 0.6343, 2.6339 0.4978 0.7347, 2.6378 0.4978 0.7347, 2.6378 0.4795 0.7331, 2.6339 0.4795 0.7331, 2.6378 0.4629 0.7284, 2.6339 0.4629 0.7284, 2.6378 0.4479 0.72, 2.6339 0.4479 0.72, 2.6378 0.4354 0.7082, 2.6339 0.4354 0.7082, 2.6378 0.4274 0.6955, 2.6339 0.4274 0.6955, 2.6378 0.4221 0.6803, 2.6339 0.4221 0.6803, 2.6339 0.5814 0.6546, 2.6378 0.5814 0.6546, 2.6339 0.5801 0.6704, 2.6378 0.5804 0.6663, 2.6378 0.5801 0.6704, 2.6378 0.575 0.688, 2.6339 0.575 0.688, 2.6378 0.5664 0.7029, 2.6339 0.5664 0.7029, 2.6378 0.5527 0.7171, 2.6339 0.5527 0.7171, 2.6378 0.538 0.7264, 2.6339 0.538 0.7264, 2.6378 0.5202 0.7324, 2.6339 0.5202 0.7324, 2.6378 0.5804 0.6407, 2.6339 0.5801 0.6357, 2.6378 0.5801 0.6357, 2.6339 0.5752 0.6175, 2.6378 0.5752 0.6175, 2.6339 0.554 0.6175, 2.6378 0.554 0.6175, 2.6339 0.5641 0.6544, 2.6378 0.5641 0.6544, 2.6378 0.5616 0.6353, 2.6339 0.5616 0.6353, 2.6339 0.4991 0.7135, 2.6378 0.4991 0.7135, 2.6378 0.5113 0.7128, 2.6339 0.5113 0.7128, 2.6378 0.5282 0.7086, 2.6339 0.5282 0.7086, 2.6378 0.5403 0.7021, 2.6339 0.5403 0.7021, 2.6378 0.5508 0.6926, 2.6339 0.5508 0.6926, 2.6378 0.5581 0.6817, 2.6339 0.5581 0.6817, 2.6378 0.5624 0.6699, 2.6339 0.5624 0.6699, 2.6339 0.4374 0.6579, 2.6378 0.4374 0.6579, 2.6378 0.439 0.6726, 2.6339 0.439 0.6726, 2.6378 0.4432 0.6841, 2.6339 0.4432 0.6841, 2.6378 0.4498 0.6938, 2.6339 0.4498 0.6938, 2.6378 0.4576 0.7012, 2.6339 0.4576 0.7012, 2.6378 0.4685 0.7077, 2.6339 0.4685 0.7077, 2.6378 0.482 0.7119, 2.6339 0.482 0.7119, 2.6378 0.4459 0.6203, 2.6339 0.4459 0.6203, 2.6378 0.4397 0.637, 2.6339 0.4397 0.637, 2.6339 0.4393 0.7481, 2.6339 0.422 0.7481, 2.6378 0.4393 0.7481, 2.6378 0.422 0.7481, 2.6339 0.422 0.8288, 2.6378 0.422 0.8288, 2.6339 0.5795 0.8288, 2.6378 0.5795 0.8288, 2.6339 0.5795 0.8076, 2.6378 0.5795 0.8076, 2.6339 0.4393 0.8076, 2.6378 0.4393 0.8076
            ]
        }
        coordIndex [
            0,1,2,-1,2,1,3,-1,1,4,3,-1,3,4,5,-1,4,6,5,-1,5,6,7,-1,6,8,7,-1,7,8,9,-1,8,10,9,-1,9,10,11,-1,10,12,11,-1,11,12,13,-1,12,14,13,-1,13,14,15,-1,14,0,15,-1,15,0,2,-1,16,17,14,-1,12,10,8,-1,17,18,14,-1,14,18,19,-1,14,19,0,-1,0,19,20,-1,0,20,21,-1,21,22,0,-1,0,22,23,-1,0,23,1,-1,4,1,6,-1,6,1,23,-1,6,23,8,-1,8,23,16,-1,8,16,12,-1,12,16,14,-1,16,23,24,-1,24,23,25,-1,17,16,26,-1,26,16,24,-1,17,26,27,-1,17,27,18,-1,18,27,28,-1,18,28,19,-1,20,19,29,-1,29,19,28,-1,20,29,30,-1,20,30,21,-1,21,30,31,-1,21,31,22,-1,23,22,25,-1,25,22,31,-1,32,33,34,-1,34,33,35,-1,33,36,35,-1,35,36,37,-1,36,38,37,-1,37,38,39,-1,40,41,42,-1,40,42,43,-1,43,42,44,-1,43,44,45,-1,45,44,46,-1,45,46,47,-1,47,46,48,-1,47,48,49,-1,49,48,50,-1,49,50,51,-1,51,50,52,-1,51,52,53,-1,53,52,54,-1,53,54,55,-1,55,54,39,-1,55,39,38,-1,32,34,56,-1,32,56,57,-1,57,56,58,-1,57,58,59,-1,59,58,60,-1,59,60,61,-1,61,60,62,-1,61,62,63,-1,63,62,64,-1,63,64,65,-1,65,64,66,-1,65,66,67,-1,67,66,41,-1,67,41,40,-1,45,47,68,-1,68,47,49,-1,68,49,69,-1,69,49,51,-1,69,51,70,-1,70,51,53,-1,70,53,71,-1,71,53,55,-1,71,55,72,-1,72,55,38,-1,72,38,73,-1,73,38,36,-1,73,36,74,-1,74,36,33,-1,74,33,75,-1,75,33,32,-1,75,32,76,-1,76,32,57,-1,76,57,77,-1,77,57,59,-1,77,59,78,-1,78,59,61,-1,78,61,79,-1,79,61,63,-1,79,63,80,-1,80,63,65,-1,80,65,81,-1,81,65,67,-1,81,67,82,-1,82,67,40,-1,82,40,83,-1,83,40,43,-1,83,43,84,-1,84,43,45,-1,84,45,68,-1,72,73,85,-1,85,73,86,-1,72,85,87,-1,72,87,71,-1,71,87,88,-1,71,88,70,-1,70,88,89,-1,70,89,69,-1,69,89,90,-1,69,90,68,-1,68,90,91,-1,68,91,84,-1,84,91,92,-1,84,92,83,-1,83,92,93,-1,83,93,82,-1,82,93,94,-1,82,94,81,-1,81,94,95,-1,81,95,80,-1,80,95,96,-1,80,96,79,-1,79,96,97,-1,79,97,78,-1,78,97,98,-1,78,98,77,-1,77,98,99,-1,77,99,76,-1,76,99,100,-1,76,100,75,-1,74,75,101,-1,101,75,100,-1,73,74,86,-1,86,74,101,-1,102,103,104,-1,104,103,105,-1,103,106,105,-1,105,106,107,-1,106,108,107,-1,107,108,109,-1,108,110,109,-1,109,110,111,-1,110,112,111,-1,111,112,113,-1,112,114,113,-1,113,114,115,-1,114,116,115,-1,115,116,117,-1,116,118,117,-1,117,118,119,-1,118,120,119,-1,119,120,121,-1,120,122,121,-1,121,122,123,-1,122,124,123,-1,123,124,125,-1,124,102,125,-1,125,102,104,-1,106,103,102,-1,102,124,106,-1,106,124,122,-1,106,122,108,-1,112,110,114,-1,114,110,108,-1,114,108,116,-1,116,108,122,-1,116,122,118,-1,118,122,120,-1,126,127,128,-1,128,127,129,-1,130,131,132,-1,130,132,133,-1,133,132,134,-1,133,134,135,-1,135,134,129,-1,135,129,127,-1,136,137,138,-1,136,138,139,-1,139,138,140,-1,139,140,141,-1,141,140,142,-1,141,142,143,-1,143,142,144,-1,143,144,145,-1,145,144,146,-1,145,146,147,-1,147,146,148,-1,147,148,149,-1,149,148,131,-1,149,131,130,-1,150,151,152,-1,152,151,153,-1,153,154,152,-1,152,154,155,-1,152,155,156,-1,156,155,157,-1,156,157,158,-1,158,157,159,-1,158,159,160,-1,160,159,161,-1,160,161,162,-1,162,161,163,-1,162,163,164,-1,164,163,137,-1,164,137,136,-1,151,150,165,-1,165,150,166,-1,165,166,167,-1,167,166,168,-1,167,168,169,-1,168,170,169,-1,169,170,171,-1,172,173,174,-1,172,174,175,-1,175,174,171,-1,175,171,170,-1,176,177,178,-1,176,178,179,-1,179,178,180,-1,179,180,181,-1,181,180,182,-1,181,182,183,-1,183,182,184,-1,183,184,185,-1,185,184,186,-1,185,186,187,-1,187,186,188,-1,187,188,189,-1,189,188,173,-1,189,173,172,-1,190,191,192,-1,190,192,193,-1,193,192,194,-1,193,194,195,-1,195,194,196,-1,195,196,197,-1,197,196,198,-1,197,198,199,-1,199,198,200,-1,199,200,201,-1,201,200,202,-1,201,202,203,-1,203,202,177,-1,203,177,176,-1,126,128,204,-1,126,204,205,-1,205,204,206,-1,205,206,207,-1,207,206,191,-1,207,191,190,-1,193,130,190,-1,190,130,133,-1,190,133,207,-1,207,133,135,-1,207,135,205,-1,205,135,127,-1,205,127,126,-1,170,168,175,-1,175,168,166,-1,175,166,172,-1,172,166,150,-1,172,150,189,-1,189,150,152,-1,189,152,187,-1,187,152,156,-1,187,156,185,-1,185,156,158,-1,185,158,183,-1,183,158,160,-1,183,160,181,-1,181,160,162,-1,181,162,179,-1,179,162,164,-1,179,164,176,-1,176,164,136,-1,176,136,203,-1,203,136,139,-1,203,139,201,-1,201,139,141,-1,201,141,199,-1,199,141,143,-1,199,143,197,-1,197,143,145,-1,197,145,195,-1,195,145,147,-1,195,147,193,-1,193,147,149,-1,193,149,130,-1,208,209,210,-1,210,209,211,-1,209,212,211,-1,211,212,213,-1,212,214,213,-1,213,214,215,-1,214,216,215,-1,215,216,217,-1,216,218,217,-1,217,218,219,-1,218,208,219,-1,219,208,210,-1,216,214,218,-1,218,214,212,-1,218,212,208,-1,208,212,209,-1,
        ]
    }
}
Shape{
    appearance Appearance {
        material  Material 	{
            diffuseColor 0.9490196078431372 0.7607843137254902 0.1803921568627451
            specularColor 0.7607843137254902 0.6078431372549019 0.1450980392156863
            ambientIntensity 0.7509
            transparency 0.0
            shininess 0.5
        }
    }
    geometry IndexedFaceSet {
        ccw TRUE
        solid FALSE
        coord DEF co Coordinate {
            point [
                2.6378 0.4835 0.2899, 2.6378 0.4835 0.2372, 2.6378 0.5492 0.2664, 2.6378 0.5492 0.2609, 2.6378 0.5547 0.2649, 2.6378 0.5547 0.2623, 2.6378 0.5603 0.2639, 2.6378 0.5603 0.2634, 2.6378 0.5622 0.4504, 2.6378 0.4393 0.4504, 2.6378 0.5622 0.4272, 2.6378 0.4393 0.4281, 2.6378 0.4408 0.4115, 2.6378 0.5023 0.3659, 2.6378 0.518 0.3673, 2.6378 0.5304 0.3709, 2.6378 0.5602 0.4086, 2.6378 0.445 0.3982, 2.6378 0.4514 0.3875, 2.6378 0.4601 0.3786, 2.6378 0.4709 0.372, 2.6378 0.4857 0.3674, 2.6378 0.5401 0.3764, 2.6378 0.5482 0.3841, 2.6378 0.5557 0.3956, 1.6378 0.5804 -1.0236, 1.6378 0.6398 -1.0236, 1.6378 0.6398 0.4869, 1.6378 0.5641 0.6544, 1.6378 0.5624 0.6699, 1.6378 0.4459 0.6203, 1.6378 0.5804 0.6407, 1.6378 0.5801 0.6357, 1.6378 0.5795 0.5868, 1.6378 0.5752 0.6175, 1.6378 0.554 0.6175, 1.6378 0.5616 0.6353, 1.6378 0.4475 0.6175, 1.6378 0.422 0.5868, 1.6378 0.422 0.7481, 1.6378 0.4221 0.6803, 1.6378 0.4393 0.7481, 1.6378 0.4274 0.6955, 1.6378 0.4354 0.7082, 1.6378 0.5622 0.5061, 1.6378 0.3642 0.4869, 1.6378 0.5804 0.4869, 1.6378 0.4479 0.72, 1.6378 0.4629 0.7284, 1.6378 0.4393 0.8076, 1.6378 0.538 0.7264, 1.6378 0.5527 0.7171, 1.6378 0.5795 0.8076, 1.6378 0.5664 0.7029, 1.6378 0.575 0.688, 1.6378 0.5795 0.5061, 1.6378 0.5801 0.6704, 1.6378 0.5804 0.6663, 1.6378 0.5795 0.8288, 1.6378 0.5581 0.6817, 1.6378 0.5508 0.6926, 1.6378 0.5403 0.7021, 1.6378 0.4991 0.7135, 1.6378 0.482 0.7119, 1.6378 0.4685 0.7077, 1.6378 0.439 0.6726, 1.6378 0.4374 0.6579, 1.6378 0.4432 0.6841, 1.6378 0.4498 0.6938, 1.6378 0.4576 0.7012, 1.6378 0.4397 0.637, 1.6378 0.4931 0.51, 1.6378 0.4931 0.5657, 1.6378 0.4393 0.5657, 1.6378 0.3528 1.122, 1.6378 0.5804 1.293, 1.6378 0.3193 1.2028, 1.6378 0.5369 1.3745, 1.6378 0.2662 1.2721, 1.6378 0.461 1.4669, 1.6378 0.1969 1.3252, 1.6378 0.5282 0.7086, 1.6378 0.5113 0.7128, 1.6378 -4.2618 1.6457, 1.6378 -4.2618 1.3701, 1.6378 0.0295 1.6457, 1.6378 0.0295 1.3701, 1.6378 0.1486 1.6339, 1.6378 0.1161 1.3587, 1.6378 0.2631 1.5992, 1.6378 0.3686 1.5428, 1.6378 0.4795 0.7331, 1.6378 0.4978 0.7347, 1.6378 0.5202 0.7324, 1.6378 0.4393 0.5023, 1.6378 0.5104 0.51, 1.6378 0.5104 0.5657, 1.6378 0.5622 0.5657, 1.6378 0.4302 0.6175, 1.6378 0.422 0.5023, 1.6378 0.4233 0.6343, 1.6378 0.4202 0.6565, 1.6378 0.4201 0.6608, 1.6378 0.5814 0.6546, 1.6378 0.6398 1.0354, 1.6378 0.628 1.1545, 1.6378 0.3642 1.0354, 1.6378 0.422 0.8288, 1.6378 0.5933 1.269, 1.6378 0.422 0.3102, 1.6378 0.422 0.3333, 1.6378 0.422 0.2142, 1.6378 0.4662 0.2301, 1.6378 0.4662 0.2952, 1.6378 0.5795 0.2526, 1.6378 0.5795 0.2737, 1.6378 0.5795 0.4271, 1.6378 0.5771 0.4044, 1.6378 0.5706 0.3859, 1.6378 0.5591 0.3688, 1.6378 0.4652 0.3527, 1.6378 0.4511 0.3617, 1.6378 0.559 0.3686, 1.6378 0.5466 0.3575, 1.6378 0.5331 0.3502, 1.6378 0.4387 0.3747, 1.6378 0.4291 0.3911, 1.6378 0.4237 0.4093, 1.6378 0.422 0.4287, 1.6378 0.422 0.4716, 1.6378 0.5795 0.4716, 1.6378 0.5175 0.346, 1.6378 0.5027 0.3448, 1.6378 0.4817 0.347, 1.6378 0.422 0.1912, 1.6378 0.3642 -1.0236, 1.3622 -4.2618 1.6457, 1.3622 0.0295 1.6457, 1.3622 -4.2618 1.3701, 1.3622 0.0295 1.3701, 1.3622 0.1486 1.6339, 1.3622 0.2631 1.5992, 1.3622 0.3686 1.5428, 1.3622 0.461 1.4669, 1.3622 0.5369 1.3745, 1.3622 0.5933 1.269, 1.3622 0.628 1.1545, 1.3622 0.6398 1.0354, 1.3622 0.3642 1.0354, 1.3622 0.3528 1.122, 1.3622 0.3193 1.2028, 1.3622 0.2662 1.2721, 1.3622 0.1969 1.3252, 1.3622 0.1161 1.3587, 1.3622 0.6398 -1.0236, 1.3622 0.3642 -1.0236, 1.5866 -4.4193 1.4213, 1.5866 -4.4193 1.5945, 1.4134 -4.4193 1.4213, 1.4134 -4.4193 1.5945, 1.5866 0.5886 -1.1811, 1.5866 0.4154 -1.1811, 1.4134 0.5886 -1.1811, 1.4134 0.4154 -1.1811
            ]
        }
        coordIndex [
            0,1,2,-1,2,1,3,-1,2,3,4,-1,4,3,5,-1,4,5,6,-1,6,5,7,-1,8,9,10,-1,10,9,11,-1,10,11,12,-1,13,14,10,-1,10,14,15,-1,10,15,16,-1,12,17,10,-1,10,17,18,-1,10,18,19,-1,19,20,10,-1,10,20,21,-1,10,21,13,-1,22,23,15,-1,15,23,24,-1,15,24,16,-1,25,26,27,-1,28,29,30,-1,31,32,33,-1,33,32,34,-1,33,34,35,-1,28,30,36,-1,36,30,37,-1,36,37,35,-1,35,37,38,-1,35,38,33,-1,39,40,41,-1,41,40,42,-1,41,42,43,-1,44,45,46,-1,43,47,41,-1,41,47,48,-1,41,48,49,-1,50,51,52,-1,52,51,53,-1,52,53,54,-1,31,33,46,-1,46,33,55,-1,46,55,44,-1,54,56,52,-1,52,56,57,-1,52,57,58,-1,29,59,30,-1,30,59,60,-1,30,60,61,-1,62,63,30,-1,30,63,64,-1,65,66,67,-1,67,66,68,-1,64,69,30,-1,30,69,68,-1,30,68,70,-1,70,68,66,-1,71,72,73,-1,74,75,76,-1,76,75,77,-1,76,77,78,-1,78,77,79,-1,78,79,80,-1,61,81,30,-1,30,81,82,-1,30,82,62,-1,83,84,85,-1,85,84,86,-1,85,86,87,-1,87,86,88,-1,87,88,89,-1,89,88,80,-1,89,80,90,-1,90,80,79,-1,48,91,49,-1,49,91,92,-1,49,92,52,-1,52,92,93,-1,52,93,50,-1,73,94,71,-1,71,94,45,-1,71,45,95,-1,95,45,44,-1,95,44,96,-1,96,44,97,-1,37,98,38,-1,38,98,45,-1,38,45,99,-1,99,45,94,-1,98,100,45,-1,45,100,101,-1,45,101,102,-1,103,27,57,-1,57,27,104,-1,57,104,105,-1,102,40,45,-1,45,40,39,-1,45,39,106,-1,106,39,107,-1,106,107,74,-1,74,107,58,-1,74,58,75,-1,75,58,57,-1,75,57,108,-1,108,57,105,-1,109,110,45,-1,111,112,113,-1,114,46,115,-1,115,46,116,-1,116,117,115,-1,115,117,118,-1,115,118,119,-1,110,120,121,-1,119,122,115,-1,115,122,123,-1,115,123,124,-1,121,125,110,-1,110,125,126,-1,110,126,45,-1,45,126,127,-1,127,128,45,-1,45,128,129,-1,45,129,46,-1,46,129,130,-1,46,130,116,-1,124,131,115,-1,115,131,132,-1,115,132,110,-1,110,132,133,-1,110,133,120,-1,113,109,111,-1,111,109,45,-1,111,45,134,-1,134,45,135,-1,134,135,114,-1,114,135,25,-1,114,25,46,-1,46,25,27,-1,46,27,31,-1,31,27,103,-1,83,85,136,-1,136,85,137,-1,138,139,84,-1,84,139,86,-1,137,85,87,-1,137,87,140,-1,140,87,89,-1,140,89,141,-1,141,89,90,-1,141,90,142,-1,142,90,79,-1,142,79,143,-1,143,79,77,-1,143,77,144,-1,144,77,75,-1,144,75,145,-1,75,108,145,-1,145,108,105,-1,145,105,146,-1,146,105,104,-1,146,104,147,-1,148,106,149,-1,149,106,74,-1,149,74,150,-1,150,74,76,-1,150,76,151,-1,151,76,78,-1,151,78,152,-1,152,78,80,-1,152,80,153,-1,153,80,88,-1,153,88,139,-1,139,88,86,-1,26,154,27,-1,27,154,147,-1,27,147,104,-1,138,136,139,-1,139,136,137,-1,139,137,153,-1,150,145,149,-1,149,145,146,-1,149,146,148,-1,148,146,147,-1,148,147,155,-1,155,147,154,-1,137,140,153,-1,153,140,141,-1,153,141,152,-1,152,141,142,-1,152,142,151,-1,151,142,143,-1,151,143,150,-1,150,143,144,-1,150,144,145,-1,155,135,148,-1,148,135,45,-1,148,45,106,-1,156,157,158,-1,158,157,159,-1,160,161,162,-1,162,161,163,-1,136,159,83,-1,83,159,157,-1,138,158,136,-1,136,158,159,-1,156,84,157,-1,157,84,83,-1,84,156,138,-1,138,156,158,-1,161,135,163,-1,163,135,155,-1,135,161,25,-1,25,161,160,-1,25,160,26,-1,154,162,155,-1,155,162,163,-1,162,154,160,-1,160,154,26,-1,
        ]
    }
}
Shape{
    appearance Appearance {
        material  Material 	{
            diffuseColor 0.2235294117647059 0.2235294117647059 0.2235294117647059
            specularColor 0.11372549019607843 0.11372549019607843 0.11372549019607843
            ambientIntensity 0.2235
            transparency 0.0
            shininess 0.5
        }
    }
    geometry IndexedFaceSet {
        ccw TRUE
        solid FALSE
        coord DEF co Coordinate {
            point [
                1.6339 0.5795 0.2526, 1.6339 0.422 0.1912, 1.6378 0.5795 0.2526, 1.6378 0.422 0.1912, 1.6339 0.422 0.2142, 1.6378 0.422 0.2142, 1.6339 0.4662 0.2301, 1.6378 0.4662 0.2301, 1.6339 0.4662 0.2952, 1.6378 0.4662 0.2952, 1.6339 0.422 0.3102, 1.6378 0.422 0.3102, 1.6339 0.422 0.3333, 1.6378 0.422 0.3333, 1.6339 0.5795 0.2737, 1.6378 0.5795 0.2737, 1.6339 0.4835 0.2899, 1.6339 0.5492 0.2664, 1.6339 0.5547 0.2649, 1.6339 0.5603 0.2639, 1.6339 0.5603 0.2634, 1.6339 0.5547 0.2623, 1.6339 0.5492 0.2609, 1.6339 0.4835 0.2372, 1.6378 0.4835 0.2899, 1.6378 0.4835 0.2372, 1.6378 0.5492 0.2664, 1.6378 0.5547 0.2649, 1.6378 0.5603 0.2639, 1.6378 0.5603 0.2634, 1.6378 0.5547 0.2623, 1.6378 0.5492 0.2609, 1.6339 0.422 0.4287, 1.6339 0.422 0.4716, 1.6378 0.422 0.4287, 1.6378 0.422 0.4716, 1.6339 0.5795 0.4716, 1.6378 0.5795 0.4716, 1.6339 0.5795 0.4271, 1.6378 0.5795 0.4271, 1.6339 0.5027 0.3448, 1.6378 0.5027 0.3448, 1.6378 0.5175 0.346, 1.6339 0.5175 0.346, 1.6378 0.5331 0.3502, 1.6339 0.5331 0.3502, 1.6378 0.5466 0.3575, 1.6339 0.5466 0.3575, 1.6378 0.559 0.3686, 1.6339 0.559 0.3686, 1.6378 0.5591 0.3688, 1.6339 0.5591 0.3688, 1.6378 0.5706 0.3859, 1.6339 0.5706 0.3859, 1.6378 0.5771 0.4044, 1.6339 0.5771 0.4044, 1.6378 0.4237 0.4093, 1.6339 0.4237 0.4093, 1.6378 0.4291 0.3911, 1.6339 0.4291 0.3911, 1.6378 0.4387 0.3747, 1.6339 0.4387 0.3747, 1.6378 0.4511 0.3617, 1.6339 0.4511 0.3617, 1.6378 0.4652 0.3527, 1.6339 0.4652 0.3527, 1.6378 0.4817 0.347, 1.6339 0.4817 0.347, 1.6339 0.5401 0.3764, 1.6339 0.5482 0.3841, 1.6339 0.5557 0.3956, 1.6339 0.5602 0.4086, 1.6339 0.5622 0.4272, 1.6339 0.5622 0.4504, 1.6339 0.4393 0.4504, 1.6339 0.4393 0.4281, 1.6339 0.4408 0.4115, 1.6339 0.445 0.3982, 1.6339 0.4514 0.3875, 1.6339 0.4601 0.3786, 1.6339 0.4709 0.372, 1.6339 0.4857 0.3674, 1.6339 0.5023 0.3659, 1.6339 0.518 0.3673, 1.6339 0.5304 0.3709, 1.6378 0.5622 0.4272, 1.6378 0.5622 0.4504, 1.6378 0.5602 0.4086, 1.6378 0.5557 0.3956, 1.6378 0.5482 0.3841, 1.6378 0.5401 0.3764, 1.6378 0.5304 0.3709, 1.6378 0.518 0.3673, 1.6378 0.5023 0.3659, 1.6378 0.4857 0.3674, 1.6378 0.4709 0.372, 1.6378 0.4601 0.3786, 1.6378 0.4514 0.3875, 1.6378 0.445 0.3982, 1.6378 0.4408 0.4115, 1.6378 0.4393 0.4281, 1.6378 0.4393 0.4504, 1.6339 0.4393 0.5023, 1.6339 0.422 0.5023, 1.6378 0.4393 0.5023, 1.6378 0.422 0.5023, 1.6339 0.422 0.5868, 1.6378 0.422 0.5868, 1.6339 0.5795 0.5868, 1.6378 0.5795 0.5868, 1.6339 0.5795 0.5061, 1.6378 0.5795 0.5061, 1.6339 0.5622 0.5061, 1.6378 0.5622 0.5061, 1.6339 0.5622 0.5657, 1.6378 0.5622 0.5657, 1.6339 0.5104 0.5657, 1.6378 0.5104 0.5657, 1.6339 0.5104 0.51, 1.6378 0.5104 0.51, 1.6339 0.4931 0.51, 1.6378 0.4931 0.51, 1.6339 0.4931 0.5657, 1.6378 0.4931 0.5657, 1.6339 0.4393 0.5657, 1.6378 0.4393 0.5657, 1.6339 0.4475 0.6175, 1.6339 0.4302 0.6175, 1.6378 0.4475 0.6175, 1.6378 0.4302 0.6175, 1.6339 0.4201 0.6608, 1.6378 0.4201 0.6608, 1.6378 0.4202 0.6565, 1.6339 0.4202 0.6565, 1.6378 0.4233 0.6343, 1.6339 0.4233 0.6343, 1.6339 0.4978 0.7347, 1.6378 0.4978 0.7347, 1.6378 0.4795 0.7331, 1.6339 0.4795 0.7331, 1.6378 0.4629 0.7284, 1.6339 0.4629 0.7284, 1.6378 0.4479 0.72, 1.6339 0.4479 0.72, 1.6378 0.4354 0.7082, 1.6339 0.4354 0.7082, 1.6378 0.4274 0.6955, 1.6339 0.4274 0.6955, 1.6378 0.4221 0.6803, 1.6339 0.4221 0.6803, 1.6339 0.5814 0.6546, 1.6378 0.5814 0.6546, 1.6339 0.5801 0.6704, 1.6378 0.5804 0.6663, 1.6378 0.5801 0.6704, 1.6378 0.575 0.688, 1.6339 0.575 0.688, 1.6378 0.5664 0.7029, 1.6339 0.5664 0.7029, 1.6378 0.5527 0.7171, 1.6339 0.5527 0.7171, 1.6378 0.538 0.7264, 1.6339 0.538 0.7264, 1.6378 0.5202 0.7324, 1.6339 0.5202 0.7324, 1.6378 0.5804 0.6407, 1.6339 0.5801 0.6357, 1.6378 0.5801 0.6357, 1.6339 0.5752 0.6175, 1.6378 0.5752 0.6175, 1.6339 0.554 0.6175, 1.6378 0.554 0.6175, 1.6339 0.5641 0.6544, 1.6378 0.5641 0.6544, 1.6378 0.5616 0.6353, 1.6339 0.5616 0.6353, 1.6339 0.4991 0.7135, 1.6378 0.4991 0.7135, 1.6378 0.5113 0.7128, 1.6339 0.5113 0.7128, 1.6378 0.5282 0.7086, 1.6339 0.5282 0.7086, 1.6378 0.5403 0.7021, 1.6339 0.5403 0.7021, 1.6378 0.5508 0.6926, 1.6339 0.5508 0.6926, 1.6378 0.5581 0.6817, 1.6339 0.5581 0.6817, 1.6378 0.5624 0.6699, 1.6339 0.5624 0.6699, 1.6339 0.4374 0.6579, 1.6378 0.4374 0.6579, 1.6378 0.439 0.6726, 1.6339 0.439 0.6726, 1.6378 0.4432 0.6841, 1.6339 0.4432 0.6841, 1.6378 0.4498 0.6938, 1.6339 0.4498 0.6938, 1.6378 0.4576 0.7012, 1.6339 0.4576 0.7012, 1.6378 0.4685 0.7077, 1.6339 0.4685 0.7077, 1.6378 0.482 0.7119, 1.6339 0.482 0.7119, 1.6378 0.4459 0.6203, 1.6339 0.4459 0.6203, 1.6378 0.4397 0.637, 1.6339 0.4397 0.637, 1.6339 0.4393 0.7481, 1.6339 0.422 0.7481, 1.6378 0.4393 0.7481, 1.6378 0.422 0.7481, 1.6339 0.422 0.8288, 1.6378 0.422 0.8288, 1.6339 0.5795 0.8288, 1.6378 0.5795 0.8288, 1.6339 0.5795 0.8076, 1.6378 0.5795 0.8076, 1.6339 0.4393 0.8076, 1.6378 0.4393 0.8076
            ]
        }
        coordIndex [
            0,1,2,-1,2,1,3,-1,1,4,3,-1,3,4,5,-1,4,6,5,-1,5,6,7,-1,6,8,7,-1,7,8,9,-1,8,10,9,-1,9,10,11,-1,10,12,11,-1,11,12,13,-1,12,14,13,-1,13,14,15,-1,14,0,15,-1,15,0,2,-1,16,17,14,-1,12,10,8,-1,17,18,14,-1,14,18,19,-1,14,19,0,-1,0,19,20,-1,0,20,21,-1,21,22,0,-1,0,22,23,-1,0,23,1,-1,4,1,6,-1,6,1,23,-1,6,23,8,-1,8,23,16,-1,8,16,12,-1,12,16,14,-1,16,23,24,-1,24,23,25,-1,17,16,26,-1,26,16,24,-1,17,26,27,-1,17,27,18,-1,18,27,28,-1,18,28,19,-1,20,19,29,-1,29,19,28,-1,20,29,30,-1,20,30,21,-1,21,30,31,-1,21,31,22,-1,23,22,25,-1,25,22,31,-1,32,33,34,-1,34,33,35,-1,33,36,35,-1,35,36,37,-1,36,38,37,-1,37,38,39,-1,40,41,42,-1,40,42,43,-1,43,42,44,-1,43,44,45,-1,45,44,46,-1,45,46,47,-1,47,46,48,-1,47,48,49,-1,49,48,50,-1,49,50,51,-1,51,50,52,-1,51,52,53,-1,53,52,54,-1,53,54,55,-1,55,54,39,-1,55,39,38,-1,32,34,56,-1,32,56,57,-1,57,56,58,-1,57,58,59,-1,59,58,60,-1,59,60,61,-1,61,60,62,-1,61,62,63,-1,63,62,64,-1,63,64,65,-1,65,64,66,-1,65,66,67,-1,67,66,41,-1,67,41,40,-1,45,47,68,-1,68,47,49,-1,68,49,69,-1,69,49,51,-1,69,51,70,-1,70,51,53,-1,70,53,71,-1,71,53,55,-1,71,55,72,-1,72,55,38,-1,72,38,73,-1,73,38,36,-1,73,36,74,-1,74,36,33,-1,74,33,75,-1,75,33,32,-1,75,32,76,-1,76,32,57,-1,76,57,77,-1,77,57,59,-1,77,59,78,-1,78,59,61,-1,78,61,79,-1,79,61,63,-1,79,63,80,-1,80,63,65,-1,80,65,81,-1,81,65,67,-1,81,67,82,-1,82,67,40,-1,82,40,83,-1,83,40,43,-1,83,43,84,-1,84,43,45,-1,84,45,68,-1,72,73,85,-1,85,73,86,-1,72,85,87,-1,72,87,71,-1,71,87,88,-1,71,88,70,-1,70,88,89,-1,70,89,69,-1,69,89,90,-1,69,90,68,-1,68,90,91,-1,68,91,84,-1,84,91,92,-1,84,92,83,-1,83,92,93,-1,83,93,82,-1,82,93,94,-1,82,94,81,-1,81,94,95,-1,81,95,80,-1,80,95,96,-1,80,96,79,-1,79,96,97,-1,79,97,78,-1,78,97,98,-1,78,98,77,-1,77,98,99,-1,77,99,76,-1,76,99,100,-1,76,100,75,-1,74,75,101,-1,101,75,100,-1,73,74,86,-1,86,74,101,-1,102,103,104,-1,104,103,105,-1,103,106,105,-1,105,106,107,-1,106,108,107,-1,107,108,109,-1,108,110,109,-1,109,110,111,-1,110,112,111,-1,111,112,113,-1,112,114,113,-1,113,114,115,-1,114,116,115,-1,115,116,117,-1,116,118,117,-1,117,118,119,-1,118,120,119,-1,119,120,121,-1,120,122,121,-1,121,122,123,-1,122,124,123,-1,123,124,125,-1,124,102,125,-1,125,102,104,-1,106,103,102,-1,102,124,106,-1,106,124,122,-1,106,122,108,-1,112,110,114,-1,114,110,108,-1,114,108,116,-1,116,108,122,-1,116,122,118,-1,118,122,120,-1,126,127,128,-1,128,127,129,-1,130,131,132,-1,130,132,133,-1,133,132,134,-1,133,134,135,-1,135,134,129,-1,135,129,127,-1,136,137,138,-1,136,138,139,-1,139,138,140,-1,139,140,141,-1,141,140,142,-1,141,142,143,-1,143,142,144,-1,143,144,145,-1,145,144,146,-1,145,146,147,-1,147,146,148,-1,147,148,149,-1,149,148,131,-1,149,131,130,-1,150,151,152,-1,152,151,153,-1,153,154,152,-1,152,154,155,-1,152,155,156,-1,156,155,157,-1,156,157,158,-1,158,157,159,-1,158,159,160,-1,160,159,161,-1,160,161,162,-1,162,161,163,-1,162,163,164,-1,164,163,137,-1,164,137,136,-1,151,150,165,-1,165,150,166,-1,165,166,167,-1,167,166,168,-1,167,168,169,-1,168,170,169,-1,169,170,171,-1,172,173,174,-1,172,174,175,-1,175,174,171,-1,175,171,170,-1,176,177,178,-1,176,178,179,-1,179,178,180,-1,179,180,181,-1,181,180,182,-1,181,182,183,-1,183,182,184,-1,183,184,185,-1,185,184,186,-1,185,186,187,-1,187,186,188,-1,187,188,189,-1,189,188,173,-1,189,173,172,-1,190,191,192,-1,190,192,193,-1,193,192,194,-1,193,194,195,-1,195,194,196,-1,195,196,197,-1,197,196,198,-1,197,198,199,-1,199,198,200,-1,199,200,201,-1,201,200,202,-1,201,202,203,-1,203,202,177,-1,203,177,176,-1,126,128,204,-1,126,204,205,-1,205,204,206,-1,205,206,207,-1,207,206,191,-1,207,191,190,-1,193,130,190,-1,190,130,133,-1,190,133,207,-1,207,133,135,-1,207,135,205,-1,205,135,127,-1,205,127,126,-1,170,168,175,-1,175,168,166,-1,175,166,172,-1,172,166,150,-1,172,150,189,-1,189,150,152,-1,189,152,187,-1,187,152,156,-1,187,156,185,-1,185,156,158,-1,185,158,183,-1,183,158,160,-1,183,160,181,-1,181,160,162,-1,181,162,179,-1,179,162,164,-1,179,164,176,-1,176,164,136,-1,176,136,203,-1,203,136,139,-1,203,139,201,-1,201,139,141,-1,201,141,199,-1,199,141,143,-1,199,143,197,-1,197,143,145,-1,197,145,195,-1,195,145,147,-1,195,147,193,-1,193,147,149,-1,193,149,130,-1,208,209,210,-1,210,209,211,-1,209,212,211,-1,211,212,213,-1,212,214,213,-1,213,214,215,-1,214,216,215,-1,215,216,217,-1,216,218,217,-1,217,218,219,-1,218,208,219,-1,219,208,210,-1,216,214,218,-1,218,214,212,-1,218,212,208,-1,208,212,209,-1,
        ]
    }
}
Shape{
    appearance Appearance {
        material  Material 	{
            diffuseColor 0.9490196078431372 0.7607843137254902 0.1803921568627451
            specularColor 0.7607843137254902 0.6078431372549019 0.1450980392156863
            ambientIntensity 0.7509
            transparency 0.0
            shininess 0.5
        }
    }
    geometry IndexedFaceSet {
        ccw TRUE
        solid FALSE
        coord DEF co Coordinate {
            point [
                1.6378 0.4835 0.2899, 1.6378 0.4835 0.2372, 1.6378 0.5492 0.2664, 1.6378 0.5492 0.2609, 1.6378 0.5547 0.2649, 1.6378 0.5547 0.2623, 1.6378 0.5603 0.2639, 1.6378 0.5603 0.2634, 1.6378 0.5622 0.4504, 1.6378 0.4393 0.4504, 1.6378 0.5622 0.4272, 1.6378 0.4393 0.4281, 1.6378 0.4408 0.4115, 1.6378 0.5023 0.3659, 1.6378 0.518 0.3673, 1.6378 0.5304 0.3709, 1.6378 0.5602 0.4086, 1.6378 0.445 0.3982, 1.6378 0.4514 0.3875, 1.6378 0.4601 0.3786, 1.6378 0.4709 0.372, 1.6378 0.4857 0.3674, 1.6378 0.5401 0.3764, 1.6378 0.5482 0.3841, 1.6378 0.5557 0.3956, 0.6378 0.5804 -1.0236, 0.6378 0.6398 -1.0236, 0.6378 0.6398 0.4869, 0.6378 0.5641 0.6544, 0.6378 0.5624 0.6699, 0.6378 0.4459 0.6203, 0.6378 0.5804 0.6407, 0.6378 0.5801 0.6357, 0.6378 0.5795 0.5868, 0.6378 0.5752 0.6175, 0.6378 0.554 0.6175, 0.6378 0.5616 0.6353, 0.6378 0.4475 0.6175, 0.6378 0.422 0.5868, 0.6378 0.422 0.7481, 0.6378 0.4221 0.6803, 0.6378 0.4393 0.7481, 0.6378 0.4274 0.6955, 0.6378 0.4354 0.7082, 0.6378 0.5622 0.5061, 0.6378 0.3642 0.4869, 0.6378 0.5804 0.4869, 0.6378 0.4479 0.72, 0.6378 0.4629 0.7284, 0.6378 0.4393 0.8076, 0.6378 0.538 0.7264, 0.6378 0.5527 0.7171, 0.6378 0.5795 0.8076, 0.6378 0.5664 0.7029, 0.6378 0.575 0.688, 0.6378 0.5795 0.5061, 0.6378 0.5801 0.6704, 0.6378 0.5804 0.6663, 0.6378 0.5795 0.8288, 0.6378 0.5581 0.6817, 0.6378 0.5508 0.6926, 0.6378 0.5403 0.7021, 0.6378 0.4991 0.7135, 0.6378 0.482 0.7119, 0.6378 0.4685 0.7077, 0.6378 0.439 0.6726, 0.6378 0.4374 0.6579, 0.6378 0.4432 0.6841, 0.6378 0.4498 0.6938, 0.6378 0.4576 0.7012, 0.6378 0.4397 0.637, 0.6378 0.4931 0.51, 0.6378 0.4931 0.5657, 0.6378 0.4393 0.5657, 0.6378 0.3528 1.122, 0.6378 0.5804 1.293, 0.6378 0.3193 1.2028, 0.6378 0.5369 1.3745, 0.6378 0.2662 1.2721, 0.6378 0.461 1.4669, 0.6378 0.1969 1.3252, 0.6378 0.5282 0.7086, 0.6378 0.5113 0.7128, 0.6378 -4.2618 1.6457, 0.6378 -4.2618 1.3701, 0.6378 0.0295 1.6457, 0.6378 0.0295 1.3701, 0.6378 0.1486 1.6339, 0.6378 0.1161 1.3587, 0.6378 0.2631 1.5992, 0.6378 0.3686 1.5428, 0.6378 0.4795 0.7331, 0.6378 0.4978 0.7347, 0.6378 0.5202 0.7324, 0.6378 0.4393 0.5023, 0.6378 0.5104 0.51, 0.6378 0.5104 0.5657, 0.6378 0.5622 0.5657, 0.6378 0.4302 0.6175, 0.6378 0.422 0.5023, 0.6378 0.4233 0.6343, 0.6378 0.4202 0.6565, 0.6378 0.4201 0.6608, 0.6378 0.5814 0.6546, 0.6378 0.6398 1.0354, 0.6378 0.628 1.1545, 0.6378 0.3642 1.0354, 0.6378 0.422 0.8288, 0.6378 0.5933 1.269, 0.6378 0.422 0.3102, 0.6378 0.422 0.3333, 0.6378 0.422 0.2142, 0.6378 0.4662 0.2301, 0.6378 0.4662 0.2952, 0.6378 0.5795 0.2526, 0.6378 0.5795 0.2737, 0.6378 0.5795 0.4271, 0.6378 0.5771 0.4044, 0.6378 0.5706 0.3859, 0.6378 0.5591 0.3688, 0.6378 0.4652 0.3527, 0.6378 0.4511 0.3617, 0.6378 0.559 0.3686, 0.6378 0.5466 0.3575, 0.6378 0.5331 0.3502, 0.6378 0.4387 0.3747, 0.6378 0.4291 0.3911, 0.6378 0.4237 0.4093, 0.6378 0.422 0.4287, 0.6378 0.422 0.4716, 0.6378 0.5795 0.4716, 0.6378 0.5175 0.346, 0.6378 0.5027 0.3448, 0.6378 0.4817 0.347, 0.6378 0.422 0.1912, 0.6378 0.3642 -1.0236, 0.3622 -4.2618 1.6457, 0.3622 0.0295 1.6457, 0.3622 -4.2618 1.3701, 0.3622 0.0295 1.3701, 0.3622 0.1486 1.6339, 0.3622 0.2631 1.5992, 0.3622 0.3686 1.5428, 0.3622 0.461 1.4669, 0.3622 0.5369 1.3745, 0.3622 0.5933 1.269, 0.3622 0.628 1.1545, 0.3622 0.6398 1.0354, 0.3622 0.3642 1.0354, 0.3622 0.3528 1.122, 0.3622 0.3193 1.2028, 0.3622 0.2662 1.2721, 0.3622 0.1969 1.3252, 0.3622 0.1161 1.3587, 0.3622 0.6398 -1.0236, 0.3622 0.3642 -1.0236, 0.5866 -4.4193 1.4213, 0.5866 -4.4193 1.5945, 0.4134 -4.4193 1.4213, 0.4134 -4.4193 1.5945, 0.5866 0.5886 -1.1811, 0.5866 0.4154 -1.1811, 0.4134 0.5886 -1.1811, 0.4134 0.4154 -1.1811
            ]
        }
        coordIndex [
            0,1,2,-1,2,1,3,-1,2,3,4,-1,4,3,5,-1,4,5,6,-1,6,5,7,-1,8,9,10,-1,10,9,11,-1,10,11,12,-1,13,14,10,-1,10,14,15,-1,10,15,16,-1,12,17,10,-1,10,17,18,-1,10,18,19,-1,19,20,10,-1,10,20,21,-1,10,21,13,-1,22,23,15,-1,15,23,24,-1,15,24,16,-1,25,26,27,-1,28,29,30,-1,31,32,33,-1,33,32,34,-1,33,34,35,-1,28,30,36,-1,36,30,37,-1,36,37,35,-1,35,37,38,-1,35,38,33,-1,39,40,41,-1,41,40,42,-1,41,42,43,-1,44,45,46,-1,43,47,41,-1,41,47,48,-1,41,48,49,-1,50,51,52,-1,52,51,53,-1,52,53,54,-1,31,33,46,-1,46,33,55,-1,46,55,44,-1,54,56,52,-1,52,56,57,-1,52,57,58,-1,29,59,30,-1,30,59,60,-1,30,60,61,-1,62,63,30,-1,30,63,64,-1,65,66,67,-1,67,66,68,-1,64,69,30,-1,30,69,68,-1,30,68,70,-1,70,68,66,-1,71,72,73,-1,74,75,76,-1,76,75,77,-1,76,77,78,-1,78,77,79,-1,78,79,80,-1,61,81,30,-1,30,81,82,-1,30,82,62,-1,83,84,85,-1,85,84,86,-1,85,86,87,-1,87,86,88,-1,87,88,89,-1,89,88,80,-1,89,80,90,-1,90,80,79,-1,48,91,49,-1,49,91,92,-1,49,92,52,-1,52,92,93,-1,52,93,50,-1,73,94,71,-1,71,94,45,-1,71,45,95,-1,95,45,44,-1,95,44,96,-1,96,44,97,-1,37,98,38,-1,38,98,45,-1,38,45,99,-1,99,45,94,-1,98,100,45,-1,45,100,101,-1,45,101,102,-1,103,27,57,-1,57,27,104,-1,57,104,105,-1,102,40,45,-1,45,40,39,-1,45,39,106,-1,106,39,107,-1,106,107,74,-1,74,107,58,-1,74,58,75,-1,75,58,57,-1,75,57,108,-1,108,57,105,-1,109,110,45,-1,111,112,113,-1,114,46,115,-1,115,46,116,-1,116,117,115,-1,115,117,118,-1,115,118,119,-1,110,120,121,-1,119,122,115,-1,115,122,123,-1,115,123,124,-1,121,125,110,-1,110,125,126,-1,110,126,45,-1,45,126,127,-1,127,128,45,-1,45,128,129,-1,45,129,46,-1,46,129,130,-1,46,130,116,-1,124,131,115,-1,115,131,132,-1,115,132,110,-1,110,132,133,-1,110,133,120,-1,113,109,111,-1,111,109,45,-1,111,45,134,-1,134,45,135,-1,134,135,114,-1,114,135,25,-1,114,25,46,-1,46,25,27,-1,46,27,31,-1,31,27,103,-1,83,85,136,-1,136,85,137,-1,138,139,84,-1,84,139,86,-1,137,85,87,-1,137,87,140,-1,140,87,89,-1,140,89,141,-1,141,89,90,-1,141,90,142,-1,142,90,79,-1,142,79,143,-1,143,79,77,-1,143,77,144,-1,144,77,75,-1,144,75,145,-1,75,108,145,-1,145,108,105,-1,145,105,146,-1,146,105,104,-1,146,104,147,-1,148,106,149,-1,149,106,74,-1,149,74,150,-1,150,74,76,-1,150,76,151,-1,151,76,78,-1,151,78,152,-1,152,78,80,-1,152,80,153,-1,153,80,88,-1,153,88,139,-1,139,88,86,-1,26,154,27,-1,27,154,147,-1,27,147,104,-1,138,136,139,-1,139,136,137,-1,139,137,153,-1,150,145,149,-1,149,145,146,-1,149,146,148,-1,148,146,147,-1,148,147,155,-1,155,147,154,-1,137,140,153,-1,153,140,141,-1,153,141,152,-1,152,141,142,-1,152,142,151,-1,151,142,143,-1,151,143,150,-1,150,143,144,-1,150,144,145,-1,155,135,148,-1,148,135,45,-1,148,45,106,-1,156,157,158,-1,158,157,159,-1,160,161,162,-1,162,161,163,-1,136,159,83,-1,83,159,157,-1,138,158,136,-1,136,158,159,-1,156,84,157,-1,157,84,83,-1,84,156,138,-1,138,156,158,-1,161,135,163,-1,163,135,155,-1,135,161,25,-1,25,161,160,-1,25,160,26,-1,154,162,155,-1,155,162,163,-1,162,154,160,-1,160,154,26,-1,
        ]
    }
}
Shape{
    appearance Appearance {
        material  Material 	{
            diffuseColor 0.2235294117647059 0.2235294117647059 0.2235294117647059
            specularColor 0.11372549019607843 0.11372549019607843 0.11372549019607843
            ambientIntensity 0.2235
            transparency 0.0
            shininess 0.5
        }
    }
    geometry IndexedFaceSet {
        ccw TRUE
        solid FALSE
        coord DEF co Coordinate {
            point [
                0.6339 0.5795 0.2526, 0.6339 0.422 0.1912, 0.6378 0.5795 0.2526, 0.6378 0.422 0.1912, 0.6339 0.422 0.2142, 0.6378 0.422 0.2142, 0.6339 0.4662 0.2301, 0.6378 0.4662 0.2301, 0.6339 0.4662 0.2952, 0.6378 0.4662 0.2952, 0.6339 0.422 0.3102, 0.6378 0.422 0.3102, 0.6339 0.422 0.3333, 0.6378 0.422 0.3333, 0.6339 0.5795 0.2737, 0.6378 0.5795 0.2737, 0.6339 0.4835 0.2899, 0.6339 0.5492 0.2664, 0.6339 0.5547 0.2649, 0.6339 0.5603 0.2639, 0.6339 0.5603 0.2634, 0.6339 0.5547 0.2623, 0.6339 0.5492 0.2609, 0.6339 0.4835 0.2372, 0.6378 0.4835 0.2899, 0.6378 0.4835 0.2372, 0.6378 0.5492 0.2664, 0.6378 0.5547 0.2649, 0.6378 0.5603 0.2639, 0.6378 0.5603 0.2634, 0.6378 0.5547 0.2623, 0.6378 0.5492 0.2609, 0.6339 0.422 0.4287, 0.6339 0.422 0.4716, 0.6378 0.422 0.4287, 0.6378 0.422 0.4716, 0.6339 0.5795 0.4716, 0.6378 0.5795 0.4716, 0.6339 0.5795 0.4271, 0.6378 0.5795 0.4271, 0.6339 0.5027 0.3448, 0.6378 0.5027 0.3448, 0.6378 0.5175 0.346, 0.6339 0.5175 0.346, 0.6378 0.5331 0.3502, 0.6339 0.5331 0.3502, 0.6378 0.5466 0.3575, 0.6339 0.5466 0.3575, 0.6378 0.559 0.3686, 0.6339 0.559 0.3686, 0.6378 0.5591 0.3688, 0.6339 0.5591 0.3688, 0.6378 0.5706 0.3859, 0.6339 0.5706 0.3859, 0.6378 0.5771 0.4044, 0.6339 0.5771 0.4044, 0.6378 0.4237 0.4093, 0.6339 0.4237 0.4093, 0.6378 0.4291 0.3911, 0.6339 0.4291 0.3911, 0.6378 0.4387 0.3747, 0.6339 0.4387 0.3747, 0.6378 0.4511 0.3617, 0.6339 0.4511 0.3617, 0.6378 0.4652 0.3527, 0.6339 0.4652 0.3527, 0.6378 0.4817 0.347, 0.6339 0.4817 0.347, 0.6339 0.5401 0.3764, 0.6339 0.5482 0.3841, 0.6339 0.5557 0.3956, 0.6339 0.5602 0.4086, 0.6339 0.5622 0.4272, 0.6339 0.5622 0.4504, 0.6339 0.4393 0.4504, 0.6339 0.4393 0.4281, 0.6339 0.4408 0.4115, 0.6339 0.445 0.3982, 0.6339 0.4514 0.3875, 0.6339 0.4601 0.3786, 0.6339 0.4709 0.372, 0.6339 0.4857 0.3674, 0.6339 0.5023 0.3659, 0.6339 0.518 0.3673, 0.6339 0.5304 0.3709, 0.6378 0.5622 0.4272, 0.6378 0.5622 0.4504, 0.6378 0.5602 0.4086, 0.6378 0.5557 0.3956, 0.6378 0.5482 0.3841, 0.6378 0.5401 0.3764, 0.6378 0.5304 0.3709, 0.6378 0.518 0.3673, 0.6378 0.5023 0.3659, 0.6378 0.4857 0.3674, 0.6378 0.4709 0.372, 0.6378 0.4601 0.3786, 0.6378 0.4514 0.3875, 0.6378 0.445 0.3982, 0.6378 0.4408 0.4115, 0.6378 0.4393 0.4281, 0.6378 0.4393 0.4504, 0.6339 0.4393 0.5023, 0.6339 0.422 0.5023, 0.6378 0.4393 0.5023, 0.6378 0.422 0.5023, 0.6339 0.422 0.5868, 0.6378 0.422 0.5868, 0.6339 0.5795 0.5868, 0.6378 0.5795 0.5868, 0.6339 0.5795 0.5061, 0.6378 0.5795 0.5061, 0.6339 0.5622 0.5061, 0.6378 0.5622 0.5061, 0.6339 0.5622 0.5657, 0.6378 0.5622 0.5657, 0.6339 0.5104 0.5657, 0.6378 0.5104 0.5657, 0.6339 0.5104 0.51, 0.6378 0.5104 0.51, 0.6339 0.4931 0.51, 0.6378 0.4931 0.51, 0.6339 0.4931 0.5657, 0.6378 0.4931 0.5657, 0.6339 0.4393 0.5657, 0.6378 0.4393 0.5657, 0.6339 0.4475 0.6175, 0.6339 0.4302 0.6175, 0.6378 0.4475 0.6175, 0.6378 0.4302 0.6175, 0.6339 0.4201 0.6608, 0.6378 0.4201 0.6608, 0.6378 0.4202 0.6565, 0.6339 0.4202 0.6565, 0.6378 0.4233 0.6343, 0.6339 0.4233 0.6343, 0.6339 0.4978 0.7347, 0.6378 0.4978 0.7347, 0.6378 0.4795 0.7331, 0.6339 0.4795 0.7331, 0.6378 0.4629 0.7284, 0.6339 0.4629 0.7284, 0.6378 0.4479 0.72, 0.6339 0.4479 0.72, 0.6378 0.4354 0.7082, 0.6339 0.4354 0.7082, 0.6378 0.4274 0.6955, 0.6339 0.4274 0.6955, 0.6378 0.4221 0.6803, 0.6339 0.4221 0.6803, 0.6339 0.5814 0.6546, 0.6378 0.5814 0.6546, 0.6339 0.5801 0.6704, 0.6378 0.5804 0.6663, 0.6378 0.5801 0.6704, 0.6378 0.575 0.688, 0.6339 0.575 0.688, 0.6378 0.5664 0.7029, 0.6339 0.5664 0.7029, 0.6378 0.5527 0.7171, 0.6339 0.5527 0.7171, 0.6378 0.538 0.7264, 0.6339 0.538 0.7264, 0.6378 0.5202 0.7324, 0.6339 0.5202 0.7324, 0.6378 0.5804 0.6407, 0.6339 0.5801 0.6357, 0.6378 0.5801 0.6357, 0.6339 0.5752 0.6175, 0.6378 0.5752 0.6175, 0.6339 0.554 0.6175, 0.6378 0.554 0.6175, 0.6339 0.5641 0.6544, 0.6378 0.5641 0.6544, 0.6378 0.5616 0.6353, 0.6339 0.5616 0.6353, 0.6339 0.4991 0.7135, 0.6378 0.4991 0.7135, 0.6378 0.5113 0.7128, 0.6339 0.5113 0.7128, 0.6378 0.5282 0.7086, 0.6339 0.5282 0.7086, 0.6378 0.5403 0.7021, 0.6339 0.5403 0.7021, 0.6378 0.5508 0.6926, 0.6339 0.5508 0.6926, 0.6378 0.5581 0.6817, 0.6339 0.5581 0.6817, 0.6378 0.5624 0.6699, 0.6339 0.5624 0.6699, 0.6339 0.4374 0.6579, 0.6378 0.4374 0.6579, 0.6378 0.439 0.6726, 0.6339 0.439 0.6726, 0.6378 0.4432 0.6841, 0.6339 0.4432 0.6841, 0.6378 0.4498 0.6938, 0.6339 0.4498 0.6938, 0.6378 0.4576 0.7012, 0.6339 0.4576 0.7012, 0.6378 0.4685 0.7077, 0.6339 0.4685 0.7077, 0.6378 0.482 0.7119, 0.6339 0.482 0.7119, 0.6378 0.4459 0.6203, 0.6339 0.4459 0.6203, 0.6378 0.4397 0.637, 0.6339 0.4397 0.637, 0.6339 0.4393 0.7481, 0.6339 0.422 0.7481, 0.6378 0.4393 0.7481, 0.6378 0.422 0.7481, 0.6339 0.422 0.8288, 0.6378 0.422 0.8288, 0.6339 0.5795 0.8288, 0.6378 0.5795 0.8288, 0.6339 0.5795 0.8076, 0.6378 0.5795 0.8076, 0.6339 0.4393 0.8076, 0.6378 0.4393 0.8076
            ]
        }
        coordIndex [
            0,1,2,-1,2,1,3,-1,1,4,3,-1,3,4,5,-1,4,6,5,-1,5,6,7,-1,6,8,7,-1,7,8,9,-1,8,10,9,-1,9,10,11,-1,10,12,11,-1,11,12,13,-1,12,14,13,-1,13,14,15,-1,14,0,15,-1,15,0,2,-1,16,17,14,-1,12,10,8,-1,17,18,14,-1,14,18,19,-1,14,19,0,-1,0,19,20,-1,0,20,21,-1,21,22,0,-1,0,22,23,-1,0,23,1,-1,4,1,6,-1,6,1,23,-1,6,23,8,-1,8,23,16,-1,8,16,12,-1,12,16,14,-1,16,23,24,-1,24,23,25,-1,17,16,26,-1,26,16,24,-1,17,26,27,-1,17,27,18,-1,18,27,28,-1,18,28,19,-1,20,19,29,-1,29,19,28,-1,20,29,30,-1,20,30,21,-1,21,30,31,-1,21,31,22,-1,23,22,25,-1,25,22,31,-1,32,33,34,-1,34,33,35,-1,33,36,35,-1,35,36,37,-1,36,38,37,-1,37,38,39,-1,40,41,42,-1,40,42,43,-1,43,42,44,-1,43,44,45,-1,45,44,46,-1,45,46,47,-1,47,46,48,-1,47,48,49,-1,49,48,50,-1,49,50,51,-1,51,50,52,-1,51,52,53,-1,53,52,54,-1,53,54,55,-1,55,54,39,-1,55,39,38,-1,32,34,56,-1,32,56,57,-1,57,56,58,-1,57,58,59,-1,59,58,60,-1,59,60,61,-1,61,60,62,-1,61,62,63,-1,63,62,64,-1,63,64,65,-1,65,64,66,-1,65,66,67,-1,67,66,41,-1,67,41,40,-1,45,47,68,-1,68,47,49,-1,68,49,69,-1,69,49,51,-1,69,51,70,-1,70,51,53,-1,70,53,71,-1,71,53,55,-1,71,55,72,-1,72,55,38,-1,72,38,73,-1,73,38,36,-1,73,36,74,-1,74,36,33,-1,74,33,75,-1,75,33,32,-1,75,32,76,-1,76,32,57,-1,76,57,77,-1,77,57,59,-1,77,59,78,-1,78,59,61,-1,78,61,79,-1,79,61,63,-1,79,63,80,-1,80,63,65,-1,80,65,81,-1,81,65,67,-1,81,67,82,-1,82,67,40,-1,82,40,83,-1,83,40,43,-1,83,43,84,-1,84,43,45,-1,84,45,68,-1,72,73,85,-1,85,73,86,-1,72,85,87,-1,72,87,71,-1,71,87,88,-1,71,88,70,-1,70,88,89,-1,70,89,69,-1,69,89,90,-1,69,90,68,-1,68,90,91,-1,68,91,84,-1,84,91,92,-1,84,92,83,-1,83,92,93,-1,83,93,82,-1,82,93,94,-1,82,94,81,-1,81,94,95,-1,81,95,80,-1,80,95,96,-1,80,96,79,-1,79,96,97,-1,79,97,78,-1,78,97,98,-1,78,98,77,-1,77,98,99,-1,77,99,76,-1,76,99,100,-1,76,100,75,-1,74,75,101,-1,101,75,100,-1,73,74,86,-1,86,74,101,-1,102,103,104,-1,104,103,105,-1,103,106,105,-1,105,106,107,-1,106,108,107,-1,107,108,109,-1,108,110,109,-1,109,110,111,-1,110,112,111,-1,111,112,113,-1,112,114,113,-1,113,114,115,-1,114,116,115,-1,115,116,117,-1,116,118,117,-1,117,118,119,-1,118,120,119,-1,119,120,121,-1,120,122,121,-1,121,122,123,-1,122,124,123,-1,123,124,125,-1,124,102,125,-1,125,102,104,-1,106,103,102,-1,102,124,106,-1,106,124,122,-1,106,122,108,-1,112,110,114,-1,114,110,108,-1,114,108,116,-1,116,108,122,-1,116,122,118,-1,118,122,120,-1,126,127,128,-1,128,127,129,-1,130,131,132,-1,130,132,133,-1,133,132,134,-1,133,134,135,-1,135,134,129,-1,135,129,127,-1,136,137,138,-1,136,138,139,-1,139,138,140,-1,139,140,141,-1,141,140,142,-1,141,142,143,-1,143,142,144,-1,143,144,145,-1,145,144,146,-1,145,146,147,-1,147,146,148,-1,147,148,149,-1,149,148,131,-1,149,131,130,-1,150,151,152,-1,152,151,153,-1,153,154,152,-1,152,154,155,-1,152,155,156,-1,156,155,157,-1,156,157,158,-1,158,157,159,-1,158,159,160,-1,160,159,161,-1,160,161,162,-1,162,161,163,-1,162,163,164,-1,164,163,137,-1,164,137,136,-1,151,150,165,-1,165,150,166,-1,165,166,167,-1,167,166,168,-1,167,168,169,-1,168,170,169,-1,169,170,171,-1,172,173,174,-1,172,174,175,-1,175,174,171,-1,175,171,170,-1,176,177,178,-1,176,178,179,-1,179,178,180,-1,179,180,181,-1,181,180,182,-1,181,182,183,-1,183,182,184,-1,183,184,185,-1,185,184,186,-1,185,186,187,-1,187,186,188,-1,187,188,189,-1,189,188,173,-1,189,173,172,-1,190,191,192,-1,190,192,193,-1,193,192,194,-1,193,194,195,-1,195,194,196,-1,195,196,197,-1,197,196,198,-1,197,198,199,-1,199,198,200,-1,199,200,201,-1,201,200,202,-1,201,202,203,-1,203,202,177,-1,203,177,176,-1,126,128,204,-1,126,204,205,-1,205,204,206,-1,205,206,207,-1,207,206,191,-1,207,191,190,-1,193,130,190,-1,190,130,133,-1,190,133,207,-1,207,133,135,-1,207,135,205,-1,205,135,127,-1,205,127,126,-1,170,168,175,-1,175,168,166,-1,175,166,172,-1,172,166,150,-1,172,150,189,-1,189,150,152,-1,189,152,187,-1,187,152,156,-1,187,156,185,-1,185,156,158,-1,185,158,183,-1,183,158,160,-1,183,160,181,-1,181,160,162,-1,181,162,179,-1,179,162,164,-1,179,164,176,-1,176,164,136,-1,176,136,203,-1,203,136,139,-1,203,139,201,-1,201,139,141,-1,201,141,199,-1,199,141,143,-1,199,143,197,-1,197,143,145,-1,197,145,195,-1,195,145,147,-1,195,147,193,-1,193,147,149,-1,193,149,130,-1,208,209,210,-1,210,209,211,-1,209,212,211,-1,211,212,213,-1,212,214,213,-1,213,214,215,-1,214,216,215,-1,215,216,217,-1,216,218,217,-1,217,218,219,-1,218,208,219,-1,219,208,210,-1,216,214,218,-1,218,214,212,-1,218,212,208,-1,208,212,209,-1,
        ]
    }
}
Shape{
    appearance Appearance {
        material  Material 	{
            diffuseColor 0.9490196078431372 0.7607843137254902 0.1803921568627451
            specularColor 0.7607843137254902 0.6078431372549019 0.1450980392156863
            ambientIntensity 0.7509
            transparency 0.0
            shininess 0.5
        }
    }
    geometry IndexedFaceSet {
        ccw TRUE
        solid FALSE
        coord DEF co Coordinate {
            point [
                0.6378 0.4835 0.2899, 0.6378 0.4835 0.2372, 0.6378 0.5492 0.2664, 0.6378 0.5492 0.2609, 0.6378 0.5547 0.2649, 0.6378 0.5547 0.2623, 0.6378 0.5603 0.2639, 0.6378 0.5603 0.2634, 0.6378 0.5622 0.4504, 0.6378 0.4393 0.4504, 0.6378 0.5622 0.4272, 0.6378 0.4393 0.4281, 0.6378 0.4408 0.4115, 0.6378 0.5023 0.3659, 0.6378 0.518 0.3673, 0.6378 0.5304 0.3709, 0.6378 0.5602 0.4086, 0.6378 0.445 0.3982, 0.6378 0.4514 0.3875, 0.6378 0.4601 0.3786, 0.6378 0.4709 0.372, 0.6378 0.4857 0.3674, 0.6378 0.5401 0.3764, 0.6378 0.5482 0.3841, 0.6378 0.5557 0.3956, -0.3622 0.5804 -1.0236, -0.3622 0.6398 -1.0236, -0.3622 0.6398 0.4869, -0.3622 0.5641 0.6544, -0.3622 0.5624 0.6699, -0.3622 0.4459 0.6203, -0.3622 0.5804 0.6407, -0.3622 0.5801 0.6357, -0.3622 0.5795 0.5868, -0.3622 0.5752 0.6175, -0.3622 0.554 0.6175, -0.3622 0.5616 0.6353, -0.3622 0.4475 0.6175, -0.3622 0.422 0.5868, -0.3622 0.422 0.7481, -0.3622 0.4221 0.6803, -0.3622 0.4393 0.7481, -0.3622 0.4274 0.6955, -0.3622 0.4354 0.7082, -0.3622 0.5622 0.5061, -0.3622 0.3642 0.4869, -0.3622 0.5804 0.4869, -0.3622 0.4479 0.72, -0.3622 0.4629 0.7284, -0.3622 0.4393 0.8076, -0.3622 0.538 0.7264, -0.3622 0.5527 0.7171, -0.3622 0.5795 0.8076, -0.3622 0.5664 0.7029, -0.3622 0.575 0.688, -0.3622 0.5795 0.5061, -0.3622 0.5801 0.6704, -0.3622 0.5804 0.6663, -0.3622 0.5795 0.8288, -0.3622 0.5581 0.6817, -0.3622 0.5508 0.6926, -0.3622 0.5403 0.7021, -0.3622 0.4991 0.7135, -0.3622 0.482 0.7119, -0.3622 0.4685 0.7077, -0.3622 0.439 0.6726, -0.3622 0.4374 0.6579, -0.3622 0.4432 0.6841, -0.3622 0.4498 0.6938, -0.3622 0.4576 0.7012, -0.3622 0.4397 0.637, -0.3622 0.4931 0.51, -0.3622 0.4931 0.5657, -0.3622 0.4393 0.5657, -0.3622 0.3528 1.122, -0.3622 0.5804 1.293, -0.3622 0.3193 1.2028, -0.3622 0.5369 1.3745, -0.3622 0.2662 1.2721, -0.3622 0.461 1.4669, -0.3622 0.1969 1.3252, -0.3622 0.5282 0.7086, -0.3622 0.5113 0.7128, -0.3622 -4.2618 1.6457, -0.3622 -4.2618 1.3701, -0.3622 0.0295 1.6457, -0.3622 0.0295 1.3701, -0.3622 0.1486 1.6339, -0.3622 0.1161 1.3587, -0.3622 0.2631 1.5992, -0.3622 0.3686 1.5428, -0.3622 0.4795 0.7331, -0.3622 0.4978 0.7347, -0.3622 0.5202 0.7324, -0.3622 0.4393 0.5023, -0.3622 0.5104 0.51, -0.3622 0.5104 0.5657, -0.3622 0.5622 0.5657, -0.3622 0.4302 0.6175, -0.3622 0.422 0.5023, -0.3622 0.4233 0.6343, -0.3622 0.4202 0.6565, -0.3622 0.4201 0.6608, -0.3622 0.5814 0.6546, -0.3622 0.6398 1.0354, -0.3622 0.628 1.1545, -0.3622 0.3642 1.0354, -0.3622 0.422 0.8288, -0.3622 0.5933 1.269, -0.3622 0.422 0.3102, -0.3622 0.422 0.3333, -0.3622 0.422 0.2142, -0.3622 0.4662 0.2301, -0.3622 0.4662 0.2952, -0.3622 0.5795 0.2526, -0.3622 0.5795 0.2737, -0.3622 0.5795 0.4271, -0.3622 0.5771 0.4044, -0.3622 0.5706 0.3859, -0.3622 0.5591 0.3688, -0.3622 0.4652 0.3527, -0.3622 0.4511 0.3617, -0.3622 0.559 0.3686, -0.3622 0.5466 0.3575, -0.3622 0.5331 0.3502, -0.3622 0.4387 0.3747, -0.3622 0.4291 0.3911, -0.3622 0.4237 0.4093, -0.3622 0.422 0.4287, -0.3622 0.422 0.4716, -0.3622 0.5795 0.4716, -0.3622 0.5175 0.346, -0.3622 0.5027 0.3448, -0.3622 0.4817 0.347, -0.3622 0.422 0.1912, -0.3622 0.3642 -1.0236, -0.6378 -4.2618 1.6457, -0.6378 0.0295 1.6457, -0.6378 -4.2618 1.3701, -0.6378 0.0295 1.3701, -0.6378 0.1486 1.6339, -0.6378 0.2631 1.5992, -0.6378 0.3686 1.5428, -0.6378 0.461 1.4669, -0.6378 0.5369 1.3745, -0.6378 0.5933 1.269, -0.6378 0.628 1.1545, -0.6378 0.6398 1.0354, -0.6378 0.3642 1.0354, -0.6378 0.3528 1.122, -0.6378 0.3193 1.2028, -0.6378 0.2662 1.2721, -0.6378 0.1969 1.3252, -0.6378 0.1161 1.3587, -0.6378 0.6398 -1.0236, -0.6378 0.3642 -1.0236, -0.4134 -4.4193 1.4213, -0.4134 -4.4193 1.5945, -0.5866 -4.4193 1.4213, -0.5866 -4.4193 1.5945, -0.4134 0.5886 -1.1811, -0.4134 0.4154 -1.1811, -0.5866 0.5886 -1.1811, -0.5866 0.4154 -1.1811
            ]
        }
        coordIndex [
            0,1,2,-1,2,1,3,-1,2,3,4,-1,4,3,5,-1,4,5,6,-1,6,5,7,-1,8,9,10,-1,10,9,11,-1,10,11,12,-1,13,14,10,-1,10,14,15,-1,10,15,16,-1,12,17,10,-1,10,17,18,-1,10,18,19,-1,19,20,10,-1,10,20,21,-1,10,21,13,-1,22,23,15,-1,15,23,24,-1,15,24,16,-1,25,26,27,-1,28,29,30,-1,31,32,33,-1,33,32,34,-1,33,34,35,-1,28,30,36,-1,36,30,37,-1,36,37,35,-1,35,37,38,-1,35,38,33,-1,39,40,41,-1,41,40,42,-1,41,42,43,-1,44,45,46,-1,43,47,41,-1,41,47,48,-1,41,48,49,-1,50,51,52,-1,52,51,53,-1,52,53,54,-1,31,33,46,-1,46,33,55,-1,46,55,44,-1,54,56,52,-1,52,56,57,-1,52,57,58,-1,29,59,30,-1,30,59,60,-1,30,60,61,-1,62,63,30,-1,30,63,64,-1,65,66,67,-1,67,66,68,-1,64,69,30,-1,30,69,68,-1,30,68,70,-1,70,68,66,-1,71,72,73,-1,74,75,76,-1,76,75,77,-1,76,77,78,-1,78,77,79,-1,78,79,80,-1,61,81,30,-1,30,81,82,-1,30,82,62,-1,83,84,85,-1,85,84,86,-1,85,86,87,-1,87,86,88,-1,87,88,89,-1,89,88,80,-1,89,80,90,-1,90,80,79,-1,48,91,49,-1,49,91,92,-1,49,92,52,-1,52,92,93,-1,52,93,50,-1,73,94,71,-1,71,94,45,-1,71,45,95,-1,95,45,44,-1,95,44,96,-1,96,44,97,-1,37,98,38,-1,38,98,45,-1,38,45,99,-1,99,45,94,-1,98,100,45,-1,45,100,101,-1,45,101,102,-1,103,27,57,-1,57,27,104,-1,57,104,105,-1,102,40,45,-1,45,40,39,-1,45,39,106,-1,106,39,107,-1,106,107,74,-1,74,107,58,-1,74,58,75,-1,75,58,57,-1,75,57,108,-1,108,57,105,-1,109,110,45,-1,111,112,113,-1,114,46,115,-1,115,46,116,-1,116,117,115,-1,115,117,118,-1,115,118,119,-1,110,120,121,-1,119,122,115,-1,115,122,123,-1,115,123,124,-1,121,125,110,-1,110,125,126,-1,110,126,45,-1,45,126,127,-1,127,128,45,-1,45,128,129,-1,45,129,46,-1,46,129,130,-1,46,130,116,-1,124,131,115,-1,115,131,132,-1,115,132,110,-1,110,132,133,-1,110,133,120,-1,113,109,111,-1,111,109,45,-1,111,45,134,-1,134,45,135,-1,134,135,114,-1,114,135,25,-1,114,25,46,-1,46,25,27,-1,46,27,31,-1,31,27,103,-1,83,85,136,-1,136,85,137,-1,138,139,84,-1,84,139,86,-1,137,85,87,-1,137,87,140,-1,140,87,89,-1,140,89,141,-1,141,89,90,-1,141,90,142,-1,142,90,79,-1,142,79,143,-1,143,79,77,-1,143,77,144,-1,144,77,75,-1,144,75,145,-1,75,108,145,-1,145,108,105,-1,145,105,146,-1,146,105,104,-1,146,104,147,-1,148,106,149,-1,149,106,74,-1,149,74,150,-1,150,74,76,-1,150,76,151,-1,151,76,78,-1,151,78,152,-1,152,78,80,-1,152,80,153,-1,153,80,88,-1,153,88,139,-1,139,88,86,-1,26,154,27,-1,27,154,147,-1,27,147,104,-1,138,136,139,-1,139,136,137,-1,139,137,153,-1,150,145,149,-1,149,145,146,-1,149,146,148,-1,148,146,147,-1,148,147,155,-1,155,147,154,-1,137,140,153,-1,153,140,141,-1,153,141,152,-1,152,141,142,-1,152,142,151,-1,151,142,143,-1,151,143,150,-1,150,143,144,-1,150,144,145,-1,155,135,148,-1,148,135,45,-1,148,45,106,-1,156,157,158,-1,158,157,159,-1,160,161,162,-1,162,161,163,-1,136,159,83,-1,83,159,157,-1,138,158,136,-1,136,158,159,-1,156,84,157,-1,157,84,83,-1,84,156,138,-1,138,156,158,-1,161,135,163,-1,163,135,155,-1,135,161,25,-1,25,161,160,-1,25,160,26,-1,154,162,155,-1,155,162,163,-1,162,154,160,-1,160,154,26,-1,
        ]
    }
}
Shape{
    appearance Appearance {
        material  Material 	{
            diffuseColor 0.2235294117647059 0.2235294117647059 0.2235294117647059
            specularColor 0.11372549019607843 0.11372549019607843 0.11372549019607843
            ambientIntensity 0.2235
            transparency 0.0
            shininess 0.5
        }
    }
    geometry IndexedFaceSet {
        ccw TRUE
        solid FALSE
        coord DEF co Coordinate {
            point [
                -0.3661 0.5795 0.2526, -0.3661 0.422 0.1912, -0.3622 0.5795 0.2526, -0.3622 0.422 0.1912, -0.3661 0.422 0.2142, -0.3622 0.422 0.2142, -0.3661 0.4662 0.2301, -0.3622 0.4662 0.2301, -0.3661 0.4662 0.2952, -0.3622 0.4662 0.2952, -0.3661 0.422 0.3102, -0.3622 0.422 0.3102, -0.3661 0.422 0.3333, -0.3622 0.422 0.3333, -0.3661 0.5795 0.2737, -0.3622 0.5795 0.2737, -0.3661 0.4835 0.2899, -0.3661 0.5492 0.2664, -0.3661 0.5547 0.2649, -0.3661 0.5603 0.2639, -0.3661 0.5603 0.2634, -0.3661 0.5547 0.2623, -0.3661 0.5492 0.2609, -0.3661 0.4835 0.2372, -0.3622 0.4835 0.2899, -0.3622 0.4835 0.2372, -0.3622 0.5492 0.2664, -0.3622 0.5547 0.2649, -0.3622 0.5603 0.2639, -0.3622 0.5603 0.2634, -0.3622 0.5547 0.2623, -0.3622 0.5492 0.2609, -0.3661 0.422 0.4287, -0.3661 0.422 0.4716, -0.3622 0.422 0.4287, -0.3622 0.422 0.4716, -0.3661 0.5795 0.4716, -0.3622 0.5795 0.4716, -0.3661 0.5795 0.4271, -0.3622 0.5795 0.4271, -0.3661 0.5027 0.3448, -0.3622 0.5027 0.3448, -0.3622 0.5175 0.346, -0.3661 0.5175 0.346, -0.3622 0.5331 0.3502, -0.3661 0.5331 0.3502, -0.3622 0.5466 0.3575, -0.3661 0.5466 0.3575, -0.3622 0.559 0.3686, -0.3661 0.559 0.3686, -0.3622 0.5591 0.3688, -0.3661 0.5591 0.3688, -0.3622 0.5706 0.3859, -0.3661 0.5706 0.3859, -0.3622 0.5771 0.4044, -0.3661 0.5771 0.4044, -0.3622 0.4237 0.4093, -0.3661 0.4237 0.4093, -0.3622 0.4291 0.3911, -0.3661 0.4291 0.3911, -0.3622 0.4387 0.3747, -0.3661 0.4387 0.3747, -0.3622 0.4511 0.3617, -0.3661 0.4511 0.3617, -0.3622 0.4652 0.3527, -0.3661 0.4652 0.3527, -0.3622 0.4817 0.347, -0.3661 0.4817 0.347, -0.3661 0.5401 0.3764, -0.3661 0.5482 0.3841, -0.3661 0.5557 0.3956, -0.3661 0.5602 0.4086, -0.3661 0.5622 0.4272, -0.3661 0.5622 0.4504, -0.3661 0.4393 0.4504, -0.3661 0.4393 0.4281, -0.3661 0.4408 0.4115, -0.3661 0.445 0.3982, -0.3661 0.4514 0.3875, -0.3661 0.4601 0.3786, -0.3661 0.4709 0.372, -0.3661 0.4857 0.3674, -0.3661 0.5023 0.3659, -0.3661 0.518 0.3673, -0.3661 0.5304 0.3709, -0.3622 0.5622 0.4272, -0.3622 0.5622 0.4504, -0.3622 0.5602 0.4086, -0.3622 0.5557 0.3956, -0.3622 0.5482 0.3841, -0.3622 0.5401 0.3764, -0.3622 0.5304 0.3709, -0.3622 0.518 0.3673, -0.3622 0.5023 0.3659, -0.3622 0.4857 0.3674, -0.3622 0.4709 0.372, -0.3622 0.4601 0.3786, -0.3622 0.4514 0.3875, -0.3622 0.445 0.3982, -0.3622 0.4408 0.4115, -0.3622 0.4393 0.4281, -0.3622 0.4393 0.4504, -0.3661 0.4393 0.5023, -0.3661 0.422 0.5023, -0.3622 0.4393 0.5023, -0.3622 0.422 0.5023, -0.3661 0.422 0.5868, -0.3622 0.422 0.5868, -0.3661 0.5795 0.5868, -0.3622 0.5795 0.5868, -0.3661 0.5795 0.5061, -0.3622 0.5795 0.5061, -0.3661 0.5622 0.5061, -0.3622 0.5622 0.5061, -0.3661 0.5622 0.5657, -0.3622 0.5622 0.5657, -0.3661 0.5104 0.5657, -0.3622 0.5104 0.5657, -0.3661 0.5104 0.51, -0.3622 0.5104 0.51, -0.3661 0.4931 0.51, -0.3622 0.4931 0.51, -0.3661 0.4931 0.5657, -0.3622 0.4931 0.5657, -0.3661 0.4393 0.5657, -0.3622 0.4393 0.5657, -0.3661 0.4475 0.6175, -0.3661 0.4302 0.6175, -0.3622 0.4475 0.6175, -0.3622 0.4302 0.6175, -0.3661 0.4201 0.6608, -0.3622 0.4201 0.6608, -0.3622 0.4202 0.6565, -0.3661 0.4202 0.6565, -0.3622 0.4233 0.6343, -0.3661 0.4233 0.6343, -0.3661 0.4978 0.7347, -0.3622 0.4978 0.7347, -0.3622 0.4795 0.7331, -0.3661 0.4795 0.7331, -0.3622 0.4629 0.7284, -0.3661 0.4629 0.7284, -0.3622 0.4479 0.72, -0.3661 0.4479 0.72, -0.3622 0.4354 0.7082, -0.3661 0.4354 0.7082, -0.3622 0.4274 0.6955, -0.3661 0.4274 0.6955, -0.3622 0.4221 0.6803, -0.3661 0.4221 0.6803, -0.3661 0.5814 0.6546, -0.3622 0.5814 0.6546, -0.3661 0.5801 0.6704, -0.3622 0.5804 0.6663, -0.3622 0.5801 0.6704, -0.3622 0.575 0.688, -0.3661 0.575 0.688, -0.3622 0.5664 0.7029, -0.3661 0.5664 0.7029, -0.3622 0.5527 0.7171, -0.3661 0.5527 0.7171, -0.3622 0.538 0.7264, -0.3661 0.538 0.7264, -0.3622 0.5202 0.7324, -0.3661 0.5202 0.7324, -0.3622 0.5804 0.6407, -0.3661 0.5801 0.6357, -0.3622 0.5801 0.6357, -0.3661 0.5752 0.6175, -0.3622 0.5752 0.6175, -0.3661 0.554 0.6175, -0.3622 0.554 0.6175, -0.3661 0.5641 0.6544, -0.3622 0.5641 0.6544, -0.3622 0.5616 0.6353, -0.3661 0.5616 0.6353, -0.3661 0.4991 0.7135, -0.3622 0.4991 0.7135, -0.3622 0.5113 0.7128, -0.3661 0.5113 0.7128, -0.3622 0.5282 0.7086, -0.3661 0.5282 0.7086, -0.3622 0.5403 0.7021, -0.3661 0.5403 0.7021, -0.3622 0.5508 0.6926, -0.3661 0.5508 0.6926, -0.3622 0.5581 0.6817, -0.3661 0.5581 0.6817, -0.3622 0.5624 0.6699, -0.3661 0.5624 0.6699, -0.3661 0.4374 0.6579, -0.3622 0.4374 0.6579, -0.3622 0.439 0.6726, -0.3661 0.439 0.6726, -0.3622 0.4432 0.6841, -0.3661 0.4432 0.6841, -0.3622 0.4498 0.6938, -0.3661 0.4498 0.6938, -0.3622 0.4576 0.7012, -0.3661 0.4576 0.7012, -0.3622 0.4685 0.7077, -0.3661 0.4685 0.7077, -0.3622 0.482 0.7119, -0.3661 0.482 0.7119, -0.3622 0.4459 0.6203, -0.3661 0.4459 0.6203, -0.3622 0.4397 0.637, -0.3661 0.4397 0.637, -0.3661 0.4393 0.7481, -0.3661 0.422 0.7481, -0.3622 0.4393 0.7481, -0.3622 0.422 0.7481, -0.3661 0.422 0.8288, -0.3622 0.422 0.8288, -0.3661 0.5795 0.8288, -0.3622 0.5795 0.8288, -0.3661 0.5795 0.8076, -0.3622 0.5795 0.8076, -0.3661 0.4393 0.8076, -0.3622 0.4393 0.8076
            ]
        }
        coordIndex [
            0,1,2,-1,2,1,3,-1,1,4,3,-1,3,4,5,-1,4,6,5,-1,5,6,7,-1,6,8,7,-1,7,8,9,-1,8,10,9,-1,9,10,11,-1,10,12,11,-1,11,12,13,-1,12,14,13,-1,13,14,15,-1,14,0,15,-1,15,0,2,-1,16,17,14,-1,12,10,8,-1,17,18,14,-1,14,18,19,-1,14,19,0,-1,0,19,20,-1,0,20,21,-1,21,22,0,-1,0,22,23,-1,0,23,1,-1,4,1,6,-1,6,1,23,-1,6,23,8,-1,8,23,16,-1,8,16,12,-1,12,16,14,-1,16,23,24,-1,24,23,25,-1,17,16,26,-1,26,16,24,-1,17,26,27,-1,17,27,18,-1,18,27,28,-1,18,28,19,-1,20,19,29,-1,29,19,28,-1,20,29,30,-1,20,30,21,-1,21,30,31,-1,21,31,22,-1,23,22,25,-1,25,22,31,-1,32,33,34,-1,34,33,35,-1,33,36,35,-1,35,36,37,-1,36,38,37,-1,37,38,39,-1,40,41,42,-1,40,42,43,-1,43,42,44,-1,43,44,45,-1,45,44,46,-1,45,46,47,-1,47,46,48,-1,47,48,49,-1,49,48,50,-1,49,50,51,-1,51,50,52,-1,51,52,53,-1,53,52,54,-1,53,54,55,-1,55,54,39,-1,55,39,38,-1,32,34,56,-1,32,56,57,-1,57,56,58,-1,57,58,59,-1,59,58,60,-1,59,60,61,-1,61,60,62,-1,61,62,63,-1,63,62,64,-1,63,64,65,-1,65,64,66,-1,65,66,67,-1,67,66,41,-1,67,41,40,-1,45,47,68,-1,68,47,49,-1,68,49,69,-1,69,49,51,-1,69,51,70,-1,70,51,53,-1,70,53,71,-1,71,53,55,-1,71,55,72,-1,72,55,38,-1,72,38,73,-1,73,38,36,-1,73,36,74,-1,74,36,33,-1,74,33,75,-1,75,33,32,-1,75,32,76,-1,76,32,57,-1,76,57,77,-1,77,57,59,-1,77,59,78,-1,78,59,61,-1,78,61,79,-1,79,61,63,-1,79,63,80,-1,80,63,65,-1,80,65,81,-1,81,65,67,-1,81,67,82,-1,82,67,40,-1,82,40,83,-1,83,40,43,-1,83,43,84,-1,84,43,45,-1,84,45,68,-1,72,73,85,-1,85,73,86,-1,72,85,87,-1,72,87,71,-1,71,87,88,-1,71,88,70,-1,70,88,89,-1,70,89,69,-1,69,89,90,-1,69,90,68,-1,68,90,91,-1,68,91,84,-1,84,91,92,-1,84,92,83,-1,83,92,93,-1,83,93,82,-1,82,93,94,-1,82,94,81,-1,81,94,95,-1,81,95,80,-1,80,95,96,-1,80,96,79,-1,79,96,97,-1,79,97,78,-1,78,97,98,-1,78,98,77,-1,77,98,99,-1,77,99,76,-1,76,99,100,-1,76,100,75,-1,74,75,101,-1,101,75,100,-1,73,74,86,-1,86,74,101,-1,102,103,104,-1,104,103,105,-1,103,106,105,-1,105,106,107,-1,106,108,107,-1,107,108,109,-1,108,110,109,-1,109,110,111,-1,110,112,111,-1,111,112,113,-1,112,114,113,-1,113,114,115,-1,114,116,115,-1,115,116,117,-1,116,118,117,-1,117,118,119,-1,118,120,119,-1,119,120,121,-1,120,122,121,-1,121,122,123,-1,122,124,123,-1,123,124,125,-1,124,102,125,-1,125,102,104,-1,106,103,102,-1,102,124,106,-1,106,124,122,-1,106,122,108,-1,112,110,114,-1,114,110,108,-1,114,108,116,-1,116,108,122,-1,116,122,118,-1,118,122,120,-1,126,127,128,-1,128,127,129,-1,130,131,132,-1,130,132,133,-1,133,132,134,-1,133,134,135,-1,135,134,129,-1,135,129,127,-1,136,137,138,-1,136,138,139,-1,139,138,140,-1,139,140,141,-1,141,140,142,-1,141,142,143,-1,143,142,144,-1,143,144,145,-1,145,144,146,-1,145,146,147,-1,147,146,148,-1,147,148,149,-1,149,148,131,-1,149,131,130,-1,150,151,152,-1,152,151,153,-1,153,154,152,-1,152,154,155,-1,152,155,156,-1,156,155,157,-1,156,157,158,-1,158,157,159,-1,158,159,160,-1,160,159,161,-1,160,161,162,-1,162,161,163,-1,162,163,164,-1,164,163,137,-1,164,137,136,-1,151,150,165,-1,165,150,166,-1,165,166,167,-1,167,166,168,-1,167,168,169,-1,168,170,169,-1,169,170,171,-1,172,173,174,-1,172,174,175,-1,175,174,171,-1,175,171,170,-1,176,177,178,-1,176,178,179,-1,179,178,180,-1,179,180,181,-1,181,180,182,-1,181,182,183,-1,183,182,184,-1,183,184,185,-1,185,184,186,-1,185,186,187,-1,187,186,188,-1,187,188,189,-1,189,188,173,-1,189,173,172,-1,190,191,192,-1,190,192,193,-1,193,192,194,-1,193,194,195,-1,195,194,196,-1,195,196,197,-1,197,196,198,-1,197,198,199,-1,199,198,200,-1,199,200,201,-1,201,200,202,-1,201,202,203,-1,203,202,177,-1,203,177,176,-1,126,128,204,-1,126,204,205,-1,205,204,206,-1,205,206,207,-1,207,206,191,-1,207,191,190,-1,193,130,190,-1,190,130,133,-1,190,133,207,-1,207,133,135,-1,207,135,205,-1,205,135,127,-1,205,127,126,-1,170,168,175,-1,175,168,166,-1,175,166,172,-1,172,166,150,-1,172,150,189,-1,189,150,152,-1,189,152,187,-1,187,152,156,-1,187,156,185,-1,185,156,158,-1,185,158,183,-1,183,158,160,-1,183,160,181,-1,181,160,162,-1,181,162,179,-1,179,162,164,-1,179,164,176,-1,176,164,136,-1,176,136,203,-1,203,136,139,-1,203,139,201,-1,201,139,141,-1,201,141,199,-1,199,141,143,-1,199,143,197,-1,197,143,145,-1,197,145,195,-1,195,145,147,-1,195,147,193,-1,193,147,149,-1,193,149,130,-1,208,209,210,-1,210,209,211,-1,209,212,211,-1,211,212,213,-1,212,214,213,-1,213,214,215,-1,214,216,215,-1,215,216,217,-1,216,218,217,-1,217,218,219,-1,218,208,219,-1,219,208,210,-1,216,214,218,-1,218,214,212,-1,218,212,208,-1,208,212,209,-1,
        ]
    }
}
Shape{
    appearance Appearance {
        material  Material 	{
            diffuseColor 0.9490196078431372 0.7607843137254902 0.1803921568627451
            specularColor 0.7607843137254902 0.6078431372549019 0.1450980392156863
            ambientIntensity 0.7509
            transparency 0.0
            shininess 0.5
        }
    }
    geometry IndexedFaceSet {
        ccw TRUE
        solid FALSE
        coord DEF co Coordinate {
            point [
                -0.3622 0.4835 0.2899, -0.3622 0.4835 0.2372, -0.3622 0.5492 0.2664, -0.3622 0.5492 0.2609, -0.3622 0.5547 0.2649, -0.3622 0.5547 0.2623, -0.3622 0.5603 0.2639, -0.3622 0.5603 0.2634, -0.3622 0.5622 0.4504, -0.3622 0.4393 0.4504, -0.3622 0.5622 0.4272, -0.3622 0.4393 0.4281, -0.3622 0.4408 0.4115, -0.3622 0.5023 0.3659, -0.3622 0.518 0.3673, -0.3622 0.5304 0.3709, -0.3622 0.5602 0.4086, -0.3622 0.445 0.3982, -0.3622 0.4514 0.3875, -0.3622 0.4601 0.3786, -0.3622 0.4709 0.372, -0.3622 0.4857 0.3674, -0.3622 0.5401 0.3764, -0.3622 0.5482 0.3841, -0.3622 0.5557 0.3956, -1.3622 0.5804 -1.0236, -1.3622 0.6398 -1.0236, -1.3622 0.6398 0.4869, -1.3622 0.5641 0.6544, -1.3622 0.5624 0.6699, -1.3622 0.4459 0.6203, -1.3622 0.5804 0.6407, -1.3622 0.5801 0.6357, -1.3622 0.5795 0.5868, -1.3622 0.5752 0.6175, -1.3622 0.554 0.6175, -1.3622 0.5616 0.6353, -1.3622 0.4475 0.6175, -1.3622 0.422 0.5868, -1.3622 0.422 0.7481, -1.3622 0.4221 0.6803, -1.3622 0.4393 0.7481, -1.3622 0.4274 0.6955, -1.3622 0.4354 0.7082, -1.3622 0.5622 0.5061, -1.3622 0.3642 0.4869, -1.3622 0.5804 0.4869, -1.3622 0.4479 0.72, -1.3622 0.4629 0.7284, -1.3622 0.4393 0.8076, -1.3622 0.538 0.7264, -1.3622 0.5527 0.7171, -1.3622 0.5795 0.8076, -1.3622 0.5664 0.7029, -1.3622 0.575 0.688, -1.3622 0.5795 0.5061, -1.3622 0.5801 0.6704, -1.3622 0.5804 0.6663, -1.3622 0.5795 0.8288, -1.3622 0.5581 0.6817, -1.3622 0.5508 0.6926, -1.3622 0.5403 0.7021, -1.3622 0.4991 0.7135, -1.3622 0.482 0.7119, -1.3622 0.4685 0.7077, -1.3622 0.439 0.6726, -1.3622 0.4374 0.6579, -1.3622 0.4432 0.6841, -1.3622 0.4498 0.6938, -1.3622 0.4576 0.7012, -1.3622 0.4397 0.637, -1.3622 0.4931 0.51, -1.3622 0.4931 0.5657, -1.3622 0.4393 0.5657, -1.3622 0.3528 1.122, -1.3622 0.5804 1.293, -1.3622 0.3193 1.2028, -1.3622 0.5369 1.3745, -1.3622 0.2662 1.2721, -1.3622 0.461 1.4669, -1.3622 0.1969 1.3252, -1.3622 0.5282 0.7086, -1.3622 0.5113 0.7128, -1.3622 -4.2618 1.6457, -1.3622 -4.2618 1.3701, -1.3622 0.0295 1.6457, -1.3622 0.0295 1.3701, -1.3622 0.1486 1.6339, -1.3622 0.1161 1.3587, -1.3622 0.2631 1.5992, -1.3622 0.3686 1.5428, -1.3622 0.4795 0.7331, -1.3622 0.4978 0.7347, -1.3622 0.5202 0.7324, -1.3622 0.4393 0.5023, -1.3622 0.5104 0.51, -1.3622 0.5104 0.5657, -1.3622 0.5622 0.5657, -1.3622 0.4302 0.6175, -1.3622 0.422 0.5023, -1.3622 0.4233 0.6343, -1.3622 0.4202 0.6565, -1.3622 0.4201 0.6608, -1.3622 0.5814 0.6546, -1.3622 0.6398 1.0354, -1.3622 0.628 1.1545, -1.3622 0.3642 1.0354, -1.3622 0.422 0.8288, -1.3622 0.5933 1.269, -1.3622 0.422 0.3102, -1.3622 0.422 0.3333, -1.3622 0.422 0.2142, -1.3622 0.4662 0.2301, -1.3622 0.4662 0.2952, -1.3622 0.5795 0.2526, -1.3622 0.5795 0.2737, -1.3622 0.5795 0.4271, -1.3622 0.5771 0.4044, -1.3622 0.5706 0.3859, -1.3622 0.5591 0.3688, -1.3622 0.4652 0.3527, -1.3622 0.4511 0.3617, -1.3622 0.559 0.3686, -1.3622 0.5466 0.3575, -1.3622 0.5331 0.3502, -1.3622 0.4387 0.3747, -1.3622 0.4291 0.3911, -1.3622 0.4237 0.4093, -1.3622 0.422 0.4287, -1.3622 0.422 0.4716, -1.3622 0.5795 0.4716, -1.3622 0.5175 0.346, -1.3622 0.5027 0.3448, -1.3622 0.4817 0.347, -1.3622 0.422 0.1912, -1.3622 0.3642 -1.0236, -1.6378 -4.2618 1.6457, -1.6378 0.0295 1.6457, -1.6378 -4.2618 1.3701, -1.6378 0.0295 1.3701, -1.6378 0.1486 1.6339, -1.6378 0.2631 1.5992, -1.6378 0.3686 1.5428, -1.6378 0.461 1.4669, -1.6378 0.5369 1.3745, -1.6378 0.5933 1.269, -1.6378 0.628 1.1545, -1.6378 0.6398 1.0354, -1.6378 0.3642 1.0354, -1.6378 0.3528 1.122, -1.6378 0.3193 1.2028, -1.6378 0.2662 1.2721, -1.6378 0.1969 1.3252, -1.6378 0.1161 1.3587, -1.6378 0.6398 -1.0236, -1.6378 0.3642 -1.0236, -1.4134 -4.4193 1.4213, -1.4134 -4.4193 1.5945, -1.5866 -4.4193 1.4213, -1.5866 -4.4193 1.5945, -1.4134 0.5886 -1.1811, -1.4134 0.4154 -1.1811, -1.5866 0.5886 -1.1811, -1.5866 0.4154 -1.1811
            ]
        }
        coordIndex [
            0,1,2,-1,2,1,3,-1,2,3,4,-1,4,3,5,-1,4,5,6,-1,6,5,7,-1,8,9,10,-1,10,9,11,-1,10,11,12,-1,13,14,10,-1,10,14,15,-1,10,15,16,-1,12,17,10,-1,10,17,18,-1,10,18,19,-1,19,20,10,-1,10,20,21,-1,10,21,13,-1,22,23,15,-1,15,23,24,-1,15,24,16,-1,25,26,27,-1,28,29,30,-1,31,32,33,-1,33,32,34,-1,33,34,35,-1,28,30,36,-1,36,30,37,-1,36,37,35,-1,35,37,38,-1,35,38,33,-1,39,40,41,-1,41,40,42,-1,41,42,43,-1,44,45,46,-1,43,47,41,-1,41,47,48,-1,41,48,49,-1,50,51,52,-1,52,51,53,-1,52,53,54,-1,31,33,46,-1,46,33,55,-1,46,55,44,-1,54,56,52,-1,52,56,57,-1,52,57,58,-1,29,59,30,-1,30,59,60,-1,30,60,61,-1,62,63,30,-1,30,63,64,-1,65,66,67,-1,67,66,68,-1,64,69,30,-1,30,69,68,-1,30,68,70,-1,70,68,66,-1,71,72,73,-1,74,75,76,-1,76,75,77,-1,76,77,78,-1,78,77,79,-1,78,79,80,-1,61,81,30,-1,30,81,82,-1,30,82,62,-1,83,84,85,-1,85,84,86,-1,85,86,87,-1,87,86,88,-1,87,88,89,-1,89,88,80,-1,89,80,90,-1,90,80,79,-1,48,91,49,-1,49,91,92,-1,49,92,52,-1,52,92,93,-1,52,93,50,-1,73,94,71,-1,71,94,45,-1,71,45,95,-1,95,45,44,-1,95,44,96,-1,96,44,97,-1,37,98,38,-1,38,98,45,-1,38,45,99,-1,99,45,94,-1,98,100,45,-1,45,100,101,-1,45,101,102,-1,103,27,57,-1,57,27,104,-1,57,104,105,-1,102,40,45,-1,45,40,39,-1,45,39,106,-1,106,39,107,-1,106,107,74,-1,74,107,58,-1,74,58,75,-1,75,58,57,-1,75,57,108,-1,108,57,105,-1,109,110,45,-1,111,112,113,-1,114,46,115,-1,115,46,116,-1,116,117,115,-1,115,117,118,-1,115,118,119,-1,110,120,121,-1,119,122,115,-1,115,122,123,-1,115,123,124,-1,121,125,110,-1,110,125,126,-1,110,126,45,-1,45,126,127,-1,127,128,45,-1,45,128,129,-1,45,129,46,-1,46,129,130,-1,46,130,116,-1,124,131,115,-1,115,131,132,-1,115,132,110,-1,110,132,133,-1,110,133,120,-1,113,109,111,-1,111,109,45,-1,111,45,134,-1,134,45,135,-1,134,135,114,-1,114,135,25,-1,114,25,46,-1,46,25,27,-1,46,27,31,-1,31,27,103,-1,83,85,136,-1,136,85,137,-1,138,139,84,-1,84,139,86,-1,137,85,87,-1,137,87,140,-1,140,87,89,-1,140,89,141,-1,141,89,90,-1,141,90,142,-1,142,90,79,-1,142,79,143,-1,143,79,77,-1,143,77,144,-1,144,77,75,-1,144,75,145,-1,75,108,145,-1,145,108,105,-1,145,105,146,-1,146,105,104,-1,146,104,147,-1,148,106,149,-1,149,106,74,-1,149,74,150,-1,150,74,76,-1,150,76,151,-1,151,76,78,-1,151,78,152,-1,152,78,80,-1,152,80,153,-1,153,80,88,-1,153,88,139,-1,139,88,86,-1,26,154,27,-1,27,154,147,-1,27,147,104,-1,138,136,139,-1,139,136,137,-1,139,137,153,-1,150,145,149,-1,149,145,146,-1,149,146,148,-1,148,146,147,-1,148,147,155,-1,155,147,154,-1,137,140,153,-1,153,140,141,-1,153,141,152,-1,152,141,142,-1,152,142,151,-1,151,142,143,-1,151,143,150,-1,150,143,144,-1,150,144,145,-1,155,135,148,-1,148,135,45,-1,148,45,106,-1,156,157,158,-1,158,157,159,-1,160,161,162,-1,162,161,163,-1,136,159,83,-1,83,159,157,-1,138,158,136,-1,136,158,159,-1,156,84,157,-1,157,84,83,-1,84,156,138,-1,138,156,158,-1,161,135,163,-1,163,135,155,-1,135,161,25,-1,25,161,160,-1,25,160,26,-1,154,162,155,-1,155,162,163,-1,162,154,160,-1,160,154,26,-1,
        ]
    }
}
Shape{
    appearance Appearance {
        material  Material 	{
            diffuseColor 0.2235294117647059 0.2235294117647059 0.2235294117647059
            specularColor 0.11372549019607843 0.11372549019607843 0.11372549019607843
            ambientIntensity 0.2235
            transparency 0.0
            shininess 0.5
        }
    }
    geometry IndexedFaceSet {
        ccw TRUE
        solid FALSE
        coord DEF co Coordinate {
            point [
                -1.3661 0.5795 0.2526, -1.3661 0.422 0.1912, -1.3622 0.5795 0.2526, -1.3622 0.422 0.1912, -1.3661 0.422 0.2142, -1.3622 0.422 0.2142, -1.3661 0.4662 0.2301, -1.3622 0.4662 0.2301, -1.3661 0.4662 0.2952, -1.3622 0.4662 0.2952, -1.3661 0.422 0.3102, -1.3622 0.422 0.3102, -1.3661 0.422 0.3333, -1.3622 0.422 0.3333, -1.3661 0.5795 0.2737, -1.3622 0.5795 0.2737, -1.3661 0.4835 0.2899, -1.3661 0.5492 0.2664, -1.3661 0.5547 0.2649, -1.3661 0.5603 0.2639, -1.3661 0.5603 0.2634, -1.3661 0.5547 0.2623, -1.3661 0.5492 0.2609, -1.3661 0.4835 0.2372, -1.3622 0.4835 0.2899, -1.3622 0.4835 0.2372, -1.3622 0.5492 0.2664, -1.3622 0.5547 0.2649, -1.3622 0.5603 0.2639, -1.3622 0.5603 0.2634, -1.3622 0.5547 0.2623, -1.3622 0.5492 0.2609, -1.3661 0.422 0.4287, -1.3661 0.422 0.4716, -1.3622 0.422 0.4287, -1.3622 0.422 0.4716, -1.3661 0.5795 0.4716, -1.3622 0.5795 0.4716, -1.3661 0.5795 0.4271, -1.3622 0.5795 0.4271, -1.3661 0.5027 0.3448, -1.3622 0.5027 0.3448, -1.3622 0.5175 0.346, -1.3661 0.5175 0.346, -1.3622 0.5331 0.3502, -1.3661 0.5331 0.3502, -1.3622 0.5466 0.3575, -1.3661 0.5466 0.3575, -1.3622 0.559 0.3686, -1.3661 0.559 0.3686, -1.3622 0.5591 0.3688, -1.3661 0.5591 0.3688, -1.3622 0.5706 0.3859, -1.3661 0.5706 0.3859, -1.3622 0.5771 0.4044, -1.3661 0.5771 0.4044, -1.3622 0.4237 0.4093, -1.3661 0.4237 0.4093, -1.3622 0.4291 0.3911, -1.3661 0.4291 0.3911, -1.3622 0.4387 0.3747, -1.3661 0.4387 0.3747, -1.3622 0.4511 0.3617, -1.3661 0.4511 0.3617, -1.3622 0.4652 0.3527, -1.3661 0.4652 0.3527, -1.3622 0.4817 0.347, -1.3661 0.4817 0.347, -1.3661 0.5401 0.3764, -1.3661 0.5482 0.3841, -1.3661 0.5557 0.3956, -1.3661 0.5602 0.4086, -1.3661 0.5622 0.4272, -1.3661 0.5622 0.4504, -1.3661 0.4393 0.4504, -1.3661 0.4393 0.4281, -1.3661 0.4408 0.4115, -1.3661 0.445 0.3982, -1.3661 0.4514 0.3875, -1.3661 0.4601 0.3786, -1.3661 0.4709 0.372, -1.3661 0.4857 0.3674, -1.3661 0.5023 0.3659, -1.3661 0.518 0.3673, -1.3661 0.5304 0.3709, -1.3622 0.5622 0.4272, -1.3622 0.5622 0.4504, -1.3622 0.5602 0.4086, -1.3622 0.5557 0.3956, -1.3622 0.5482 0.3841, -1.3622 0.5401 0.3764, -1.3622 0.5304 0.3709, -1.3622 0.518 0.3673, -1.3622 0.5023 0.3659, -1.3622 0.4857 0.3674, -1.3622 0.4709 0.372, -1.3622 0.4601 0.3786, -1.3622 0.4514 0.3875, -1.3622 0.445 0.3982, -1.3622 0.4408 0.4115, -1.3622 0.4393 0.4281, -1.3622 0.4393 0.4504, -1.3661 0.4393 0.5023, -1.3661 0.422 0.5023, -1.3622 0.4393 0.5023, -1.3622 0.422 0.5023, -1.3661 0.422 0.5868, -1.3622 0.422 0.5868, -1.3661 0.5795 0.5868, -1.3622 0.5795 0.5868, -1.3661 0.5795 0.5061, -1.3622 0.5795 0.5061, -1.3661 0.5622 0.5061, -1.3622 0.5622 0.5061, -1.3661 0.5622 0.5657, -1.3622 0.5622 0.5657, -1.3661 0.5104 0.5657, -1.3622 0.5104 0.5657, -1.3661 0.5104 0.51, -1.3622 0.5104 0.51, -1.3661 0.4931 0.51, -1.3622 0.4931 0.51, -1.3661 0.4931 0.5657, -1.3622 0.4931 0.5657, -1.3661 0.4393 0.5657, -1.3622 0.4393 0.5657, -1.3661 0.4475 0.6175, -1.3661 0.4302 0.6175, -1.3622 0.4475 0.6175, -1.3622 0.4302 0.6175, -1.3661 0.4201 0.6608, -1.3622 0.4201 0.6608, -1.3622 0.4202 0.6565, -1.3661 0.4202 0.6565, -1.3622 0.4233 0.6343, -1.3661 0.4233 0.6343, -1.3661 0.4978 0.7347, -1.3622 0.4978 0.7347, -1.3622 0.4795 0.7331, -1.3661 0.4795 0.7331, -1.3622 0.4629 0.7284, -1.3661 0.4629 0.7284, -1.3622 0.4479 0.72, -1.3661 0.4479 0.72, -1.3622 0.4354 0.7082, -1.3661 0.4354 0.7082, -1.3622 0.4274 0.6955, -1.3661 0.4274 0.6955, -1.3622 0.4221 0.6803, -1.3661 0.4221 0.6803, -1.3661 0.5814 0.6546, -1.3622 0.5814 0.6546, -1.3661 0.5801 0.6704, -1.3622 0.5804 0.6663, -1.3622 0.5801 0.6704, -1.3622 0.575 0.688, -1.3661 0.575 0.688, -1.3622 0.5664 0.7029, -1.3661 0.5664 0.7029, -1.3622 0.5527 0.7171, -1.3661 0.5527 0.7171, -1.3622 0.538 0.7264, -1.3661 0.538 0.7264, -1.3622 0.5202 0.7324, -1.3661 0.5202 0.7324, -1.3622 0.5804 0.6407, -1.3661 0.5801 0.6357, -1.3622 0.5801 0.6357, -1.3661 0.5752 0.6175, -1.3622 0.5752 0.6175, -1.3661 0.554 0.6175, -1.3622 0.554 0.6175, -1.3661 0.5641 0.6544, -1.3622 0.5641 0.6544, -1.3622 0.5616 0.6353, -1.3661 0.5616 0.6353, -1.3661 0.4991 0.7135, -1.3622 0.4991 0.7135, -1.3622 0.5113 0.7128, -1.3661 0.5113 0.7128, -1.3622 0.5282 0.7086, -1.3661 0.5282 0.7086, -1.3622 0.5403 0.7021, -1.3661 0.5403 0.7021, -1.3622 0.5508 0.6926, -1.3661 0.5508 0.6926, -1.3622 0.5581 0.6817, -1.3661 0.5581 0.6817, -1.3622 0.5624 0.6699, -1.3661 0.5624 0.6699, -1.3661 0.4374 0.6579, -1.3622 0.4374 0.6579, -1.3622 0.439 0.6726, -1.3661 0.439 0.6726, -1.3622 0.4432 0.6841, -1.3661 0.4432 0.6841, -1.3622 0.4498 0.6938, -1.3661 0.4498 0.6938, -1.3622 0.4576 0.7012, -1.3661 0.4576 0.7012, -1.3622 0.4685 0.7077, -1.3661 0.4685 0.7077, -1.3622 0.482 0.7119, -1.3661 0.482 0.7119, -1.3622 0.4459 0.6203, -1.3661 0.4459 0.6203, -1.3622 0.4397 0.637, -1.3661 0.4397 0.637, -1.3661 0.4393 0.7481, -1.3661 0.422 0.7481, -1.3622 0.4393 0.7481, -1.3622 0.422 0.7481, -1.3661 0.422 0.8288, -1.3622 0.422 0.8288, -1.3661 0.5795 0.8288, -1.3622 0.5795 0.8288, -1.3661 0.5795 0.8076, -1.3622 0.5795 0.8076, -1.3661 0.4393 0.8076, -1.3622 0.4393 0.8076
            ]
        }
        coordIndex [
            0,1,2,-1,2,1,3,-1,1,4,3,-1,3,4,5,-1,4,6,5,-1,5,6,7,-1,6,8,7,-1,7,8,9,-1,8,10,9,-1,9,10,11,-1,10,12,11,-1,11,12,13,-1,12,14,13,-1,13,14,15,-1,14,0,15,-1,15,0,2,-1,16,17,14,-1,12,10,8,-1,17,18,14,-1,14,18,19,-1,14,19,0,-1,0,19,20,-1,0,20,21,-1,21,22,0,-1,0,22,23,-1,0,23,1,-1,4,1,6,-1,6,1,23,-1,6,23,8,-1,8,23,16,-1,8,16,12,-1,12,16,14,-1,16,23,24,-1,24,23,25,-1,17,16,26,-1,26,16,24,-1,17,26,27,-1,17,27,18,-1,18,27,28,-1,18,28,19,-1,20,19,29,-1,29,19,28,-1,20,29,30,-1,20,30,21,-1,21,30,31,-1,21,31,22,-1,23,22,25,-1,25,22,31,-1,32,33,34,-1,34,33,35,-1,33,36,35,-1,35,36,37,-1,36,38,37,-1,37,38,39,-1,40,41,42,-1,40,42,43,-1,43,42,44,-1,43,44,45,-1,45,44,46,-1,45,46,47,-1,47,46,48,-1,47,48,49,-1,49,48,50,-1,49,50,51,-1,51,50,52,-1,51,52,53,-1,53,52,54,-1,53,54,55,-1,55,54,39,-1,55,39,38,-1,32,34,56,-1,32,56,57,-1,57,56,58,-1,57,58,59,-1,59,58,60,-1,59,60,61,-1,61,60,62,-1,61,62,63,-1,63,62,64,-1,63,64,65,-1,65,64,66,-1,65,66,67,-1,67,66,41,-1,67,41,40,-1,45,47,68,-1,68,47,49,-1,68,49,69,-1,69,49,51,-1,69,51,70,-1,70,51,53,-1,70,53,71,-1,71,53,55,-1,71,55,72,-1,72,55,38,-1,72,38,73,-1,73,38,36,-1,73,36,74,-1,74,36,33,-1,74,33,75,-1,75,33,32,-1,75,32,76,-1,76,32,57,-1,76,57,77,-1,77,57,59,-1,77,59,78,-1,78,59,61,-1,78,61,79,-1,79,61,63,-1,79,63,80,-1,80,63,65,-1,80,65,81,-1,81,65,67,-1,81,67,82,-1,82,67,40,-1,82,40,83,-1,83,40,43,-1,83,43,84,-1,84,43,45,-1,84,45,68,-1,72,73,85,-1,85,73,86,-1,72,85,87,-1,72,87,71,-1,71,87,88,-1,71,88,70,-1,70,88,89,-1,70,89,69,-1,69,89,90,-1,69,90,68,-1,68,90,91,-1,68,91,84,-1,84,91,92,-1,84,92,83,-1,83,92,93,-1,83,93,82,-1,82,93,94,-1,82,94,81,-1,81,94,95,-1,81,95,80,-1,80,95,96,-1,80,96,79,-1,79,96,97,-1,79,97,78,-1,78,97,98,-1,78,98,77,-1,77,98,99,-1,77,99,76,-1,76,99,100,-1,76,100,75,-1,74,75,101,-1,101,75,100,-1,73,74,86,-1,86,74,101,-1,102,103,104,-1,104,103,105,-1,103,106,105,-1,105,106,107,-1,106,108,107,-1,107,108,109,-1,108,110,109,-1,109,110,111,-1,110,112,111,-1,111,112,113,-1,112,114,113,-1,113,114,115,-1,114,116,115,-1,115,116,117,-1,116,118,117,-1,117,118,119,-1,118,120,119,-1,119,120,121,-1,120,122,121,-1,121,122,123,-1,122,124,123,-1,123,124,125,-1,124,102,125,-1,125,102,104,-1,106,103,102,-1,102,124,106,-1,106,124,122,-1,106,122,108,-1,112,110,114,-1,114,110,108,-1,114,108,116,-1,116,108,122,-1,116,122,118,-1,118,122,120,-1,126,127,128,-1,128,127,129,-1,130,131,132,-1,130,132,133,-1,133,132,134,-1,133,134,135,-1,135,134,129,-1,135,129,127,-1,136,137,138,-1,136,138,139,-1,139,138,140,-1,139,140,141,-1,141,140,142,-1,141,142,143,-1,143,142,144,-1,143,144,145,-1,145,144,146,-1,145,146,147,-1,147,146,148,-1,147,148,149,-1,149,148,131,-1,149,131,130,-1,150,151,152,-1,152,151,153,-1,153,154,152,-1,152,154,155,-1,152,155,156,-1,156,155,157,-1,156,157,158,-1,158,157,159,-1,158,159,160,-1,160,159,161,-1,160,161,162,-1,162,161,163,-1,162,163,164,-1,164,163,137,-1,164,137,136,-1,151,150,165,-1,165,150,166,-1,165,166,167,-1,167,166,168,-1,167,168,169,-1,168,170,169,-1,169,170,171,-1,172,173,174,-1,172,174,175,-1,175,174,171,-1,175,171,170,-1,176,177,178,-1,176,178,179,-1,179,178,180,-1,179,180,181,-1,181,180,182,-1,181,182,183,-1,183,182,184,-1,183,184,185,-1,185,184,186,-1,185,186,187,-1,187,186,188,-1,187,188,189,-1,189,188,173,-1,189,173,172,-1,190,191,192,-1,190,192,193,-1,193,192,194,-1,193,194,195,-1,195,194,196,-1,195,196,197,-1,197,196,198,-1,197,198,199,-1,199,198,200,-1,199,200,201,-1,201,200,202,-1,201,202,203,-1,203,202,177,-1,203,177,176,-1,126,128,204,-1,126,204,205,-1,205,204,206,-1,205,206,207,-1,207,206,191,-1,207,191,190,-1,193,130,190,-1,190,130,133,-1,190,133,207,-1,207,133,135,-1,207,135,205,-1,205,135,127,-1,205,127,126,-1,170,168,175,-1,175,168,166,-1,175,166,172,-1,172,166,150,-1,172,150,189,-1,189,150,152,-1,189,152,187,-1,187,152,156,-1,187,156,185,-1,185,156,158,-1,185,158,183,-1,183,158,160,-1,183,160,181,-1,181,160,162,-1,181,162,179,-1,179,162,164,-1,179,164,176,-1,176,164,136,-1,176,136,203,-1,203,136,139,-1,203,139,201,-1,201,139,141,-1,201,141,199,-1,199,141,143,-1,199,143,197,-1,197,143,145,-1,197,145,195,-1,195,145,147,-1,195,147,193,-1,193,147,149,-1,193,149,130,-1,208,209,210,-1,210,209,211,-1,209,212,211,-1,211,212,213,-1,212,214,213,-1,213,214,215,-1,214,216,215,-1,215,216,217,-1,216,218,217,-1,217,218,219,-1,218,208,219,-1,219,208,210,-1,216,214,218,-1,218,214,212,-1,218,212,208,-1,208,212,209,-1,
        ]
    }
}
Shape{
    appearance Appearance {
        material  Material 	{
            diffuseColor 0.9490196078431372 0.7607843137254902 0.1803921568627451
            specularColor 0.7607843137254902 0.6078431372549019 0.1450980392156863
            ambientIntensity 0.7509
            transparency 0.0
            shininess 0.5
        }
    }
    geometry IndexedFaceSet {
        ccw TRUE
        solid FALSE
        coord DEF co Coordinate {
            point [
                -1.3622 0.4835 0.2899, -1.3622 0.4835 0.2372, -1.3622 0.5492 0.2664, -1.3622 0.5492 0.2609, -1.3622 0.5547 0.2649, -1.3622 0.5547 0.2623, -1.3622 0.5603 0.2639, -1.3622 0.5603 0.2634, -1.3622 0.5622 0.4504, -1.3622 0.4393 0.4504, -1.3622 0.5622 0.4272, -1.3622 0.4393 0.4281, -1.3622 0.4408 0.4115, -1.3622 0.5023 0.3659, -1.3622 0.518 0.3673, -1.3622 0.5304 0.3709, -1.3622 0.5602 0.4086, -1.3622 0.445 0.3982, -1.3622 0.4514 0.3875, -1.3622 0.4601 0.3786, -1.3622 0.4709 0.372, -1.3622 0.4857 0.3674, -1.3622 0.5401 0.3764, -1.3622 0.5482 0.3841, -1.3622 0.5557 0.3956, -2.3622 0.5804 -1.0236, -2.3622 0.6398 -1.0236, -2.3622 0.6398 0.4869, -2.3622 0.5641 0.6544, -2.3622 0.5624 0.6699, -2.3622 0.4459 0.6203, -2.3622 0.5804 0.6407, -2.3622 0.5801 0.6357, -2.3622 0.5795 0.5868, -2.3622 0.5752 0.6175, -2.3622 0.554 0.6175, -2.3622 0.5616 0.6353, -2.3622 0.4475 0.6175, -2.3622 0.422 0.5868, -2.3622 0.422 0.7481, -2.3622 0.4221 0.6803, -2.3622 0.4393 0.7481, -2.3622 0.4274 0.6955, -2.3622 0.4354 0.7082, -2.3622 0.5622 0.5061, -2.3622 0.3642 0.4869, -2.3622 0.5804 0.4869, -2.3622 0.4479 0.72, -2.3622 0.4629 0.7284, -2.3622 0.4393 0.8076, -2.3622 0.538 0.7264, -2.3622 0.5527 0.7171, -2.3622 0.5795 0.8076, -2.3622 0.5664 0.7029, -2.3622 0.575 0.688, -2.3622 0.5795 0.5061, -2.3622 0.5801 0.6704, -2.3622 0.5804 0.6663, -2.3622 0.5795 0.8288, -2.3622 0.5581 0.6817, -2.3622 0.5508 0.6926, -2.3622 0.5403 0.7021, -2.3622 0.4991 0.7135, -2.3622 0.482 0.7119, -2.3622 0.4685 0.7077, -2.3622 0.439 0.6726, -2.3622 0.4374 0.6579, -2.3622 0.4432 0.6841, -2.3622 0.4498 0.6938, -2.3622 0.4576 0.7012, -2.3622 0.4397 0.637, -2.3622 0.4931 0.51, -2.3622 0.4931 0.5657, -2.3622 0.4393 0.5657, -2.3622 0.3528 1.122, -2.3622 0.5804 1.293, -2.3622 0.3193 1.2028, -2.3622 0.5369 1.3745, -2.3622 0.2662 1.2721, -2.3622 0.461 1.4669, -2.3622 0.1969 1.3252, -2.3622 0.5282 0.7086, -2.3622 0.5113 0.7128, -2.3622 -4.2618 1.6457, -2.3622 -4.2618 1.3701, -2.3622 0.0295 1.6457, -2.3622 0.0295 1.3701, -2.3622 0.1486 1.6339, -2.3622 0.1161 1.3587, -2.3622 0.2631 1.5992, -2.3622 0.3686 1.5428, -2.3622 0.4795 0.7331, -2.3622 0.4978 0.7347, -2.3622 0.5202 0.7324, -2.3622 0.4393 0.5023, -2.3622 0.5104 0.51, -2.3622 0.5104 0.5657, -2.3622 0.5622 0.5657, -2.3622 0.4302 0.6175, -2.3622 0.422 0.5023, -2.3622 0.4233 0.6343, -2.3622 0.4202 0.6565, -2.3622 0.4201 0.6608, -2.3622 0.5814 0.6546, -2.3622 0.6398 1.0354, -2.3622 0.628 1.1545, -2.3622 0.3642 1.0354, -2.3622 0.422 0.8288, -2.3622 0.5933 1.269, -2.3622 0.422 0.3102, -2.3622 0.422 0.3333, -2.3622 0.422 0.2142, -2.3622 0.4662 0.2301, -2.3622 0.4662 0.2952, -2.3622 0.5795 0.2526, -2.3622 0.5795 0.2737, -2.3622 0.5795 0.4271, -2.3622 0.5771 0.4044, -2.3622 0.5706 0.3859, -2.3622 0.5591 0.3688, -2.3622 0.4652 0.3527, -2.3622 0.4511 0.3617, -2.3622 0.559 0.3686, -2.3622 0.5466 0.3575, -2.3622 0.5331 0.3502, -2.3622 0.4387 0.3747, -2.3622 0.4291 0.3911, -2.3622 0.4237 0.4093, -2.3622 0.422 0.4287, -2.3622 0.422 0.4716, -2.3622 0.5795 0.4716, -2.3622 0.5175 0.346, -2.3622 0.5027 0.3448, -2.3622 0.4817 0.347, -2.3622 0.422 0.1912, -2.3622 0.3642 -1.0236, -2.6378 -4.2618 1.6457, -2.6378 0.0295 1.6457, -2.6378 -4.2618 1.3701, -2.6378 0.0295 1.3701, -2.6378 0.1486 1.6339, -2.6378 0.2631 1.5992, -2.6378 0.3686 1.5428, -2.6378 0.461 1.4669, -2.6378 0.5369 1.3745, -2.6378 0.5933 1.269, -2.6378 0.628 1.1545, -2.6378 0.6398 1.0354, -2.6378 0.3642 1.0354, -2.6378 0.3528 1.122, -2.6378 0.3193 1.2028, -2.6378 0.2662 1.2721, -2.6378 0.1969 1.3252, -2.6378 0.1161 1.3587, -2.6378 0.6398 -1.0236, -2.6378 0.3642 -1.0236, -2.4134 -4.4193 1.4213, -2.4134 -4.4193 1.5945, -2.5866 -4.4193 1.4213, -2.5866 -4.4193 1.5945, -2.4134 0.5886 -1.1811, -2.4134 0.4154 -1.1811, -2.5866 0.5886 -1.1811, -2.5866 0.4154 -1.1811
            ]
        }
        coordIndex [
            0,1,2,-1,2,1,3,-1,2,3,4,-1,4,3,5,-1,4,5,6,-1,6,5,7,-1,8,9,10,-1,10,9,11,-1,10,11,12,-1,13,14,10,-1,10,14,15,-1,10,15,16,-1,12,17,10,-1,10,17,18,-1,10,18,19,-1,19,20,10,-1,10,20,21,-1,10,21,13,-1,22,23,15,-1,15,23,24,-1,15,24,16,-1,25,26,27,-1,28,29,30,-1,31,32,33,-1,33,32,34,-1,33,34,35,-1,28,30,36,-1,36,30,37,-1,36,37,35,-1,35,37,38,-1,35,38,33,-1,39,40,41,-1,41,40,42,-1,41,42,43,-1,44,45,46,-1,43,47,41,-1,41,47,48,-1,41,48,49,-1,50,51,52,-1,52,51,53,-1,52,53,54,-1,31,33,46,-1,46,33,55,-1,46,55,44,-1,54,56,52,-1,52,56,57,-1,52,57,58,-1,29,59,30,-1,30,59,60,-1,30,60,61,-1,62,63,30,-1,30,63,64,-1,65,66,67,-1,67,66,68,-1,64,69,30,-1,30,69,68,-1,30,68,70,-1,70,68,66,-1,71,72,73,-1,74,75,76,-1,76,75,77,-1,76,77,78,-1,78,77,79,-1,78,79,80,-1,61,81,30,-1,30,81,82,-1,30,82,62,-1,83,84,85,-1,85,84,86,-1,85,86,87,-1,87,86,88,-1,87,88,89,-1,89,88,80,-1,89,80,90,-1,90,80,79,-1,48,91,49,-1,49,91,92,-1,49,92,52,-1,52,92,93,-1,52,93,50,-1,73,94,71,-1,71,94,45,-1,71,45,95,-1,95,45,44,-1,95,44,96,-1,96,44,97,-1,37,98,38,-1,38,98,45,-1,38,45,99,-1,99,45,94,-1,98,100,45,-1,45,100,101,-1,45,101,102,-1,103,27,57,-1,57,27,104,-1,57,104,105,-1,102,40,45,-1,45,40,39,-1,45,39,106,-1,106,39,107,-1,106,107,74,-1,74,107,58,-1,74,58,75,-1,75,58,57,-1,75,57,108,-1,108,57,105,-1,109,110,45,-1,111,112,113,-1,114,46,115,-1,115,46,116,-1,116,117,115,-1,115,117,118,-1,115,118,119,-1,110,120,121,-1,119,122,115,-1,115,122,123,-1,115,123,124,-1,121,125,110,-1,110,125,126,-1,110,126,45,-1,45,126,127,-1,127,128,45,-1,45,128,129,-1,45,129,46,-1,46,129,130,-1,46,130,116,-1,124,131,115,-1,115,131,132,-1,115,132,110,-1,110,132,133,-1,110,133,120,-1,113,109,111,-1,111,109,45,-1,111,45,134,-1,134,45,135,-1,134,135,114,-1,114,135,25,-1,114,25,46,-1,46,25,27,-1,46,27,31,-1,31,27,103,-1,83,85,136,-1,136,85,137,-1,138,139,84,-1,84,139,86,-1,137,85,87,-1,137,87,140,-1,140,87,89,-1,140,89,141,-1,141,89,90,-1,141,90,142,-1,142,90,79,-1,142,79,143,-1,143,79,77,-1,143,77,144,-1,144,77,75,-1,144,75,145,-1,75,108,145,-1,145,108,105,-1,145,105,146,-1,146,105,104,-1,146,104,147,-1,148,106,149,-1,149,106,74,-1,149,74,150,-1,150,74,76,-1,150,76,151,-1,151,76,78,-1,151,78,152,-1,152,78,80,-1,152,80,153,-1,153,80,88,-1,153,88,139,-1,139,88,86,-1,26,154,27,-1,27,154,147,-1,27,147,104,-1,138,136,139,-1,139,136,137,-1,139,137,153,-1,150,145,149,-1,149,145,146,-1,149,146,148,-1,148,146,147,-1,148,147,155,-1,155,147,154,-1,137,140,153,-1,153,140,141,-1,153,141,152,-1,152,141,142,-1,152,142,151,-1,151,142,143,-1,151,143,150,-1,150,143,144,-1,150,144,145,-1,155,135,148,-1,148,135,45,-1,148,45,106,-1,156,157,158,-1,158,157,159,-1,160,161,162,-1,162,161,163,-1,136,159,83,-1,83,159,157,-1,138,158,136,-1,136,158,159,-1,156,84,157,-1,157,84,83,-1,84,156,138,-1,138,156,158,-1,161,135,163,-1,163,135,155,-1,135,161,25,-1,25,161,160,-1,25,160,26,-1,154,162,155,-1,155,162,163,-1,162,154,160,-1,160,154,26,-1,
        ]
    }
}
Shape{
    appearance Appearance {
        material  Material 	{
            diffuseColor 0.2235294117647059 0.2235294117647059 0.2235294117647059
            specularColor 0.11372549019607843 0.11372549019607843 0.11372549019607843
            ambientIntensity 0.2235
            transparency 0.0
            shininess 0.5
        }
    }
    geometry IndexedFaceSet {
        ccw TRUE
        solid FALSE
        coord DEF co Coordinate {
            point [
                -2.3661 0.5795 0.2526, -2.3661 0.422 0.1912, -2.3622 0.5795 0.2526, -2.3622 0.422 0.1912, -2.3661 0.422 0.2142, -2.3622 0.422 0.2142, -2.3661 0.4662 0.2301, -2.3622 0.4662 0.2301, -2.3661 0.4662 0.2952, -2.3622 0.4662 0.2952, -2.3661 0.422 0.3102, -2.3622 0.422 0.3102, -2.3661 0.422 0.3333, -2.3622 0.422 0.3333, -2.3661 0.5795 0.2737, -2.3622 0.5795 0.2737, -2.3661 0.4835 0.2899, -2.3661 0.5492 0.2664, -2.3661 0.5547 0.2649, -2.3661 0.5603 0.2639, -2.3661 0.5603 0.2634, -2.3661 0.5547 0.2623, -2.3661 0.5492 0.2609, -2.3661 0.4835 0.2372, -2.3622 0.4835 0.2899, -2.3622 0.4835 0.2372, -2.3622 0.5492 0.2664, -2.3622 0.5547 0.2649, -2.3622 0.5603 0.2639, -2.3622 0.5603 0.2634, -2.3622 0.5547 0.2623, -2.3622 0.5492 0.2609, -2.3661 0.422 0.4287, -2.3661 0.422 0.4716, -2.3622 0.422 0.4287, -2.3622 0.422 0.4716, -2.3661 0.5795 0.4716, -2.3622 0.5795 0.4716, -2.3661 0.5795 0.4271, -2.3622 0.5795 0.4271, -2.3661 0.5027 0.3448, -2.3622 0.5027 0.3448, -2.3622 0.5175 0.346, -2.3661 0.5175 0.346, -2.3622 0.5331 0.3502, -2.3661 0.5331 0.3502, -2.3622 0.5466 0.3575, -2.3661 0.5466 0.3575, -2.3622 0.559 0.3686, -2.3661 0.559 0.3686, -2.3622 0.5591 0.3688, -2.3661 0.5591 0.3688, -2.3622 0.5706 0.3859, -2.3661 0.5706 0.3859, -2.3622 0.5771 0.4044, -2.3661 0.5771 0.4044, -2.3622 0.4237 0.4093, -2.3661 0.4237 0.4093, -2.3622 0.4291 0.3911, -2.3661 0.4291 0.3911, -2.3622 0.4387 0.3747, -2.3661 0.4387 0.3747, -2.3622 0.4511 0.3617, -2.3661 0.4511 0.3617, -2.3622 0.4652 0.3527, -2.3661 0.4652 0.3527, -2.3622 0.4817 0.347, -2.3661 0.4817 0.347, -2.3661 0.5401 0.3764, -2.3661 0.5482 0.3841, -2.3661 0.5557 0.3956, -2.3661 0.5602 0.4086, -2.3661 0.5622 0.4272, -2.3661 0.5622 0.4504, -2.3661 0.4393 0.4504, -2.3661 0.4393 0.4281, -2.3661 0.4408 0.4115, -2.3661 0.445 0.3982, -2.3661 0.4514 0.3875, -2.3661 0.4601 0.3786, -2.3661 0.4709 0.372, -2.3661 0.4857 0.3674, -2.3661 0.5023 0.3659, -2.3661 0.518 0.3673, -2.3661 0.5304 0.3709, -2.3622 0.5622 0.4272, -2.3622 0.5622 0.4504, -2.3622 0.5602 0.4086, -2.3622 0.5557 0.3956, -2.3622 0.5482 0.3841, -2.3622 0.5401 0.3764, -2.3622 0.5304 0.3709, -2.3622 0.518 0.3673, -2.3622 0.5023 0.3659, -2.3622 0.4857 0.3674, -2.3622 0.4709 0.372, -2.3622 0.4601 0.3786, -2.3622 0.4514 0.3875, -2.3622 0.445 0.3982, -2.3622 0.4408 0.4115, -2.3622 0.4393 0.4281, -2.3622 0.4393 0.4504, -2.3661 0.4393 0.5023, -2.3661 0.422 0.5023, -2.3622 0.4393 0.5023, -2.3622 0.422 0.5023, -2.3661 0.422 0.5868, -2.3622 0.422 0.5868, -2.3661 0.5795 0.5868, -2.3622 0.5795 0.5868, -2.3661 0.5795 0.5061, -2.3622 0.5795 0.5061, -2.3661 0.5622 0.5061, -2.3622 0.5622 0.5061, -2.3661 0.5622 0.5657, -2.3622 0.5622 0.5657, -2.3661 0.5104 0.5657, -2.3622 0.5104 0.5657, -2.3661 0.5104 0.51, -2.3622 0.5104 0.51, -2.3661 0.4931 0.51, -2.3622 0.4931 0.51, -2.3661 0.4931 0.5657, -2.3622 0.4931 0.5657, -2.3661 0.4393 0.5657, -2.3622 0.4393 0.5657, -2.3661 0.4475 0.6175, -2.3661 0.4302 0.6175, -2.3622 0.4475 0.6175, -2.3622 0.4302 0.6175, -2.3661 0.4201 0.6608, -2.3622 0.4201 0.6608, -2.3622 0.4202 0.6565, -2.3661 0.4202 0.6565, -2.3622 0.4233 0.6343, -2.3661 0.4233 0.6343, -2.3661 0.4978 0.7347, -2.3622 0.4978 0.7347, -2.3622 0.4795 0.7331, -2.3661 0.4795 0.7331, -2.3622 0.4629 0.7284, -2.3661 0.4629 0.7284, -2.3622 0.4479 0.72, -2.3661 0.4479 0.72, -2.3622 0.4354 0.7082, -2.3661 0.4354 0.7082, -2.3622 0.4274 0.6955, -2.3661 0.4274 0.6955, -2.3622 0.4221 0.6803, -2.3661 0.4221 0.6803, -2.3661 0.5814 0.6546, -2.3622 0.5814 0.6546, -2.3661 0.5801 0.6704, -2.3622 0.5804 0.6663, -2.3622 0.5801 0.6704, -2.3622 0.575 0.688, -2.3661 0.575 0.688, -2.3622 0.5664 0.7029, -2.3661 0.5664 0.7029, -2.3622 0.5527 0.7171, -2.3661 0.5527 0.7171, -2.3622 0.538 0.7264, -2.3661 0.538 0.7264, -2.3622 0.5202 0.7324, -2.3661 0.5202 0.7324, -2.3622 0.5804 0.6407, -2.3661 0.5801 0.6357, -2.3622 0.5801 0.6357, -2.3661 0.5752 0.6175, -2.3622 0.5752 0.6175, -2.3661 0.554 0.6175, -2.3622 0.554 0.6175, -2.3661 0.5641 0.6544, -2.3622 0.5641 0.6544, -2.3622 0.5616 0.6353, -2.3661 0.5616 0.6353, -2.3661 0.4991 0.7135, -2.3622 0.4991 0.7135, -2.3622 0.5113 0.7128, -2.3661 0.5113 0.7128, -2.3622 0.5282 0.7086, -2.3661 0.5282 0.7086, -2.3622 0.5403 0.7021, -2.3661 0.5403 0.7021, -2.3622 0.5508 0.6926, -2.3661 0.5508 0.6926, -2.3622 0.5581 0.6817, -2.3661 0.5581 0.6817, -2.3622 0.5624 0.6699, -2.3661 0.5624 0.6699, -2.3661 0.4374 0.6579, -2.3622 0.4374 0.6579, -2.3622 0.439 0.6726, -2.3661 0.439 0.6726, -2.3622 0.4432 0.6841, -2.3661 0.4432 0.6841, -2.3622 0.4498 0.6938, -2.3661 0.4498 0.6938, -2.3622 0.4576 0.7012, -2.3661 0.4576 0.7012, -2.3622 0.4685 0.7077, -2.3661 0.4685 0.7077, -2.3622 0.482 0.7119, -2.3661 0.482 0.7119, -2.3622 0.4459 0.6203, -2.3661 0.4459 0.6203, -2.3622 0.4397 0.637, -2.3661 0.4397 0.637, -2.3661 0.4393 0.7481, -2.3661 0.422 0.7481, -2.3622 0.4393 0.7481, -2.3622 0.422 0.7481, -2.3661 0.422 0.8288, -2.3622 0.422 0.8288, -2.3661 0.5795 0.8288, -2.3622 0.5795 0.8288, -2.3661 0.5795 0.8076, -2.3622 0.5795 0.8076, -2.3661 0.4393 0.8076, -2.3622 0.4393 0.8076
            ]
        }
        coordIndex [
            0,1,2,-1,2,1,3,-1,1,4,3,-1,3,4,5,-1,4,6,5,-1,5,6,7,-1,6,8,7,-1,7,8,9,-1,8,10,9,-1,9,10,11,-1,10,12,11,-1,11,12,13,-1,12,14,13,-1,13,14,15,-1,14,0,15,-1,15,0,2,-1,16,17,14,-1,12,10,8,-1,17,18,14,-1,14,18,19,-1,14,19,0,-1,0,19,20,-1,0,20,21,-1,21,22,0,-1,0,22,23,-1,0,23,1,-1,4,1,6,-1,6,1,23,-1,6,23,8,-1,8,23,16,-1,8,16,12,-1,12,16,14,-1,16,23,24,-1,24,23,25,-1,17,16,26,-1,26,16,24,-1,17,26,27,-1,17,27,18,-1,18,27,28,-1,18,28,19,-1,20,19,29,-1,29,19,28,-1,20,29,30,-1,20,30,21,-1,21,30,31,-1,21,31,22,-1,23,22,25,-1,25,22,31,-1,32,33,34,-1,34,33,35,-1,33,36,35,-1,35,36,37,-1,36,38,37,-1,37,38,39,-1,40,41,42,-1,40,42,43,-1,43,42,44,-1,43,44,45,-1,45,44,46,-1,45,46,47,-1,47,46,48,-1,47,48,49,-1,49,48,50,-1,49,50,51,-1,51,50,52,-1,51,52,53,-1,53,52,54,-1,53,54,55,-1,55,54,39,-1,55,39,38,-1,32,34,56,-1,32,56,57,-1,57,56,58,-1,57,58,59,-1,59,58,60,-1,59,60,61,-1,61,60,62,-1,61,62,63,-1,63,62,64,-1,63,64,65,-1,65,64,66,-1,65,66,67,-1,67,66,41,-1,67,41,40,-1,45,47,68,-1,68,47,49,-1,68,49,69,-1,69,49,51,-1,69,51,70,-1,70,51,53,-1,70,53,71,-1,71,53,55,-1,71,55,72,-1,72,55,38,-1,72,38,73,-1,73,38,36,-1,73,36,74,-1,74,36,33,-1,74,33,75,-1,75,33,32,-1,75,32,76,-1,76,32,57,-1,76,57,77,-1,77,57,59,-1,77,59,78,-1,78,59,61,-1,78,61,79,-1,79,61,63,-1,79,63,80,-1,80,63,65,-1,80,65,81,-1,81,65,67,-1,81,67,82,-1,82,67,40,-1,82,40,83,-1,83,40,43,-1,83,43,84,-1,84,43,45,-1,84,45,68,-1,72,73,85,-1,85,73,86,-1,72,85,87,-1,72,87,71,-1,71,87,88,-1,71,88,70,-1,70,88,89,-1,70,89,69,-1,69,89,90,-1,69,90,68,-1,68,90,91,-1,68,91,84,-1,84,91,92,-1,84,92,83,-1,83,92,93,-1,83,93,82,-1,82,93,94,-1,82,94,81,-1,81,94,95,-1,81,95,80,-1,80,95,96,-1,80,96,79,-1,79,96,97,-1,79,97,78,-1,78,97,98,-1,78,98,77,-1,77,98,99,-1,77,99,76,-1,76,99,100,-1,76,100,75,-1,74,75,101,-1,101,75,100,-1,73,74,86,-1,86,74,101,-1,102,103,104,-1,104,103,105,-1,103,106,105,-1,105,106,107,-1,106,108,107,-1,107,108,109,-1,108,110,109,-1,109,110,111,-1,110,112,111,-1,111,112,113,-1,112,114,113,-1,113,114,115,-1,114,116,115,-1,115,116,117,-1,116,118,117,-1,117,118,119,-1,118,120,119,-1,119,120,121,-1,120,122,121,-1,121,122,123,-1,122,124,123,-1,123,124,125,-1,124,102,125,-1,125,102,104,-1,106,103,102,-1,102,124,106,-1,106,124,122,-1,106,122,108,-1,112,110,114,-1,114,110,108,-1,114,108,116,-1,116,108,122,-1,116,122,118,-1,118,122,120,-1,126,127,128,-1,128,127,129,-1,130,131,132,-1,130,132,133,-1,133,132,134,-1,133,134,135,-1,135,134,129,-1,135,129,127,-1,136,137,138,-1,136,138,139,-1,139,138,140,-1,139,140,141,-1,141,140,142,-1,141,142,143,-1,143,142,144,-1,143,144,145,-1,145,144,146,-1,145,146,147,-1,147,146,148,-1,147,148,149,-1,149,148,131,-1,149,131,130,-1,150,151,152,-1,152,151,153,-1,153,154,152,-1,152,154,155,-1,152,155,156,-1,156,155,157,-1,156,157,158,-1,158,157,159,-1,158,159,160,-1,160,159,161,-1,160,161,162,-1,162,161,163,-1,162,163,164,-1,164,163,137,-1,164,137,136,-1,151,150,165,-1,165,150,166,-1,165,166,167,-1,167,166,168,-1,167,168,169,-1,168,170,169,-1,169,170,171,-1,172,173,174,-1,172,174,175,-1,175,174,171,-1,175,171,170,-1,176,177,178,-1,176,178,179,-1,179,178,180,-1,179,180,181,-1,181,180,182,-1,181,182,183,-1,183,182,184,-1,183,184,185,-1,185,184,186,-1,185,186,187,-1,187,186,188,-1,187,188,189,-1,189,188,173,-1,189,173,172,-1,190,191,192,-1,190,192,193,-1,193,192,194,-1,193,194,195,-1,195,194,196,-1,195,196,197,-1,197,196,198,-1,197,198,199,-1,199,198,200,-1,199,200,201,-1,201,200,202,-1,201,202,203,-1,203,202,177,-1,203,177,176,-1,126,128,204,-1,126,204,205,-1,205,204,206,-1,205,206,207,-1,207,206,191,-1,207,191,190,-1,193,130,190,-1,190,130,133,-1,190,133,207,-1,207,133,135,-1,207,135,205,-1,205,135,127,-1,205,127,126,-1,170,168,175,-1,175,168,166,-1,175,166,172,-1,172,166,150,-1,172,150,189,-1,189,150,152,-1,189,152,187,-1,187,152,156,-1,187,156,185,-1,185,156,158,-1,185,158,183,-1,183,158,160,-1,183,160,181,-1,181,160,162,-1,181,162,179,-1,179,162,164,-1,179,164,176,-1,176,164,136,-1,176,136,203,-1,203,136,139,-1,203,139,201,-1,201,139,141,-1,201,141,199,-1,199,141,143,-1,199,143,197,-1,197,143,145,-1,197,145,195,-1,195,145,147,-1,195,147,193,-1,193,147,149,-1,193,149,130,-1,208,209,210,-1,210,209,211,-1,209,212,211,-1,211,212,213,-1,212,214,213,-1,213,214,215,-1,214,216,215,-1,215,216,217,-1,216,218,217,-1,217,218,219,-1,218,208,219,-1,219,208,210,-1,216,214,218,-1,218,214,212,-1,218,212,208,-1,208,212,209,-1,
        ]
    }
}
Shape{
    appearance Appearance {
        material  Material 	{
            diffuseColor 0.9490196078431372 0.7607843137254902 0.1803921568627451
            specularColor 0.7607843137254902 0.6078431372549019 0.1450980392156863
            ambientIntensity 0.7509
            transparency 0.0
            shininess 0.5
        }
    }
    geometry IndexedFaceSet {
        ccw TRUE
        solid FALSE
        coord DEF co Coordinate {
            point [
                -2.3622 0.4835 0.2899, -2.3622 0.4835 0.2372, -2.3622 0.5492 0.2664, -2.3622 0.5492 0.2609, -2.3622 0.5547 0.2649, -2.3622 0.5547 0.2623, -2.3622 0.5603 0.2639, -2.3622 0.5603 0.2634, -2.3622 0.5622 0.4504, -2.3622 0.4393 0.4504, -2.3622 0.5622 0.4272, -2.3622 0.4393 0.4281, -2.3622 0.4408 0.4115, -2.3622 0.5023 0.3659, -2.3622 0.518 0.3673, -2.3622 0.5304 0.3709, -2.3622 0.5602 0.4086, -2.3622 0.445 0.3982, -2.3622 0.4514 0.3875, -2.3622 0.4601 0.3786, -2.3622 0.4709 0.372, -2.3622 0.4857 0.3674, -2.3622 0.5401 0.3764, -2.3622 0.5482 0.3841, -2.3622 0.5557 0.3956, -3.3622 0.5804 -1.0236, -3.3622 0.6398 -1.0236, -3.3622 0.6398 0.4869, -3.3622 0.5641 0.6544, -3.3622 0.5624 0.6699, -3.3622 0.4459 0.6203, -3.3622 0.5804 0.6407, -3.3622 0.5801 0.6357, -3.3622 0.5795 0.5868, -3.3622 0.5752 0.6175, -3.3622 0.554 0.6175, -3.3622 0.5616 0.6353, -3.3622 0.4475 0.6175, -3.3622 0.422 0.5868, -3.3622 0.422 0.7481, -3.3622 0.4221 0.6803, -3.3622 0.4393 0.7481, -3.3622 0.4274 0.6955, -3.3622 0.4354 0.7082, -3.3622 0.5622 0.5061, -3.3622 0.3642 0.4869, -3.3622 0.5804 0.4869, -3.3622 0.4479 0.72, -3.3622 0.4629 0.7284, -3.3622 0.4393 0.8076, -3.3622 0.538 0.7264, -3.3622 0.5527 0.7171, -3.3622 0.5795 0.8076, -3.3622 0.5664 0.7029, -3.3622 0.575 0.688, -3.3622 0.5795 0.5061, -3.3622 0.5801 0.6704, -3.3622 0.5804 0.6663, -3.3622 0.5795 0.8288, -3.3622 0.5581 0.6817, -3.3622 0.5508 0.6926, -3.3622 0.5403 0.7021, -3.3622 0.4991 0.7135, -3.3622 0.482 0.7119, -3.3622 0.4685 0.7077, -3.3622 0.439 0.6726, -3.3622 0.4374 0.6579, -3.3622 0.4432 0.6841, -3.3622 0.4498 0.6938, -3.3622 0.4576 0.7012, -3.3622 0.4397 0.637, -3.3622 0.4931 0.51, -3.3622 0.4931 0.5657, -3.3622 0.4393 0.5657, -3.3622 0.3528 1.122, -3.3622 0.5804 1.293, -3.3622 0.3193 1.2028, -3.3622 0.5369 1.3745, -3.3622 0.2662 1.2721, -3.3622 0.461 1.4669, -3.3622 0.1969 1.3252, -3.3622 0.5282 0.7086, -3.3622 0.5113 0.7128, -3.3622 -4.2618 1.6457, -3.3622 -4.2618 1.3701, -3.3622 0.0295 1.6457, -3.3622 0.0295 1.3701, -3.3622 0.1486 1.6339, -3.3622 0.1161 1.3587, -3.3622 0.2631 1.5992, -3.3622 0.3686 1.5428, -3.3622 0.4795 0.7331, -3.3622 0.4978 0.7347, -3.3622 0.5202 0.7324, -3.3622 0.4393 0.5023, -3.3622 0.5104 0.51, -3.3622 0.5104 0.5657, -3.3622 0.5622 0.5657, -3.3622 0.4302 0.6175, -3.3622 0.422 0.5023, -3.3622 0.4233 0.6343, -3.3622 0.4202 0.6565, -3.3622 0.4201 0.6608, -3.3622 0.5814 0.6546, -3.3622 0.6398 1.0354, -3.3622 0.628 1.1545, -3.3622 0.3642 1.0354, -3.3622 0.422 0.8288, -3.3622 0.5933 1.269, -3.3622 0.422 0.3102, -3.3622 0.422 0.3333, -3.3622 0.422 0.2142, -3.3622 0.4662 0.2301, -3.3622 0.4662 0.2952, -3.3622 0.5795 0.2526, -3.3622 0.5795 0.2737, -3.3622 0.5795 0.4271, -3.3622 0.5771 0.4044, -3.3622 0.5706 0.3859, -3.3622 0.5591 0.3688, -3.3622 0.4652 0.3527, -3.3622 0.4511 0.3617, -3.3622 0.559 0.3686, -3.3622 0.5466 0.3575, -3.3622 0.5331 0.3502, -3.3622 0.4387 0.3747, -3.3622 0.4291 0.3911, -3.3622 0.4237 0.4093, -3.3622 0.422 0.4287, -3.3622 0.422 0.4716, -3.3622 0.5795 0.4716, -3.3622 0.5175 0.346, -3.3622 0.5027 0.3448, -3.3622 0.4817 0.347, -3.3622 0.422 0.1912, -3.3622 0.3642 -1.0236, -3.6378 -4.2618 1.6457, -3.6378 0.0295 1.6457, -3.6378 -4.2618 1.3701, -3.6378 0.0295 1.3701, -3.6378 0.1486 1.6339, -3.6378 0.2631 1.5992, -3.6378 0.3686 1.5428, -3.6378 0.461 1.4669, -3.6378 0.5369 1.3745, -3.6378 0.5933 1.269, -3.6378 0.628 1.1545, -3.6378 0.6398 1.0354, -3.6378 0.3642 1.0354, -3.6378 0.3528 1.122, -3.6378 0.3193 1.2028, -3.6378 0.2662 1.2721, -3.6378 0.1969 1.3252, -3.6378 0.1161 1.3587, -3.6378 0.6398 -1.0236, -3.6378 0.3642 -1.0236, -3.4134 -4.4193 1.4213, -3.4134 -4.4193 1.5945, -3.5866 -4.4193 1.4213, -3.5866 -4.4193 1.5945, -3.4134 0.5886 -1.1811, -3.4134 0.4154 -1.1811, -3.5866 0.5886 -1.1811, -3.5866 0.4154 -1.1811
            ]
        }
        coordIndex [
            0,1,2,-1,2,1,3,-1,2,3,4,-1,4,3,5,-1,4,5,6,-1,6,5,7,-1,8,9,10,-1,10,9,11,-1,10,11,12,-1,13,14,10,-1,10,14,15,-1,10,15,16,-1,12,17,10,-1,10,17,18,-1,10,18,19,-1,19,20,10,-1,10,20,21,-1,10,21,13,-1,22,23,15,-1,15,23,24,-1,15,24,16,-1,25,26,27,-1,28,29,30,-1,31,32,33,-1,33,32,34,-1,33,34,35,-1,28,30,36,-1,36,30,37,-1,36,37,35,-1,35,37,38,-1,35,38,33,-1,39,40,41,-1,41,40,42,-1,41,42,43,-1,44,45,46,-1,43,47,41,-1,41,47,48,-1,41,48,49,-1,50,51,52,-1,52,51,53,-1,52,53,54,-1,31,33,46,-1,46,33,55,-1,46,55,44,-1,54,56,52,-1,52,56,57,-1,52,57,58,-1,29,59,30,-1,30,59,60,-1,30,60,61,-1,62,63,30,-1,30,63,64,-1,65,66,67,-1,67,66,68,-1,64,69,30,-1,30,69,68,-1,30,68,70,-1,70,68,66,-1,71,72,73,-1,74,75,76,-1,76,75,77,-1,76,77,78,-1,78,77,79,-1,78,79,80,-1,61,81,30,-1,30,81,82,-1,30,82,62,-1,83,84,85,-1,85,84,86,-1,85,86,87,-1,87,86,88,-1,87,88,89,-1,89,88,80,-1,89,80,90,-1,90,80,79,-1,48,91,49,-1,49,91,92,-1,49,92,52,-1,52,92,93,-1,52,93,50,-1,73,94,71,-1,71,94,45,-1,71,45,95,-1,95,45,44,-1,95,44,96,-1,96,44,97,-1,37,98,38,-1,38,98,45,-1,38,45,99,-1,99,45,94,-1,98,100,45,-1,45,100,101,-1,45,101,102,-1,103,27,57,-1,57,27,104,-1,57,104,105,-1,102,40,45,-1,45,40,39,-1,45,39,106,-1,106,39,107,-1,106,107,74,-1,74,107,58,-1,74,58,75,-1,75,58,57,-1,75,57,108,-1,108,57,105,-1,109,110,45,-1,111,112,113,-1,114,46,115,-1,115,46,116,-1,116,117,115,-1,115,117,118,-1,115,118,119,-1,110,120,121,-1,119,122,115,-1,115,122,123,-1,115,123,124,-1,121,125,110,-1,110,125,126,-1,110,126,45,-1,45,126,127,-1,127,128,45,-1,45,128,129,-1,45,129,46,-1,46,129,130,-1,46,130,116,-1,124,131,115,-1,115,131,132,-1,115,132,110,-1,110,132,133,-1,110,133,120,-1,113,109,111,-1,111,109,45,-1,111,45,134,-1,134,45,135,-1,134,135,114,-1,114,135,25,-1,114,25,46,-1,46,25,27,-1,46,27,31,-1,31,27,103,-1,83,85,136,-1,136,85,137,-1,138,139,84,-1,84,139,86,-1,137,85,87,-1,137,87,140,-1,140,87,89,-1,140,89,141,-1,141,89,90,-1,141,90,142,-1,142,90,79,-1,142,79,143,-1,143,79,77,-1,143,77,144,-1,144,77,75,-1,144,75,145,-1,75,108,145,-1,145,108,105,-1,145,105,146,-1,146,105,104,-1,146,104,147,-1,148,106,149,-1,149,106,74,-1,149,74,150,-1,150,74,76,-1,150,76,151,-1,151,76,78,-1,151,78,152,-1,152,78,80,-1,152,80,153,-1,153,80,88,-1,153,88,139,-1,139,88,86,-1,26,154,27,-1,27,154,147,-1,27,147,104,-1,138,136,139,-1,139,136,137,-1,139,137,153,-1,150,145,149,-1,149,145,146,-1,149,146,148,-1,148,146,147,-1,148,147,155,-1,155,147,154,-1,137,140,153,-1,153,140,141,-1,153,141,152,-1,152,141,142,-1,152,142,151,-1,151,142,143,-1,151,143,150,-1,150,143,144,-1,150,144,145,-1,155,135,148,-1,148,135,45,-1,148,45,106,-1,156,157,158,-1,158,157,159,-1,160,161,162,-1,162,161,163,-1,136,159,83,-1,83,159,157,-1,138,158,136,-1,136,158,159,-1,156,84,157,-1,157,84,83,-1,84,156,138,-1,138,156,158,-1,161,135,163,-1,163,135,155,-1,135,161,25,-1,25,161,160,-1,25,160,26,-1,154,162,155,-1,155,162,163,-1,162,154,160,-1,160,154,26,-1,
        ]
    }
}
Shape{
    appearance Appearance {
        material  Material 	{
            diffuseColor 0.2235294117647059 0.2235294117647059 0.2235294117647059
            specularColor 0.11372549019607843 0.11372549019607843 0.11372549019607843
            ambientIntensity 0.2235
            transparency 0.0
            shininess 0.5
        }
    }
    geometry IndexedFaceSet {
        ccw TRUE
        solid FALSE
        coord DEF co Coordinate {
            point [
                -3.3661 0.5795 0.2526, -3.3661 0.422 0.1912, -3.3622 0.5795 0.2526, -3.3622 0.422 0.1912, -3.3661 0.422 0.2142, -3.3622 0.422 0.2142, -3.3661 0.4662 0.2301, -3.3622 0.4662 0.2301, -3.3661 0.4662 0.2952, -3.3622 0.4662 0.2952, -3.3661 0.422 0.3102, -3.3622 0.422 0.3102, -3.3661 0.422 0.3333, -3.3622 0.422 0.3333, -3.3661 0.5795 0.2737, -3.3622 0.5795 0.2737, -3.3661 0.4835 0.2899, -3.3661 0.5492 0.2664, -3.3661 0.5547 0.2649, -3.3661 0.5603 0.2639, -3.3661 0.5603 0.2634, -3.3661 0.5547 0.2623, -3.3661 0.5492 0.2609, -3.3661 0.4835 0.2372, -3.3622 0.4835 0.2899, -3.3622 0.4835 0.2372, -3.3622 0.5492 0.2664, -3.3622 0.5547 0.2649, -3.3622 0.5603 0.2639, -3.3622 0.5603 0.2634, -3.3622 0.5547 0.2623, -3.3622 0.5492 0.2609, -3.3661 0.422 0.4287, -3.3661 0.422 0.4716, -3.3622 0.422 0.4287, -3.3622 0.422 0.4716, -3.3661 0.5795 0.4716, -3.3622 0.5795 0.4716, -3.3661 0.5795 0.4271, -3.3622 0.5795 0.4271, -3.3661 0.5027 0.3448, -3.3622 0.5027 0.3448, -3.3622 0.5175 0.346, -3.3661 0.5175 0.346, -3.3622 0.5331 0.3502, -3.3661 0.5331 0.3502, -3.3622 0.5466 0.3575, -3.3661 0.5466 0.3575, -3.3622 0.559 0.3686, -3.3661 0.559 0.3686, -3.3622 0.5591 0.3688, -3.3661 0.5591 0.3688, -3.3622 0.5706 0.3859, -3.3661 0.5706 0.3859, -3.3622 0.5771 0.4044, -3.3661 0.5771 0.4044, -3.3622 0.4237 0.4093, -3.3661 0.4237 0.4093, -3.3622 0.4291 0.3911, -3.3661 0.4291 0.3911, -3.3622 0.4387 0.3747, -3.3661 0.4387 0.3747, -3.3622 0.4511 0.3617, -3.3661 0.4511 0.3617, -3.3622 0.4652 0.3527, -3.3661 0.4652 0.3527, -3.3622 0.4817 0.347, -3.3661 0.4817 0.347, -3.3661 0.5401 0.3764, -3.3661 0.5482 0.3841, -3.3661 0.5557 0.3956, -3.3661 0.5602 0.4086, -3.3661 0.5622 0.4272, -3.3661 0.5622 0.4504, -3.3661 0.4393 0.4504, -3.3661 0.4393 0.4281, -3.3661 0.4408 0.4115, -3.3661 0.445 0.3982, -3.3661 0.4514 0.3875, -3.3661 0.4601 0.3786, -3.3661 0.4709 0.372, -3.3661 0.4857 0.3674, -3.3661 0.5023 0.3659, -3.3661 0.518 0.3673, -3.3661 0.5304 0.3709, -3.3622 0.5622 0.4272, -3.3622 0.5622 0.4504, -3.3622 0.5602 0.4086, -3.3622 0.5557 0.3956, -3.3622 0.5482 0.3841, -3.3622 0.5401 0.3764, -3.3622 0.5304 0.3709, -3.3622 0.518 0.3673, -3.3622 0.5023 0.3659, -3.3622 0.4857 0.3674, -3.3622 0.4709 0.372, -3.3622 0.4601 0.3786, -3.3622 0.4514 0.3875, -3.3622 0.445 0.3982, -3.3622 0.4408 0.4115, -3.3622 0.4393 0.4281, -3.3622 0.4393 0.4504, -3.3661 0.4393 0.5023, -3.3661 0.422 0.5023, -3.3622 0.4393 0.5023, -3.3622 0.422 0.5023, -3.3661 0.422 0.5868, -3.3622 0.422 0.5868, -3.3661 0.5795 0.5868, -3.3622 0.5795 0.5868, -3.3661 0.5795 0.5061, -3.3622 0.5795 0.5061, -3.3661 0.5622 0.5061, -3.3622 0.5622 0.5061, -3.3661 0.5622 0.5657, -3.3622 0.5622 0.5657, -3.3661 0.5104 0.5657, -3.3622 0.5104 0.5657, -3.3661 0.5104 0.51, -3.3622 0.5104 0.51, -3.3661 0.4931 0.51, -3.3622 0.4931 0.51, -3.3661 0.4931 0.5657, -3.3622 0.4931 0.5657, -3.3661 0.4393 0.5657, -3.3622 0.4393 0.5657, -3.3661 0.4475 0.6175, -3.3661 0.4302 0.6175, -3.3622 0.4475 0.6175, -3.3622 0.4302 0.6175, -3.3661 0.4201 0.6608, -3.3622 0.4201 0.6608, -3.3622 0.4202 0.6565, -3.3661 0.4202 0.6565, -3.3622 0.4233 0.6343, -3.3661 0.4233 0.6343, -3.3661 0.4978 0.7347, -3.3622 0.4978 0.7347, -3.3622 0.4795 0.7331, -3.3661 0.4795 0.7331, -3.3622 0.4629 0.7284, -3.3661 0.4629 0.7284, -3.3622 0.4479 0.72, -3.3661 0.4479 0.72, -3.3622 0.4354 0.7082, -3.3661 0.4354 0.7082, -3.3622 0.4274 0.6955, -3.3661 0.4274 0.6955, -3.3622 0.4221 0.6803, -3.3661 0.4221 0.6803, -3.3661 0.5814 0.6546, -3.3622 0.5814 0.6546, -3.3661 0.5801 0.6704, -3.3622 0.5804 0.6663, -3.3622 0.5801 0.6704, -3.3622 0.575 0.688, -3.3661 0.575 0.688, -3.3622 0.5664 0.7029, -3.3661 0.5664 0.7029, -3.3622 0.5527 0.7171, -3.3661 0.5527 0.7171, -3.3622 0.538 0.7264, -3.3661 0.538 0.7264, -3.3622 0.5202 0.7324, -3.3661 0.5202 0.7324, -3.3622 0.5804 0.6407, -3.3661 0.5801 0.6357, -3.3622 0.5801 0.6357, -3.3661 0.5752 0.6175, -3.3622 0.5752 0.6175, -3.3661 0.554 0.6175, -3.3622 0.554 0.6175, -3.3661 0.5641 0.6544, -3.3622 0.5641 0.6544, -3.3622 0.5616 0.6353, -3.3661 0.5616 0.6353, -3.3661 0.4991 0.7135, -3.3622 0.4991 0.7135, -3.3622 0.5113 0.7128, -3.3661 0.5113 0.7128, -3.3622 0.5282 0.7086, -3.3661 0.5282 0.7086, -3.3622 0.5403 0.7021, -3.3661 0.5403 0.7021, -3.3622 0.5508 0.6926, -3.3661 0.5508 0.6926, -3.3622 0.5581 0.6817, -3.3661 0.5581 0.6817, -3.3622 0.5624 0.6699, -3.3661 0.5624 0.6699, -3.3661 0.4374 0.6579, -3.3622 0.4374 0.6579, -3.3622 0.439 0.6726, -3.3661 0.439 0.6726, -3.3622 0.4432 0.6841, -3.3661 0.4432 0.6841, -3.3622 0.4498 0.6938, -3.3661 0.4498 0.6938, -3.3622 0.4576 0.7012, -3.3661 0.4576 0.7012, -3.3622 0.4685 0.7077, -3.3661 0.4685 0.7077, -3.3622 0.482 0.7119, -3.3661 0.482 0.7119, -3.3622 0.4459 0.6203, -3.3661 0.4459 0.6203, -3.3622 0.4397 0.637, -3.3661 0.4397 0.637, -3.3661 0.4393 0.7481, -3.3661 0.422 0.7481, -3.3622 0.4393 0.7481, -3.3622 0.422 0.7481, -3.3661 0.422 0.8288, -3.3622 0.422 0.8288, -3.3661 0.5795 0.8288, -3.3622 0.5795 0.8288, -3.3661 0.5795 0.8076, -3.3622 0.5795 0.8076, -3.3661 0.4393 0.8076, -3.3622 0.4393 0.8076
            ]
        }
        coordIndex [
            0,1,2,-1,2,1,3,-1,1,4,3,-1,3,4,5,-1,4,6,5,-1,5,6,7,-1,6,8,7,-1,7,8,9,-1,8,10,9,-1,9,10,11,-1,10,12,11,-1,11,12,13,-1,12,14,13,-1,13,14,15,-1,14,0,15,-1,15,0,2,-1,16,17,14,-1,12,10,8,-1,17,18,14,-1,14,18,19,-1,14,19,0,-1,0,19,20,-1,0,20,21,-1,21,22,0,-1,0,22,23,-1,0,23,1,-1,4,1,6,-1,6,1,23,-1,6,23,8,-1,8,23,16,-1,8,16,12,-1,12,16,14,-1,16,23,24,-1,24,23,25,-1,17,16,26,-1,26,16,24,-1,17,26,27,-1,17,27,18,-1,18,27,28,-1,18,28,19,-1,20,19,29,-1,29,19,28,-1,20,29,30,-1,20,30,21,-1,21,30,31,-1,21,31,22,-1,23,22,25,-1,25,22,31,-1,32,33,34,-1,34,33,35,-1,33,36,35,-1,35,36,37,-1,36,38,37,-1,37,38,39,-1,40,41,42,-1,40,42,43,-1,43,42,44,-1,43,44,45,-1,45,44,46,-1,45,46,47,-1,47,46,48,-1,47,48,49,-1,49,48,50,-1,49,50,51,-1,51,50,52,-1,51,52,53,-1,53,52,54,-1,53,54,55,-1,55,54,39,-1,55,39,38,-1,32,34,56,-1,32,56,57,-1,57,56,58,-1,57,58,59,-1,59,58,60,-1,59,60,61,-1,61,60,62,-1,61,62,63,-1,63,62,64,-1,63,64,65,-1,65,64,66,-1,65,66,67,-1,67,66,41,-1,67,41,40,-1,45,47,68,-1,68,47,49,-1,68,49,69,-1,69,49,51,-1,69,51,70,-1,70,51,53,-1,70,53,71,-1,71,53,55,-1,71,55,72,-1,72,55,38,-1,72,38,73,-1,73,38,36,-1,73,36,74,-1,74,36,33,-1,74,33,75,-1,75,33,32,-1,75,32,76,-1,76,32,57,-1,76,57,77,-1,77,57,59,-1,77,59,78,-1,78,59,61,-1,78,61,79,-1,79,61,63,-1,79,63,80,-1,80,63,65,-1,80,65,81,-1,81,65,67,-1,81,67,82,-1,82,67,40,-1,82,40,83,-1,83,40,43,-1,83,43,84,-1,84,43,45,-1,84,45,68,-1,72,73,85,-1,85,73,86,-1,72,85,87,-1,72,87,71,-1,71,87,88,-1,71,88,70,-1,70,88,89,-1,70,89,69,-1,69,89,90,-1,69,90,68,-1,68,90,91,-1,68,91,84,-1,84,91,92,-1,84,92,83,-1,83,92,93,-1,83,93,82,-1,82,93,94,-1,82,94,81,-1,81,94,95,-1,81,95,80,-1,80,95,96,-1,80,96,79,-1,79,96,97,-1,79,97,78,-1,78,97,98,-1,78,98,77,-1,77,98,99,-1,77,99,76,-1,76,99,100,-1,76,100,75,-1,74,75,101,-1,101,75,100,-1,73,74,86,-1,86,74,101,-1,102,103,104,-1,104,103,105,-1,103,106,105,-1,105,106,107,-1,106,108,107,-1,107,108,109,-1,108,110,109,-1,109,110,111,-1,110,112,111,-1,111,112,113,-1,112,114,113,-1,113,114,115,-1,114,116,115,-1,115,116,117,-1,116,118,117,-1,117,118,119,-1,118,120,119,-1,119,120,121,-1,120,122,121,-1,121,122,123,-1,122,124,123,-1,123,124,125,-1,124,102,125,-1,125,102,104,-1,106,103,102,-1,102,124,106,-1,106,124,122,-1,106,122,108,-1,112,110,114,-1,114,110,108,-1,114,108,116,-1,116,108,122,-1,116,122,118,-1,118,122,120,-1,126,127,128,-1,128,127,129,-1,130,131,132,-1,130,132,133,-1,133,132,134,-1,133,134,135,-1,135,134,129,-1,135,129,127,-1,136,137,138,-1,136,138,139,-1,139,138,140,-1,139,140,141,-1,141,140,142,-1,141,142,143,-1,143,142,144,-1,143,144,145,-1,145,144,146,-1,145,146,147,-1,147,146,148,-1,147,148,149,-1,149,148,131,-1,149,131,130,-1,150,151,152,-1,152,151,153,-1,153,154,152,-1,152,154,155,-1,152,155,156,-1,156,155,157,-1,156,157,158,-1,158,157,159,-1,158,159,160,-1,160,159,161,-1,160,161,162,-1,162,161,163,-1,162,163,164,-1,164,163,137,-1,164,137,136,-1,151,150,165,-1,165,150,166,-1,165,166,167,-1,167,166,168,-1,167,168,169,-1,168,170,169,-1,169,170,171,-1,172,173,174,-1,172,174,175,-1,175,174,171,-1,175,171,170,-1,176,177,178,-1,176,178,179,-1,179,178,180,-1,179,180,181,-1,181,180,182,-1,181,182,183,-1,183,182,184,-1,183,184,185,-1,185,184,186,-1,185,186,187,-1,187,186,188,-1,187,188,189,-1,189,188,173,-1,189,173,172,-1,190,191,192,-1,190,192,193,-1,193,192,194,-1,193,194,195,-1,195,194,196,-1,195,196,197,-1,197,196,198,-1,197,198,199,-1,199,198,200,-1,199,200,201,-1,201,200,202,-1,201,202,203,-1,203,202,177,-1,203,177,176,-1,126,128,204,-1,126,204,205,-1,205,204,206,-1,205,206,207,-1,207,206,191,-1,207,191,190,-1,193,130,190,-1,190,130,133,-1,190,133,207,-1,207,133,135,-1,207,135,205,-1,205,135,127,-1,205,127,126,-1,170,168,175,-1,175,168,166,-1,175,166,172,-1,172,166,150,-1,172,150,189,-1,189,150,152,-1,189,152,187,-1,187,152,156,-1,187,156,185,-1,185,156,158,-1,185,158,183,-1,183,158,160,-1,183,160,181,-1,181,160,162,-1,181,162,179,-1,179,162,164,-1,179,164,176,-1,176,164,136,-1,176,136,203,-1,203,136,139,-1,203,139,201,-1,201,139,141,-1,201,141,199,-1,199,141,143,-1,199,143,197,-1,197,143,145,-1,197,145,195,-1,195,145,147,-1,195,147,193,-1,193,147,149,-1,193,149,130,-1,208,209,210,-1,210,209,211,-1,209,212,211,-1,211,212,213,-1,212,214,213,-1,213,214,215,-1,214,216,215,-1,215,216,217,-1,216,218,217,-1,217,218,219,-1,218,208,219,-1,219,208,210,-1,216,214,218,-1,218,214,212,-1,218,212,208,-1,208,212,209,-1,
        ]
    }
}
Shape{
    appearance Appearance {
        material  Material 	{
            diffuseColor 0.9490196078431372 0.7607843137254902 0.1803921568627451
            specularColor 0.7607843137254902 0.6078431372549019 0.1450980392156863
            ambientIntensity 0.7509
            transparency 0.0
            shininess 0.5
        }
    }
    geometry IndexedFaceSet {
        ccw TRUE
        solid FALSE
        coord DEF co Coordinate {
            point [
                -3.3622 0.4835 0.2899, -3.3622 0.4835 0.2372, -3.3622 0.5492 0.2664, -3.3622 0.5492 0.2609, -3.3622 0.5547 0.2649, -3.3622 0.5547 0.2623, -3.3622 0.5603 0.2639, -3.3622 0.5603 0.2634, -3.3622 0.5622 0.4504, -3.3622 0.4393 0.4504, -3.3622 0.5622 0.4272, -3.3622 0.4393 0.4281, -3.3622 0.4408 0.4115, -3.3622 0.5023 0.3659, -3.3622 0.518 0.3673, -3.3622 0.5304 0.3709, -3.3622 0.5602 0.4086, -3.3622 0.445 0.3982, -3.3622 0.4514 0.3875, -3.3622 0.4601 0.3786, -3.3622 0.4709 0.372, -3.3622 0.4857 0.3674, -3.3622 0.5401 0.3764, -3.3622 0.5482 0.3841, -3.3622 0.5557 0.3956, -4.3622 0.5804 -1.0236, -4.3622 0.6398 -1.0236, -4.3622 0.6398 0.4869, -4.3622 0.5641 0.6544, -4.3622 0.5624 0.6699, -4.3622 0.4459 0.6203, -4.3622 0.5804 0.6407, -4.3622 0.5801 0.6357, -4.3622 0.5795 0.5868, -4.3622 0.5752 0.6175, -4.3622 0.554 0.6175, -4.3622 0.5616 0.6353, -4.3622 0.4475 0.6175, -4.3622 0.422 0.5868, -4.3622 0.422 0.7481, -4.3622 0.4221 0.6803, -4.3622 0.4393 0.7481, -4.3622 0.4274 0.6955, -4.3622 0.4354 0.7082, -4.3622 0.5622 0.5061, -4.3622 0.3642 0.4869, -4.3622 0.5804 0.4869, -4.3622 0.4479 0.72, -4.3622 0.4629 0.7284, -4.3622 0.4393 0.8076, -4.3622 0.538 0.7264, -4.3622 0.5527 0.7171, -4.3622 0.5795 0.8076, -4.3622 0.5664 0.7029, -4.3622 0.575 0.688, -4.3622 0.5795 0.5061, -4.3622 0.5801 0.6704, -4.3622 0.5804 0.6663, -4.3622 0.5795 0.8288, -4.3622 0.5581 0.6817, -4.3622 0.5508 0.6926, -4.3622 0.5403 0.7021, -4.3622 0.4991 0.7135, -4.3622 0.482 0.7119, -4.3622 0.4685 0.7077, -4.3622 0.439 0.6726, -4.3622 0.4374 0.6579, -4.3622 0.4432 0.6841, -4.3622 0.4498 0.6938, -4.3622 0.4576 0.7012, -4.3622 0.4397 0.637, -4.3622 0.4931 0.51, -4.3622 0.4931 0.5657, -4.3622 0.4393 0.5657, -4.3622 0.3528 1.122, -4.3622 0.5804 1.293, -4.3622 0.3193 1.2028, -4.3622 0.5369 1.3745, -4.3622 0.2662 1.2721, -4.3622 0.461 1.4669, -4.3622 0.1969 1.3252, -4.3622 0.5282 0.7086, -4.3622 0.5113 0.7128, -4.3622 -4.2618 1.6457, -4.3622 -4.2618 1.3701, -4.3622 0.0295 1.6457, -4.3622 0.0295 1.3701, -4.3622 0.1486 1.6339, -4.3622 0.1161 1.3587, -4.3622 0.2631 1.5992, -4.3622 0.3686 1.5428, -4.3622 0.4795 0.7331, -4.3622 0.4978 0.7347, -4.3622 0.5202 0.7324, -4.3622 0.4393 0.5023, -4.3622 0.5104 0.51, -4.3622 0.5104 0.5657, -4.3622 0.5622 0.5657, -4.3622 0.4302 0.6175, -4.3622 0.422 0.5023, -4.3622 0.4233 0.6343, -4.3622 0.4202 0.6565, -4.3622 0.4201 0.6608, -4.3622 0.5814 0.6546, -4.3622 0.6398 1.0354, -4.3622 0.628 1.1545, -4.3622 0.3642 1.0354, -4.3622 0.422 0.8288, -4.3622 0.5933 1.269, -4.3622 0.422 0.3102, -4.3622 0.422 0.3333, -4.3622 0.422 0.2142, -4.3622 0.4662 0.2301, -4.3622 0.4662 0.2952, -4.3622 0.5795 0.2526, -4.3622 0.5795 0.2737, -4.3622 0.5795 0.4271, -4.3622 0.5771 0.4044, -4.3622 0.5706 0.3859, -4.3622 0.5591 0.3688, -4.3622 0.4652 0.3527, -4.3622 0.4511 0.3617, -4.3622 0.559 0.3686, -4.3622 0.5466 0.3575, -4.3622 0.5331 0.3502, -4.3622 0.4387 0.3747, -4.3622 0.4291 0.3911, -4.3622 0.4237 0.4093, -4.3622 0.422 0.4287, -4.3622 0.422 0.4716, -4.3622 0.5795 0.4716, -4.3622 0.5175 0.346, -4.3622 0.5027 0.3448, -4.3622 0.4817 0.347, -4.3622 0.422 0.1912, -4.3622 0.3642 -1.0236, -4.6378 -4.2618 1.6457, -4.6378 0.0295 1.6457, -4.6378 -4.2618 1.3701, -4.6378 0.0295 1.3701, -4.6378 0.1486 1.6339, -4.6378 0.2631 1.5992, -4.6378 0.3686 1.5428, -4.6378 0.461 1.4669, -4.6378 0.5369 1.3745, -4.6378 0.5933 1.269, -4.6378 0.628 1.1545, -4.6378 0.6398 1.0354, -4.6378 0.3642 1.0354, -4.6378 0.3528 1.122, -4.6378 0.3193 1.2028, -4.6378 0.2662 1.2721, -4.6378 0.1969 1.3252, -4.6378 0.1161 1.3587, -4.6378 0.6398 -1.0236, -4.6378 0.3642 -1.0236, -4.4134 -4.4193 1.4213, -4.4134 -4.4193 1.5945, -4.5866 -4.4193 1.4213, -4.5866 -4.4193 1.5945, -4.4134 0.5886 -1.1811, -4.4134 0.4154 -1.1811, -4.5866 0.5886 -1.1811, -4.5866 0.4154 -1.1811
            ]
        }
        coordIndex [
            0,1,2,-1,2,1,3,-1,2,3,4,-1,4,3,5,-1,4,5,6,-1,6,5,7,-1,8,9,10,-1,10,9,11,-1,10,11,12,-1,13,14,10,-1,10,14,15,-1,10,15,16,-1,12,17,10,-1,10,17,18,-1,10,18,19,-1,19,20,10,-1,10,20,21,-1,10,21,13,-1,22,23,15,-1,15,23,24,-1,15,24,16,-1,25,26,27,-1,28,29,30,-1,31,32,33,-1,33,32,34,-1,33,34,35,-1,28,30,36,-1,36,30,37,-1,36,37,35,-1,35,37,38,-1,35,38,33,-1,39,40,41,-1,41,40,42,-1,41,42,43,-1,44,45,46,-1,43,47,41,-1,41,47,48,-1,41,48,49,-1,50,51,52,-1,52,51,53,-1,52,53,54,-1,31,33,46,-1,46,33,55,-1,46,55,44,-1,54,56,52,-1,52,56,57,-1,52,57,58,-1,29,59,30,-1,30,59,60,-1,30,60,61,-1,62,63,30,-1,30,63,64,-1,65,66,67,-1,67,66,68,-1,64,69,30,-1,30,69,68,-1,30,68,70,-1,70,68,66,-1,71,72,73,-1,74,75,76,-1,76,75,77,-1,76,77,78,-1,78,77,79,-1,78,79,80,-1,61,81,30,-1,30,81,82,-1,30,82,62,-1,83,84,85,-1,85,84,86,-1,85,86,87,-1,87,86,88,-1,87,88,89,-1,89,88,80,-1,89,80,90,-1,90,80,79,-1,48,91,49,-1,49,91,92,-1,49,92,52,-1,52,92,93,-1,52,93,50,-1,73,94,71,-1,71,94,45,-1,71,45,95,-1,95,45,44,-1,95,44,96,-1,96,44,97,-1,37,98,38,-1,38,98,45,-1,38,45,99,-1,99,45,94,-1,98,100,45,-1,45,100,101,-1,45,101,102,-1,103,27,57,-1,57,27,104,-1,57,104,105,-1,102,40,45,-1,45,40,39,-1,45,39,106,-1,106,39,107,-1,106,107,74,-1,74,107,58,-1,74,58,75,-1,75,58,57,-1,75,57,108,-1,108,57,105,-1,109,110,45,-1,111,112,113,-1,114,46,115,-1,115,46,116,-1,116,117,115,-1,115,117,118,-1,115,118,119,-1,110,120,121,-1,119,122,115,-1,115,122,123,-1,115,123,124,-1,121,125,110,-1,110,125,126,-1,110,126,45,-1,45,126,127,-1,127,128,45,-1,45,128,129,-1,45,129,46,-1,46,129,130,-1,46,130,116,-1,124,131,115,-1,115,131,132,-1,115,132,110,-1,110,132,133,-1,110,133,120,-1,113,109,111,-1,111,109,45,-1,111,45,134,-1,134,45,135,-1,134,135,114,-1,114,135,25,-1,114,25,46,-1,46,25,27,-1,46,27,31,-1,31,27,103,-1,83,85,136,-1,136,85,137,-1,138,139,84,-1,84,139,86,-1,137,85,87,-1,137,87,140,-1,140,87,89,-1,140,89,141,-1,141,89,90,-1,141,90,142,-1,142,90,79,-1,142,79,143,-1,143,79,77,-1,143,77,144,-1,144,77,75,-1,144,75,145,-1,75,108,145,-1,145,108,105,-1,145,105,146,-1,146,105,104,-1,146,104,147,-1,148,106,149,-1,149,106,74,-1,149,74,150,-1,150,74,76,-1,150,76,151,-1,151,76,78,-1,151,78,152,-1,152,78,80,-1,152,80,153,-1,153,80,88,-1,153,88,139,-1,139,88,86,-1,26,154,27,-1,27,154,147,-1,27,147,104,-1,138,136,139,-1,139,136,137,-1,139,137,153,-1,150,145,149,-1,149,145,146,-1,149,146,148,-1,148,146,147,-1,148,147,155,-1,155,147,154,-1,137,140,153,-1,153,140,141,-1,153,141,152,-1,152,141,142,-1,152,142,151,-1,151,142,143,-1,151,143,150,-1,150,143,144,-1,150,144,145,-1,155,135,148,-1,148,135,45,-1,148,45,106,-1,156,157,158,-1,158,157,159,-1,160,161,162,-1,162,161,163,-1,136,159,83,-1,83,159,157,-1,138,158,136,-1,136,158,159,-1,156,84,157,-1,157,84,83,-1,84,156,138,-1,138,156,158,-1,161,135,163,-1,163,135,155,-1,135,161,25,-1,25,161,160,-1,25,160,26,-1,154,162,155,-1,155,162,163,-1,162,154,160,-1,160,154,26,-1,
        ]
    }
}
Shape{
    appearance Appearance {
        material  Material 	{
            diffuseColor 0.2235294117647059 0.2235294117647059 0.2235294117647059
            specularColor 0.11372549019607843 0.11372549019607843 0.11372549019607843
            ambientIntensity 0.2235
            transparency 0.0
            shininess 0.5
        }
    }
    geometry IndexedFaceSet {
        ccw TRUE
        solid FALSE
        coord DEF co Coordinate {
            point [
                -4.3661 0.5795 0.2526, -4.3661 0.422 0.1912, -4.3622 0.5795 0.2526, -4.3622 0.422 0.1912, -4.3661 0.422 0.2142, -4.3622 0.422 0.2142, -4.3661 0.4662 0.2301, -4.3622 0.4662 0.2301, -4.3661 0.4662 0.2952, -4.3622 0.4662 0.2952, -4.3661 0.422 0.3102, -4.3622 0.422 0.3102, -4.3661 0.422 0.3333, -4.3622 0.422 0.3333, -4.3661 0.5795 0.2737, -4.3622 0.5795 0.2737, -4.3661 0.4835 0.2899, -4.3661 0.5492 0.2664, -4.3661 0.5547 0.2649, -4.3661 0.5603 0.2639, -4.3661 0.5603 0.2634, -4.3661 0.5547 0.2623, -4.3661 0.5492 0.2609, -4.3661 0.4835 0.2372, -4.3622 0.4835 0.2899, -4.3622 0.4835 0.2372, -4.3622 0.5492 0.2664, -4.3622 0.5547 0.2649, -4.3622 0.5603 0.2639, -4.3622 0.5603 0.2634, -4.3622 0.5547 0.2623, -4.3622 0.5492 0.2609, -4.3661 0.422 0.4287, -4.3661 0.422 0.4716, -4.3622 0.422 0.4287, -4.3622 0.422 0.4716, -4.3661 0.5795 0.4716, -4.3622 0.5795 0.4716, -4.3661 0.5795 0.4271, -4.3622 0.5795 0.4271, -4.3661 0.5027 0.3448, -4.3622 0.5027 0.3448, -4.3622 0.5175 0.346, -4.3661 0.5175 0.346, -4.3622 0.5331 0.3502, -4.3661 0.5331 0.3502, -4.3622 0.5466 0.3575, -4.3661 0.5466 0.3575, -4.3622 0.559 0.3686, -4.3661 0.559 0.3686, -4.3622 0.5591 0.3688, -4.3661 0.5591 0.3688, -4.3622 0.5706 0.3859, -4.3661 0.5706 0.3859, -4.3622 0.5771 0.4044, -4.3661 0.5771 0.4044, -4.3622 0.4237 0.4093, -4.3661 0.4237 0.4093, -4.3622 0.4291 0.3911, -4.3661 0.4291 0.3911, -4.3622 0.4387 0.3747, -4.3661 0.4387 0.3747, -4.3622 0.4511 0.3617, -4.3661 0.4511 0.3617, -4.3622 0.4652 0.3527, -4.3661 0.4652 0.3527, -4.3622 0.4817 0.347, -4.3661 0.4817 0.347, -4.3661 0.5401 0.3764, -4.3661 0.5482 0.3841, -4.3661 0.5557 0.3956, -4.3661 0.5602 0.4086, -4.3661 0.5622 0.4272, -4.3661 0.5622 0.4504, -4.3661 0.4393 0.4504, -4.3661 0.4393 0.4281, -4.3661 0.4408 0.4115, -4.3661 0.445 0.3982, -4.3661 0.4514 0.3875, -4.3661 0.4601 0.3786, -4.3661 0.4709 0.372, -4.3661 0.4857 0.3674, -4.3661 0.5023 0.3659, -4.3661 0.518 0.3673, -4.3661 0.5304 0.3709, -4.3622 0.5622 0.4272, -4.3622 0.5622 0.4504, -4.3622 0.5602 0.4086, -4.3622 0.5557 0.3956, -4.3622 0.5482 0.3841, -4.3622 0.5401 0.3764, -4.3622 0.5304 0.3709, -4.3622 0.518 0.3673, -4.3622 0.5023 0.3659, -4.3622 0.4857 0.3674, -4.3622 0.4709 0.372, -4.3622 0.4601 0.3786, -4.3622 0.4514 0.3875, -4.3622 0.445 0.3982, -4.3622 0.4408 0.4115, -4.3622 0.4393 0.4281, -4.3622 0.4393 0.4504, -4.3661 0.4393 0.5023, -4.3661 0.422 0.5023, -4.3622 0.4393 0.5023, -4.3622 0.422 0.5023, -4.3661 0.422 0.5868, -4.3622 0.422 0.5868, -4.3661 0.5795 0.5868, -4.3622 0.5795 0.5868, -4.3661 0.5795 0.5061, -4.3622 0.5795 0.5061, -4.3661 0.5622 0.5061, -4.3622 0.5622 0.5061, -4.3661 0.5622 0.5657, -4.3622 0.5622 0.5657, -4.3661 0.5104 0.5657, -4.3622 0.5104 0.5657, -4.3661 0.5104 0.51, -4.3622 0.5104 0.51, -4.3661 0.4931 0.51, -4.3622 0.4931 0.51, -4.3661 0.4931 0.5657, -4.3622 0.4931 0.5657, -4.3661 0.4393 0.5657, -4.3622 0.4393 0.5657, -4.3661 0.4475 0.6175, -4.3661 0.4302 0.6175, -4.3622 0.4475 0.6175, -4.3622 0.4302 0.6175, -4.3661 0.4201 0.6608, -4.3622 0.4201 0.6608, -4.3622 0.4202 0.6565, -4.3661 0.4202 0.6565, -4.3622 0.4233 0.6343, -4.3661 0.4233 0.6343, -4.3661 0.4978 0.7347, -4.3622 0.4978 0.7347, -4.3622 0.4795 0.7331, -4.3661 0.4795 0.7331, -4.3622 0.4629 0.7284, -4.3661 0.4629 0.7284, -4.3622 0.4479 0.72, -4.3661 0.4479 0.72, -4.3622 0.4354 0.7082, -4.3661 0.4354 0.7082, -4.3622 0.4274 0.6955, -4.3661 0.4274 0.6955, -4.3622 0.4221 0.6803, -4.3661 0.4221 0.6803, -4.3661 0.5814 0.6546, -4.3622 0.5814 0.6546, -4.3661 0.5801 0.6704, -4.3622 0.5804 0.6663, -4.3622 0.5801 0.6704, -4.3622 0.575 0.688, -4.3661 0.575 0.688, -4.3622 0.5664 0.7029, -4.3661 0.5664 0.7029, -4.3622 0.5527 0.7171, -4.3661 0.5527 0.7171, -4.3622 0.538 0.7264, -4.3661 0.538 0.7264, -4.3622 0.5202 0.7324, -4.3661 0.5202 0.7324, -4.3622 0.5804 0.6407, -4.3661 0.5801 0.6357, -4.3622 0.5801 0.6357, -4.3661 0.5752 0.6175, -4.3622 0.5752 0.6175, -4.3661 0.554 0.6175, -4.3622 0.554 0.6175, -4.3661 0.5641 0.6544, -4.3622 0.5641 0.6544, -4.3622 0.5616 0.6353, -4.3661 0.5616 0.6353, -4.3661 0.4991 0.7135, -4.3622 0.4991 0.7135, -4.3622 0.5113 0.7128, -4.3661 0.5113 0.7128, -4.3622 0.5282 0.7086, -4.3661 0.5282 0.7086, -4.3622 0.5403 0.7021, -4.3661 0.5403 0.7021, -4.3622 0.5508 0.6926, -4.3661 0.5508 0.6926, -4.3622 0.5581 0.6817, -4.3661 0.5581 0.6817, -4.3622 0.5624 0.6699, -4.3661 0.5624 0.6699, -4.3661 0.4374 0.6579, -4.3622 0.4374 0.6579, -4.3622 0.439 0.6726, -4.3661 0.439 0.6726, -4.3622 0.4432 0.6841, -4.3661 0.4432 0.6841, -4.3622 0.4498 0.6938, -4.3661 0.4498 0.6938, -4.3622 0.4576 0.7012, -4.3661 0.4576 0.7012, -4.3622 0.4685 0.7077, -4.3661 0.4685 0.7077, -4.3622 0.482 0.7119, -4.3661 0.482 0.7119, -4.3622 0.4459 0.6203, -4.3661 0.4459 0.6203, -4.3622 0.4397 0.637, -4.3661 0.4397 0.637, -4.3661 0.4393 0.7481, -4.3661 0.422 0.7481, -4.3622 0.4393 0.7481, -4.3622 0.422 0.7481, -4.3661 0.422 0.8288, -4.3622 0.422 0.8288, -4.3661 0.5795 0.8288, -4.3622 0.5795 0.8288, -4.3661 0.5795 0.8076, -4.3622 0.5795 0.8076, -4.3661 0.4393 0.8076, -4.3622 0.4393 0.8076
            ]
        }
        coordIndex [
            0,1,2,-1,2,1,3,-1,1,4,3,-1,3,4,5,-1,4,6,5,-1,5,6,7,-1,6,8,7,-1,7,8,9,-1,8,10,9,-1,9,10,11,-1,10,12,11,-1,11,12,13,-1,12,14,13,-1,13,14,15,-1,14,0,15,-1,15,0,2,-1,16,17,14,-1,12,10,8,-1,17,18,14,-1,14,18,19,-1,14,19,0,-1,0,19,20,-1,0,20,21,-1,21,22,0,-1,0,22,23,-1,0,23,1,-1,4,1,6,-1,6,1,23,-1,6,23,8,-1,8,23,16,-1,8,16,12,-1,12,16,14,-1,16,23,24,-1,24,23,25,-1,17,16,26,-1,26,16,24,-1,17,26,27,-1,17,27,18,-1,18,27,28,-1,18,28,19,-1,20,19,29,-1,29,19,28,-1,20,29,30,-1,20,30,21,-1,21,30,31,-1,21,31,22,-1,23,22,25,-1,25,22,31,-1,32,33,34,-1,34,33,35,-1,33,36,35,-1,35,36,37,-1,36,38,37,-1,37,38,39,-1,40,41,42,-1,40,42,43,-1,43,42,44,-1,43,44,45,-1,45,44,46,-1,45,46,47,-1,47,46,48,-1,47,48,49,-1,49,48,50,-1,49,50,51,-1,51,50,52,-1,51,52,53,-1,53,52,54,-1,53,54,55,-1,55,54,39,-1,55,39,38,-1,32,34,56,-1,32,56,57,-1,57,56,58,-1,57,58,59,-1,59,58,60,-1,59,60,61,-1,61,60,62,-1,61,62,63,-1,63,62,64,-1,63,64,65,-1,65,64,66,-1,65,66,67,-1,67,66,41,-1,67,41,40,-1,45,47,68,-1,68,47,49,-1,68,49,69,-1,69,49,51,-1,69,51,70,-1,70,51,53,-1,70,53,71,-1,71,53,55,-1,71,55,72,-1,72,55,38,-1,72,38,73,-1,73,38,36,-1,73,36,74,-1,74,36,33,-1,74,33,75,-1,75,33,32,-1,75,32,76,-1,76,32,57,-1,76,57,77,-1,77,57,59,-1,77,59,78,-1,78,59,61,-1,78,61,79,-1,79,61,63,-1,79,63,80,-1,80,63,65,-1,80,65,81,-1,81,65,67,-1,81,67,82,-1,82,67,40,-1,82,40,83,-1,83,40,43,-1,83,43,84,-1,84,43,45,-1,84,45,68,-1,72,73,85,-1,85,73,86,-1,72,85,87,-1,72,87,71,-1,71,87,88,-1,71,88,70,-1,70,88,89,-1,70,89,69,-1,69,89,90,-1,69,90,68,-1,68,90,91,-1,68,91,84,-1,84,91,92,-1,84,92,83,-1,83,92,93,-1,83,93,82,-1,82,93,94,-1,82,94,81,-1,81,94,95,-1,81,95,80,-1,80,95,96,-1,80,96,79,-1,79,96,97,-1,79,97,78,-1,78,97,98,-1,78,98,77,-1,77,98,99,-1,77,99,76,-1,76,99,100,-1,76,100,75,-1,74,75,101,-1,101,75,100,-1,73,74,86,-1,86,74,101,-1,102,103,104,-1,104,103,105,-1,103,106,105,-1,105,106,107,-1,106,108,107,-1,107,108,109,-1,108,110,109,-1,109,110,111,-1,110,112,111,-1,111,112,113,-1,112,114,113,-1,113,114,115,-1,114,116,115,-1,115,116,117,-1,116,118,117,-1,117,118,119,-1,118,120,119,-1,119,120,121,-1,120,122,121,-1,121,122,123,-1,122,124,123,-1,123,124,125,-1,124,102,125,-1,125,102,104,-1,106,103,102,-1,102,124,106,-1,106,124,122,-1,106,122,108,-1,112,110,114,-1,114,110,108,-1,114,108,116,-1,116,108,122,-1,116,122,118,-1,118,122,120,-1,126,127,128,-1,128,127,129,-1,130,131,132,-1,130,132,133,-1,133,132,134,-1,133,134,135,-1,135,134,129,-1,135,129,127,-1,136,137,138,-1,136,138,139,-1,139,138,140,-1,139,140,141,-1,141,140,142,-1,141,142,143,-1,143,142,144,-1,143,144,145,-1,145,144,146,-1,145,146,147,-1,147,146,148,-1,147,148,149,-1,149,148,131,-1,149,131,130,-1,150,151,152,-1,152,151,153,-1,153,154,152,-1,152,154,155,-1,152,155,156,-1,156,155,157,-1,156,157,158,-1,158,157,159,-1,158,159,160,-1,160,159,161,-1,160,161,162,-1,162,161,163,-1,162,163,164,-1,164,163,137,-1,164,137,136,-1,151,150,165,-1,165,150,166,-1,165,166,167,-1,167,166,168,-1,167,168,169,-1,168,170,169,-1,169,170,171,-1,172,173,174,-1,172,174,175,-1,175,174,171,-1,175,171,170,-1,176,177,178,-1,176,178,179,-1,179,178,180,-1,179,180,181,-1,181,180,182,-1,181,182,183,-1,183,182,184,-1,183,184,185,-1,185,184,186,-1,185,186,187,-1,187,186,188,-1,187,188,189,-1,189,188,173,-1,189,173,172,-1,190,191,192,-1,190,192,193,-1,193,192,194,-1,193,194,195,-1,195,194,196,-1,195,196,197,-1,197,196,198,-1,197,198,199,-1,199,198,200,-1,199,200,201,-1,201,200,202,-1,201,202,203,-1,203,202,177,-1,203,177,176,-1,126,128,204,-1,126,204,205,-1,205,204,206,-1,205,206,207,-1,207,206,191,-1,207,191,190,-1,193,130,190,-1,190,130,133,-1,190,133,207,-1,207,133,135,-1,207,135,205,-1,205,135,127,-1,205,127,126,-1,170,168,175,-1,175,168,166,-1,175,166,172,-1,172,166,150,-1,172,150,189,-1,189,150,152,-1,189,152,187,-1,187,152,156,-1,187,156,185,-1,185,156,158,-1,185,158,183,-1,183,158,160,-1,183,160,181,-1,181,160,162,-1,181,162,179,-1,179,162,164,-1,179,164,176,-1,176,164,136,-1,176,136,203,-1,203,136,139,-1,203,139,201,-1,201,139,141,-1,201,141,199,-1,199,141,143,-1,199,143,197,-1,197,143,145,-1,197,145,195,-1,195,145,147,-1,195,147,193,-1,193,147,149,-1,193,149,130,-1,208,209,210,-1,210,209,211,-1,209,212,211,-1,211,212,213,-1,212,214,213,-1,213,214,215,-1,214,216,215,-1,215,216,217,-1,216,218,217,-1,217,218,219,-1,218,208,219,-1,219,208,210,-1,216,214,218,-1,218,214,212,-1,218,212,208,-1,208,212,209,-1,
        ]
    }
}
Shape{
    appearance Appearance {
        material  Material 	{
            diffuseColor 0.9490196078431372 0.7607843137254902 0.1803921568627451
            specularColor 0.7607843137254902 0.6078431372549019 0.1450980392156863
            ambientIntensity 0.7509
            transparency 0.0
            shininess 0.5
        }
    }
    geometry IndexedFaceSet {
        ccw TRUE
        solid FALSE
        coord DEF co Coordinate {
            point [
                -4.3622 0.4835 0.2899, -4.3622 0.4835 0.2372, -4.3622 0.5492 0.2664, -4.3622 0.5492 0.2609, -4.3622 0.5547 0.2649, -4.3622 0.5547 0.2623, -4.3622 0.5603 0.2639, -4.3622 0.5603 0.2634, -4.3622 0.5622 0.4504, -4.3622 0.4393 0.4504, -4.3622 0.5622 0.4272, -4.3622 0.4393 0.4281, -4.3622 0.4408 0.4115, -4.3622 0.5023 0.3659, -4.3622 0.518 0.3673, -4.3622 0.5304 0.3709, -4.3622 0.5602 0.4086, -4.3622 0.445 0.3982, -4.3622 0.4514 0.3875, -4.3622 0.4601 0.3786, -4.3622 0.4709 0.372, -4.3622 0.4857 0.3674, -4.3622 0.5401 0.3764, -4.3622 0.5482 0.3841, -4.3622 0.5557 0.3956, -5.3622 0.5804 -1.0236, -5.3622 0.6398 -1.0236, -5.3622 0.6398 0.4869, -5.3622 0.5641 0.6544, -5.3622 0.5624 0.6699, -5.3622 0.4459 0.6203, -5.3622 0.5804 0.6407, -5.3622 0.5801 0.6357, -5.3622 0.5795 0.5868, -5.3622 0.5752 0.6175, -5.3622 0.554 0.6175, -5.3622 0.5616 0.6353, -5.3622 0.4475 0.6175, -5.3622 0.422 0.5868, -5.3622 0.422 0.7481, -5.3622 0.4221 0.6803, -5.3622 0.4393 0.7481, -5.3622 0.4274 0.6955, -5.3622 0.4354 0.7082, -5.3622 0.5622 0.5061, -5.3622 0.3642 0.4869, -5.3622 0.5804 0.4869, -5.3622 0.4479 0.72, -5.3622 0.4629 0.7284, -5.3622 0.4393 0.8076, -5.3622 0.538 0.7264, -5.3622 0.5527 0.7171, -5.3622 0.5795 0.8076, -5.3622 0.5664 0.7029, -5.3622 0.575 0.688, -5.3622 0.5795 0.5061, -5.3622 0.5801 0.6704, -5.3622 0.5804 0.6663, -5.3622 0.5795 0.8288, -5.3622 0.5581 0.6817, -5.3622 0.5508 0.6926, -5.3622 0.5403 0.7021, -5.3622 0.4991 0.7135, -5.3622 0.482 0.7119, -5.3622 0.4685 0.7077, -5.3622 0.439 0.6726, -5.3622 0.4374 0.6579, -5.3622 0.4432 0.6841, -5.3622 0.4498 0.6938, -5.3622 0.4576 0.7012, -5.3622 0.4397 0.637, -5.3622 0.4931 0.51, -5.3622 0.4931 0.5657, -5.3622 0.4393 0.5657, -5.3622 0.3528 1.122, -5.3622 0.5804 1.293, -5.3622 0.3193 1.2028, -5.3622 0.5369 1.3745, -5.3622 0.2662 1.2721, -5.3622 0.461 1.4669, -5.3622 0.1969 1.3252, -5.3622 0.5282 0.7086, -5.3622 0.5113 0.7128, -5.3622 -4.2618 1.6457, -5.3622 -4.2618 1.3701, -5.3622 0.0295 1.6457, -5.3622 0.0295 1.3701, -5.3622 0.1486 1.6339, -5.3622 0.1161 1.3587, -5.3622 0.2631 1.5992, -5.3622 0.3686 1.5428, -5.3622 0.4795 0.7331, -5.3622 0.4978 0.7347, -5.3622 0.5202 0.7324, -5.3622 0.4393 0.5023, -5.3622 0.5104 0.51, -5.3622 0.5104 0.5657, -5.3622 0.5622 0.5657, -5.3622 0.4302 0.6175, -5.3622 0.422 0.5023, -5.3622 0.4233 0.6343, -5.3622 0.4202 0.6565, -5.3622 0.4201 0.6608, -5.3622 0.5814 0.6546, -5.3622 0.6398 1.0354, -5.3622 0.628 1.1545, -5.3622 0.3642 1.0354, -5.3622 0.422 0.8288, -5.3622 0.5933 1.269, -5.3622 0.422 0.3102, -5.3622 0.422 0.3333, -5.3622 0.422 0.2142, -5.3622 0.4662 0.2301, -5.3622 0.4662 0.2952, -5.3622 0.5795 0.2526, -5.3622 0.5795 0.2737, -5.3622 0.5795 0.4271, -5.3622 0.5771 0.4044, -5.3622 0.5706 0.3859, -5.3622 0.5591 0.3688, -5.3622 0.4652 0.3527, -5.3622 0.4511 0.3617, -5.3622 0.559 0.3686, -5.3622 0.5466 0.3575, -5.3622 0.5331 0.3502, -5.3622 0.4387 0.3747, -5.3622 0.4291 0.3911, -5.3622 0.4237 0.4093, -5.3622 0.422 0.4287, -5.3622 0.422 0.4716, -5.3622 0.5795 0.4716, -5.3622 0.5175 0.346, -5.3622 0.5027 0.3448, -5.3622 0.4817 0.347, -5.3622 0.422 0.1912, -5.3622 0.3642 -1.0236, -5.6378 -4.2618 1.6457, -5.6378 0.0295 1.6457, -5.6378 -4.2618 1.3701, -5.6378 0.0295 1.3701, -5.6378 0.1486 1.6339, -5.6378 0.2631 1.5992, -5.6378 0.3686 1.5428, -5.6378 0.461 1.4669, -5.6378 0.5369 1.3745, -5.6378 0.5933 1.269, -5.6378 0.628 1.1545, -5.6378 0.6398 1.0354, -5.6378 0.3642 1.0354, -5.6378 0.3528 1.122, -5.6378 0.3193 1.2028, -5.6378 0.2662 1.2721, -5.6378 0.1969 1.3252, -5.6378 0.1161 1.3587, -5.6378 0.6398 -1.0236, -5.6378 0.3642 -1.0236, -5.4134 -4.4193 1.4213, -5.4134 -4.4193 1.5945, -5.5866 -4.4193 1.4213, -5.5866 -4.4193 1.5945, -5.4134 0.5886 -1.1811, -5.4134 0.4154 -1.1811, -5.5866 0.5886 -1.1811, -5.5866 0.4154 -1.1811
            ]
        }
        coordIndex [
            0,1,2,-1,2,1,3,-1,2,3,4,-1,4,3,5,-1,4,5,6,-1,6,5,7,-1,8,9,10,-1,10,9,11,-1,10,11,12,-1,13,14,10,-1,10,14,15,-1,10,15,16,-1,12,17,10,-1,10,17,18,-1,10,18,19,-1,19,20,10,-1,10,20,21,-1,10,21,13,-1,22,23,15,-1,15,23,24,-1,15,24,16,-1,25,26,27,-1,28,29,30,-1,31,32,33,-1,33,32,34,-1,33,34,35,-1,28,30,36,-1,36,30,37,-1,36,37,35,-1,35,37,38,-1,35,38,33,-1,39,40,41,-1,41,40,42,-1,41,42,43,-1,44,45,46,-1,43,47,41,-1,41,47,48,-1,41,48,49,-1,50,51,52,-1,52,51,53,-1,52,53,54,-1,31,33,46,-1,46,33,55,-1,46,55,44,-1,54,56,52,-1,52,56,57,-1,52,57,58,-1,29,59,30,-1,30,59,60,-1,30,60,61,-1,62,63,30,-1,30,63,64,-1,65,66,67,-1,67,66,68,-1,64,69,30,-1,30,69,68,-1,30,68,70,-1,70,68,66,-1,71,72,73,-1,74,75,76,-1,76,75,77,-1,76,77,78,-1,78,77,79,-1,78,79,80,-1,61,81,30,-1,30,81,82,-1,30,82,62,-1,83,84,85,-1,85,84,86,-1,85,86,87,-1,87,86,88,-1,87,88,89,-1,89,88,80,-1,89,80,90,-1,90,80,79,-1,48,91,49,-1,49,91,92,-1,49,92,52,-1,52,92,93,-1,52,93,50,-1,73,94,71,-1,71,94,45,-1,71,45,95,-1,95,45,44,-1,95,44,96,-1,96,44,97,-1,37,98,38,-1,38,98,45,-1,38,45,99,-1,99,45,94,-1,98,100,45,-1,45,100,101,-1,45,101,102,-1,103,27,57,-1,57,27,104,-1,57,104,105,-1,102,40,45,-1,45,40,39,-1,45,39,106,-1,106,39,107,-1,106,107,74,-1,74,107,58,-1,74,58,75,-1,75,58,57,-1,75,57,108,-1,108,57,105,-1,109,110,45,-1,111,112,113,-1,114,46,115,-1,115,46,116,-1,116,117,115,-1,115,117,118,-1,115,118,119,-1,110,120,121,-1,119,122,115,-1,115,122,123,-1,115,123,124,-1,121,125,110,-1,110,125,126,-1,110,126,45,-1,45,126,127,-1,127,128,45,-1,45,128,129,-1,45,129,46,-1,46,129,130,-1,46,130,116,-1,124,131,115,-1,115,131,132,-1,115,132,110,-1,110,132,133,-1,110,133,120,-1,113,109,111,-1,111,109,45,-1,111,45,134,-1,134,45,135,-1,134,135,114,-1,114,135,25,-1,114,25,46,-1,46,25,27,-1,46,27,31,-1,31,27,103,-1,83,85,136,-1,136,85,137,-1,138,139,84,-1,84,139,86,-1,137,85,87,-1,137,87,140,-1,140,87,89,-1,140,89,141,-1,141,89,90,-1,141,90,142,-1,142,90,79,-1,142,79,143,-1,143,79,77,-1,143,77,144,-1,144,77,75,-1,144,75,145,-1,75,108,145,-1,145,108,105,-1,145,105,146,-1,146,105,104,-1,146,104,147,-1,148,106,149,-1,149,106,74,-1,149,74,150,-1,150,74,76,-1,150,76,151,-1,151,76,78,-1,151,78,152,-1,152,78,80,-1,152,80,153,-1,153,80,88,-1,153,88,139,-1,139,88,86,-1,26,154,27,-1,27,154,147,-1,27,147,104,-1,138,136,139,-1,139,136,137,-1,139,137,153,-1,150,145,149,-1,149,145,146,-1,149,146,148,-1,148,146,147,-1,148,147,155,-1,155,147,154,-1,137,140,153,-1,153,140,141,-1,153,141,152,-1,152,141,142,-1,152,142,151,-1,151,142,143,-1,151,143,150,-1,150,143,144,-1,150,144,145,-1,155,135,148,-1,148,135,45,-1,148,45,106,-1,156,157,158,-1,158,157,159,-1,160,161,162,-1,162,161,163,-1,136,159,83,-1,83,159,157,-1,138,158,136,-1,136,158,159,-1,156,84,157,-1,157,84,83,-1,84,156,138,-1,138,156,158,-1,161,135,163,-1,163,135,155,-1,135,161,25,-1,25,161,160,-1,25,160,26,-1,154,162,155,-1,155,162,163,-1,162,154,160,-1,160,154,26,-1,
        ]
    }
}
Shape{
    appearance Appearance {
        material  Material 	{
            diffuseColor 0.2235294117647059 0.2235294117647059 0.2235294117647059
            specularColor 0.11372549019607843 0.11372549019607843 0.11372549019607843
            ambientIntensity 0.2235
            transparency 0.0
            shininess 0.5
        }
    }
    geometry IndexedFaceSet {
        ccw TRUE
        solid FALSE
        coord DEF co Coordinate {
            point [
                -5.3661 0.5795 0.2526, -5.3661 0.422 0.1912, -5.3622 0.5795 0.2526, -5.3622 0.422 0.1912, -5.3661 0.422 0.2142, -5.3622 0.422 0.2142, -5.3661 0.4662 0.2301, -5.3622 0.4662 0.2301, -5.3661 0.4662 0.2952, -5.3622 0.4662 0.2952, -5.3661 0.422 0.3102, -5.3622 0.422 0.3102, -5.3661 0.422 0.3333, -5.3622 0.422 0.3333, -5.3661 0.5795 0.2737, -5.3622 0.5795 0.2737, -5.3661 0.4835 0.2899, -5.3661 0.5492 0.2664, -5.3661 0.5547 0.2649, -5.3661 0.5603 0.2639, -5.3661 0.5603 0.2634, -5.3661 0.5547 0.2623, -5.3661 0.5492 0.2609, -5.3661 0.4835 0.2372, -5.3622 0.4835 0.2899, -5.3622 0.4835 0.2372, -5.3622 0.5492 0.2664, -5.3622 0.5547 0.2649, -5.3622 0.5603 0.2639, -5.3622 0.5603 0.2634, -5.3622 0.5547 0.2623, -5.3622 0.5492 0.2609, -5.3661 0.422 0.4287, -5.3661 0.422 0.4716, -5.3622 0.422 0.4287, -5.3622 0.422 0.4716, -5.3661 0.5795 0.4716, -5.3622 0.5795 0.4716, -5.3661 0.5795 0.4271, -5.3622 0.5795 0.4271, -5.3661 0.5027 0.3448, -5.3622 0.5027 0.3448, -5.3622 0.5175 0.346, -5.3661 0.5175 0.346, -5.3622 0.5331 0.3502, -5.3661 0.5331 0.3502, -5.3622 0.5466 0.3575, -5.3661 0.5466 0.3575, -5.3622 0.559 0.3686, -5.3661 0.559 0.3686, -5.3622 0.5591 0.3688, -5.3661 0.5591 0.3688, -5.3622 0.5706 0.3859, -5.3661 0.5706 0.3859, -5.3622 0.5771 0.4044, -5.3661 0.5771 0.4044, -5.3622 0.4237 0.4093, -5.3661 0.4237 0.4093, -5.3622 0.4291 0.3911, -5.3661 0.4291 0.3911, -5.3622 0.4387 0.3747, -5.3661 0.4387 0.3747, -5.3622 0.4511 0.3617, -5.3661 0.4511 0.3617, -5.3622 0.4652 0.3527, -5.3661 0.4652 0.3527, -5.3622 0.4817 0.347, -5.3661 0.4817 0.347, -5.3661 0.5401 0.3764, -5.3661 0.5482 0.3841, -5.3661 0.5557 0.3956, -5.3661 0.5602 0.4086, -5.3661 0.5622 0.4272, -5.3661 0.5622 0.4504, -5.3661 0.4393 0.4504, -5.3661 0.4393 0.4281, -5.3661 0.4408 0.4115, -5.3661 0.445 0.3982, -5.3661 0.4514 0.3875, -5.3661 0.4601 0.3786, -5.3661 0.4709 0.372, -5.3661 0.4857 0.3674, -5.3661 0.5023 0.3659, -5.3661 0.518 0.3673, -5.3661 0.5304 0.3709, -5.3622 0.5622 0.4272, -5.3622 0.5622 0.4504, -5.3622 0.5602 0.4086, -5.3622 0.5557 0.3956, -5.3622 0.5482 0.3841, -5.3622 0.5401 0.3764, -5.3622 0.5304 0.3709, -5.3622 0.518 0.3673, -5.3622 0.5023 0.3659, -5.3622 0.4857 0.3674, -5.3622 0.4709 0.372, -5.3622 0.4601 0.3786, -5.3622 0.4514 0.3875, -5.3622 0.445 0.3982, -5.3622 0.4408 0.4115, -5.3622 0.4393 0.4281, -5.3622 0.4393 0.4504, -5.3661 0.4393 0.5023, -5.3661 0.422 0.5023, -5.3622 0.4393 0.5023, -5.3622 0.422 0.5023, -5.3661 0.422 0.5868, -5.3622 0.422 0.5868, -5.3661 0.5795 0.5868, -5.3622 0.5795 0.5868, -5.3661 0.5795 0.5061, -5.3622 0.5795 0.5061, -5.3661 0.5622 0.5061, -5.3622 0.5622 0.5061, -5.3661 0.5622 0.5657, -5.3622 0.5622 0.5657, -5.3661 0.5104 0.5657, -5.3622 0.5104 0.5657, -5.3661 0.5104 0.51, -5.3622 0.5104 0.51, -5.3661 0.4931 0.51, -5.3622 0.4931 0.51, -5.3661 0.4931 0.5657, -5.3622 0.4931 0.5657, -5.3661 0.4393 0.5657, -5.3622 0.4393 0.5657, -5.3661 0.4475 0.6175, -5.3661 0.4302 0.6175, -5.3622 0.4475 0.6175, -5.3622 0.4302 0.6175, -5.3661 0.4201 0.6608, -5.3622 0.4201 0.6608, -5.3622 0.4202 0.6565, -5.3661 0.4202 0.6565, -5.3622 0.4233 0.6343, -5.3661 0.4233 0.6343, -5.3661 0.4978 0.7347, -5.3622 0.4978 0.7347, -5.3622 0.4795 0.7331, -5.3661 0.4795 0.7331, -5.3622 0.4629 0.7284, -5.3661 0.4629 0.7284, -5.3622 0.4479 0.72, -5.3661 0.4479 0.72, -5.3622 0.4354 0.7082, -5.3661 0.4354 0.7082, -5.3622 0.4274 0.6955, -5.3661 0.4274 0.6955, -5.3622 0.4221 0.6803, -5.3661 0.4221 0.6803, -5.3661 0.5814 0.6546, -5.3622 0.5814 0.6546, -5.3661 0.5801 0.6704, -5.3622 0.5804 0.6663, -5.3622 0.5801 0.6704, -5.3622 0.575 0.688, -5.3661 0.575 0.688, -5.3622 0.5664 0.7029, -5.3661 0.5664 0.7029, -5.3622 0.5527 0.7171, -5.3661 0.5527 0.7171, -5.3622 0.538 0.7264, -5.3661 0.538 0.7264, -5.3622 0.5202 0.7324, -5.3661 0.5202 0.7324, -5.3622 0.5804 0.6407, -5.3661 0.5801 0.6357, -5.3622 0.5801 0.6357, -5.3661 0.5752 0.6175, -5.3622 0.5752 0.6175, -5.3661 0.554 0.6175, -5.3622 0.554 0.6175, -5.3661 0.5641 0.6544, -5.3622 0.5641 0.6544, -5.3622 0.5616 0.6353, -5.3661 0.5616 0.6353, -5.3661 0.4991 0.7135, -5.3622 0.4991 0.7135, -5.3622 0.5113 0.7128, -5.3661 0.5113 0.7128, -5.3622 0.5282 0.7086, -5.3661 0.5282 0.7086, -5.3622 0.5403 0.7021, -5.3661 0.5403 0.7021, -5.3622 0.5508 0.6926, -5.3661 0.5508 0.6926, -5.3622 0.5581 0.6817, -5.3661 0.5581 0.6817, -5.3622 0.5624 0.6699, -5.3661 0.5624 0.6699, -5.3661 0.4374 0.6579, -5.3622 0.4374 0.6579, -5.3622 0.439 0.6726, -5.3661 0.439 0.6726, -5.3622 0.4432 0.6841, -5.3661 0.4432 0.6841, -5.3622 0.4498 0.6938, -5.3661 0.4498 0.6938, -5.3622 0.4576 0.7012, -5.3661 0.4576 0.7012, -5.3622 0.4685 0.7077, -5.3661 0.4685 0.7077, -5.3622 0.482 0.7119, -5.3661 0.482 0.7119, -5.3622 0.4459 0.6203, -5.3661 0.4459 0.6203, -5.3622 0.4397 0.637, -5.3661 0.4397 0.637, -5.3661 0.4393 0.7481, -5.3661 0.422 0.7481, -5.3622 0.4393 0.7481, -5.3622 0.422 0.7481, -5.3661 0.422 0.8288, -5.3622 0.422 0.8288, -5.3661 0.5795 0.8288, -5.3622 0.5795 0.8288, -5.3661 0.5795 0.8076, -5.3622 0.5795 0.8076, -5.3661 0.4393 0.8076, -5.3622 0.4393 0.8076
            ]
        }
        coordIndex [
            0,1,2,-1,2,1,3,-1,1,4,3,-1,3,4,5,-1,4,6,5,-1,5,6,7,-1,6,8,7,-1,7,8,9,-1,8,10,9,-1,9,10,11,-1,10,12,11,-1,11,12,13,-1,12,14,13,-1,13,14,15,-1,14,0,15,-1,15,0,2,-1,16,17,14,-1,12,10,8,-1,17,18,14,-1,14,18,19,-1,14,19,0,-1,0,19,20,-1,0,20,21,-1,21,22,0,-1,0,22,23,-1,0,23,1,-1,4,1,6,-1,6,1,23,-1,6,23,8,-1,8,23,16,-1,8,16,12,-1,12,16,14,-1,16,23,24,-1,24,23,25,-1,17,16,26,-1,26,16,24,-1,17,26,27,-1,17,27,18,-1,18,27,28,-1,18,28,19,-1,20,19,29,-1,29,19,28,-1,20,29,30,-1,20,30,21,-1,21,30,31,-1,21,31,22,-1,23,22,25,-1,25,22,31,-1,32,33,34,-1,34,33,35,-1,33,36,35,-1,35,36,37,-1,36,38,37,-1,37,38,39,-1,40,41,42,-1,40,42,43,-1,43,42,44,-1,43,44,45,-1,45,44,46,-1,45,46,47,-1,47,46,48,-1,47,48,49,-1,49,48,50,-1,49,50,51,-1,51,50,52,-1,51,52,53,-1,53,52,54,-1,53,54,55,-1,55,54,39,-1,55,39,38,-1,32,34,56,-1,32,56,57,-1,57,56,58,-1,57,58,59,-1,59,58,60,-1,59,60,61,-1,61,60,62,-1,61,62,63,-1,63,62,64,-1,63,64,65,-1,65,64,66,-1,65,66,67,-1,67,66,41,-1,67,41,40,-1,45,47,68,-1,68,47,49,-1,68,49,69,-1,69,49,51,-1,69,51,70,-1,70,51,53,-1,70,53,71,-1,71,53,55,-1,71,55,72,-1,72,55,38,-1,72,38,73,-1,73,38,36,-1,73,36,74,-1,74,36,33,-1,74,33,75,-1,75,33,32,-1,75,32,76,-1,76,32,57,-1,76,57,77,-1,77,57,59,-1,77,59,78,-1,78,59,61,-1,78,61,79,-1,79,61,63,-1,79,63,80,-1,80,63,65,-1,80,65,81,-1,81,65,67,-1,81,67,82,-1,82,67,40,-1,82,40,83,-1,83,40,43,-1,83,43,84,-1,84,43,45,-1,84,45,68,-1,72,73,85,-1,85,73,86,-1,72,85,87,-1,72,87,71,-1,71,87,88,-1,71,88,70,-1,70,88,89,-1,70,89,69,-1,69,89,90,-1,69,90,68,-1,68,90,91,-1,68,91,84,-1,84,91,92,-1,84,92,83,-1,83,92,93,-1,83,93,82,-1,82,93,94,-1,82,94,81,-1,81,94,95,-1,81,95,80,-1,80,95,96,-1,80,96,79,-1,79,96,97,-1,79,97,78,-1,78,97,98,-1,78,98,77,-1,77,98,99,-1,77,99,76,-1,76,99,100,-1,76,100,75,-1,74,75,101,-1,101,75,100,-1,73,74,86,-1,86,74,101,-1,102,103,104,-1,104,103,105,-1,103,106,105,-1,105,106,107,-1,106,108,107,-1,107,108,109,-1,108,110,109,-1,109,110,111,-1,110,112,111,-1,111,112,113,-1,112,114,113,-1,113,114,115,-1,114,116,115,-1,115,116,117,-1,116,118,117,-1,117,118,119,-1,118,120,119,-1,119,120,121,-1,120,122,121,-1,121,122,123,-1,122,124,123,-1,123,124,125,-1,124,102,125,-1,125,102,104,-1,106,103,102,-1,102,124,106,-1,106,124,122,-1,106,122,108,-1,112,110,114,-1,114,110,108,-1,114,108,116,-1,116,108,122,-1,116,122,118,-1,118,122,120,-1,126,127,128,-1,128,127,129,-1,130,131,132,-1,130,132,133,-1,133,132,134,-1,133,134,135,-1,135,134,129,-1,135,129,127,-1,136,137,138,-1,136,138,139,-1,139,138,140,-1,139,140,141,-1,141,140,142,-1,141,142,143,-1,143,142,144,-1,143,144,145,-1,145,144,146,-1,145,146,147,-1,147,146,148,-1,147,148,149,-1,149,148,131,-1,149,131,130,-1,150,151,152,-1,152,151,153,-1,153,154,152,-1,152,154,155,-1,152,155,156,-1,156,155,157,-1,156,157,158,-1,158,157,159,-1,158,159,160,-1,160,159,161,-1,160,161,162,-1,162,161,163,-1,162,163,164,-1,164,163,137,-1,164,137,136,-1,151,150,165,-1,165,150,166,-1,165,166,167,-1,167,166,168,-1,167,168,169,-1,168,170,169,-1,169,170,171,-1,172,173,174,-1,172,174,175,-1,175,174,171,-1,175,171,170,-1,176,177,178,-1,176,178,179,-1,179,178,180,-1,179,180,181,-1,181,180,182,-1,181,182,183,-1,183,182,184,-1,183,184,185,-1,185,184,186,-1,185,186,187,-1,187,186,188,-1,187,188,189,-1,189,188,173,-1,189,173,172,-1,190,191,192,-1,190,192,193,-1,193,192,194,-1,193,194,195,-1,195,194,196,-1,195,196,197,-1,197,196,198,-1,197,198,199,-1,199,198,200,-1,199,200,201,-1,201,200,202,-1,201,202,203,-1,203,202,177,-1,203,177,176,-1,126,128,204,-1,126,204,205,-1,205,204,206,-1,205,206,207,-1,207,206,191,-1,207,191,190,-1,193,130,190,-1,190,130,133,-1,190,133,207,-1,207,133,135,-1,207,135,205,-1,205,135,127,-1,205,127,126,-1,170,168,175,-1,175,168,166,-1,175,166,172,-1,172,166,150,-1,172,150,189,-1,189,150,152,-1,189,152,187,-1,187,152,156,-1,187,156,185,-1,185,156,158,-1,185,158,183,-1,183,158,160,-1,183,160,181,-1,181,160,162,-1,181,162,179,-1,179,162,164,-1,179,164,176,-1,176,164,136,-1,176,136,203,-1,203,136,139,-1,203,139,201,-1,201,139,141,-1,201,141,199,-1,199,141,143,-1,199,143,197,-1,197,143,145,-1,197,145,195,-1,195,145,147,-1,195,147,193,-1,193,147,149,-1,193,149,130,-1,208,209,210,-1,210,209,211,-1,209,212,211,-1,211,212,213,-1,212,214,213,-1,213,214,215,-1,214,216,215,-1,215,216,217,-1,216,218,217,-1,217,218,219,-1,218,208,219,-1,219,208,210,-1,216,214,218,-1,218,214,212,-1,218,212,208,-1,208,212,209,-1,
        ]
    }
}
Shape{
    appearance Appearance {
        material  Material 	{
            diffuseColor 0.9490196078431372 0.7607843137254902 0.1803921568627451
            specularColor 0.7607843137254902 0.6078431372549019 0.1450980392156863
            ambientIntensity 0.7509
            transparency 0.0
            shininess 0.5
        }
    }
    geometry IndexedFaceSet {
        ccw TRUE
        solid FALSE
        coord DEF co Coordinate {
            point [
                -5.3622 0.4835 0.2899, -5.3622 0.4835 0.2372, -5.3622 0.5492 0.2664, -5.3622 0.5492 0.2609, -5.3622 0.5547 0.2649, -5.3622 0.5547 0.2623, -5.3622 0.5603 0.2639, -5.3622 0.5603 0.2634, -5.3622 0.5622 0.4504, -5.3622 0.4393 0.4504, -5.3622 0.5622 0.4272, -5.3622 0.4393 0.4281, -5.3622 0.4408 0.4115, -5.3622 0.5023 0.3659, -5.3622 0.518 0.3673, -5.3622 0.5304 0.3709, -5.3622 0.5602 0.4086, -5.3622 0.445 0.3982, -5.3622 0.4514 0.3875, -5.3622 0.4601 0.3786, -5.3622 0.4709 0.372, -5.3622 0.4857 0.3674, -5.3622 0.5401 0.3764, -5.3622 0.5482 0.3841, -5.3622 0.5557 0.3956, -6.3622 0.5804 -1.0236, -6.3622 0.6398 -1.0236, -6.3622 0.6398 0.4869, -6.3622 0.5641 0.6544, -6.3622 0.5624 0.6699, -6.3622 0.4459 0.6203, -6.3622 0.5804 0.6407, -6.3622 0.5801 0.6357, -6.3622 0.5795 0.5868, -6.3622 0.5752 0.6175, -6.3622 0.554 0.6175, -6.3622 0.5616 0.6353, -6.3622 0.4475 0.6175, -6.3622 0.422 0.5868, -6.3622 0.422 0.7481, -6.3622 0.4221 0.6803, -6.3622 0.4393 0.7481, -6.3622 0.4274 0.6955, -6.3622 0.4354 0.7082, -6.3622 0.5622 0.5061, -6.3622 0.3642 0.4869, -6.3622 0.5804 0.4869, -6.3622 0.4479 0.72, -6.3622 0.4629 0.7284, -6.3622 0.4393 0.8076, -6.3622 0.538 0.7264, -6.3622 0.5527 0.7171, -6.3622 0.5795 0.8076, -6.3622 0.5664 0.7029, -6.3622 0.575 0.688, -6.3622 0.5795 0.5061, -6.3622 0.5801 0.6704, -6.3622 0.5804 0.6663, -6.3622 0.5795 0.8288, -6.3622 0.5581 0.6817, -6.3622 0.5508 0.6926, -6.3622 0.5403 0.7021, -6.3622 0.4991 0.7135, -6.3622 0.482 0.7119, -6.3622 0.4685 0.7077, -6.3622 0.439 0.6726, -6.3622 0.4374 0.6579, -6.3622 0.4432 0.6841, -6.3622 0.4498 0.6938, -6.3622 0.4576 0.7012, -6.3622 0.4397 0.637, -6.3622 0.4931 0.51, -6.3622 0.4931 0.5657, -6.3622 0.4393 0.5657, -6.3622 0.3528 1.122, -6.3622 0.5804 1.293, -6.3622 0.3193 1.2028, -6.3622 0.5369 1.3745, -6.3622 0.2662 1.2721, -6.3622 0.461 1.4669, -6.3622 0.1969 1.3252, -6.3622 0.5282 0.7086, -6.3622 0.5113 0.7128, -6.3622 -4.2618 1.6457, -6.3622 -4.2618 1.3701, -6.3622 0.0295 1.6457, -6.3622 0.0295 1.3701, -6.3622 0.1486 1.6339, -6.3622 0.1161 1.3587, -6.3622 0.2631 1.5992, -6.3622 0.3686 1.5428, -6.3622 0.4795 0.7331, -6.3622 0.4978 0.7347, -6.3622 0.5202 0.7324, -6.3622 0.4393 0.5023, -6.3622 0.5104 0.51, -6.3622 0.5104 0.5657, -6.3622 0.5622 0.5657, -6.3622 0.4302 0.6175, -6.3622 0.422 0.5023, -6.3622 0.4233 0.6343, -6.3622 0.4202 0.6565, -6.3622 0.4201 0.6608, -6.3622 0.5814 0.6546, -6.3622 0.6398 1.0354, -6.3622 0.628 1.1545, -6.3622 0.3642 1.0354, -6.3622 0.422 0.8288, -6.3622 0.5933 1.269, -6.3622 0.422 0.3102, -6.3622 0.422 0.3333, -6.3622 0.422 0.2142, -6.3622 0.4662 0.2301, -6.3622 0.4662 0.2952, -6.3622 0.5795 0.2526, -6.3622 0.5795 0.2737, -6.3622 0.5795 0.4271, -6.3622 0.5771 0.4044, -6.3622 0.5706 0.3859, -6.3622 0.5591 0.3688, -6.3622 0.4652 0.3527, -6.3622 0.4511 0.3617, -6.3622 0.559 0.3686, -6.3622 0.5466 0.3575, -6.3622 0.5331 0.3502, -6.3622 0.4387 0.3747, -6.3622 0.4291 0.3911, -6.3622 0.4237 0.4093, -6.3622 0.422 0.4287, -6.3622 0.422 0.4716, -6.3622 0.5795 0.4716, -6.3622 0.5175 0.346, -6.3622 0.5027 0.3448, -6.3622 0.4817 0.347, -6.3622 0.422 0.1912, -6.3622 0.3642 -1.0236, -6.6378 -4.2618 1.6457, -6.6378 0.0295 1.6457, -6.6378 -4.2618 1.3701, -6.6378 0.0295 1.3701, -6.6378 0.1486 1.6339, -6.6378 0.2631 1.5992, -6.6378 0.3686 1.5428, -6.6378 0.461 1.4669, -6.6378 0.5369 1.3745, -6.6378 0.5933 1.269, -6.6378 0.628 1.1545, -6.6378 0.6398 1.0354, -6.6378 0.3642 1.0354, -6.6378 0.3528 1.122, -6.6378 0.3193 1.2028, -6.6378 0.2662 1.2721, -6.6378 0.1969 1.3252, -6.6378 0.1161 1.3587, -6.6378 0.6398 -1.0236, -6.6378 0.3642 -1.0236, -6.4134 -4.4193 1.4213, -6.4134 -4.4193 1.5945, -6.5866 -4.4193 1.4213, -6.5866 -4.4193 1.5945, -6.4134 0.5886 -1.1811, -6.4134 0.4154 -1.1811, -6.5866 0.5886 -1.1811, -6.5866 0.4154 -1.1811
            ]
        }
        coordIndex [
            0,1,2,-1,2,1,3,-1,2,3,4,-1,4,3,5,-1,4,5,6,-1,6,5,7,-1,8,9,10,-1,10,9,11,-1,10,11,12,-1,13,14,10,-1,10,14,15,-1,10,15,16,-1,12,17,10,-1,10,17,18,-1,10,18,19,-1,19,20,10,-1,10,20,21,-1,10,21,13,-1,22,23,15,-1,15,23,24,-1,15,24,16,-1,25,26,27,-1,28,29,30,-1,31,32,33,-1,33,32,34,-1,33,34,35,-1,28,30,36,-1,36,30,37,-1,36,37,35,-1,35,37,38,-1,35,38,33,-1,39,40,41,-1,41,40,42,-1,41,42,43,-1,44,45,46,-1,43,47,41,-1,41,47,48,-1,41,48,49,-1,50,51,52,-1,52,51,53,-1,52,53,54,-1,31,33,46,-1,46,33,55,-1,46,55,44,-1,54,56,52,-1,52,56,57,-1,52,57,58,-1,29,59,30,-1,30,59,60,-1,30,60,61,-1,62,63,30,-1,30,63,64,-1,65,66,67,-1,67,66,68,-1,64,69,30,-1,30,69,68,-1,30,68,70,-1,70,68,66,-1,71,72,73,-1,74,75,76,-1,76,75,77,-1,76,77,78,-1,78,77,79,-1,78,79,80,-1,61,81,30,-1,30,81,82,-1,30,82,62,-1,83,84,85,-1,85,84,86,-1,85,86,87,-1,87,86,88,-1,87,88,89,-1,89,88,80,-1,89,80,90,-1,90,80,79,-1,48,91,49,-1,49,91,92,-1,49,92,52,-1,52,92,93,-1,52,93,50,-1,73,94,71,-1,71,94,45,-1,71,45,95,-1,95,45,44,-1,95,44,96,-1,96,44,97,-1,37,98,38,-1,38,98,45,-1,38,45,99,-1,99,45,94,-1,98,100,45,-1,45,100,101,-1,45,101,102,-1,103,27,57,-1,57,27,104,-1,57,104,105,-1,102,40,45,-1,45,40,39,-1,45,39,106,-1,106,39,107,-1,106,107,74,-1,74,107,58,-1,74,58,75,-1,75,58,57,-1,75,57,108,-1,108,57,105,-1,109,110,45,-1,111,112,113,-1,114,46,115,-1,115,46,116,-1,116,117,115,-1,115,117,118,-1,115,118,119,-1,110,120,121,-1,119,122,115,-1,115,122,123,-1,115,123,124,-1,121,125,110,-1,110,125,126,-1,110,126,45,-1,45,126,127,-1,127,128,45,-1,45,128,129,-1,45,129,46,-1,46,129,130,-1,46,130,116,-1,124,131,115,-1,115,131,132,-1,115,132,110,-1,110,132,133,-1,110,133,120,-1,113,109,111,-1,111,109,45,-1,111,45,134,-1,134,45,135,-1,134,135,114,-1,114,135,25,-1,114,25,46,-1,46,25,27,-1,46,27,31,-1,31,27,103,-1,83,85,136,-1,136,85,137,-1,138,139,84,-1,84,139,86,-1,137,85,87,-1,137,87,140,-1,140,87,89,-1,140,89,141,-1,141,89,90,-1,141,90,142,-1,142,90,79,-1,142,79,143,-1,143,79,77,-1,143,77,144,-1,144,77,75,-1,144,75,145,-1,75,108,145,-1,145,108,105,-1,145,105,146,-1,146,105,104,-1,146,104,147,-1,148,106,149,-1,149,106,74,-1,149,74,150,-1,150,74,76,-1,150,76,151,-1,151,76,78,-1,151,78,152,-1,152,78,80,-1,152,80,153,-1,153,80,88,-1,153,88,139,-1,139,88,86,-1,26,154,27,-1,27,154,147,-1,27,147,104,-1,138,136,139,-1,139,136,137,-1,139,137,153,-1,150,145,149,-1,149,145,146,-1,149,146,148,-1,148,146,147,-1,148,147,155,-1,155,147,154,-1,137,140,153,-1,153,140,141,-1,153,141,152,-1,152,141,142,-1,152,142,151,-1,151,142,143,-1,151,143,150,-1,150,143,144,-1,150,144,145,-1,155,135,148,-1,148,135,45,-1,148,45,106,-1,156,157,158,-1,158,157,159,-1,160,161,162,-1,162,161,163,-1,136,159,83,-1,83,159,157,-1,138,158,136,-1,136,158,159,-1,156,84,157,-1,157,84,83,-1,84,156,138,-1,138,156,158,-1,161,135,163,-1,163,135,155,-1,135,161,25,-1,25,161,160,-1,25,160,26,-1,154,162,155,-1,155,162,163,-1,162,154,160,-1,160,154,26,-1,
        ]
    }
}
Shape{
    appearance Appearance {
        material  Material 	{
            diffuseColor 0.2235294117647059 0.2235294117647059 0.2235294117647059
            specularColor 0.11372549019607843 0.11372549019607843 0.11372549019607843
            ambientIntensity 0.2235
            transparency 0.0
            shininess 0.5
        }
    }
    geometry IndexedFaceSet {
        ccw TRUE
        solid FALSE
        coord DEF co Coordinate {
            point [
                -6.3661 0.5795 0.2526, -6.3661 0.422 0.1912, -6.3622 0.5795 0.2526, -6.3622 0.422 0.1912, -6.3661 0.422 0.2142, -6.3622 0.422 0.2142, -6.3661 0.4662 0.2301, -6.3622 0.4662 0.2301, -6.3661 0.4662 0.2952, -6.3622 0.4662 0.2952, -6.3661 0.422 0.3102, -6.3622 0.422 0.3102, -6.3661 0.422 0.3333, -6.3622 0.422 0.3333, -6.3661 0.5795 0.2737, -6.3622 0.5795 0.2737, -6.3661 0.4835 0.2899, -6.3661 0.5492 0.2664, -6.3661 0.5547 0.2649, -6.3661 0.5603 0.2639, -6.3661 0.5603 0.2634, -6.3661 0.5547 0.2623, -6.3661 0.5492 0.2609, -6.3661 0.4835 0.2372, -6.3622 0.4835 0.2899, -6.3622 0.4835 0.2372, -6.3622 0.5492 0.2664, -6.3622 0.5547 0.2649, -6.3622 0.5603 0.2639, -6.3622 0.5603 0.2634, -6.3622 0.5547 0.2623, -6.3622 0.5492 0.2609, -6.3661 0.422 0.4287, -6.3661 0.422 0.4716, -6.3622 0.422 0.4287, -6.3622 0.422 0.4716, -6.3661 0.5795 0.4716, -6.3622 0.5795 0.4716, -6.3661 0.5795 0.4271, -6.3622 0.5795 0.4271, -6.3661 0.5027 0.3448, -6.3622 0.5027 0.3448, -6.3622 0.5175 0.346, -6.3661 0.5175 0.346, -6.3622 0.5331 0.3502, -6.3661 0.5331 0.3502, -6.3622 0.5466 0.3575, -6.3661 0.5466 0.3575, -6.3622 0.559 0.3686, -6.3661 0.559 0.3686, -6.3622 0.5591 0.3688, -6.3661 0.5591 0.3688, -6.3622 0.5706 0.3859, -6.3661 0.5706 0.3859, -6.3622 0.5771 0.4044, -6.3661 0.5771 0.4044, -6.3622 0.4237 0.4093, -6.3661 0.4237 0.4093, -6.3622 0.4291 0.3911, -6.3661 0.4291 0.3911, -6.3622 0.4387 0.3747, -6.3661 0.4387 0.3747, -6.3622 0.4511 0.3617, -6.3661 0.4511 0.3617, -6.3622 0.4652 0.3527, -6.3661 0.4652 0.3527, -6.3622 0.4817 0.347, -6.3661 0.4817 0.347, -6.3661 0.5401 0.3764, -6.3661 0.5482 0.3841, -6.3661 0.5557 0.3956, -6.3661 0.5602 0.4086, -6.3661 0.5622 0.4272, -6.3661 0.5622 0.4504, -6.3661 0.4393 0.4504, -6.3661 0.4393 0.4281, -6.3661 0.4408 0.4115, -6.3661 0.445 0.3982, -6.3661 0.4514 0.3875, -6.3661 0.4601 0.3786, -6.3661 0.4709 0.372, -6.3661 0.4857 0.3674, -6.3661 0.5023 0.3659, -6.3661 0.518 0.3673, -6.3661 0.5304 0.3709, -6.3622 0.5622 0.4272, -6.3622 0.5622 0.4504, -6.3622 0.5602 0.4086, -6.3622 0.5557 0.3956, -6.3622 0.5482 0.3841, -6.3622 0.5401 0.3764, -6.3622 0.5304 0.3709, -6.3622 0.518 0.3673, -6.3622 0.5023 0.3659, -6.3622 0.4857 0.3674, -6.3622 0.4709 0.372, -6.3622 0.4601 0.3786, -6.3622 0.4514 0.3875, -6.3622 0.445 0.3982, -6.3622 0.4408 0.4115, -6.3622 0.4393 0.4281, -6.3622 0.4393 0.4504, -6.3661 0.4393 0.5023, -6.3661 0.422 0.5023, -6.3622 0.4393 0.5023, -6.3622 0.422 0.5023, -6.3661 0.422 0.5868, -6.3622 0.422 0.5868, -6.3661 0.5795 0.5868, -6.3622 0.5795 0.5868, -6.3661 0.5795 0.5061, -6.3622 0.5795 0.5061, -6.3661 0.5622 0.5061, -6.3622 0.5622 0.5061, -6.3661 0.5622 0.5657, -6.3622 0.5622 0.5657, -6.3661 0.5104 0.5657, -6.3622 0.5104 0.5657, -6.3661 0.5104 0.51, -6.3622 0.5104 0.51, -6.3661 0.4931 0.51, -6.3622 0.4931 0.51, -6.3661 0.4931 0.5657, -6.3622 0.4931 0.5657, -6.3661 0.4393 0.5657, -6.3622 0.4393 0.5657, -6.3661 0.4475 0.6175, -6.3661 0.4302 0.6175, -6.3622 0.4475 0.6175, -6.3622 0.4302 0.6175, -6.3661 0.4201 0.6608, -6.3622 0.4201 0.6608, -6.3622 0.4202 0.6565, -6.3661 0.4202 0.6565, -6.3622 0.4233 0.6343, -6.3661 0.4233 0.6343, -6.3661 0.4978 0.7347, -6.3622 0.4978 0.7347, -6.3622 0.4795 0.7331, -6.3661 0.4795 0.7331, -6.3622 0.4629 0.7284, -6.3661 0.4629 0.7284, -6.3622 0.4479 0.72, -6.3661 0.4479 0.72, -6.3622 0.4354 0.7082, -6.3661 0.4354 0.7082, -6.3622 0.4274 0.6955, -6.3661 0.4274 0.6955, -6.3622 0.4221 0.6803, -6.3661 0.4221 0.6803, -6.3661 0.5814 0.6546, -6.3622 0.5814 0.6546, -6.3661 0.5801 0.6704, -6.3622 0.5804 0.6663, -6.3622 0.5801 0.6704, -6.3622 0.575 0.688, -6.3661 0.575 0.688, -6.3622 0.5664 0.7029, -6.3661 0.5664 0.7029, -6.3622 0.5527 0.7171, -6.3661 0.5527 0.7171, -6.3622 0.538 0.7264, -6.3661 0.538 0.7264, -6.3622 0.5202 0.7324, -6.3661 0.5202 0.7324, -6.3622 0.5804 0.6407, -6.3661 0.5801 0.6357, -6.3622 0.5801 0.6357, -6.3661 0.5752 0.6175, -6.3622 0.5752 0.6175, -6.3661 0.554 0.6175, -6.3622 0.554 0.6175, -6.3661 0.5641 0.6544, -6.3622 0.5641 0.6544, -6.3622 0.5616 0.6353, -6.3661 0.5616 0.6353, -6.3661 0.4991 0.7135, -6.3622 0.4991 0.7135, -6.3622 0.5113 0.7128, -6.3661 0.5113 0.7128, -6.3622 0.5282 0.7086, -6.3661 0.5282 0.7086, -6.3622 0.5403 0.7021, -6.3661 0.5403 0.7021, -6.3622 0.5508 0.6926, -6.3661 0.5508 0.6926, -6.3622 0.5581 0.6817, -6.3661 0.5581 0.6817, -6.3622 0.5624 0.6699, -6.3661 0.5624 0.6699, -6.3661 0.4374 0.6579, -6.3622 0.4374 0.6579, -6.3622 0.439 0.6726, -6.3661 0.439 0.6726, -6.3622 0.4432 0.6841, -6.3661 0.4432 0.6841, -6.3622 0.4498 0.6938, -6.3661 0.4498 0.6938, -6.3622 0.4576 0.7012, -6.3661 0.4576 0.7012, -6.3622 0.4685 0.7077, -6.3661 0.4685 0.7077, -6.3622 0.482 0.7119, -6.3661 0.482 0.7119, -6.3622 0.4459 0.6203, -6.3661 0.4459 0.6203, -6.3622 0.4397 0.637, -6.3661 0.4397 0.637, -6.3661 0.4393 0.7481, -6.3661 0.422 0.7481, -6.3622 0.4393 0.7481, -6.3622 0.422 0.7481, -6.3661 0.422 0.8288, -6.3622 0.422 0.8288, -6.3661 0.5795 0.8288, -6.3622 0.5795 0.8288, -6.3661 0.5795 0.8076, -6.3622 0.5795 0.8076, -6.3661 0.4393 0.8076, -6.3622 0.4393 0.8076
            ]
        }
        coordIndex [
            0,1,2,-1,2,1,3,-1,1,4,3,-1,3,4,5,-1,4,6,5,-1,5,6,7,-1,6,8,7,-1,7,8,9,-1,8,10,9,-1,9,10,11,-1,10,12,11,-1,11,12,13,-1,12,14,13,-1,13,14,15,-1,14,0,15,-1,15,0,2,-1,16,17,14,-1,12,10,8,-1,17,18,14,-1,14,18,19,-1,14,19,0,-1,0,19,20,-1,0,20,21,-1,21,22,0,-1,0,22,23,-1,0,23,1,-1,4,1,6,-1,6,1,23,-1,6,23,8,-1,8,23,16,-1,8,16,12,-1,12,16,14,-1,16,23,24,-1,24,23,25,-1,17,16,26,-1,26,16,24,-1,17,26,27,-1,17,27,18,-1,18,27,28,-1,18,28,19,-1,20,19,29,-1,29,19,28,-1,20,29,30,-1,20,30,21,-1,21,30,31,-1,21,31,22,-1,23,22,25,-1,25,22,31,-1,32,33,34,-1,34,33,35,-1,33,36,35,-1,35,36,37,-1,36,38,37,-1,37,38,39,-1,40,41,42,-1,40,42,43,-1,43,42,44,-1,43,44,45,-1,45,44,46,-1,45,46,47,-1,47,46,48,-1,47,48,49,-1,49,48,50,-1,49,50,51,-1,51,50,52,-1,51,52,53,-1,53,52,54,-1,53,54,55,-1,55,54,39,-1,55,39,38,-1,32,34,56,-1,32,56,57,-1,57,56,58,-1,57,58,59,-1,59,58,60,-1,59,60,61,-1,61,60,62,-1,61,62,63,-1,63,62,64,-1,63,64,65,-1,65,64,66,-1,65,66,67,-1,67,66,41,-1,67,41,40,-1,45,47,68,-1,68,47,49,-1,68,49,69,-1,69,49,51,-1,69,51,70,-1,70,51,53,-1,70,53,71,-1,71,53,55,-1,71,55,72,-1,72,55,38,-1,72,38,73,-1,73,38,36,-1,73,36,74,-1,74,36,33,-1,74,33,75,-1,75,33,32,-1,75,32,76,-1,76,32,57,-1,76,57,77,-1,77,57,59,-1,77,59,78,-1,78,59,61,-1,78,61,79,-1,79,61,63,-1,79,63,80,-1,80,63,65,-1,80,65,81,-1,81,65,67,-1,81,67,82,-1,82,67,40,-1,82,40,83,-1,83,40,43,-1,83,43,84,-1,84,43,45,-1,84,45,68,-1,72,73,85,-1,85,73,86,-1,72,85,87,-1,72,87,71,-1,71,87,88,-1,71,88,70,-1,70,88,89,-1,70,89,69,-1,69,89,90,-1,69,90,68,-1,68,90,91,-1,68,91,84,-1,84,91,92,-1,84,92,83,-1,83,92,93,-1,83,93,82,-1,82,93,94,-1,82,94,81,-1,81,94,95,-1,81,95,80,-1,80,95,96,-1,80,96,79,-1,79,96,97,-1,79,97,78,-1,78,97,98,-1,78,98,77,-1,77,98,99,-1,77,99,76,-1,76,99,100,-1,76,100,75,-1,74,75,101,-1,101,75,100,-1,73,74,86,-1,86,74,101,-1,102,103,104,-1,104,103,105,-1,103,106,105,-1,105,106,107,-1,106,108,107,-1,107,108,109,-1,108,110,109,-1,109,110,111,-1,110,112,111,-1,111,112,113,-1,112,114,113,-1,113,114,115,-1,114,116,115,-1,115,116,117,-1,116,118,117,-1,117,118,119,-1,118,120,119,-1,119,120,121,-1,120,122,121,-1,121,122,123,-1,122,124,123,-1,123,124,125,-1,124,102,125,-1,125,102,104,-1,106,103,102,-1,102,124,106,-1,106,124,122,-1,106,122,108,-1,112,110,114,-1,114,110,108,-1,114,108,116,-1,116,108,122,-1,116,122,118,-1,118,122,120,-1,126,127,128,-1,128,127,129,-1,130,131,132,-1,130,132,133,-1,133,132,134,-1,133,134,135,-1,135,134,129,-1,135,129,127,-1,136,137,138,-1,136,138,139,-1,139,138,140,-1,139,140,141,-1,141,140,142,-1,141,142,143,-1,143,142,144,-1,143,144,145,-1,145,144,146,-1,145,146,147,-1,147,146,148,-1,147,148,149,-1,149,148,131,-1,149,131,130,-1,150,151,152,-1,152,151,153,-1,153,154,152,-1,152,154,155,-1,152,155,156,-1,156,155,157,-1,156,157,158,-1,158,157,159,-1,158,159,160,-1,160,159,161,-1,160,161,162,-1,162,161,163,-1,162,163,164,-1,164,163,137,-1,164,137,136,-1,151,150,165,-1,165,150,166,-1,165,166,167,-1,167,166,168,-1,167,168,169,-1,168,170,169,-1,169,170,171,-1,172,173,174,-1,172,174,175,-1,175,174,171,-1,175,171,170,-1,176,177,178,-1,176,178,179,-1,179,178,180,-1,179,180,181,-1,181,180,182,-1,181,182,183,-1,183,182,184,-1,183,184,185,-1,185,184,186,-1,185,186,187,-1,187,186,188,-1,187,188,189,-1,189,188,173,-1,189,173,172,-1,190,191,192,-1,190,192,193,-1,193,192,194,-1,193,194,195,-1,195,194,196,-1,195,196,197,-1,197,196,198,-1,197,198,199,-1,199,198,200,-1,199,200,201,-1,201,200,202,-1,201,202,203,-1,203,202,177,-1,203,177,176,-1,126,128,204,-1,126,204,205,-1,205,204,206,-1,205,206,207,-1,207,206,191,-1,207,191,190,-1,193,130,190,-1,190,130,133,-1,190,133,207,-1,207,133,135,-1,207,135,205,-1,205,135,127,-1,205,127,126,-1,170,168,175,-1,175,168,166,-1,175,166,172,-1,172,166,150,-1,172,150,189,-1,189,150,152,-1,189,152,187,-1,187,152,156,-1,187,156,185,-1,185,156,158,-1,185,158,183,-1,183,158,160,-1,183,160,181,-1,181,160,162,-1,181,162,179,-1,179,162,164,-1,179,164,176,-1,176,164,136,-1,176,136,203,-1,203,136,139,-1,203,139,201,-1,201,139,141,-1,201,141,199,-1,199,141,143,-1,199,143,197,-1,197,143,145,-1,197,145,195,-1,195,145,147,-1,195,147,193,-1,193,147,149,-1,193,149,130,-1,208,209,210,-1,210,209,211,-1,209,212,211,-1,211,212,213,-1,212,214,213,-1,213,214,215,-1,214,216,215,-1,215,216,217,-1,216,218,217,-1,217,218,219,-1,218,208,219,-1,219,208,210,-1,216,214,218,-1,218,214,212,-1,218,212,208,-1,208,212,209,-1,
        ]
    }
}
Shape{
    appearance Appearance {
        material  Material 	{
            diffuseColor 0.9490196078431372 0.7607843137254902 0.1803921568627451
            specularColor 0.7607843137254902 0.6078431372549019 0.1450980392156863
            ambientIntensity 0.7509
            transparency 0.0
            shininess 0.5
        }
    }
    geometry IndexedFaceSet {
        ccw TRUE
        solid FALSE
        coord DEF co Coordinate {
            point [
                -6.3622 0.4835 0.2899, -6.3622 0.4835 0.2372, -6.3622 0.5492 0.2664, -6.3622 0.5492 0.2609, -6.3622 0.5547 0.2649, -6.3622 0.5547 0.2623, -6.3622 0.5603 0.2639, -6.3622 0.5603 0.2634, -6.3622 0.5622 0.4504, -6.3622 0.4393 0.4504, -6.3622 0.5622 0.4272, -6.3622 0.4393 0.4281, -6.3622 0.4408 0.4115, -6.3622 0.5023 0.3659, -6.3622 0.518 0.3673, -6.3622 0.5304 0.3709, -6.3622 0.5602 0.4086, -6.3622 0.445 0.3982, -6.3622 0.4514 0.3875, -6.3622 0.4601 0.3786, -6.3622 0.4709 0.372, -6.3622 0.4857 0.3674, -6.3622 0.5401 0.3764, -6.3622 0.5482 0.3841, -6.3622 0.5557 0.3956, -7.3622 0.5804 -1.0236, -7.3622 0.6398 -1.0236, -7.3622 0.6398 0.4869, -7.3622 0.5641 0.6544, -7.3622 0.5624 0.6699, -7.3622 0.4459 0.6203, -7.3622 0.5804 0.6407, -7.3622 0.5801 0.6357, -7.3622 0.5795 0.5868, -7.3622 0.5752 0.6175, -7.3622 0.554 0.6175, -7.3622 0.5616 0.6353, -7.3622 0.4475 0.6175, -7.3622 0.422 0.5868, -7.3622 0.422 0.7481, -7.3622 0.4221 0.6803, -7.3622 0.4393 0.7481, -7.3622 0.4274 0.6955, -7.3622 0.4354 0.7082, -7.3622 0.5622 0.5061, -7.3622 0.3642 0.4869, -7.3622 0.5804 0.4869, -7.3622 0.4479 0.72, -7.3622 0.4629 0.7284, -7.3622 0.4393 0.8076, -7.3622 0.538 0.7264, -7.3622 0.5527 0.7171, -7.3622 0.5795 0.8076, -7.3622 0.5664 0.7029, -7.3622 0.575 0.688, -7.3622 0.5795 0.5061, -7.3622 0.5801 0.6704, -7.3622 0.5804 0.6663, -7.3622 0.5795 0.8288, -7.3622 0.5581 0.6817, -7.3622 0.5508 0.6926, -7.3622 0.5403 0.7021, -7.3622 0.4991 0.7135, -7.3622 0.482 0.7119, -7.3622 0.4685 0.7077, -7.3622 0.439 0.6726, -7.3622 0.4374 0.6579, -7.3622 0.4432 0.6841, -7.3622 0.4498 0.6938, -7.3622 0.4576 0.7012, -7.3622 0.4397 0.637, -7.3622 0.4931 0.51, -7.3622 0.4931 0.5657, -7.3622 0.4393 0.5657, -7.3622 0.3528 1.122, -7.3622 0.5804 1.293, -7.3622 0.3193 1.2028, -7.3622 0.5369 1.3745, -7.3622 0.2662 1.2721, -7.3622 0.461 1.4669, -7.3622 0.1969 1.3252, -7.3622 0.5282 0.7086, -7.3622 0.5113 0.7128, -7.3622 -4.2618 1.6457, -7.3622 -4.2618 1.3701, -7.3622 0.0295 1.6457, -7.3622 0.0295 1.3701, -7.3622 0.1486 1.6339, -7.3622 0.1161 1.3587, -7.3622 0.2631 1.5992, -7.3622 0.3686 1.5428, -7.3622 0.4795 0.7331, -7.3622 0.4978 0.7347, -7.3622 0.5202 0.7324, -7.3622 0.4393 0.5023, -7.3622 0.5104 0.51, -7.3622 0.5104 0.5657, -7.3622 0.5622 0.5657, -7.3622 0.4302 0.6175, -7.3622 0.422 0.5023, -7.3622 0.4233 0.6343, -7.3622 0.4202 0.6565, -7.3622 0.4201 0.6608, -7.3622 0.5814 0.6546, -7.3622 0.6398 1.0354, -7.3622 0.628 1.1545, -7.3622 0.3642 1.0354, -7.3622 0.422 0.8288, -7.3622 0.5933 1.269, -7.3622 0.422 0.3102, -7.3622 0.422 0.3333, -7.3622 0.422 0.2142, -7.3622 0.4662 0.2301, -7.3622 0.4662 0.2952, -7.3622 0.5795 0.2526, -7.3622 0.5795 0.2737, -7.3622 0.5795 0.4271, -7.3622 0.5771 0.4044, -7.3622 0.5706 0.3859, -7.3622 0.5591 0.3688, -7.3622 0.4652 0.3527, -7.3622 0.4511 0.3617, -7.3622 0.559 0.3686, -7.3622 0.5466 0.3575, -7.3622 0.5331 0.3502, -7.3622 0.4387 0.3747, -7.3622 0.4291 0.3911, -7.3622 0.4237 0.4093, -7.3622 0.422 0.4287, -7.3622 0.422 0.4716, -7.3622 0.5795 0.4716, -7.3622 0.5175 0.346, -7.3622 0.5027 0.3448, -7.3622 0.4817 0.347, -7.3622 0.422 0.1912, -7.3622 0.3642 -1.0236, -7.6378 -4.2618 1.6457, -7.6378 0.0295 1.6457, -7.6378 -4.2618 1.3701, -7.6378 0.0295 1.3701, -7.6378 0.1486 1.6339, -7.6378 0.2631 1.5992, -7.6378 0.3686 1.5428, -7.6378 0.461 1.4669, -7.6378 0.5369 1.3745, -7.6378 0.5933 1.269, -7.6378 0.628 1.1545, -7.6378 0.6398 1.0354, -7.6378 0.3642 1.0354, -7.6378 0.3528 1.122, -7.6378 0.3193 1.2028, -7.6378 0.2662 1.2721, -7.6378 0.1969 1.3252, -7.6378 0.1161 1.3587, -7.6378 0.6398 -1.0236, -7.6378 0.3642 -1.0236, -7.4134 -4.4193 1.4213, -7.4134 -4.4193 1.5945, -7.5866 -4.4193 1.4213, -7.5866 -4.4193 1.5945, -7.4134 0.5886 -1.1811, -7.4134 0.4154 -1.1811, -7.5866 0.5886 -1.1811, -7.5866 0.4154 -1.1811
            ]
        }
        coordIndex [
            0,1,2,-1,2,1,3,-1,2,3,4,-1,4,3,5,-1,4,5,6,-1,6,5,7,-1,8,9,10,-1,10,9,11,-1,10,11,12,-1,13,14,10,-1,10,14,15,-1,10,15,16,-1,12,17,10,-1,10,17,18,-1,10,18,19,-1,19,20,10,-1,10,20,21,-1,10,21,13,-1,22,23,15,-1,15,23,24,-1,15,24,16,-1,25,26,27,-1,28,29,30,-1,31,32,33,-1,33,32,34,-1,33,34,35,-1,28,30,36,-1,36,30,37,-1,36,37,35,-1,35,37,38,-1,35,38,33,-1,39,40,41,-1,41,40,42,-1,41,42,43,-1,44,45,46,-1,43,47,41,-1,41,47,48,-1,41,48,49,-1,50,51,52,-1,52,51,53,-1,52,53,54,-1,31,33,46,-1,46,33,55,-1,46,55,44,-1,54,56,52,-1,52,56,57,-1,52,57,58,-1,29,59,30,-1,30,59,60,-1,30,60,61,-1,62,63,30,-1,30,63,64,-1,65,66,67,-1,67,66,68,-1,64,69,30,-1,30,69,68,-1,30,68,70,-1,70,68,66,-1,71,72,73,-1,74,75,76,-1,76,75,77,-1,76,77,78,-1,78,77,79,-1,78,79,80,-1,61,81,30,-1,30,81,82,-1,30,82,62,-1,83,84,85,-1,85,84,86,-1,85,86,87,-1,87,86,88,-1,87,88,89,-1,89,88,80,-1,89,80,90,-1,90,80,79,-1,48,91,49,-1,49,91,92,-1,49,92,52,-1,52,92,93,-1,52,93,50,-1,73,94,71,-1,71,94,45,-1,71,45,95,-1,95,45,44,-1,95,44,96,-1,96,44,97,-1,37,98,38,-1,38,98,45,-1,38,45,99,-1,99,45,94,-1,98,100,45,-1,45,100,101,-1,45,101,102,-1,103,27,57,-1,57,27,104,-1,57,104,105,-1,102,40,45,-1,45,40,39,-1,45,39,106,-1,106,39,107,-1,106,107,74,-1,74,107,58,-1,74,58,75,-1,75,58,57,-1,75,57,108,-1,108,57,105,-1,109,110,45,-1,111,112,113,-1,114,46,115,-1,115,46,116,-1,116,117,115,-1,115,117,118,-1,115,118,119,-1,110,120,121,-1,119,122,115,-1,115,122,123,-1,115,123,124,-1,121,125,110,-1,110,125,126,-1,110,126,45,-1,45,126,127,-1,127,128,45,-1,45,128,129,-1,45,129,46,-1,46,129,130,-1,46,130,116,-1,124,131,115,-1,115,131,132,-1,115,132,110,-1,110,132,133,-1,110,133,120,-1,113,109,111,-1,111,109,45,-1,111,45,134,-1,134,45,135,-1,134,135,114,-1,114,135,25,-1,114,25,46,-1,46,25,27,-1,46,27,31,-1,31,27,103,-1,83,85,136,-1,136,85,137,-1,138,139,84,-1,84,139,86,-1,137,85,87,-1,137,87,140,-1,140,87,89,-1,140,89,141,-1,141,89,90,-1,141,90,142,-1,142,90,79,-1,142,79,143,-1,143,79,77,-1,143,77,144,-1,144,77,75,-1,144,75,145,-1,75,108,145,-1,145,108,105,-1,145,105,146,-1,146,105,104,-1,146,104,147,-1,148,106,149,-1,149,106,74,-1,149,74,150,-1,150,74,76,-1,150,76,151,-1,151,76,78,-1,151,78,152,-1,152,78,80,-1,152,80,153,-1,153,80,88,-1,153,88,139,-1,139,88,86,-1,26,154,27,-1,27,154,147,-1,27,147,104,-1,138,136,139,-1,139,136,137,-1,139,137,153,-1,150,145,149,-1,149,145,146,-1,149,146,148,-1,148,146,147,-1,148,147,155,-1,155,147,154,-1,137,140,153,-1,153,140,141,-1,153,141,152,-1,152,141,142,-1,152,142,151,-1,151,142,143,-1,151,143,150,-1,150,143,144,-1,150,144,145,-1,155,135,148,-1,148,135,45,-1,148,45,106,-1,156,157,158,-1,158,157,159,-1,160,161,162,-1,162,161,163,-1,136,159,83,-1,83,159,157,-1,138,158,136,-1,136,158,159,-1,156,84,157,-1,157,84,83,-1,84,156,138,-1,138,156,158,-1,161,135,163,-1,163,135,155,-1,135,161,25,-1,25,161,160,-1,25,160,26,-1,154,162,155,-1,155,162,163,-1,162,154,160,-1,160,154,26,-1,
        ]
    }
}
Shape{
    appearance Appearance {
        material  Material 	{
            diffuseColor 0.2235294117647059 0.2235294117647059 0.2235294117647059
            specularColor 0.11372549019607843 0.11372549019607843 0.11372549019607843
            ambientIntensity 0.2235
            transparency 0.0
            shininess 0.5
        }
    }
    geometry IndexedFaceSet {
        ccw TRUE
        solid FALSE
        coord DEF co Coordinate {
            point [
                -7.3661 0.5795 0.2526, -7.3661 0.422 0.1912, -7.3622 0.5795 0.2526, -7.3622 0.422 0.1912, -7.3661 0.422 0.2142, -7.3622 0.422 0.2142, -7.3661 0.4662 0.2301, -7.3622 0.4662 0.2301, -7.3661 0.4662 0.2952, -7.3622 0.4662 0.2952, -7.3661 0.422 0.3102, -7.3622 0.422 0.3102, -7.3661 0.422 0.3333, -7.3622 0.422 0.3333, -7.3661 0.5795 0.2737, -7.3622 0.5795 0.2737, -7.3661 0.4835 0.2899, -7.3661 0.5492 0.2664, -7.3661 0.5547 0.2649, -7.3661 0.5603 0.2639, -7.3661 0.5603 0.2634, -7.3661 0.5547 0.2623, -7.3661 0.5492 0.2609, -7.3661 0.4835 0.2372, -7.3622 0.4835 0.2899, -7.3622 0.4835 0.2372, -7.3622 0.5492 0.2664, -7.3622 0.5547 0.2649, -7.3622 0.5603 0.2639, -7.3622 0.5603 0.2634, -7.3622 0.5547 0.2623, -7.3622 0.5492 0.2609, -7.3661 0.422 0.4287, -7.3661 0.422 0.4716, -7.3622 0.422 0.4287, -7.3622 0.422 0.4716, -7.3661 0.5795 0.4716, -7.3622 0.5795 0.4716, -7.3661 0.5795 0.4271, -7.3622 0.5795 0.4271, -7.3661 0.5027 0.3448, -7.3622 0.5027 0.3448, -7.3622 0.5175 0.346, -7.3661 0.5175 0.346, -7.3622 0.5331 0.3502, -7.3661 0.5331 0.3502, -7.3622 0.5466 0.3575, -7.3661 0.5466 0.3575, -7.3622 0.559 0.3686, -7.3661 0.559 0.3686, -7.3622 0.5591 0.3688, -7.3661 0.5591 0.3688, -7.3622 0.5706 0.3859, -7.3661 0.5706 0.3859, -7.3622 0.5771 0.4044, -7.3661 0.5771 0.4044, -7.3622 0.4237 0.4093, -7.3661 0.4237 0.4093, -7.3622 0.4291 0.3911, -7.3661 0.4291 0.3911, -7.3622 0.4387 0.3747, -7.3661 0.4387 0.3747, -7.3622 0.4511 0.3617, -7.3661 0.4511 0.3617, -7.3622 0.4652 0.3527, -7.3661 0.4652 0.3527, -7.3622 0.4817 0.347, -7.3661 0.4817 0.347, -7.3661 0.5401 0.3764, -7.3661 0.5482 0.3841, -7.3661 0.5557 0.3956, -7.3661 0.5602 0.4086, -7.3661 0.5622 0.4272, -7.3661 0.5622 0.4504, -7.3661 0.4393 0.4504, -7.3661 0.4393 0.4281, -7.3661 0.4408 0.4115, -7.3661 0.445 0.3982, -7.3661 0.4514 0.3875, -7.3661 0.4601 0.3786, -7.3661 0.4709 0.372, -7.3661 0.4857 0.3674, -7.3661 0.5023 0.3659, -7.3661 0.518 0.3673, -7.3661 0.5304 0.3709, -7.3622 0.5622 0.4272, -7.3622 0.5622 0.4504, -7.3622 0.5602 0.4086, -7.3622 0.5557 0.3956, -7.3622 0.5482 0.3841, -7.3622 0.5401 0.3764, -7.3622 0.5304 0.3709, -7.3622 0.518 0.3673, -7.3622 0.5023 0.3659, -7.3622 0.4857 0.3674, -7.3622 0.4709 0.372, -7.3622 0.4601 0.3786, -7.3622 0.4514 0.3875, -7.3622 0.445 0.3982, -7.3622 0.4408 0.4115, -7.3622 0.4393 0.4281, -7.3622 0.4393 0.4504, -7.3661 0.4393 0.5023, -7.3661 0.422 0.5023, -7.3622 0.4393 0.5023, -7.3622 0.422 0.5023, -7.3661 0.422 0.5868, -7.3622 0.422 0.5868, -7.3661 0.5795 0.5868, -7.3622 0.5795 0.5868, -7.3661 0.5795 0.5061, -7.3622 0.5795 0.5061, -7.3661 0.5622 0.5061, -7.3622 0.5622 0.5061, -7.3661 0.5622 0.5657, -7.3622 0.5622 0.5657, -7.3661 0.5104 0.5657, -7.3622 0.5104 0.5657, -7.3661 0.5104 0.51, -7.3622 0.5104 0.51, -7.3661 0.4931 0.51, -7.3622 0.4931 0.51, -7.3661 0.4931 0.5657, -7.3622 0.4931 0.5657, -7.3661 0.4393 0.5657, -7.3622 0.4393 0.5657, -7.3661 0.4475 0.6175, -7.3661 0.4302 0.6175, -7.3622 0.4475 0.6175, -7.3622 0.4302 0.6175, -7.3661 0.4201 0.6608, -7.3622 0.4201 0.6608, -7.3622 0.4202 0.6565, -7.3661 0.4202 0.6565, -7.3622 0.4233 0.6343, -7.3661 0.4233 0.6343, -7.3661 0.4978 0.7347, -7.3622 0.4978 0.7347, -7.3622 0.4795 0.7331, -7.3661 0.4795 0.7331, -7.3622 0.4629 0.7284, -7.3661 0.4629 0.7284, -7.3622 0.4479 0.72, -7.3661 0.4479 0.72, -7.3622 0.4354 0.7082, -7.3661 0.4354 0.7082, -7.3622 0.4274 0.6955, -7.3661 0.4274 0.6955, -7.3622 0.4221 0.6803, -7.3661 0.4221 0.6803, -7.3661 0.5814 0.6546, -7.3622 0.5814 0.6546, -7.3661 0.5801 0.6704, -7.3622 0.5804 0.6663, -7.3622 0.5801 0.6704, -7.3622 0.575 0.688, -7.3661 0.575 0.688, -7.3622 0.5664 0.7029, -7.3661 0.5664 0.7029, -7.3622 0.5527 0.7171, -7.3661 0.5527 0.7171, -7.3622 0.538 0.7264, -7.3661 0.538 0.7264, -7.3622 0.5202 0.7324, -7.3661 0.5202 0.7324, -7.3622 0.5804 0.6407, -7.3661 0.5801 0.6357, -7.3622 0.5801 0.6357, -7.3661 0.5752 0.6175, -7.3622 0.5752 0.6175, -7.3661 0.554 0.6175, -7.3622 0.554 0.6175, -7.3661 0.5641 0.6544, -7.3622 0.5641 0.6544, -7.3622 0.5616 0.6353, -7.3661 0.5616 0.6353, -7.3661 0.4991 0.7135, -7.3622 0.4991 0.7135, -7.3622 0.5113 0.7128, -7.3661 0.5113 0.7128, -7.3622 0.5282 0.7086, -7.3661 0.5282 0.7086, -7.3622 0.5403 0.7021, -7.3661 0.5403 0.7021, -7.3622 0.5508 0.6926, -7.3661 0.5508 0.6926, -7.3622 0.5581 0.6817, -7.3661 0.5581 0.6817, -7.3622 0.5624 0.6699, -7.3661 0.5624 0.6699, -7.3661 0.4374 0.6579, -7.3622 0.4374 0.6579, -7.3622 0.439 0.6726, -7.3661 0.439 0.6726, -7.3622 0.4432 0.6841, -7.3661 0.4432 0.6841, -7.3622 0.4498 0.6938, -7.3661 0.4498 0.6938, -7.3622 0.4576 0.7012, -7.3661 0.4576 0.7012, -7.3622 0.4685 0.7077, -7.3661 0.4685 0.7077, -7.3622 0.482 0.7119, -7.3661 0.482 0.7119, -7.3622 0.4459 0.6203, -7.3661 0.4459 0.6203, -7.3622 0.4397 0.637, -7.3661 0.4397 0.637, -7.3661 0.4393 0.7481, -7.3661 0.422 0.7481, -7.3622 0.4393 0.7481, -7.3622 0.422 0.7481, -7.3661 0.422 0.8288, -7.3622 0.422 0.8288, -7.3661 0.5795 0.8288, -7.3622 0.5795 0.8288, -7.3661 0.5795 0.8076, -7.3622 0.5795 0.8076, -7.3661 0.4393 0.8076, -7.3622 0.4393 0.8076
            ]
        }
        coordIndex [
            0,1,2,-1,2,1,3,-1,1,4,3,-1,3,4,5,-1,4,6,5,-1,5,6,7,-1,6,8,7,-1,7,8,9,-1,8,10,9,-1,9,10,11,-1,10,12,11,-1,11,12,13,-1,12,14,13,-1,13,14,15,-1,14,0,15,-1,15,0,2,-1,16,17,14,-1,12,10,8,-1,17,18,14,-1,14,18,19,-1,14,19,0,-1,0,19,20,-1,0,20,21,-1,21,22,0,-1,0,22,23,-1,0,23,1,-1,4,1,6,-1,6,1,23,-1,6,23,8,-1,8,23,16,-1,8,16,12,-1,12,16,14,-1,16,23,24,-1,24,23,25,-1,17,16,26,-1,26,16,24,-1,17,26,27,-1,17,27,18,-1,18,27,28,-1,18,28,19,-1,20,19,29,-1,29,19,28,-1,20,29,30,-1,20,30,21,-1,21,30,31,-1,21,31,22,-1,23,22,25,-1,25,22,31,-1,32,33,34,-1,34,33,35,-1,33,36,35,-1,35,36,37,-1,36,38,37,-1,37,38,39,-1,40,41,42,-1,40,42,43,-1,43,42,44,-1,43,44,45,-1,45,44,46,-1,45,46,47,-1,47,46,48,-1,47,48,49,-1,49,48,50,-1,49,50,51,-1,51,50,52,-1,51,52,53,-1,53,52,54,-1,53,54,55,-1,55,54,39,-1,55,39,38,-1,32,34,56,-1,32,56,57,-1,57,56,58,-1,57,58,59,-1,59,58,60,-1,59,60,61,-1,61,60,62,-1,61,62,63,-1,63,62,64,-1,63,64,65,-1,65,64,66,-1,65,66,67,-1,67,66,41,-1,67,41,40,-1,45,47,68,-1,68,47,49,-1,68,49,69,-1,69,49,51,-1,69,51,70,-1,70,51,53,-1,70,53,71,-1,71,53,55,-1,71,55,72,-1,72,55,38,-1,72,38,73,-1,73,38,36,-1,73,36,74,-1,74,36,33,-1,74,33,75,-1,75,33,32,-1,75,32,76,-1,76,32,57,-1,76,57,77,-1,77,57,59,-1,77,59,78,-1,78,59,61,-1,78,61,79,-1,79,61,63,-1,79,63,80,-1,80,63,65,-1,80,65,81,-1,81,65,67,-1,81,67,82,-1,82,67,40,-1,82,40,83,-1,83,40,43,-1,83,43,84,-1,84,43,45,-1,84,45,68,-1,72,73,85,-1,85,73,86,-1,72,85,87,-1,72,87,71,-1,71,87,88,-1,71,88,70,-1,70,88,89,-1,70,89,69,-1,69,89,90,-1,69,90,68,-1,68,90,91,-1,68,91,84,-1,84,91,92,-1,84,92,83,-1,83,92,93,-1,83,93,82,-1,82,93,94,-1,82,94,81,-1,81,94,95,-1,81,95,80,-1,80,95,96,-1,80,96,79,-1,79,96,97,-1,79,97,78,-1,78,97,98,-1,78,98,77,-1,77,98,99,-1,77,99,76,-1,76,99,100,-1,76,100,75,-1,74,75,101,-1,101,75,100,-1,73,74,86,-1,86,74,101,-1,102,103,104,-1,104,103,105,-1,103,106,105,-1,105,106,107,-1,106,108,107,-1,107,108,109,-1,108,110,109,-1,109,110,111,-1,110,112,111,-1,111,112,113,-1,112,114,113,-1,113,114,115,-1,114,116,115,-1,115,116,117,-1,116,118,117,-1,117,118,119,-1,118,120,119,-1,119,120,121,-1,120,122,121,-1,121,122,123,-1,122,124,123,-1,123,124,125,-1,124,102,125,-1,125,102,104,-1,106,103,102,-1,102,124,106,-1,106,124,122,-1,106,122,108,-1,112,110,114,-1,114,110,108,-1,114,108,116,-1,116,108,122,-1,116,122,118,-1,118,122,120,-1,126,127,128,-1,128,127,129,-1,130,131,132,-1,130,132,133,-1,133,132,134,-1,133,134,135,-1,135,134,129,-1,135,129,127,-1,136,137,138,-1,136,138,139,-1,139,138,140,-1,139,140,141,-1,141,140,142,-1,141,142,143,-1,143,142,144,-1,143,144,145,-1,145,144,146,-1,145,146,147,-1,147,146,148,-1,147,148,149,-1,149,148,131,-1,149,131,130,-1,150,151,152,-1,152,151,153,-1,153,154,152,-1,152,154,155,-1,152,155,156,-1,156,155,157,-1,156,157,158,-1,158,157,159,-1,158,159,160,-1,160,159,161,-1,160,161,162,-1,162,161,163,-1,162,163,164,-1,164,163,137,-1,164,137,136,-1,151,150,165,-1,165,150,166,-1,165,166,167,-1,167,166,168,-1,167,168,169,-1,168,170,169,-1,169,170,171,-1,172,173,174,-1,172,174,175,-1,175,174,171,-1,175,171,170,-1,176,177,178,-1,176,178,179,-1,179,178,180,-1,179,180,181,-1,181,180,182,-1,181,182,183,-1,183,182,184,-1,183,184,185,-1,185,184,186,-1,185,186,187,-1,187,186,188,-1,187,188,189,-1,189,188,173,-1,189,173,172,-1,190,191,192,-1,190,192,193,-1,193,192,194,-1,193,194,195,-1,195,194,196,-1,195,196,197,-1,197,196,198,-1,197,198,199,-1,199,198,200,-1,199,200,201,-1,201,200,202,-1,201,202,203,-1,203,202,177,-1,203,177,176,-1,126,128,204,-1,126,204,205,-1,205,204,206,-1,205,206,207,-1,207,206,191,-1,207,191,190,-1,193,130,190,-1,190,130,133,-1,190,133,207,-1,207,133,135,-1,207,135,205,-1,205,135,127,-1,205,127,126,-1,170,168,175,-1,175,168,166,-1,175,166,172,-1,172,166,150,-1,172,150,189,-1,189,150,152,-1,189,152,187,-1,187,152,156,-1,187,156,185,-1,185,156,158,-1,185,158,183,-1,183,158,160,-1,183,160,181,-1,181,160,162,-1,181,162,179,-1,179,162,164,-1,179,164,176,-1,176,164,136,-1,176,136,203,-1,203,136,139,-1,203,139,201,-1,201,139,141,-1,201,141,199,-1,199,141,143,-1,199,143,197,-1,197,143,145,-1,197,145,195,-1,195,145,147,-1,195,147,193,-1,193,147,149,-1,193,149,130,-1,208,209,210,-1,210,209,211,-1,209,212,211,-1,211,212,213,-1,212,214,213,-1,213,214,215,-1,214,216,215,-1,215,216,217,-1,216,218,217,-1,217,218,219,-1,218,208,219,-1,219,208,210,-1,216,214,218,-1,218,214,212,-1,218,212,208,-1,208,212,209,-1,
        ]
    }
}
Shape{
    appearance Appearance {
        material  Material 	{
            diffuseColor 0.9490196078431372 0.7607843137254902 0.1803921568627451
            specularColor 0.7607843137254902 0.6078431372549019 0.1450980392156863
            ambientIntensity 0.7509
            transparency 0.0
            shininess 0.5
        }
    }
    geometry IndexedFaceSet {
        ccw TRUE
        solid FALSE
        coord DEF co Coordinate {
            point [
                -7.3622 0.4835 0.2899, -7.3622 0.4835 0.2372, -7.3622 0.5492 0.2664, -7.3622 0.5492 0.2609, -7.3622 0.5547 0.2649, -7.3622 0.5547 0.2623, -7.3622 0.5603 0.2639, -7.3622 0.5603 0.2634, -7.3622 0.5622 0.4504, -7.3622 0.4393 0.4504, -7.3622 0.5622 0.4272, -7.3622 0.4393 0.4281, -7.3622 0.4408 0.4115, -7.3622 0.5023 0.3659, -7.3622 0.518 0.3673, -7.3622 0.5304 0.3709, -7.3622 0.5602 0.4086, -7.3622 0.445 0.3982, -7.3622 0.4514 0.3875, -7.3622 0.4601 0.3786, -7.3622 0.4709 0.372, -7.3622 0.4857 0.3674, -7.3622 0.5401 0.3764, -7.3622 0.5482 0.3841, -7.3622 0.5557 0.3956, -8.3622 0.5804 -1.0236, -8.3622 0.6398 -1.0236, -8.3622 0.6398 0.4869, -8.3622 0.5641 0.6544, -8.3622 0.5624 0.6699, -8.3622 0.4459 0.6203, -8.3622 0.5804 0.6407, -8.3622 0.5801 0.6357, -8.3622 0.5795 0.5868, -8.3622 0.5752 0.6175, -8.3622 0.554 0.6175, -8.3622 0.5616 0.6353, -8.3622 0.4475 0.6175, -8.3622 0.422 0.5868, -8.3622 0.422 0.7481, -8.3622 0.4221 0.6803, -8.3622 0.4393 0.7481, -8.3622 0.4274 0.6955, -8.3622 0.4354 0.7082, -8.3622 0.5622 0.5061, -8.3622 0.3642 0.4869, -8.3622 0.5804 0.4869, -8.3622 0.4479 0.72, -8.3622 0.4629 0.7284, -8.3622 0.4393 0.8076, -8.3622 0.538 0.7264, -8.3622 0.5527 0.7171, -8.3622 0.5795 0.8076, -8.3622 0.5664 0.7029, -8.3622 0.575 0.688, -8.3622 0.5795 0.5061, -8.3622 0.5801 0.6704, -8.3622 0.5804 0.6663, -8.3622 0.5795 0.8288, -8.3622 0.5581 0.6817, -8.3622 0.5508 0.6926, -8.3622 0.5403 0.7021, -8.3622 0.4991 0.7135, -8.3622 0.482 0.7119, -8.3622 0.4685 0.7077, -8.3622 0.439 0.6726, -8.3622 0.4374 0.6579, -8.3622 0.4432 0.6841, -8.3622 0.4498 0.6938, -8.3622 0.4576 0.7012, -8.3622 0.4397 0.637, -8.3622 0.4931 0.51, -8.3622 0.4931 0.5657, -8.3622 0.4393 0.5657, -8.3622 0.3528 1.122, -8.3622 0.5804 1.293, -8.3622 0.3193 1.2028, -8.3622 0.5369 1.3745, -8.3622 0.2662 1.2721, -8.3622 0.461 1.4669, -8.3622 0.1969 1.3252, -8.3622 0.5282 0.7086, -8.3622 0.5113 0.7128, -8.3622 -4.2618 1.6457, -8.3622 -4.2618 1.3701, -8.3622 0.0295 1.6457, -8.3622 0.0295 1.3701, -8.3622 0.1486 1.6339, -8.3622 0.1161 1.3587, -8.3622 0.2631 1.5992, -8.3622 0.3686 1.5428, -8.3622 0.4795 0.7331, -8.3622 0.4978 0.7347, -8.3622 0.5202 0.7324, -8.3622 0.4393 0.5023, -8.3622 0.5104 0.51, -8.3622 0.5104 0.5657, -8.3622 0.5622 0.5657, -8.3622 0.4302 0.6175, -8.3622 0.422 0.5023, -8.3622 0.4233 0.6343, -8.3622 0.4202 0.6565, -8.3622 0.4201 0.6608, -8.3622 0.5814 0.6546, -8.3622 0.6398 1.0354, -8.3622 0.628 1.1545, -8.3622 0.3642 1.0354, -8.3622 0.422 0.8288, -8.3622 0.5933 1.269, -8.3622 0.422 0.3102, -8.3622 0.422 0.3333, -8.3622 0.422 0.2142, -8.3622 0.4662 0.2301, -8.3622 0.4662 0.2952, -8.3622 0.5795 0.2526, -8.3622 0.5795 0.2737, -8.3622 0.5795 0.4271, -8.3622 0.5771 0.4044, -8.3622 0.5706 0.3859, -8.3622 0.5591 0.3688, -8.3622 0.4652 0.3527, -8.3622 0.4511 0.3617, -8.3622 0.559 0.3686, -8.3622 0.5466 0.3575, -8.3622 0.5331 0.3502, -8.3622 0.4387 0.3747, -8.3622 0.4291 0.3911, -8.3622 0.4237 0.4093, -8.3622 0.422 0.4287, -8.3622 0.422 0.4716, -8.3622 0.5795 0.4716, -8.3622 0.5175 0.346, -8.3622 0.5027 0.3448, -8.3622 0.4817 0.347, -8.3622 0.422 0.1912, -8.3622 0.3642 -1.0236, -8.6378 -4.2618 1.6457, -8.6378 0.0295 1.6457, -8.6378 -4.2618 1.3701, -8.6378 0.0295 1.3701, -8.6378 0.1486 1.6339, -8.6378 0.2631 1.5992, -8.6378 0.3686 1.5428, -8.6378 0.461 1.4669, -8.6378 0.5369 1.3745, -8.6378 0.5933 1.269, -8.6378 0.628 1.1545, -8.6378 0.6398 1.0354, -8.6378 0.3642 1.0354, -8.6378 0.3528 1.122, -8.6378 0.3193 1.2028, -8.6378 0.2662 1.2721, -8.6378 0.1969 1.3252, -8.6378 0.1161 1.3587, -8.6378 0.6398 -1.0236, -8.6378 0.3642 -1.0236, -8.4134 -4.4193 1.4213, -8.4134 -4.4193 1.5945, -8.5866 -4.4193 1.4213, -8.5866 -4.4193 1.5945, -8.4134 0.5886 -1.1811, -8.4134 0.4154 -1.1811, -8.5866 0.5886 -1.1811, -8.5866 0.4154 -1.1811
            ]
        }
        coordIndex [
            0,1,2,-1,2,1,3,-1,2,3,4,-1,4,3,5,-1,4,5,6,-1,6,5,7,-1,8,9,10,-1,10,9,11,-1,10,11,12,-1,13,14,10,-1,10,14,15,-1,10,15,16,-1,12,17,10,-1,10,17,18,-1,10,18,19,-1,19,20,10,-1,10,20,21,-1,10,21,13,-1,22,23,15,-1,15,23,24,-1,15,24,16,-1,25,26,27,-1,28,29,30,-1,31,32,33,-1,33,32,34,-1,33,34,35,-1,28,30,36,-1,36,30,37,-1,36,37,35,-1,35,37,38,-1,35,38,33,-1,39,40,41,-1,41,40,42,-1,41,42,43,-1,44,45,46,-1,43,47,41,-1,41,47,48,-1,41,48,49,-1,50,51,52,-1,52,51,53,-1,52,53,54,-1,31,33,46,-1,46,33,55,-1,46,55,44,-1,54,56,52,-1,52,56,57,-1,52,57,58,-1,29,59,30,-1,30,59,60,-1,30,60,61,-1,62,63,30,-1,30,63,64,-1,65,66,67,-1,67,66,68,-1,64,69,30,-1,30,69,68,-1,30,68,70,-1,70,68,66,-1,71,72,73,-1,74,75,76,-1,76,75,77,-1,76,77,78,-1,78,77,79,-1,78,79,80,-1,61,81,30,-1,30,81,82,-1,30,82,62,-1,83,84,85,-1,85,84,86,-1,85,86,87,-1,87,86,88,-1,87,88,89,-1,89,88,80,-1,89,80,90,-1,90,80,79,-1,48,91,49,-1,49,91,92,-1,49,92,52,-1,52,92,93,-1,52,93,50,-1,73,94,71,-1,71,94,45,-1,71,45,95,-1,95,45,44,-1,95,44,96,-1,96,44,97,-1,37,98,38,-1,38,98,45,-1,38,45,99,-1,99,45,94,-1,98,100,45,-1,45,100,101,-1,45,101,102,-1,103,27,57,-1,57,27,104,-1,57,104,105,-1,102,40,45,-1,45,40,39,-1,45,39,106,-1,106,39,107,-1,106,107,74,-1,74,107,58,-1,74,58,75,-1,75,58,57,-1,75,57,108,-1,108,57,105,-1,109,110,45,-1,111,112,113,-1,114,46,115,-1,115,46,116,-1,116,117,115,-1,115,117,118,-1,115,118,119,-1,110,120,121,-1,119,122,115,-1,115,122,123,-1,115,123,124,-1,121,125,110,-1,110,125,126,-1,110,126,45,-1,45,126,127,-1,127,128,45,-1,45,128,129,-1,45,129,46,-1,46,129,130,-1,46,130,116,-1,124,131,115,-1,115,131,132,-1,115,132,110,-1,110,132,133,-1,110,133,120,-1,113,109,111,-1,111,109,45,-1,111,45,134,-1,134,45,135,-1,134,135,114,-1,114,135,25,-1,114,25,46,-1,46,25,27,-1,46,27,31,-1,31,27,103,-1,83,85,136,-1,136,85,137,-1,138,139,84,-1,84,139,86,-1,137,85,87,-1,137,87,140,-1,140,87,89,-1,140,89,141,-1,141,89,90,-1,141,90,142,-1,142,90,79,-1,142,79,143,-1,143,79,77,-1,143,77,144,-1,144,77,75,-1,144,75,145,-1,75,108,145,-1,145,108,105,-1,145,105,146,-1,146,105,104,-1,146,104,147,-1,148,106,149,-1,149,106,74,-1,149,74,150,-1,150,74,76,-1,150,76,151,-1,151,76,78,-1,151,78,152,-1,152,78,80,-1,152,80,153,-1,153,80,88,-1,153,88,139,-1,139,88,86,-1,26,154,27,-1,27,154,147,-1,27,147,104,-1,138,136,139,-1,139,136,137,-1,139,137,153,-1,150,145,149,-1,149,145,146,-1,149,146,148,-1,148,146,147,-1,148,147,155,-1,155,147,154,-1,137,140,153,-1,153,140,141,-1,153,141,152,-1,152,141,142,-1,152,142,151,-1,151,142,143,-1,151,143,150,-1,150,143,144,-1,150,144,145,-1,155,135,148,-1,148,135,45,-1,148,45,106,-1,156,157,158,-1,158,157,159,-1,160,161,162,-1,162,161,163,-1,136,159,83,-1,83,159,157,-1,138,158,136,-1,136,158,159,-1,156,84,157,-1,157,84,83,-1,84,156,138,-1,138,156,158,-1,161,135,163,-1,163,135,155,-1,135,161,25,-1,25,161,160,-1,25,160,26,-1,154,162,155,-1,155,162,163,-1,162,154,160,-1,160,154,26,-1,
        ]
    }
}
Shape{
    appearance Appearance {
        material  Material 	{
            diffuseColor 0.2235294117647059 0.2235294117647059 0.2235294117647059
            specularColor 0.11372549019607843 0.11372549019607843 0.11372549019607843
            ambientIntensity 0.2235
            transparency 0.0
            shininess 0.5
        }
    }
    geometry IndexedFaceSet {
        ccw TRUE
        solid FALSE
        coord DEF co Coordinate {
            point [
                -8.3661 0.5795 0.2526, -8.3661 0.422 0.1912, -8.3622 0.5795 0.2526, -8.3622 0.422 0.1912, -8.3661 0.422 0.2142, -8.3622 0.422 0.2142, -8.3661 0.4662 0.2301, -8.3622 0.4662 0.2301, -8.3661 0.4662 0.2952, -8.3622 0.4662 0.2952, -8.3661 0.422 0.3102, -8.3622 0.422 0.3102, -8.3661 0.422 0.3333, -8.3622 0.422 0.3333, -8.3661 0.5795 0.2737, -8.3622 0.5795 0.2737, -8.3661 0.4835 0.2899, -8.3661 0.5492 0.2664, -8.3661 0.5547 0.2649, -8.3661 0.5603 0.2639, -8.3661 0.5603 0.2634, -8.3661 0.5547 0.2623, -8.3661 0.5492 0.2609, -8.3661 0.4835 0.2372, -8.3622 0.4835 0.2899, -8.3622 0.4835 0.2372, -8.3622 0.5492 0.2664, -8.3622 0.5547 0.2649, -8.3622 0.5603 0.2639, -8.3622 0.5603 0.2634, -8.3622 0.5547 0.2623, -8.3622 0.5492 0.2609, -8.3661 0.422 0.4287, -8.3661 0.422 0.4716, -8.3622 0.422 0.4287, -8.3622 0.422 0.4716, -8.3661 0.5795 0.4716, -8.3622 0.5795 0.4716, -8.3661 0.5795 0.4271, -8.3622 0.5795 0.4271, -8.3661 0.5027 0.3448, -8.3622 0.5027 0.3448, -8.3622 0.5175 0.346, -8.3661 0.5175 0.346, -8.3622 0.5331 0.3502, -8.3661 0.5331 0.3502, -8.3622 0.5466 0.3575, -8.3661 0.5466 0.3575, -8.3622 0.559 0.3686, -8.3661 0.559 0.3686, -8.3622 0.5591 0.3688, -8.3661 0.5591 0.3688, -8.3622 0.5706 0.3859, -8.3661 0.5706 0.3859, -8.3622 0.5771 0.4044, -8.3661 0.5771 0.4044, -8.3622 0.4237 0.4093, -8.3661 0.4237 0.4093, -8.3622 0.4291 0.3911, -8.3661 0.4291 0.3911, -8.3622 0.4387 0.3747, -8.3661 0.4387 0.3747, -8.3622 0.4511 0.3617, -8.3661 0.4511 0.3617, -8.3622 0.4652 0.3527, -8.3661 0.4652 0.3527, -8.3622 0.4817 0.347, -8.3661 0.4817 0.347, -8.3661 0.5401 0.3764, -8.3661 0.5482 0.3841, -8.3661 0.5557 0.3956, -8.3661 0.5602 0.4086, -8.3661 0.5622 0.4272, -8.3661 0.5622 0.4504, -8.3661 0.4393 0.4504, -8.3661 0.4393 0.4281, -8.3661 0.4408 0.4115, -8.3661 0.445 0.3982, -8.3661 0.4514 0.3875, -8.3661 0.4601 0.3786, -8.3661 0.4709 0.372, -8.3661 0.4857 0.3674, -8.3661 0.5023 0.3659, -8.3661 0.518 0.3673, -8.3661 0.5304 0.3709, -8.3622 0.5622 0.4272, -8.3622 0.5622 0.4504, -8.3622 0.5602 0.4086, -8.3622 0.5557 0.3956, -8.3622 0.5482 0.3841, -8.3622 0.5401 0.3764, -8.3622 0.5304 0.3709, -8.3622 0.518 0.3673, -8.3622 0.5023 0.3659, -8.3622 0.4857 0.3674, -8.3622 0.4709 0.372, -8.3622 0.4601 0.3786, -8.3622 0.4514 0.3875, -8.3622 0.445 0.3982, -8.3622 0.4408 0.4115, -8.3622 0.4393 0.4281, -8.3622 0.4393 0.4504, -8.3661 0.4393 0.5023, -8.3661 0.422 0.5023, -8.3622 0.4393 0.5023, -8.3622 0.422 0.5023, -8.3661 0.422 0.5868, -8.3622 0.422 0.5868, -8.3661 0.5795 0.5868, -8.3622 0.5795 0.5868, -8.3661 0.5795 0.5061, -8.3622 0.5795 0.5061, -8.3661 0.5622 0.5061, -8.3622 0.5622 0.5061, -8.3661 0.5622 0.5657, -8.3622 0.5622 0.5657, -8.3661 0.5104 0.5657, -8.3622 0.5104 0.5657, -8.3661 0.5104 0.51, -8.3622 0.5104 0.51, -8.3661 0.4931 0.51, -8.3622 0.4931 0.51, -8.3661 0.4931 0.5657, -8.3622 0.4931 0.5657, -8.3661 0.4393 0.5657, -8.3622 0.4393 0.5657, -8.3661 0.4475 0.6175, -8.3661 0.4302 0.6175, -8.3622 0.4475 0.6175, -8.3622 0.4302 0.6175, -8.3661 0.4201 0.6608, -8.3622 0.4201 0.6608, -8.3622 0.4202 0.6565, -8.3661 0.4202 0.6565, -8.3622 0.4233 0.6343, -8.3661 0.4233 0.6343, -8.3661 0.4978 0.7347, -8.3622 0.4978 0.7347, -8.3622 0.4795 0.7331, -8.3661 0.4795 0.7331, -8.3622 0.4629 0.7284, -8.3661 0.4629 0.7284, -8.3622 0.4479 0.72, -8.3661 0.4479 0.72, -8.3622 0.4354 0.7082, -8.3661 0.4354 0.7082, -8.3622 0.4274 0.6955, -8.3661 0.4274 0.6955, -8.3622 0.4221 0.6803, -8.3661 0.4221 0.6803, -8.3661 0.5814 0.6546, -8.3622 0.5814 0.6546, -8.3661 0.5801 0.6704, -8.3622 0.5804 0.6663, -8.3622 0.5801 0.6704, -8.3622 0.575 0.688, -8.3661 0.575 0.688, -8.3622 0.5664 0.7029, -8.3661 0.5664 0.7029, -8.3622 0.5527 0.7171, -8.3661 0.5527 0.7171, -8.3622 0.538 0.7264, -8.3661 0.538 0.7264, -8.3622 0.5202 0.7324, -8.3661 0.5202 0.7324, -8.3622 0.5804 0.6407, -8.3661 0.5801 0.6357, -8.3622 0.5801 0.6357, -8.3661 0.5752 0.6175, -8.3622 0.5752 0.6175, -8.3661 0.554 0.6175, -8.3622 0.554 0.6175, -8.3661 0.5641 0.6544, -8.3622 0.5641 0.6544, -8.3622 0.5616 0.6353, -8.3661 0.5616 0.6353, -8.3661 0.4991 0.7135, -8.3622 0.4991 0.7135, -8.3622 0.5113 0.7128, -8.3661 0.5113 0.7128, -8.3622 0.5282 0.7086, -8.3661 0.5282 0.7086, -8.3622 0.5403 0.7021, -8.3661 0.5403 0.7021, -8.3622 0.5508 0.6926, -8.3661 0.5508 0.6926, -8.3622 0.5581 0.6817, -8.3661 0.5581 0.6817, -8.3622 0.5624 0.6699, -8.3661 0.5624 0.6699, -8.3661 0.4374 0.6579, -8.3622 0.4374 0.6579, -8.3622 0.439 0.6726, -8.3661 0.439 0.6726, -8.3622 0.4432 0.6841, -8.3661 0.4432 0.6841, -8.3622 0.4498 0.6938, -8.3661 0.4498 0.6938, -8.3622 0.4576 0.7012, -8.3661 0.4576 0.7012, -8.3622 0.4685 0.7077, -8.3661 0.4685 0.7077, -8.3622 0.482 0.7119, -8.3661 0.482 0.7119, -8.3622 0.4459 0.6203, -8.3661 0.4459 0.6203, -8.3622 0.4397 0.637, -8.3661 0.4397 0.637, -8.3661 0.4393 0.7481, -8.3661 0.422 0.7481, -8.3622 0.4393 0.7481, -8.3622 0.422 0.7481, -8.3661 0.422 0.8288, -8.3622 0.422 0.8288, -8.3661 0.5795 0.8288, -8.3622 0.5795 0.8288, -8.3661 0.5795 0.8076, -8.3622 0.5795 0.8076, -8.3661 0.4393 0.8076, -8.3622 0.4393 0.8076
            ]
        }
        coordIndex [
            0,1,2,-1,2,1,3,-1,1,4,3,-1,3,4,5,-1,4,6,5,-1,5,6,7,-1,6,8,7,-1,7,8,9,-1,8,10,9,-1,9,10,11,-1,10,12,11,-1,11,12,13,-1,12,14,13,-1,13,14,15,-1,14,0,15,-1,15,0,2,-1,16,17,14,-1,12,10,8,-1,17,18,14,-1,14,18,19,-1,14,19,0,-1,0,19,20,-1,0,20,21,-1,21,22,0,-1,0,22,23,-1,0,23,1,-1,4,1,6,-1,6,1,23,-1,6,23,8,-1,8,23,16,-1,8,16,12,-1,12,16,14,-1,16,23,24,-1,24,23,25,-1,17,16,26,-1,26,16,24,-1,17,26,27,-1,17,27,18,-1,18,27,28,-1,18,28,19,-1,20,19,29,-1,29,19,28,-1,20,29,30,-1,20,30,21,-1,21,30,31,-1,21,31,22,-1,23,22,25,-1,25,22,31,-1,32,33,34,-1,34,33,35,-1,33,36,35,-1,35,36,37,-1,36,38,37,-1,37,38,39,-1,40,41,42,-1,40,42,43,-1,43,42,44,-1,43,44,45,-1,45,44,46,-1,45,46,47,-1,47,46,48,-1,47,48,49,-1,49,48,50,-1,49,50,51,-1,51,50,52,-1,51,52,53,-1,53,52,54,-1,53,54,55,-1,55,54,39,-1,55,39,38,-1,32,34,56,-1,32,56,57,-1,57,56,58,-1,57,58,59,-1,59,58,60,-1,59,60,61,-1,61,60,62,-1,61,62,63,-1,63,62,64,-1,63,64,65,-1,65,64,66,-1,65,66,67,-1,67,66,41,-1,67,41,40,-1,45,47,68,-1,68,47,49,-1,68,49,69,-1,69,49,51,-1,69,51,70,-1,70,51,53,-1,70,53,71,-1,71,53,55,-1,71,55,72,-1,72,55,38,-1,72,38,73,-1,73,38,36,-1,73,36,74,-1,74,36,33,-1,74,33,75,-1,75,33,32,-1,75,32,76,-1,76,32,57,-1,76,57,77,-1,77,57,59,-1,77,59,78,-1,78,59,61,-1,78,61,79,-1,79,61,63,-1,79,63,80,-1,80,63,65,-1,80,65,81,-1,81,65,67,-1,81,67,82,-1,82,67,40,-1,82,40,83,-1,83,40,43,-1,83,43,84,-1,84,43,45,-1,84,45,68,-1,72,73,85,-1,85,73,86,-1,72,85,87,-1,72,87,71,-1,71,87,88,-1,71,88,70,-1,70,88,89,-1,70,89,69,-1,69,89,90,-1,69,90,68,-1,68,90,91,-1,68,91,84,-1,84,91,92,-1,84,92,83,-1,83,92,93,-1,83,93,82,-1,82,93,94,-1,82,94,81,-1,81,94,95,-1,81,95,80,-1,80,95,96,-1,80,96,79,-1,79,96,97,-1,79,97,78,-1,78,97,98,-1,78,98,77,-1,77,98,99,-1,77,99,76,-1,76,99,100,-1,76,100,75,-1,74,75,101,-1,101,75,100,-1,73,74,86,-1,86,74,101,-1,102,103,104,-1,104,103,105,-1,103,106,105,-1,105,106,107,-1,106,108,107,-1,107,108,109,-1,108,110,109,-1,109,110,111,-1,110,112,111,-1,111,112,113,-1,112,114,113,-1,113,114,115,-1,114,116,115,-1,115,116,117,-1,116,118,117,-1,117,118,119,-1,118,120,119,-1,119,120,121,-1,120,122,121,-1,121,122,123,-1,122,124,123,-1,123,124,125,-1,124,102,125,-1,125,102,104,-1,106,103,102,-1,102,124,106,-1,106,124,122,-1,106,122,108,-1,112,110,114,-1,114,110,108,-1,114,108,116,-1,116,108,122,-1,116,122,118,-1,118,122,120,-1,126,127,128,-1,128,127,129,-1,130,131,132,-1,130,132,133,-1,133,132,134,-1,133,134,135,-1,135,134,129,-1,135,129,127,-1,136,137,138,-1,136,138,139,-1,139,138,140,-1,139,140,141,-1,141,140,142,-1,141,142,143,-1,143,142,144,-1,143,144,145,-1,145,144,146,-1,145,146,147,-1,147,146,148,-1,147,148,149,-1,149,148,131,-1,149,131,130,-1,150,151,152,-1,152,151,153,-1,153,154,152,-1,152,154,155,-1,152,155,156,-1,156,155,157,-1,156,157,158,-1,158,157,159,-1,158,159,160,-1,160,159,161,-1,160,161,162,-1,162,161,163,-1,162,163,164,-1,164,163,137,-1,164,137,136,-1,151,150,165,-1,165,150,166,-1,165,166,167,-1,167,166,168,-1,167,168,169,-1,168,170,169,-1,169,170,171,-1,172,173,174,-1,172,174,175,-1,175,174,171,-1,175,171,170,-1,176,177,178,-1,176,178,179,-1,179,178,180,-1,179,180,181,-1,181,180,182,-1,181,182,183,-1,183,182,184,-1,183,184,185,-1,185,184,186,-1,185,186,187,-1,187,186,188,-1,187,188,189,-1,189,188,173,-1,189,173,172,-1,190,191,192,-1,190,192,193,-1,193,192,194,-1,193,194,195,-1,195,194,196,-1,195,196,197,-1,197,196,198,-1,197,198,199,-1,199,198,200,-1,199,200,201,-1,201,200,202,-1,201,202,203,-1,203,202,177,-1,203,177,176,-1,126,128,204,-1,126,204,205,-1,205,204,206,-1,205,206,207,-1,207,206,191,-1,207,191,190,-1,193,130,190,-1,190,130,133,-1,190,133,207,-1,207,133,135,-1,207,135,205,-1,205,135,127,-1,205,127,126,-1,170,168,175,-1,175,168,166,-1,175,166,172,-1,172,166,150,-1,172,150,189,-1,189,150,152,-1,189,152,187,-1,187,152,156,-1,187,156,185,-1,185,156,158,-1,185,158,183,-1,183,158,160,-1,183,160,181,-1,181,160,162,-1,181,162,179,-1,179,162,164,-1,179,164,176,-1,176,164,136,-1,176,136,203,-1,203,136,139,-1,203,139,201,-1,201,139,141,-1,201,141,199,-1,199,141,143,-1,199,143,197,-1,197,143,145,-1,197,145,195,-1,195,145,147,-1,195,147,193,-1,193,147,149,-1,193,149,130,-1,208,209,210,-1,210,209,211,-1,209,212,211,-1,211,212,213,-1,212,214,213,-1,213,214,215,-1,214,216,215,-1,215,216,217,-1,216,218,217,-1,217,218,219,-1,218,208,219,-1,219,208,210,-1,216,214,218,-1,218,214,212,-1,218,212,208,-1,208,212,209,-1,
        ]
    }
}
Shape{
    appearance Appearance {
        material  Material 	{
            diffuseColor 0.9490196078431372 0.7607843137254902 0.1803921568627451
            specularColor 0.7607843137254902 0.6078431372549019 0.1450980392156863
            ambientIntensity 0.7509
            transparency 0.0
            shininess 0.5
        }
    }
    geometry IndexedFaceSet {
        ccw TRUE
        solid FALSE
        coord DEF co Coordinate {
            point [
                -8.3622 0.4835 0.2899, -8.3622 0.4835 0.2372, -8.3622 0.5492 0.2664, -8.3622 0.5492 0.2609, -8.3622 0.5547 0.2649, -8.3622 0.5547 0.2623, -8.3622 0.5603 0.2639, -8.3622 0.5603 0.2634, -8.3622 0.5622 0.4504, -8.3622 0.4393 0.4504, -8.3622 0.5622 0.4272, -8.3622 0.4393 0.4281, -8.3622 0.4408 0.4115, -8.3622 0.5023 0.3659, -8.3622 0.518 0.3673, -8.3622 0.5304 0.3709, -8.3622 0.5602 0.4086, -8.3622 0.445 0.3982, -8.3622 0.4514 0.3875, -8.3622 0.4601 0.3786, -8.3622 0.4709 0.372, -8.3622 0.4857 0.3674, -8.3622 0.5401 0.3764, -8.3622 0.5482 0.3841, -8.3622 0.5557 0.3956, -9.3622 0.5804 -1.0236, -9.3622 0.6398 -1.0236, -9.3622 0.6398 0.4869, -9.3622 0.5641 0.6544, -9.3622 0.5624 0.6699, -9.3622 0.4459 0.6203, -9.3622 0.5804 0.6407, -9.3622 0.5801 0.6357, -9.3622 0.5795 0.5868, -9.3622 0.5752 0.6175, -9.3622 0.554 0.6175, -9.3622 0.5616 0.6353, -9.3622 0.4475 0.6175, -9.3622 0.422 0.5868, -9.3622 0.422 0.7481, -9.3622 0.4221 0.6803, -9.3622 0.4393 0.7481, -9.3622 0.4274 0.6955, -9.3622 0.4354 0.7082, -9.3622 0.5622 0.5061, -9.3622 0.3642 0.4869, -9.3622 0.5804 0.4869, -9.3622 0.4479 0.72, -9.3622 0.4629 0.7284, -9.3622 0.4393 0.8076, -9.3622 0.538 0.7264, -9.3622 0.5527 0.7171, -9.3622 0.5795 0.8076, -9.3622 0.5664 0.7029, -9.3622 0.575 0.688, -9.3622 0.5795 0.5061, -9.3622 0.5801 0.6704, -9.3622 0.5804 0.6663, -9.3622 0.5795 0.8288, -9.3622 0.5581 0.6817, -9.3622 0.5508 0.6926, -9.3622 0.5403 0.7021, -9.3622 0.4991 0.7135, -9.3622 0.482 0.7119, -9.3622 0.4685 0.7077, -9.3622 0.439 0.6726, -9.3622 0.4374 0.6579, -9.3622 0.4432 0.6841, -9.3622 0.4498 0.6938, -9.3622 0.4576 0.7012, -9.3622 0.4397 0.637, -9.3622 0.4931 0.51, -9.3622 0.4931 0.5657, -9.3622 0.4393 0.5657, -9.3622 0.3528 1.122, -9.3622 0.5804 1.293, -9.3622 0.3193 1.2028, -9.3622 0.5369 1.3745, -9.3622 0.2662 1.2721, -9.3622 0.461 1.4669, -9.3622 0.1969 1.3252, -9.3622 0.5282 0.7086, -9.3622 0.5113 0.7128, -9.3622 -4.2618 1.6457, -9.3622 -4.2618 1.3701, -9.3622 0.0295 1.6457, -9.3622 0.0295 1.3701, -9.3622 0.1486 1.6339, -9.3622 0.1161 1.3587, -9.3622 0.2631 1.5992, -9.3622 0.3686 1.5428, -9.3622 0.4795 0.7331, -9.3622 0.4978 0.7347, -9.3622 0.5202 0.7324, -9.3622 0.4393 0.5023, -9.3622 0.5104 0.51, -9.3622 0.5104 0.5657, -9.3622 0.5622 0.5657, -9.3622 0.4302 0.6175, -9.3622 0.422 0.5023, -9.3622 0.4233 0.6343, -9.3622 0.4202 0.6565, -9.3622 0.4201 0.6608, -9.3622 0.5814 0.6546, -9.3622 0.6398 1.0354, -9.3622 0.628 1.1545, -9.3622 0.3642 1.0354, -9.3622 0.422 0.8288, -9.3622 0.5933 1.269, -9.3622 0.422 0.3102, -9.3622 0.422 0.3333, -9.3622 0.422 0.2142, -9.3622 0.4662 0.2301, -9.3622 0.4662 0.2952, -9.3622 0.5795 0.2526, -9.3622 0.5795 0.2737, -9.3622 0.5795 0.4271, -9.3622 0.5771 0.4044, -9.3622 0.5706 0.3859, -9.3622 0.5591 0.3688, -9.3622 0.4652 0.3527, -9.3622 0.4511 0.3617, -9.3622 0.559 0.3686, -9.3622 0.5466 0.3575, -9.3622 0.5331 0.3502, -9.3622 0.4387 0.3747, -9.3622 0.4291 0.3911, -9.3622 0.4237 0.4093, -9.3622 0.422 0.4287, -9.3622 0.422 0.4716, -9.3622 0.5795 0.4716, -9.3622 0.5175 0.346, -9.3622 0.5027 0.3448, -9.3622 0.4817 0.347, -9.3622 0.422 0.1912, -9.3622 0.3642 -1.0236, -9.6378 -4.2618 1.6457, -9.6378 0.0295 1.6457, -9.6378 -4.2618 1.3701, -9.6378 0.0295 1.3701, -9.6378 0.1486 1.6339, -9.6378 0.2631 1.5992, -9.6378 0.3686 1.5428, -9.6378 0.461 1.4669, -9.6378 0.5369 1.3745, -9.6378 0.5933 1.269, -9.6378 0.628 1.1545, -9.6378 0.6398 1.0354, -9.6378 0.3642 1.0354, -9.6378 0.3528 1.122, -9.6378 0.3193 1.2028, -9.6378 0.2662 1.2721, -9.6378 0.1969 1.3252, -9.6378 0.1161 1.3587, -9.6378 0.6398 -1.0236, -9.6378 0.3642 -1.0236, -9.4134 -4.4193 1.4213, -9.4134 -4.4193 1.5945, -9.5866 -4.4193 1.4213, -9.5866 -4.4193 1.5945, -9.4134 0.5886 -1.1811, -9.4134 0.4154 -1.1811, -9.5866 0.5886 -1.1811, -9.5866 0.4154 -1.1811
            ]
        }
        coordIndex [
            0,1,2,-1,2,1,3,-1,2,3,4,-1,4,3,5,-1,4,5,6,-1,6,5,7,-1,8,9,10,-1,10,9,11,-1,10,11,12,-1,13,14,10,-1,10,14,15,-1,10,15,16,-1,12,17,10,-1,10,17,18,-1,10,18,19,-1,19,20,10,-1,10,20,21,-1,10,21,13,-1,22,23,15,-1,15,23,24,-1,15,24,16,-1,25,26,27,-1,28,29,30,-1,31,32,33,-1,33,32,34,-1,33,34,35,-1,28,30,36,-1,36,30,37,-1,36,37,35,-1,35,37,38,-1,35,38,33,-1,39,40,41,-1,41,40,42,-1,41,42,43,-1,44,45,46,-1,43,47,41,-1,41,47,48,-1,41,48,49,-1,50,51,52,-1,52,51,53,-1,52,53,54,-1,31,33,46,-1,46,33,55,-1,46,55,44,-1,54,56,52,-1,52,56,57,-1,52,57,58,-1,29,59,30,-1,30,59,60,-1,30,60,61,-1,62,63,30,-1,30,63,64,-1,65,66,67,-1,67,66,68,-1,64,69,30,-1,30,69,68,-1,30,68,70,-1,70,68,66,-1,71,72,73,-1,74,75,76,-1,76,75,77,-1,76,77,78,-1,78,77,79,-1,78,79,80,-1,61,81,30,-1,30,81,82,-1,30,82,62,-1,83,84,85,-1,85,84,86,-1,85,86,87,-1,87,86,88,-1,87,88,89,-1,89,88,80,-1,89,80,90,-1,90,80,79,-1,48,91,49,-1,49,91,92,-1,49,92,52,-1,52,92,93,-1,52,93,50,-1,73,94,71,-1,71,94,45,-1,71,45,95,-1,95,45,44,-1,95,44,96,-1,96,44,97,-1,37,98,38,-1,38,98,45,-1,38,45,99,-1,99,45,94,-1,98,100,45,-1,45,100,101,-1,45,101,102,-1,103,27,57,-1,57,27,104,-1,57,104,105,-1,102,40,45,-1,45,40,39,-1,45,39,106,-1,106,39,107,-1,106,107,74,-1,74,107,58,-1,74,58,75,-1,75,58,57,-1,75,57,108,-1,108,57,105,-1,109,110,45,-1,111,112,113,-1,114,46,115,-1,115,46,116,-1,116,117,115,-1,115,117,118,-1,115,118,119,-1,110,120,121,-1,119,122,115,-1,115,122,123,-1,115,123,124,-1,121,125,110,-1,110,125,126,-1,110,126,45,-1,45,126,127,-1,127,128,45,-1,45,128,129,-1,45,129,46,-1,46,129,130,-1,46,130,116,-1,124,131,115,-1,115,131,132,-1,115,132,110,-1,110,132,133,-1,110,133,120,-1,113,109,111,-1,111,109,45,-1,111,45,134,-1,134,45,135,-1,134,135,114,-1,114,135,25,-1,114,25,46,-1,46,25,27,-1,46,27,31,-1,31,27,103,-1,83,85,136,-1,136,85,137,-1,138,139,84,-1,84,139,86,-1,137,85,87,-1,137,87,140,-1,140,87,89,-1,140,89,141,-1,141,89,90,-1,141,90,142,-1,142,90,79,-1,142,79,143,-1,143,79,77,-1,143,77,144,-1,144,77,75,-1,144,75,145,-1,75,108,145,-1,145,108,105,-1,145,105,146,-1,146,105,104,-1,146,104,147,-1,148,106,149,-1,149,106,74,-1,149,74,150,-1,150,74,76,-1,150,76,151,-1,151,76,78,-1,151,78,152,-1,152,78,80,-1,152,80,153,-1,153,80,88,-1,153,88,139,-1,139,88,86,-1,26,154,27,-1,27,154,147,-1,27,147,104,-1,138,136,139,-1,139,136,137,-1,139,137,153,-1,150,145,149,-1,149,145,146,-1,149,146,148,-1,148,146,147,-1,148,147,155,-1,155,147,154,-1,137,140,153,-1,153,140,141,-1,153,141,152,-1,152,141,142,-1,152,142,151,-1,151,142,143,-1,151,143,150,-1,150,143,144,-1,150,144,145,-1,155,135,148,-1,148,135,45,-1,148,45,106,-1,156,157,158,-1,158,157,159,-1,160,161,162,-1,162,161,163,-1,136,159,83,-1,83,159,157,-1,138,158,136,-1,136,158,159,-1,156,84,157,-1,157,84,83,-1,84,156,138,-1,138,156,158,-1,161,135,163,-1,163,135,155,-1,135,161,25,-1,25,161,160,-1,25,160,26,-1,154,162,155,-1,155,162,163,-1,162,154,160,-1,160,154,26,-1,
        ]
    }
}
Shape{
    appearance Appearance {
        material  Material 	{
            diffuseColor 0.2235294117647059 0.2235294117647059 0.2235294117647059
            specularColor 0.11372549019607843 0.11372549019607843 0.11372549019607843
            ambientIntensity 0.2235
            transparency 0.0
            shininess 0.5
        }
    }
    geometry IndexedFaceSet {
        ccw TRUE
        solid FALSE
        coord DEF co Coordinate {
            point [
                -9.3661 0.5795 0.2526, -9.3661 0.422 0.1912, -9.3622 0.5795 0.2526, -9.3622 0.422 0.1912, -9.3661 0.422 0.2142, -9.3622 0.422 0.2142, -9.3661 0.4662 0.2301, -9.3622 0.4662 0.2301, -9.3661 0.4662 0.2952, -9.3622 0.4662 0.2952, -9.3661 0.422 0.3102, -9.3622 0.422 0.3102, -9.3661 0.422 0.3333, -9.3622 0.422 0.3333, -9.3661 0.5795 0.2737, -9.3622 0.5795 0.2737, -9.3661 0.4835 0.2899, -9.3661 0.5492 0.2664, -9.3661 0.5547 0.2649, -9.3661 0.5603 0.2639, -9.3661 0.5603 0.2634, -9.3661 0.5547 0.2623, -9.3661 0.5492 0.2609, -9.3661 0.4835 0.2372, -9.3622 0.4835 0.2899, -9.3622 0.4835 0.2372, -9.3622 0.5492 0.2664, -9.3622 0.5547 0.2649, -9.3622 0.5603 0.2639, -9.3622 0.5603 0.2634, -9.3622 0.5547 0.2623, -9.3622 0.5492 0.2609, -9.3661 0.422 0.4287, -9.3661 0.422 0.4716, -9.3622 0.422 0.4287, -9.3622 0.422 0.4716, -9.3661 0.5795 0.4716, -9.3622 0.5795 0.4716, -9.3661 0.5795 0.4271, -9.3622 0.5795 0.4271, -9.3661 0.5027 0.3448, -9.3622 0.5027 0.3448, -9.3622 0.5175 0.346, -9.3661 0.5175 0.346, -9.3622 0.5331 0.3502, -9.3661 0.5331 0.3502, -9.3622 0.5466 0.3575, -9.3661 0.5466 0.3575, -9.3622 0.559 0.3686, -9.3661 0.559 0.3686, -9.3622 0.5591 0.3688, -9.3661 0.5591 0.3688, -9.3622 0.5706 0.3859, -9.3661 0.5706 0.3859, -9.3622 0.5771 0.4044, -9.3661 0.5771 0.4044, -9.3622 0.4237 0.4093, -9.3661 0.4237 0.4093, -9.3622 0.4291 0.3911, -9.3661 0.4291 0.3911, -9.3622 0.4387 0.3747, -9.3661 0.4387 0.3747, -9.3622 0.4511 0.3617, -9.3661 0.4511 0.3617, -9.3622 0.4652 0.3527, -9.3661 0.4652 0.3527, -9.3622 0.4817 0.347, -9.3661 0.4817 0.347, -9.3661 0.5401 0.3764, -9.3661 0.5482 0.3841, -9.3661 0.5557 0.3956, -9.3661 0.5602 0.4086, -9.3661 0.5622 0.4272, -9.3661 0.5622 0.4504, -9.3661 0.4393 0.4504, -9.3661 0.4393 0.4281, -9.3661 0.4408 0.4115, -9.3661 0.445 0.3982, -9.3661 0.4514 0.3875, -9.3661 0.4601 0.3786, -9.3661 0.4709 0.372, -9.3661 0.4857 0.3674, -9.3661 0.5023 0.3659, -9.3661 0.518 0.3673, -9.3661 0.5304 0.3709, -9.3622 0.5622 0.4272, -9.3622 0.5622 0.4504, -9.3622 0.5602 0.4086, -9.3622 0.5557 0.3956, -9.3622 0.5482 0.3841, -9.3622 0.5401 0.3764, -9.3622 0.5304 0.3709, -9.3622 0.518 0.3673, -9.3622 0.5023 0.3659, -9.3622 0.4857 0.3674, -9.3622 0.4709 0.372, -9.3622 0.4601 0.3786, -9.3622 0.4514 0.3875, -9.3622 0.445 0.3982, -9.3622 0.4408 0.4115, -9.3622 0.4393 0.4281, -9.3622 0.4393 0.4504, -9.3661 0.4393 0.5023, -9.3661 0.422 0.5023, -9.3622 0.4393 0.5023, -9.3622 0.422 0.5023, -9.3661 0.422 0.5868, -9.3622 0.422 0.5868, -9.3661 0.5795 0.5868, -9.3622 0.5795 0.5868, -9.3661 0.5795 0.5061, -9.3622 0.5795 0.5061, -9.3661 0.5622 0.5061, -9.3622 0.5622 0.5061, -9.3661 0.5622 0.5657, -9.3622 0.5622 0.5657, -9.3661 0.5104 0.5657, -9.3622 0.5104 0.5657, -9.3661 0.5104 0.51, -9.3622 0.5104 0.51, -9.3661 0.4931 0.51, -9.3622 0.4931 0.51, -9.3661 0.4931 0.5657, -9.3622 0.4931 0.5657, -9.3661 0.4393 0.5657, -9.3622 0.4393 0.5657, -9.3661 0.4475 0.6175, -9.3661 0.4302 0.6175, -9.3622 0.4475 0.6175, -9.3622 0.4302 0.6175, -9.3661 0.4201 0.6608, -9.3622 0.4201 0.6608, -9.3622 0.4202 0.6565, -9.3661 0.4202 0.6565, -9.3622 0.4233 0.6343, -9.3661 0.4233 0.6343, -9.3661 0.4978 0.7347, -9.3622 0.4978 0.7347, -9.3622 0.4795 0.7331, -9.3661 0.4795 0.7331, -9.3622 0.4629 0.7284, -9.3661 0.4629 0.7284, -9.3622 0.4479 0.72, -9.3661 0.4479 0.72, -9.3622 0.4354 0.7082, -9.3661 0.4354 0.7082, -9.3622 0.4274 0.6955, -9.3661 0.4274 0.6955, -9.3622 0.4221 0.6803, -9.3661 0.4221 0.6803, -9.3661 0.5814 0.6546, -9.3622 0.5814 0.6546, -9.3661 0.5801 0.6704, -9.3622 0.5804 0.6663, -9.3622 0.5801 0.6704, -9.3622 0.575 0.688, -9.3661 0.575 0.688, -9.3622 0.5664 0.7029, -9.3661 0.5664 0.7029, -9.3622 0.5527 0.7171, -9.3661 0.5527 0.7171, -9.3622 0.538 0.7264, -9.3661 0.538 0.7264, -9.3622 0.5202 0.7324, -9.3661 0.5202 0.7324, -9.3622 0.5804 0.6407, -9.3661 0.5801 0.6357, -9.3622 0.5801 0.6357, -9.3661 0.5752 0.6175, -9.3622 0.5752 0.6175, -9.3661 0.554 0.6175, -9.3622 0.554 0.6175, -9.3661 0.5641 0.6544, -9.3622 0.5641 0.6544, -9.3622 0.5616 0.6353, -9.3661 0.5616 0.6353, -9.3661 0.4991 0.7135, -9.3622 0.4991 0.7135, -9.3622 0.5113 0.7128, -9.3661 0.5113 0.7128, -9.3622 0.5282 0.7086, -9.3661 0.5282 0.7086, -9.3622 0.5403 0.7021, -9.3661 0.5403 0.7021, -9.3622 0.5508 0.6926, -9.3661 0.5508 0.6926, -9.3622 0.5581 0.6817, -9.3661 0.5581 0.6817, -9.3622 0.5624 0.6699, -9.3661 0.5624 0.6699, -9.3661 0.4374 0.6579, -9.3622 0.4374 0.6579, -9.3622 0.439 0.6726, -9.3661 0.439 0.6726, -9.3622 0.4432 0.6841, -9.3661 0.4432 0.6841, -9.3622 0.4498 0.6938, -9.3661 0.4498 0.6938, -9.3622 0.4576 0.7012, -9.3661 0.4576 0.7012, -9.3622 0.4685 0.7077, -9.3661 0.4685 0.7077, -9.3622 0.482 0.7119, -9.3661 0.482 0.7119, -9.3622 0.4459 0.6203, -9.3661 0.4459 0.6203, -9.3622 0.4397 0.637, -9.3661 0.4397 0.637, -9.3661 0.4393 0.7481, -9.3661 0.422 0.7481, -9.3622 0.4393 0.7481, -9.3622 0.422 0.7481, -9.3661 0.422 0.8288, -9.3622 0.422 0.8288, -9.3661 0.5795 0.8288, -9.3622 0.5795 0.8288, -9.3661 0.5795 0.8076, -9.3622 0.5795 0.8076, -9.3661 0.4393 0.8076, -9.3622 0.4393 0.8076
            ]
        }
        coordIndex [
            0,1,2,-1,2,1,3,-1,1,4,3,-1,3,4,5,-1,4,6,5,-1,5,6,7,-1,6,8,7,-1,7,8,9,-1,8,10,9,-1,9,10,11,-1,10,12,11,-1,11,12,13,-1,12,14,13,-1,13,14,15,-1,14,0,15,-1,15,0,2,-1,16,17,14,-1,12,10,8,-1,17,18,14,-1,14,18,19,-1,14,19,0,-1,0,19,20,-1,0,20,21,-1,21,22,0,-1,0,22,23,-1,0,23,1,-1,4,1,6,-1,6,1,23,-1,6,23,8,-1,8,23,16,-1,8,16,12,-1,12,16,14,-1,16,23,24,-1,24,23,25,-1,17,16,26,-1,26,16,24,-1,17,26,27,-1,17,27,18,-1,18,27,28,-1,18,28,19,-1,20,19,29,-1,29,19,28,-1,20,29,30,-1,20,30,21,-1,21,30,31,-1,21,31,22,-1,23,22,25,-1,25,22,31,-1,32,33,34,-1,34,33,35,-1,33,36,35,-1,35,36,37,-1,36,38,37,-1,37,38,39,-1,40,41,42,-1,40,42,43,-1,43,42,44,-1,43,44,45,-1,45,44,46,-1,45,46,47,-1,47,46,48,-1,47,48,49,-1,49,48,50,-1,49,50,51,-1,51,50,52,-1,51,52,53,-1,53,52,54,-1,53,54,55,-1,55,54,39,-1,55,39,38,-1,32,34,56,-1,32,56,57,-1,57,56,58,-1,57,58,59,-1,59,58,60,-1,59,60,61,-1,61,60,62,-1,61,62,63,-1,63,62,64,-1,63,64,65,-1,65,64,66,-1,65,66,67,-1,67,66,41,-1,67,41,40,-1,45,47,68,-1,68,47,49,-1,68,49,69,-1,69,49,51,-1,69,51,70,-1,70,51,53,-1,70,53,71,-1,71,53,55,-1,71,55,72,-1,72,55,38,-1,72,38,73,-1,73,38,36,-1,73,36,74,-1,74,36,33,-1,74,33,75,-1,75,33,32,-1,75,32,76,-1,76,32,57,-1,76,57,77,-1,77,57,59,-1,77,59,78,-1,78,59,61,-1,78,61,79,-1,79,61,63,-1,79,63,80,-1,80,63,65,-1,80,65,81,-1,81,65,67,-1,81,67,82,-1,82,67,40,-1,82,40,83,-1,83,40,43,-1,83,43,84,-1,84,43,45,-1,84,45,68,-1,72,73,85,-1,85,73,86,-1,72,85,87,-1,72,87,71,-1,71,87,88,-1,71,88,70,-1,70,88,89,-1,70,89,69,-1,69,89,90,-1,69,90,68,-1,68,90,91,-1,68,91,84,-1,84,91,92,-1,84,92,83,-1,83,92,93,-1,83,93,82,-1,82,93,94,-1,82,94,81,-1,81,94,95,-1,81,95,80,-1,80,95,96,-1,80,96,79,-1,79,96,97,-1,79,97,78,-1,78,97,98,-1,78,98,77,-1,77,98,99,-1,77,99,76,-1,76,99,100,-1,76,100,75,-1,74,75,101,-1,101,75,100,-1,73,74,86,-1,86,74,101,-1,102,103,104,-1,104,103,105,-1,103,106,105,-1,105,106,107,-1,106,108,107,-1,107,108,109,-1,108,110,109,-1,109,110,111,-1,110,112,111,-1,111,112,113,-1,112,114,113,-1,113,114,115,-1,114,116,115,-1,115,116,117,-1,116,118,117,-1,117,118,119,-1,118,120,119,-1,119,120,121,-1,120,122,121,-1,121,122,123,-1,122,124,123,-1,123,124,125,-1,124,102,125,-1,125,102,104,-1,106,103,102,-1,102,124,106,-1,106,124,122,-1,106,122,108,-1,112,110,114,-1,114,110,108,-1,114,108,116,-1,116,108,122,-1,116,122,118,-1,118,122,120,-1,126,127,128,-1,128,127,129,-1,130,131,132,-1,130,132,133,-1,133,132,134,-1,133,134,135,-1,135,134,129,-1,135,129,127,-1,136,137,138,-1,136,138,139,-1,139,138,140,-1,139,140,141,-1,141,140,142,-1,141,142,143,-1,143,142,144,-1,143,144,145,-1,145,144,146,-1,145,146,147,-1,147,146,148,-1,147,148,149,-1,149,148,131,-1,149,131,130,-1,150,151,152,-1,152,151,153,-1,153,154,152,-1,152,154,155,-1,152,155,156,-1,156,155,157,-1,156,157,158,-1,158,157,159,-1,158,159,160,-1,160,159,161,-1,160,161,162,-1,162,161,163,-1,162,163,164,-1,164,163,137,-1,164,137,136,-1,151,150,165,-1,165,150,166,-1,165,166,167,-1,167,166,168,-1,167,168,169,-1,168,170,169,-1,169,170,171,-1,172,173,174,-1,172,174,175,-1,175,174,171,-1,175,171,170,-1,176,177,178,-1,176,178,179,-1,179,178,180,-1,179,180,181,-1,181,180,182,-1,181,182,183,-1,183,182,184,-1,183,184,185,-1,185,184,186,-1,185,186,187,-1,187,186,188,-1,187,188,189,-1,189,188,173,-1,189,173,172,-1,190,191,192,-1,190,192,193,-1,193,192,194,-1,193,194,195,-1,195,194,196,-1,195,196,197,-1,197,196,198,-1,197,198,199,-1,199,198,200,-1,199,200,201,-1,201,200,202,-1,201,202,203,-1,203,202,177,-1,203,177,176,-1,126,128,204,-1,126,204,205,-1,205,204,206,-1,205,206,207,-1,207,206,191,-1,207,191,190,-1,193,130,190,-1,190,130,133,-1,190,133,207,-1,207,133,135,-1,207,135,205,-1,205,135,127,-1,205,127,126,-1,170,168,175,-1,175,168,166,-1,175,166,172,-1,172,166,150,-1,172,150,189,-1,189,150,152,-1,189,152,187,-1,187,152,156,-1,187,156,185,-1,185,156,158,-1,185,158,183,-1,183,158,160,-1,183,160,181,-1,181,160,162,-1,181,162,179,-1,179,162,164,-1,179,164,176,-1,176,164,136,-1,176,136,203,-1,203,136,139,-1,203,139,201,-1,201,139,141,-1,201,141,199,-1,199,141,143,-1,199,143,197,-1,197,143,145,-1,197,145,195,-1,195,145,147,-1,195,147,193,-1,193,147,149,-1,193,149,130,-1,208,209,210,-1,210,209,211,-1,209,212,211,-1,211,212,213,-1,212,214,213,-1,213,214,215,-1,214,216,215,-1,215,216,217,-1,216,218,217,-1,217,218,219,-1,218,208,219,-1,219,208,210,-1,216,214,218,-1,218,214,212,-1,218,212,208,-1,208,212,209,-1,
        ]
    }
}
Shape{
    appearance Appearance {
        material  Material 	{
            diffuseColor 0.9490196078431372 0.7607843137254902 0.1803921568627451
            specularColor 0.7607843137254902 0.6078431372549019 0.1450980392156863
            ambientIntensity 0.7509
            transparency 0.0
            shininess 0.5
        }
    }
    geometry IndexedFaceSet {
        ccw TRUE
        solid FALSE
        coord DEF co Coordinate {
            point [
                -9.3622 0.4835 0.2899, -9.3622 0.4835 0.2372, -9.3622 0.5492 0.2664, -9.3622 0.5492 0.2609, -9.3622 0.5547 0.2649, -9.3622 0.5547 0.2623, -9.3622 0.5603 0.2639, -9.3622 0.5603 0.2634, -9.3622 0.5622 0.4504, -9.3622 0.4393 0.4504, -9.3622 0.5622 0.4272, -9.3622 0.4393 0.4281, -9.3622 0.4408 0.4115, -9.3622 0.5023 0.3659, -9.3622 0.518 0.3673, -9.3622 0.5304 0.3709, -9.3622 0.5602 0.4086, -9.3622 0.445 0.3982, -9.3622 0.4514 0.3875, -9.3622 0.4601 0.3786, -9.3622 0.4709 0.372, -9.3622 0.4857 0.3674, -9.3622 0.5401 0.3764, -9.3622 0.5482 0.3841, -9.3622 0.5557 0.3956, 7.6378 -4.2618 0.6457, 7.6378 -0.8917 0.6457, 7.3622 -4.2618 0.6457, 7.3622 -0.8917 0.6457, 7.3622 -4.2618 0.3701, 7.3622 -0.8917 0.3701, 7.6378 -4.2618 0.3701, 7.6378 -0.8917 0.3701, 7.6378 -0.788 0.6355, 7.3622 -0.788 0.6355, 7.6378 -0.6883 0.6052, 7.3622 -0.6883 0.6052, 7.6378 -0.5964 0.5561, 7.3622 -0.5964 0.5561, 7.6378 -0.5159 0.49, 7.3622 -0.5159 0.49, 7.6378 -0.4498 0.4095, 7.3622 -0.4498 0.4095, 7.6378 -0.4007 0.3176, 7.3622 -0.4007 0.3176, 7.6378 -0.3704 0.2179, 7.3622 -0.3704 0.2179, 7.6378 -0.3602 0.1142, 7.3622 -0.3602 0.1142, 7.3622 -0.6358 0.1142, 7.6378 -0.6358 0.1142, 7.3622 -0.6422 0.1711, 7.6378 -0.6422 0.1711, 7.3622 -0.6612 0.2252, 7.6378 -0.6612 0.2252, 7.3622 -0.6917 0.2737, 7.6378 -0.6917 0.2737, 7.3622 -0.7322 0.3143, 7.6378 -0.7322 0.3143, 7.3622 -0.7807 0.3447, 7.6378 -0.7807 0.3447, 7.3622 -0.8348 0.3637, 7.6378 -0.8348 0.3637, 7.6378 -0.6358 -1.0236, 7.6378 -0.3602 -1.0236, 7.3622 -0.3602 -1.0236, 7.3622 -0.6358 -1.0236, 7.5866 -4.4193 0.4213, 7.5866 -4.4193 0.5945, 7.4134 -4.4193 0.4213, 7.4134 -4.4193 0.5945, 7.5866 -0.4114 -1.1811, 7.5866 -0.5846 -1.1811, 7.4134 -0.4114 -1.1811, 7.4134 -0.5846 -1.1811, 6.6378 -4.2618 0.6457, 6.6378 -0.8917 0.6457, 6.3622 -4.2618 0.6457, 6.3622 -0.8917 0.6457, 6.3622 -4.2618 0.3701, 6.3622 -0.8917 0.3701, 6.6378 -4.2618 0.3701, 6.6378 -0.8917 0.3701, 6.6378 -0.788 0.6355, 6.3622 -0.788 0.6355, 6.6378 -0.6883 0.6052, 6.3622 -0.6883 0.6052, 6.6378 -0.5964 0.5561, 6.3622 -0.5964 0.5561, 6.6378 -0.5159 0.49, 6.3622 -0.5159 0.49, 6.6378 -0.4498 0.4095, 6.3622 -0.4498 0.4095, 6.6378 -0.4007 0.3176, 6.3622 -0.4007 0.3176, 6.6378 -0.3704 0.2179, 6.3622 -0.3704 0.2179, 6.6378 -0.3602 0.1142, 6.3622 -0.3602 0.1142, 6.3622 -0.6358 0.1142, 6.6378 -0.6358 0.1142, 6.3622 -0.6422 0.1711, 6.6378 -0.6422 0.1711, 6.3622 -0.6612 0.2252, 6.6378 -0.6612 0.2252, 6.3622 -0.6917 0.2737, 6.6378 -0.6917 0.2737, 6.3622 -0.7322 0.3143, 6.6378 -0.7322 0.3143, 6.3622 -0.7807 0.3447, 6.6378 -0.7807 0.3447, 6.3622 -0.8348 0.3637, 6.6378 -0.8348 0.3637, 6.6378 -0.6358 -1.0236, 6.6378 -0.3602 -1.0236, 6.3622 -0.3602 -1.0236, 6.3622 -0.6358 -1.0236, 6.5866 -4.4193 0.4213, 6.5866 -4.4193 0.5945, 6.4134 -4.4193 0.4213, 6.4134 -4.4193 0.5945, 6.5866 -0.4114 -1.1811, 6.5866 -0.5846 -1.1811, 6.4134 -0.4114 -1.1811, 6.4134 -0.5846 -1.1811, 5.6378 -4.2618 0.6457, 5.6378 -0.8917 0.6457, 5.3622 -4.2618 0.6457, 5.3622 -0.8917 0.6457, 5.3622 -4.2618 0.3701, 5.3622 -0.8917 0.3701, 5.6378 -4.2618 0.3701, 5.6378 -0.8917 0.3701, 5.6378 -0.788 0.6355, 5.3622 -0.788 0.6355, 5.6378 -0.6883 0.6052, 5.3622 -0.6883 0.6052, 5.6378 -0.5964 0.5561, 5.3622 -0.5964 0.5561, 5.6378 -0.5159 0.49, 5.3622 -0.5159 0.49, 5.6378 -0.4498 0.4095, 5.3622 -0.4498 0.4095, 5.6378 -0.4007 0.3176, 5.3622 -0.4007 0.3176, 5.6378 -0.3704 0.2179, 5.3622 -0.3704 0.2179, 5.6378 -0.3602 0.1142, 5.3622 -0.3602 0.1142, 5.3622 -0.6358 0.1142, 5.6378 -0.6358 0.1142, 5.3622 -0.6422 0.1711, 5.6378 -0.6422 0.1711, 5.3622 -0.6612 0.2252, 5.6378 -0.6612 0.2252, 5.3622 -0.6917 0.2737, 5.6378 -0.6917 0.2737, 5.3622 -0.7322 0.3143, 5.6378 -0.7322 0.3143, 5.3622 -0.7807 0.3447, 5.6378 -0.7807 0.3447, 5.3622 -0.8348 0.3637, 5.6378 -0.8348 0.3637, 5.6378 -0.6358 -1.0236, 5.6378 -0.3602 -1.0236, 5.3622 -0.3602 -1.0236, 5.3622 -0.6358 -1.0236, 5.5866 -4.4193 0.4213, 5.5866 -4.4193 0.5945, 5.4134 -4.4193 0.4213, 5.4134 -4.4193 0.5945, 5.5866 -0.4114 -1.1811, 5.5866 -0.5846 -1.1811, 5.4134 -0.4114 -1.1811, 5.4134 -0.5846 -1.1811, 4.6378 -4.2618 0.6457, 4.6378 -0.8917 0.6457, 4.3622 -4.2618 0.6457, 4.3622 -0.8917 0.6457, 4.3622 -4.2618 0.3701, 4.3622 -0.8917 0.3701, 4.6378 -4.2618 0.3701, 4.6378 -0.8917 0.3701, 4.6378 -0.788 0.6355, 4.3622 -0.788 0.6355, 4.6378 -0.6883 0.6052, 4.3622 -0.6883 0.6052, 4.6378 -0.5964 0.5561, 4.3622 -0.5964 0.5561, 4.6378 -0.5159 0.49, 4.3622 -0.5159 0.49, 4.6378 -0.4498 0.4095, 4.3622 -0.4498 0.4095, 4.6378 -0.4007 0.3176, 4.3622 -0.4007 0.3176, 4.6378 -0.3704 0.2179, 4.3622 -0.3704 0.2179, 4.6378 -0.3602 0.1142, 4.3622 -0.3602 0.1142, 4.3622 -0.6358 0.1142, 4.6378 -0.6358 0.1142, 4.3622 -0.6422 0.1711, 4.6378 -0.6422 0.1711, 4.3622 -0.6612 0.2252, 4.6378 -0.6612 0.2252, 4.3622 -0.6917 0.2737, 4.6378 -0.6917 0.2737, 4.3622 -0.7322 0.3143, 4.6378 -0.7322 0.3143, 4.3622 -0.7807 0.3447, 4.6378 -0.7807 0.3447, 4.3622 -0.8348 0.3637, 4.6378 -0.8348 0.3637, 4.6378 -0.6358 -1.0236, 4.6378 -0.3602 -1.0236, 4.3622 -0.3602 -1.0236, 4.3622 -0.6358 -1.0236, 4.5866 -4.4193 0.4213, 4.5866 -4.4193 0.5945, 4.4134 -4.4193 0.4213, 4.4134 -4.4193 0.5945, 4.5866 -0.4114 -1.1811, 4.5866 -0.5846 -1.1811, 4.4134 -0.4114 -1.1811, 4.4134 -0.5846 -1.1811, 3.6378 -4.2618 0.6457, 3.6378 -0.8917 0.6457, 3.3622 -4.2618 0.6457, 3.3622 -0.8917 0.6457, 3.3622 -4.2618 0.3701, 3.3622 -0.8917 0.3701, 3.6378 -4.2618 0.3701, 3.6378 -0.8917 0.3701, 3.6378 -0.788 0.6355, 3.3622 -0.788 0.6355, 3.6378 -0.6883 0.6052, 3.3622 -0.6883 0.6052, 3.6378 -0.5964 0.5561, 3.3622 -0.5964 0.5561, 3.6378 -0.5159 0.49, 3.3622 -0.5159 0.49, 3.6378 -0.4498 0.4095, 3.3622 -0.4498 0.4095, 3.6378 -0.4007 0.3176, 3.3622 -0.4007 0.3176, 3.6378 -0.3704 0.2179, 3.3622 -0.3704 0.2179, 3.6378 -0.3602 0.1142, 3.3622 -0.3602 0.1142, 3.3622 -0.6358 0.1142, 3.6378 -0.6358 0.1142, 3.3622 -0.6422 0.1711, 3.6378 -0.6422 0.1711, 3.3622 -0.6612 0.2252, 3.6378 -0.6612 0.2252, 3.3622 -0.6917 0.2737, 3.6378 -0.6917 0.2737, 3.3622 -0.7322 0.3143, 3.6378 -0.7322 0.3143, 3.3622 -0.7807 0.3447, 3.6378 -0.7807 0.3447, 3.3622 -0.8348 0.3637, 3.6378 -0.8348 0.3637, 3.6378 -0.6358 -1.0236, 3.6378 -0.3602 -1.0236, 3.3622 -0.3602 -1.0236, 3.3622 -0.6358 -1.0236, 3.5866 -4.4193 0.4213, 3.5866 -4.4193 0.5945, 3.4134 -4.4193 0.4213, 3.4134 -4.4193 0.5945, 3.5866 -0.4114 -1.1811, 3.5866 -0.5846 -1.1811, 3.4134 -0.4114 -1.1811, 3.4134 -0.5846 -1.1811, 2.6378 -4.2618 0.6457, 2.6378 -0.8917 0.6457, 2.3622 -4.2618 0.6457, 2.3622 -0.8917 0.6457, 2.3622 -4.2618 0.3701, 2.3622 -0.8917 0.3701, 2.6378 -4.2618 0.3701, 2.6378 -0.8917 0.3701, 2.6378 -0.788 0.6355, 2.3622 -0.788 0.6355, 2.6378 -0.6883 0.6052, 2.3622 -0.6883 0.6052, 2.6378 -0.5964 0.5561, 2.3622 -0.5964 0.5561, 2.6378 -0.5159 0.49, 2.3622 -0.5159 0.49, 2.6378 -0.4498 0.4095, 2.3622 -0.4498 0.4095, 2.6378 -0.4007 0.3176, 2.3622 -0.4007 0.3176, 2.6378 -0.3704 0.2179, 2.3622 -0.3704 0.2179, 2.6378 -0.3602 0.1142, 2.3622 -0.3602 0.1142, 2.3622 -0.6358 0.1142, 2.6378 -0.6358 0.1142, 2.3622 -0.6422 0.1711, 2.6378 -0.6422 0.1711, 2.3622 -0.6612 0.2252, 2.6378 -0.6612 0.2252, 2.3622 -0.6917 0.2737, 2.6378 -0.6917 0.2737, 2.3622 -0.7322 0.3143, 2.6378 -0.7322 0.3143, 2.3622 -0.7807 0.3447, 2.6378 -0.7807 0.3447, 2.3622 -0.8348 0.3637, 2.6378 -0.8348 0.3637, 2.6378 -0.6358 -1.0236, 2.6378 -0.3602 -1.0236, 2.3622 -0.3602 -1.0236, 2.3622 -0.6358 -1.0236, 2.5866 -4.4193 0.4213, 2.5866 -4.4193 0.5945, 2.4134 -4.4193 0.4213, 2.4134 -4.4193 0.5945, 2.5866 -0.4114 -1.1811, 2.5866 -0.5846 -1.1811, 2.4134 -0.4114 -1.1811, 2.4134 -0.5846 -1.1811, 1.6378 -4.2618 0.6457, 1.6378 -0.8917 0.6457, 1.3622 -4.2618 0.6457, 1.3622 -0.8917 0.6457, 1.3622 -4.2618 0.3701, 1.3622 -0.8917 0.3701, 1.6378 -4.2618 0.3701, 1.6378 -0.8917 0.3701, 1.6378 -0.788 0.6355, 1.3622 -0.788 0.6355, 1.6378 -0.6883 0.6052, 1.3622 -0.6883 0.6052, 1.6378 -0.5964 0.5561, 1.3622 -0.5964 0.5561, 1.6378 -0.5159 0.49, 1.3622 -0.5159 0.49, 1.6378 -0.4498 0.4095, 1.3622 -0.4498 0.4095, 1.6378 -0.4007 0.3176, 1.3622 -0.4007 0.3176, 1.6378 -0.3704 0.2179, 1.3622 -0.3704 0.2179, 1.6378 -0.3602 0.1142, 1.3622 -0.3602 0.1142, 1.3622 -0.6358 0.1142, 1.6378 -0.6358 0.1142, 1.3622 -0.6422 0.1711, 1.6378 -0.6422 0.1711, 1.3622 -0.6612 0.2252, 1.6378 -0.6612 0.2252, 1.3622 -0.6917 0.2737, 1.6378 -0.6917 0.2737, 1.3622 -0.7322 0.3143, 1.6378 -0.7322 0.3143, 1.3622 -0.7807 0.3447, 1.6378 -0.7807 0.3447, 1.3622 -0.8348 0.3637, 1.6378 -0.8348 0.3637, 1.6378 -0.6358 -1.0236, 1.6378 -0.3602 -1.0236, 1.3622 -0.3602 -1.0236, 1.3622 -0.6358 -1.0236, 1.5866 -4.4193 0.4213, 1.5866 -4.4193 0.5945, 1.4134 -4.4193 0.4213, 1.4134 -4.4193 0.5945, 1.5866 -0.4114 -1.1811, 1.5866 -0.5846 -1.1811, 1.4134 -0.4114 -1.1811, 1.4134 -0.5846 -1.1811, 0.6378 -4.2618 0.6457, 0.6378 -0.8917 0.6457, 0.3622 -4.2618 0.6457, 0.3622 -0.8917 0.6457, 0.3622 -4.2618 0.3701, 0.3622 -0.8917 0.3701, 0.6378 -4.2618 0.3701, 0.6378 -0.8917 0.3701, 0.6378 -0.788 0.6355, 0.3622 -0.788 0.6355, 0.6378 -0.6883 0.6052, 0.3622 -0.6883 0.6052, 0.6378 -0.5964 0.5561, 0.3622 -0.5964 0.5561, 0.6378 -0.5159 0.49, 0.3622 -0.5159 0.49, 0.6378 -0.4498 0.4095, 0.3622 -0.4498 0.4095, 0.6378 -0.4007 0.3176, 0.3622 -0.4007 0.3176, 0.6378 -0.3704 0.2179, 0.3622 -0.3704 0.2179, 0.6378 -0.3602 0.1142, 0.3622 -0.3602 0.1142, 0.3622 -0.6358 0.1142, 0.6378 -0.6358 0.1142, 0.3622 -0.6422 0.1711, 0.6378 -0.6422 0.1711, 0.3622 -0.6612 0.2252, 0.6378 -0.6612 0.2252, 0.3622 -0.6917 0.2737, 0.6378 -0.6917 0.2737, 0.3622 -0.7322 0.3143, 0.6378 -0.7322 0.3143, 0.3622 -0.7807 0.3447, 0.6378 -0.7807 0.3447, 0.3622 -0.8348 0.3637, 0.6378 -0.8348 0.3637, 0.6378 -0.6358 -1.0236, 0.6378 -0.3602 -1.0236, 0.3622 -0.3602 -1.0236, 0.3622 -0.6358 -1.0236, 0.5866 -4.4193 0.4213, 0.5866 -4.4193 0.5945, 0.4134 -4.4193 0.4213, 0.4134 -4.4193 0.5945, 0.5866 -0.4114 -1.1811, 0.5866 -0.5846 -1.1811, 0.4134 -0.4114 -1.1811, 0.4134 -0.5846 -1.1811, -0.3622 -4.2618 0.6457, -0.3622 -0.8917 0.6457, -0.6378 -4.2618 0.6457, -0.6378 -0.8917 0.6457, -0.6378 -4.2618 0.3701, -0.6378 -0.8917 0.3701, -0.3622 -4.2618 0.3701, -0.3622 -0.8917 0.3701, -0.3622 -0.788 0.6355, -0.6378 -0.788 0.6355, -0.3622 -0.6883 0.6052, -0.6378 -0.6883 0.6052, -0.3622 -0.5964 0.5561, -0.6378 -0.5964 0.5561, -0.3622 -0.5159 0.49, -0.6378 -0.5159 0.49, -0.3622 -0.4498 0.4095, -0.6378 -0.4498 0.4095, -0.3622 -0.4007 0.3176, -0.6378 -0.4007 0.3176, -0.3622 -0.3704 0.2179, -0.6378 -0.3704 0.2179, -0.3622 -0.3602 0.1142, -0.6378 -0.3602 0.1142, -0.6378 -0.6358 0.1142, -0.3622 -0.6358 0.1142, -0.6378 -0.6422 0.1711, -0.3622 -0.6422 0.1711, -0.6378 -0.6612 0.2252, -0.3622 -0.6612 0.2252, -0.6378 -0.6917 0.2737, -0.3622 -0.6917 0.2737, -0.6378 -0.7322 0.3143, -0.3622 -0.7322 0.3143, -0.6378 -0.7807 0.3447, -0.3622 -0.7807 0.3447, -0.6378 -0.8348 0.3637, -0.3622 -0.8348 0.3637, -0.3622 -0.6358 -1.0236, -0.3622 -0.3602 -1.0236, -0.6378 -0.3602 -1.0236, -0.6378 -0.6358 -1.0236, -0.4134 -4.4193 0.4213, -0.4134 -4.4193 0.5945, -0.5866 -4.4193 0.4213, -0.5866 -4.4193 0.5945, -0.4134 -0.4114 -1.1811, -0.4134 -0.5846 -1.1811, -0.5866 -0.4114 -1.1811, -0.5866 -0.5846 -1.1811, -1.3622 -4.2618 0.6457, -1.3622 -0.8917 0.6457, -1.6378 -4.2618 0.6457, -1.6378 -0.8917 0.6457, -1.6378 -4.2618 0.3701, -1.6378 -0.8917 0.3701, -1.3622 -4.2618 0.3701, -1.3622 -0.8917 0.3701, -1.3622 -0.788 0.6355, -1.6378 -0.788 0.6355, -1.3622 -0.6883 0.6052, -1.6378 -0.6883 0.6052, -1.3622 -0.5964 0.5561, -1.6378 -0.5964 0.5561, -1.3622 -0.5159 0.49, -1.6378 -0.5159 0.49, -1.3622 -0.4498 0.4095, -1.6378 -0.4498 0.4095, -1.3622 -0.4007 0.3176, -1.6378 -0.4007 0.3176, -1.3622 -0.3704 0.2179, -1.6378 -0.3704 0.2179, -1.3622 -0.3602 0.1142, -1.6378 -0.3602 0.1142, -1.6378 -0.6358 0.1142, -1.3622 -0.6358 0.1142, -1.6378 -0.6422 0.1711, -1.3622 -0.6422 0.1711, -1.6378 -0.6612 0.2252, -1.3622 -0.6612 0.2252, -1.6378 -0.6917 0.2737, -1.3622 -0.6917 0.2737, -1.6378 -0.7322 0.3143, -1.3622 -0.7322 0.3143, -1.6378 -0.7807 0.3447, -1.3622 -0.7807 0.3447, -1.6378 -0.8348 0.3637, -1.3622 -0.8348 0.3637, -1.3622 -0.6358 -1.0236, -1.3622 -0.3602 -1.0236, -1.6378 -0.3602 -1.0236, -1.6378 -0.6358 -1.0236, -1.4134 -4.4193 0.4213, -1.4134 -4.4193 0.5945, -1.5866 -4.4193 0.4213, -1.5866 -4.4193 0.5945, -1.4134 -0.4114 -1.1811, -1.4134 -0.5846 -1.1811, -1.5866 -0.4114 -1.1811, -1.5866 -0.5846 -1.1811, -2.3622 -4.2618 0.6457, -2.3622 -0.8917 0.6457, -2.6378 -4.2618 0.6457, -2.6378 -0.8917 0.6457, -2.6378 -4.2618 0.3701, -2.6378 -0.8917 0.3701, -2.3622 -4.2618 0.3701, -2.3622 -0.8917 0.3701, -2.3622 -0.788 0.6355, -2.6378 -0.788 0.6355, -2.3622 -0.6883 0.6052, -2.6378 -0.6883 0.6052, -2.3622 -0.5964 0.5561, -2.6378 -0.5964 0.5561, -2.3622 -0.5159 0.49, -2.6378 -0.5159 0.49, -2.3622 -0.4498 0.4095, -2.6378 -0.4498 0.4095, -2.3622 -0.4007 0.3176, -2.6378 -0.4007 0.3176, -2.3622 -0.3704 0.2179, -2.6378 -0.3704 0.2179, -2.3622 -0.3602 0.1142, -2.6378 -0.3602 0.1142, -2.6378 -0.6358 0.1142, -2.3622 -0.6358 0.1142, -2.6378 -0.6422 0.1711, -2.3622 -0.6422 0.1711, -2.6378 -0.6612 0.2252, -2.3622 -0.6612 0.2252, -2.6378 -0.6917 0.2737, -2.3622 -0.6917 0.2737, -2.6378 -0.7322 0.3143, -2.3622 -0.7322 0.3143, -2.6378 -0.7807 0.3447, -2.3622 -0.7807 0.3447, -2.6378 -0.8348 0.3637, -2.3622 -0.8348 0.3637, -2.3622 -0.6358 -1.0236, -2.3622 -0.3602 -1.0236, -2.6378 -0.3602 -1.0236, -2.6378 -0.6358 -1.0236, -2.4134 -4.4193 0.4213, -2.4134 -4.4193 0.5945, -2.5866 -4.4193 0.4213, -2.5866 -4.4193 0.5945, -2.4134 -0.4114 -1.1811, -2.4134 -0.5846 -1.1811, -2.5866 -0.4114 -1.1811, -2.5866 -0.5846 -1.1811, -3.3622 -4.2618 0.6457, -3.3622 -0.8917 0.6457, -3.6378 -4.2618 0.6457, -3.6378 -0.8917 0.6457, -3.6378 -4.2618 0.3701, -3.6378 -0.8917 0.3701, -3.3622 -4.2618 0.3701, -3.3622 -0.8917 0.3701, -3.3622 -0.788 0.6355, -3.6378 -0.788 0.6355, -3.3622 -0.6883 0.6052, -3.6378 -0.6883 0.6052, -3.3622 -0.5964 0.5561, -3.6378 -0.5964 0.5561, -3.3622 -0.5159 0.49, -3.6378 -0.5159 0.49, -3.3622 -0.4498 0.4095, -3.6378 -0.4498 0.4095, -3.3622 -0.4007 0.3176, -3.6378 -0.4007 0.3176, -3.3622 -0.3704 0.2179, -3.6378 -0.3704 0.2179, -3.3622 -0.3602 0.1142, -3.6378 -0.3602 0.1142, -3.6378 -0.6358 0.1142, -3.3622 -0.6358 0.1142, -3.6378 -0.6422 0.1711, -3.3622 -0.6422 0.1711, -3.6378 -0.6612 0.2252, -3.3622 -0.6612 0.2252, -3.6378 -0.6917 0.2737, -3.3622 -0.6917 0.2737, -3.6378 -0.7322 0.3143, -3.3622 -0.7322 0.3143, -3.6378 -0.7807 0.3447, -3.3622 -0.7807 0.3447, -3.6378 -0.8348 0.3637, -3.3622 -0.8348 0.3637, -3.3622 -0.6358 -1.0236, -3.3622 -0.3602 -1.0236, -3.6378 -0.3602 -1.0236, -3.6378 -0.6358 -1.0236, -3.4134 -4.4193 0.4213, -3.4134 -4.4193 0.5945, -3.5866 -4.4193 0.4213, -3.5866 -4.4193 0.5945, -3.4134 -0.4114 -1.1811, -3.4134 -0.5846 -1.1811, -3.5866 -0.4114 -1.1811, -3.5866 -0.5846 -1.1811, -4.3622 -4.2618 0.6457, -4.3622 -0.8917 0.6457, -4.6378 -4.2618 0.6457, -4.6378 -0.8917 0.6457, -4.6378 -4.2618 0.3701, -4.6378 -0.8917 0.3701, -4.3622 -4.2618 0.3701, -4.3622 -0.8917 0.3701, -4.3622 -0.788 0.6355, -4.6378 -0.788 0.6355, -4.3622 -0.6883 0.6052, -4.6378 -0.6883 0.6052, -4.3622 -0.5964 0.5561, -4.6378 -0.5964 0.5561, -4.3622 -0.5159 0.49, -4.6378 -0.5159 0.49, -4.3622 -0.4498 0.4095, -4.6378 -0.4498 0.4095, -4.3622 -0.4007 0.3176, -4.6378 -0.4007 0.3176, -4.3622 -0.3704 0.2179, -4.6378 -0.3704 0.2179, -4.3622 -0.3602 0.1142, -4.6378 -0.3602 0.1142, -4.6378 -0.6358 0.1142, -4.3622 -0.6358 0.1142, -4.6378 -0.6422 0.1711, -4.3622 -0.6422 0.1711, -4.6378 -0.6612 0.2252, -4.3622 -0.6612 0.2252, -4.6378 -0.6917 0.2737, -4.3622 -0.6917 0.2737, -4.6378 -0.7322 0.3143, -4.3622 -0.7322 0.3143, -4.6378 -0.7807 0.3447, -4.3622 -0.7807 0.3447, -4.6378 -0.8348 0.3637, -4.3622 -0.8348 0.3637, -4.3622 -0.6358 -1.0236, -4.3622 -0.3602 -1.0236, -4.6378 -0.3602 -1.0236, -4.6378 -0.6358 -1.0236, -4.4134 -4.4193 0.4213, -4.4134 -4.4193 0.5945, -4.5866 -4.4193 0.4213, -4.5866 -4.4193 0.5945, -4.4134 -0.4114 -1.1811, -4.4134 -0.5846 -1.1811, -4.5866 -0.4114 -1.1811, -4.5866 -0.5846 -1.1811, -5.3622 -4.2618 0.6457, -5.3622 -0.8917 0.6457, -5.6378 -4.2618 0.6457, -5.6378 -0.8917 0.6457, -5.6378 -4.2618 0.3701, -5.6378 -0.8917 0.3701, -5.3622 -4.2618 0.3701, -5.3622 -0.8917 0.3701, -5.3622 -0.788 0.6355, -5.6378 -0.788 0.6355, -5.3622 -0.6883 0.6052, -5.6378 -0.6883 0.6052, -5.3622 -0.5964 0.5561, -5.6378 -0.5964 0.5561, -5.3622 -0.5159 0.49, -5.6378 -0.5159 0.49, -5.3622 -0.4498 0.4095, -5.6378 -0.4498 0.4095, -5.3622 -0.4007 0.3176, -5.6378 -0.4007 0.3176, -5.3622 -0.3704 0.2179, -5.6378 -0.3704 0.2179, -5.3622 -0.3602 0.1142, -5.6378 -0.3602 0.1142, -5.6378 -0.6358 0.1142, -5.3622 -0.6358 0.1142, -5.6378 -0.6422 0.1711, -5.3622 -0.6422 0.1711, -5.6378 -0.6612 0.2252, -5.3622 -0.6612 0.2252, -5.6378 -0.6917 0.2737, -5.3622 -0.6917 0.2737, -5.6378 -0.7322 0.3143, -5.3622 -0.7322 0.3143, -5.6378 -0.7807 0.3447, -5.3622 -0.7807 0.3447, -5.6378 -0.8348 0.3637, -5.3622 -0.8348 0.3637, -5.3622 -0.6358 -1.0236, -5.3622 -0.3602 -1.0236, -5.6378 -0.3602 -1.0236, -5.6378 -0.6358 -1.0236, -5.4134 -4.4193 0.4213, -5.4134 -4.4193 0.5945, -5.5866 -4.4193 0.4213, -5.5866 -4.4193 0.5945, -5.4134 -0.4114 -1.1811, -5.4134 -0.5846 -1.1811, -5.5866 -0.4114 -1.1811, -5.5866 -0.5846 -1.1811, -6.3622 -4.2618 0.6457, -6.3622 -0.8917 0.6457, -6.6378 -4.2618 0.6457, -6.6378 -0.8917 0.6457, -6.6378 -4.2618 0.3701, -6.6378 -0.8917 0.3701, -6.3622 -4.2618 0.3701, -6.3622 -0.8917 0.3701, -6.3622 -0.788 0.6355, -6.6378 -0.788 0.6355, -6.3622 -0.6883 0.6052, -6.6378 -0.6883 0.6052, -6.3622 -0.5964 0.5561, -6.6378 -0.5964 0.5561, -6.3622 -0.5159 0.49, -6.6378 -0.5159 0.49, -6.3622 -0.4498 0.4095, -6.6378 -0.4498 0.4095, -6.3622 -0.4007 0.3176, -6.6378 -0.4007 0.3176, -6.3622 -0.3704 0.2179, -6.6378 -0.3704 0.2179, -6.3622 -0.3602 0.1142, -6.6378 -0.3602 0.1142, -6.6378 -0.6358 0.1142, -6.3622 -0.6358 0.1142, -6.6378 -0.6422 0.1711, -6.3622 -0.6422 0.1711, -6.6378 -0.6612 0.2252, -6.3622 -0.6612 0.2252, -6.6378 -0.6917 0.2737, -6.3622 -0.6917 0.2737, -6.6378 -0.7322 0.3143, -6.3622 -0.7322 0.3143, -6.6378 -0.7807 0.3447, -6.3622 -0.7807 0.3447, -6.6378 -0.8348 0.3637, -6.3622 -0.8348 0.3637, -6.3622 -0.6358 -1.0236, -6.3622 -0.3602 -1.0236, -6.6378 -0.3602 -1.0236, -6.6378 -0.6358 -1.0236, -6.4134 -4.4193 0.4213, -6.4134 -4.4193 0.5945, -6.5866 -4.4193 0.4213, -6.5866 -4.4193 0.5945, -6.4134 -0.4114 -1.1811, -6.4134 -0.5846 -1.1811, -6.5866 -0.4114 -1.1811, -6.5866 -0.5846 -1.1811, -7.3622 -4.2618 0.6457, -7.3622 -0.8917 0.6457, -7.6378 -4.2618 0.6457, -7.6378 -0.8917 0.6457, -7.6378 -4.2618 0.3701, -7.6378 -0.8917 0.3701, -7.3622 -4.2618 0.3701, -7.3622 -0.8917 0.3701, -7.3622 -0.788 0.6355, -7.6378 -0.788 0.6355, -7.3622 -0.6883 0.6052, -7.6378 -0.6883 0.6052, -7.3622 -0.5964 0.5561, -7.6378 -0.5964 0.5561, -7.3622 -0.5159 0.49, -7.6378 -0.5159 0.49, -7.3622 -0.4498 0.4095, -7.6378 -0.4498 0.4095, -7.3622 -0.4007 0.3176, -7.6378 -0.4007 0.3176, -7.3622 -0.3704 0.2179, -7.6378 -0.3704 0.2179, -7.3622 -0.3602 0.1142, -7.6378 -0.3602 0.1142, -7.6378 -0.6358 0.1142, -7.3622 -0.6358 0.1142, -7.6378 -0.6422 0.1711, -7.3622 -0.6422 0.1711, -7.6378 -0.6612 0.2252, -7.3622 -0.6612 0.2252, -7.6378 -0.6917 0.2737, -7.3622 -0.6917 0.2737, -7.6378 -0.7322 0.3143, -7.3622 -0.7322 0.3143, -7.6378 -0.7807 0.3447, -7.3622 -0.7807 0.3447, -7.6378 -0.8348 0.3637, -7.3622 -0.8348 0.3637, -7.3622 -0.6358 -1.0236, -7.3622 -0.3602 -1.0236, -7.6378 -0.3602 -1.0236, -7.6378 -0.6358 -1.0236, -7.4134 -4.4193 0.4213, -7.4134 -4.4193 0.5945, -7.5866 -4.4193 0.4213, -7.5866 -4.4193 0.5945, -7.4134 -0.4114 -1.1811, -7.4134 -0.5846 -1.1811, -7.5866 -0.4114 -1.1811, -7.5866 -0.5846 -1.1811, -8.3622 -4.2618 0.6457, -8.3622 -0.8917 0.6457, -8.6378 -4.2618 0.6457, -8.6378 -0.8917 0.6457, -8.6378 -4.2618 0.3701, -8.6378 -0.8917 0.3701, -8.3622 -4.2618 0.3701, -8.3622 -0.8917 0.3701, -8.3622 -0.788 0.6355, -8.6378 -0.788 0.6355, -8.3622 -0.6883 0.6052, -8.6378 -0.6883 0.6052, -8.3622 -0.5964 0.5561, -8.6378 -0.5964 0.5561, -8.3622 -0.5159 0.49, -8.6378 -0.5159 0.49, -8.3622 -0.4498 0.4095, -8.6378 -0.4498 0.4095, -8.3622 -0.4007 0.3176, -8.6378 -0.4007 0.3176, -8.3622 -0.3704 0.2179, -8.6378 -0.3704 0.2179, -8.3622 -0.3602 0.1142, -8.6378 -0.3602 0.1142, -8.6378 -0.6358 0.1142, -8.3622 -0.6358 0.1142, -8.6378 -0.6422 0.1711, -8.3622 -0.6422 0.1711, -8.6378 -0.6612 0.2252, -8.3622 -0.6612 0.2252, -8.6378 -0.6917 0.2737, -8.3622 -0.6917 0.2737, -8.6378 -0.7322 0.3143, -8.3622 -0.7322 0.3143, -8.6378 -0.7807 0.3447, -8.3622 -0.7807 0.3447, -8.6378 -0.8348 0.3637, -8.3622 -0.8348 0.3637, -8.3622 -0.6358 -1.0236, -8.3622 -0.3602 -1.0236, -8.6378 -0.3602 -1.0236, -8.6378 -0.6358 -1.0236, -8.4134 -4.4193 0.4213, -8.4134 -4.4193 0.5945, -8.5866 -4.4193 0.4213, -8.5866 -4.4193 0.5945, -8.4134 -0.4114 -1.1811, -8.4134 -0.5846 -1.1811, -8.5866 -0.4114 -1.1811, -8.5866 -0.5846 -1.1811, -9.3622 -4.2618 0.6457, -9.3622 -0.8917 0.6457, -9.6378 -4.2618 0.6457, -9.6378 -0.8917 0.6457, -9.6378 -4.2618 0.3701, -9.6378 -0.8917 0.3701, -9.3622 -4.2618 0.3701, -9.3622 -0.8917 0.3701, -9.3622 -0.788 0.6355, -9.6378 -0.788 0.6355, -9.3622 -0.6883 0.6052, -9.6378 -0.6883 0.6052, -9.3622 -0.5964 0.5561, -9.6378 -0.5964 0.5561, -9.3622 -0.5159 0.49, -9.6378 -0.5159 0.49, -9.3622 -0.4498 0.4095, -9.6378 -0.4498 0.4095, -9.3622 -0.4007 0.3176, -9.6378 -0.4007 0.3176, -9.3622 -0.3704 0.2179, -9.6378 -0.3704 0.2179, -9.3622 -0.3602 0.1142, -9.6378 -0.3602 0.1142, -9.6378 -0.6358 0.1142, -9.3622 -0.6358 0.1142, -9.6378 -0.6422 0.1711, -9.3622 -0.6422 0.1711, -9.6378 -0.6612 0.2252, -9.3622 -0.6612 0.2252, -9.6378 -0.6917 0.2737, -9.3622 -0.6917 0.2737, -9.6378 -0.7322 0.3143, -9.3622 -0.7322 0.3143, -9.6378 -0.7807 0.3447, -9.3622 -0.7807 0.3447, -9.6378 -0.8348 0.3637, -9.3622 -0.8348 0.3637, -9.3622 -0.6358 -1.0236, -9.3622 -0.3602 -1.0236, -9.6378 -0.3602 -1.0236, -9.6378 -0.6358 -1.0236, -9.4134 -4.4193 0.4213, -9.4134 -4.4193 0.5945, -9.5866 -4.4193 0.4213, -9.5866 -4.4193 0.5945, -9.4134 -0.4114 -1.1811, -9.4134 -0.5846 -1.1811, -9.5866 -0.4114 -1.1811, -9.5866 -0.5846 -1.1811
            ]
        }
        coordIndex [
            0,1,2,-1,2,1,3,-1,2,3,4,-1,4,3,5,-1,4,5,6,-1,6,5,7,-1,8,9,10,-1,10,9,11,-1,10,11,12,-1,13,14,10,-1,10,14,15,-1,10,15,16,-1,12,17,10,-1,10,17,18,-1,10,18,19,-1,19,20,10,-1,10,20,21,-1,10,21,13,-1,22,23,15,-1,15,23,24,-1,15,24,16,-1,25,26,27,-1,27,26,28,-1,29,30,31,-1,31,30,32,-1,28,26,33,-1,28,33,34,-1,34,33,35,-1,34,35,36,-1,36,35,37,-1,36,37,38,-1,38,37,39,-1,38,39,40,-1,40,39,41,-1,40,41,42,-1,42,41,43,-1,42,43,44,-1,44,43,45,-1,44,45,46,-1,46,45,47,-1,46,47,48,-1,49,50,51,-1,51,50,52,-1,51,52,53,-1,53,52,54,-1,53,54,55,-1,55,54,56,-1,55,56,57,-1,57,56,58,-1,57,58,59,-1,59,58,60,-1,59,60,61,-1,61,60,62,-1,61,62,30,-1,30,62,32,-1,25,31,26,-1,26,31,32,-1,26,32,33,-1,33,32,62,-1,33,62,35,-1,35,62,60,-1,35,60,37,-1,37,60,58,-1,37,58,39,-1,39,58,56,-1,63,64,50,-1,50,64,47,-1,50,47,52,-1,52,47,45,-1,52,45,54,-1,54,45,43,-1,54,43,56,-1,56,43,41,-1,56,41,39,-1,65,48,64,-1,64,48,47,-1,29,27,30,-1,30,27,28,-1,30,28,61,-1,61,28,34,-1,61,34,59,-1,59,34,36,-1,59,36,57,-1,65,66,48,-1,48,66,49,-1,48,49,46,-1,46,49,51,-1,46,51,44,-1,44,51,53,-1,44,53,42,-1,42,53,55,-1,42,55,40,-1,40,55,57,-1,40,57,38,-1,38,57,36,-1,63,50,66,-1,66,50,49,-1,67,68,69,-1,69,68,70,-1,71,72,73,-1,73,72,74,-1,27,70,25,-1,25,70,68,-1,29,69,27,-1,27,69,70,-1,67,31,68,-1,68,31,25,-1,31,67,29,-1,29,67,69,-1,72,63,74,-1,74,63,66,-1,71,64,72,-1,72,64,63,-1,65,73,66,-1,66,73,74,-1,73,65,71,-1,71,65,64,-1,75,76,77,-1,77,76,78,-1,79,80,81,-1,81,80,82,-1,78,76,83,-1,78,83,84,-1,84,83,85,-1,84,85,86,-1,86,85,87,-1,86,87,88,-1,88,87,89,-1,88,89,90,-1,90,89,91,-1,90,91,92,-1,92,91,93,-1,92,93,94,-1,94,93,95,-1,94,95,96,-1,96,95,97,-1,96,97,98,-1,99,100,101,-1,101,100,102,-1,101,102,103,-1,103,102,104,-1,103,104,105,-1,105,104,106,-1,105,106,107,-1,107,106,108,-1,107,108,109,-1,109,108,110,-1,109,110,111,-1,111,110,112,-1,111,112,80,-1,80,112,82,-1,75,81,76,-1,76,81,82,-1,76,82,83,-1,83,82,112,-1,83,112,85,-1,85,112,110,-1,85,110,87,-1,87,110,108,-1,87,108,89,-1,89,108,106,-1,113,114,100,-1,100,114,97,-1,100,97,102,-1,102,97,95,-1,102,95,104,-1,104,95,93,-1,104,93,106,-1,106,93,91,-1,106,91,89,-1,115,98,114,-1,114,98,97,-1,79,77,80,-1,80,77,78,-1,80,78,111,-1,111,78,84,-1,111,84,109,-1,109,84,86,-1,109,86,107,-1,115,116,98,-1,98,116,99,-1,98,99,96,-1,96,99,101,-1,96,101,94,-1,94,101,103,-1,94,103,92,-1,92,103,105,-1,92,105,90,-1,90,105,107,-1,90,107,88,-1,88,107,86,-1,113,100,116,-1,116,100,99,-1,117,118,119,-1,119,118,120,-1,121,122,123,-1,123,122,124,-1,77,120,75,-1,75,120,118,-1,79,119,77,-1,77,119,120,-1,117,81,118,-1,118,81,75,-1,81,117,79,-1,79,117,119,-1,122,113,124,-1,124,113,116,-1,121,114,122,-1,122,114,113,-1,115,123,116,-1,116,123,124,-1,123,115,121,-1,121,115,114,-1,125,126,127,-1,127,126,128,-1,129,130,131,-1,131,130,132,-1,128,126,133,-1,128,133,134,-1,134,133,135,-1,134,135,136,-1,136,135,137,-1,136,137,138,-1,138,137,139,-1,138,139,140,-1,140,139,141,-1,140,141,142,-1,142,141,143,-1,142,143,144,-1,144,143,145,-1,144,145,146,-1,146,145,147,-1,146,147,148,-1,149,150,151,-1,151,150,152,-1,151,152,153,-1,153,152,154,-1,153,154,155,-1,155,154,156,-1,155,156,157,-1,157,156,158,-1,157,158,159,-1,159,158,160,-1,159,160,161,-1,161,160,162,-1,161,162,130,-1,130,162,132,-1,125,131,126,-1,126,131,132,-1,126,132,133,-1,133,132,162,-1,133,162,135,-1,135,162,160,-1,135,160,137,-1,137,160,158,-1,137,158,139,-1,139,158,156,-1,163,164,150,-1,150,164,147,-1,150,147,152,-1,152,147,145,-1,152,145,154,-1,154,145,143,-1,154,143,156,-1,156,143,141,-1,156,141,139,-1,165,148,164,-1,164,148,147,-1,129,127,130,-1,130,127,128,-1,130,128,161,-1,161,128,134,-1,161,134,159,-1,159,134,136,-1,159,136,157,-1,165,166,148,-1,148,166,149,-1,148,149,146,-1,146,149,151,-1,146,151,144,-1,144,151,153,-1,144,153,142,-1,142,153,155,-1,142,155,140,-1,140,155,157,-1,140,157,138,-1,138,157,136,-1,163,150,166,-1,166,150,149,-1,167,168,169,-1,169,168,170,-1,171,172,173,-1,173,172,174,-1,127,170,125,-1,125,170,168,-1,129,169,127,-1,127,169,170,-1,167,131,168,-1,168,131,125,-1,131,167,129,-1,129,167,169,-1,172,163,174,-1,174,163,166,-1,171,164,172,-1,172,164,163,-1,165,173,166,-1,166,173,174,-1,173,165,171,-1,171,165,164,-1,175,176,177,-1,177,176,178,-1,179,180,181,-1,181,180,182,-1,178,176,183,-1,178,183,184,-1,184,183,185,-1,184,185,186,-1,186,185,187,-1,186,187,188,-1,188,187,189,-1,188,189,190,-1,190,189,191,-1,190,191,192,-1,192,191,193,-1,192,193,194,-1,194,193,195,-1,194,195,196,-1,196,195,197,-1,196,197,198,-1,199,200,201,-1,201,200,202,-1,201,202,203,-1,203,202,204,-1,203,204,205,-1,205,204,206,-1,205,206,207,-1,207,206,208,-1,207,208,209,-1,209,208,210,-1,209,210,211,-1,211,210,212,-1,211,212,180,-1,180,212,182,-1,175,181,176,-1,176,181,182,-1,176,182,183,-1,183,182,212,-1,183,212,185,-1,185,212,210,-1,185,210,187,-1,187,210,208,-1,187,208,189,-1,189,208,206,-1,213,214,200,-1,200,214,197,-1,200,197,202,-1,202,197,195,-1,202,195,204,-1,204,195,193,-1,204,193,206,-1,206,193,191,-1,206,191,189,-1,215,198,214,-1,214,198,197,-1,179,177,180,-1,180,177,178,-1,180,178,211,-1,211,178,184,-1,211,184,209,-1,209,184,186,-1,209,186,207,-1,215,216,198,-1,198,216,199,-1,198,199,196,-1,196,199,201,-1,196,201,194,-1,194,201,203,-1,194,203,192,-1,192,203,205,-1,192,205,190,-1,190,205,207,-1,190,207,188,-1,188,207,186,-1,213,200,216,-1,216,200,199,-1,217,218,219,-1,219,218,220,-1,221,222,223,-1,223,222,224,-1,177,220,175,-1,175,220,218,-1,179,219,177,-1,177,219,220,-1,217,181,218,-1,218,181,175,-1,181,217,179,-1,179,217,219,-1,222,213,224,-1,224,213,216,-1,221,214,222,-1,222,214,213,-1,215,223,216,-1,216,223,224,-1,223,215,221,-1,221,215,214,-1,225,226,227,-1,227,226,228,-1,229,230,231,-1,231,230,232,-1,228,226,233,-1,228,233,234,-1,234,233,235,-1,234,235,236,-1,236,235,237,-1,236,237,238,-1,238,237,239,-1,238,239,240,-1,240,239,241,-1,240,241,242,-1,242,241,243,-1,242,243,244,-1,244,243,245,-1,244,245,246,-1,246,245,247,-1,246,247,248,-1,249,250,251,-1,251,250,252,-1,251,252,253,-1,253,252,254,-1,253,254,255,-1,255,254,256,-1,255,256,257,-1,257,256,258,-1,257,258,259,-1,259,258,260,-1,259,260,261,-1,261,260,262,-1,261,262,230,-1,230,262,232,-1,225,231,226,-1,226,231,232,-1,226,232,233,-1,233,232,262,-1,233,262,235,-1,235,262,260,-1,235,260,237,-1,237,260,258,-1,237,258,239,-1,239,258,256,-1,263,264,250,-1,250,264,247,-1,250,247,252,-1,252,247,245,-1,252,245,254,-1,254,245,243,-1,254,243,256,-1,256,243,241,-1,256,241,239,-1,265,248,264,-1,264,248,247,-1,229,227,230,-1,230,227,228,-1,230,228,261,-1,261,228,234,-1,261,234,259,-1,259,234,236,-1,259,236,257,-1,265,266,248,-1,248,266,249,-1,248,249,246,-1,246,249,251,-1,246,251,244,-1,244,251,253,-1,244,253,242,-1,242,253,255,-1,242,255,240,-1,240,255,257,-1,240,257,238,-1,238,257,236,-1,263,250,266,-1,266,250,249,-1,267,268,269,-1,269,268,270,-1,271,272,273,-1,273,272,274,-1,227,270,225,-1,225,270,268,-1,229,269,227,-1,227,269,270,-1,267,231,268,-1,268,231,225,-1,231,267,229,-1,229,267,269,-1,272,263,274,-1,274,263,266,-1,271,264,272,-1,272,264,263,-1,265,273,266,-1,266,273,274,-1,273,265,271,-1,271,265,264,-1,275,276,277,-1,277,276,278,-1,279,280,281,-1,281,280,282,-1,278,276,283,-1,278,283,284,-1,284,283,285,-1,284,285,286,-1,286,285,287,-1,286,287,288,-1,288,287,289,-1,288,289,290,-1,290,289,291,-1,290,291,292,-1,292,291,293,-1,292,293,294,-1,294,293,295,-1,294,295,296,-1,296,295,297,-1,296,297,298,-1,299,300,301,-1,301,300,302,-1,301,302,303,-1,303,302,304,-1,303,304,305,-1,305,304,306,-1,305,306,307,-1,307,306,308,-1,307,308,309,-1,309,308,310,-1,309,310,311,-1,311,310,312,-1,311,312,280,-1,280,312,282,-1,275,281,276,-1,276,281,282,-1,276,282,283,-1,283,282,312,-1,283,312,285,-1,285,312,310,-1,285,310,287,-1,287,310,308,-1,287,308,289,-1,289,308,306,-1,313,314,300,-1,300,314,297,-1,300,297,302,-1,302,297,295,-1,302,295,304,-1,304,295,293,-1,304,293,306,-1,306,293,291,-1,306,291,289,-1,315,298,314,-1,314,298,297,-1,279,277,280,-1,280,277,278,-1,280,278,311,-1,311,278,284,-1,311,284,309,-1,309,284,286,-1,309,286,307,-1,315,316,298,-1,298,316,299,-1,298,299,296,-1,296,299,301,-1,296,301,294,-1,294,301,303,-1,294,303,292,-1,292,303,305,-1,292,305,290,-1,290,305,307,-1,290,307,288,-1,288,307,286,-1,313,300,316,-1,316,300,299,-1,317,318,319,-1,319,318,320,-1,321,322,323,-1,323,322,324,-1,277,320,275,-1,275,320,318,-1,279,319,277,-1,277,319,320,-1,317,281,318,-1,318,281,275,-1,281,317,279,-1,279,317,319,-1,322,313,324,-1,324,313,316,-1,321,314,322,-1,322,314,313,-1,315,323,316,-1,316,323,324,-1,323,315,321,-1,321,315,314,-1,325,326,327,-1,327,326,328,-1,329,330,331,-1,331,330,332,-1,328,326,333,-1,328,333,334,-1,334,333,335,-1,334,335,336,-1,336,335,337,-1,336,337,338,-1,338,337,339,-1,338,339,340,-1,340,339,341,-1,340,341,342,-1,342,341,343,-1,342,343,344,-1,344,343,345,-1,344,345,346,-1,346,345,347,-1,346,347,348,-1,349,350,351,-1,351,350,352,-1,351,352,353,-1,353,352,354,-1,353,354,355,-1,355,354,356,-1,355,356,357,-1,357,356,358,-1,357,358,359,-1,359,358,360,-1,359,360,361,-1,361,360,362,-1,361,362,330,-1,330,362,332,-1,325,331,326,-1,326,331,332,-1,326,332,333,-1,333,332,362,-1,333,362,335,-1,335,362,360,-1,335,360,337,-1,337,360,358,-1,337,358,339,-1,339,358,356,-1,363,364,350,-1,350,364,347,-1,350,347,352,-1,352,347,345,-1,352,345,354,-1,354,345,343,-1,354,343,356,-1,356,343,341,-1,356,341,339,-1,365,348,364,-1,364,348,347,-1,329,327,330,-1,330,327,328,-1,330,328,361,-1,361,328,334,-1,361,334,359,-1,359,334,336,-1,359,336,357,-1,365,366,348,-1,348,366,349,-1,348,349,346,-1,346,349,351,-1,346,351,344,-1,344,351,353,-1,344,353,342,-1,342,353,355,-1,342,355,340,-1,340,355,357,-1,340,357,338,-1,338,357,336,-1,363,350,366,-1,366,350,349,-1,367,368,369,-1,369,368,370,-1,371,372,373,-1,373,372,374,-1,327,370,325,-1,325,370,368,-1,329,369,327,-1,327,369,370,-1,367,331,368,-1,368,331,325,-1,331,367,329,-1,329,367,369,-1,372,363,374,-1,374,363,366,-1,371,364,372,-1,372,364,363,-1,365,373,366,-1,366,373,374,-1,373,365,371,-1,371,365,364,-1,375,376,377,-1,377,376,378,-1,379,380,381,-1,381,380,382,-1,378,376,383,-1,378,383,384,-1,384,383,385,-1,384,385,386,-1,386,385,387,-1,386,387,388,-1,388,387,389,-1,388,389,390,-1,390,389,391,-1,390,391,392,-1,392,391,393,-1,392,393,394,-1,394,393,395,-1,394,395,396,-1,396,395,397,-1,396,397,398,-1,399,400,401,-1,401,400,402,-1,401,402,403,-1,403,402,404,-1,403,404,405,-1,405,404,406,-1,405,406,407,-1,407,406,408,-1,407,408,409,-1,409,408,410,-1,409,410,411,-1,411,410,412,-1,411,412,380,-1,380,412,382,-1,375,381,376,-1,376,381,382,-1,376,382,383,-1,383,382,412,-1,383,412,385,-1,385,412,410,-1,385,410,387,-1,387,410,408,-1,387,408,389,-1,389,408,406,-1,413,414,400,-1,400,414,397,-1,400,397,402,-1,402,397,395,-1,402,395,404,-1,404,395,393,-1,404,393,406,-1,406,393,391,-1,406,391,389,-1,415,398,414,-1,414,398,397,-1,379,377,380,-1,380,377,378,-1,380,378,411,-1,411,378,384,-1,411,384,409,-1,409,384,386,-1,409,386,407,-1,415,416,398,-1,398,416,399,-1,398,399,396,-1,396,399,401,-1,396,401,394,-1,394,401,403,-1,394,403,392,-1,392,403,405,-1,392,405,390,-1,390,405,407,-1,390,407,388,-1,388,407,386,-1,413,400,416,-1,416,400,399,-1,417,418,419,-1,419,418,420,-1,421,422,423,-1,423,422,424,-1,377,420,375,-1,375,420,418,-1,379,419,377,-1,377,419,420,-1,417,381,418,-1,418,381,375,-1,381,417,379,-1,379,417,419,-1,422,413,424,-1,424,413,416,-1,421,414,422,-1,422,414,413,-1,415,423,416,-1,416,423,424,-1,423,415,421,-1,421,415,414,-1,425,426,427,-1,427,426,428,-1,429,430,431,-1,431,430,432,-1,428,426,433,-1,428,433,434,-1,434,433,435,-1,434,435,436,-1,436,435,437,-1,436,437,438,-1,438,437,439,-1,438,439,440,-1,440,439,441,-1,440,441,442,-1,442,441,443,-1,442,443,444,-1,444,443,445,-1,444,445,446,-1,446,445,447,-1,446,447,448,-1,449,450,451,-1,451,450,452,-1,451,452,453,-1,453,452,454,-1,453,454,455,-1,455,454,456,-1,455,456,457,-1,457,456,458,-1,457,458,459,-1,459,458,460,-1,459,460,461,-1,461,460,462,-1,461,462,430,-1,430,462,432,-1,425,431,426,-1,426,431,432,-1,426,432,433,-1,433,432,462,-1,433,462,435,-1,435,462,460,-1,435,460,437,-1,437,460,458,-1,437,458,439,-1,439,458,456,-1,463,464,450,-1,450,464,447,-1,450,447,452,-1,452,447,445,-1,452,445,454,-1,454,445,443,-1,454,443,456,-1,456,443,441,-1,456,441,439,-1,465,448,464,-1,464,448,447,-1,429,427,430,-1,430,427,428,-1,430,428,461,-1,461,428,434,-1,461,434,459,-1,459,434,436,-1,459,436,457,-1,465,466,448,-1,448,466,449,-1,448,449,446,-1,446,449,451,-1,446,451,444,-1,444,451,453,-1,444,453,442,-1,442,453,455,-1,442,455,440,-1,440,455,457,-1,440,457,438,-1,438,457,436,-1,463,450,466,-1,466,450,449,-1,467,468,469,-1,469,468,470,-1,471,472,473,-1,473,472,474,-1,427,470,425,-1,425,470,468,-1,429,469,427,-1,427,469,470,-1,467,431,468,-1,468,431,425,-1,431,467,429,-1,429,467,469,-1,472,463,474,-1,474,463,466,-1,471,464,472,-1,472,464,463,-1,465,473,466,-1,466,473,474,-1,473,465,471,-1,471,465,464,-1,475,476,477,-1,477,476,478,-1,479,480,481,-1,481,480,482,-1,478,476,483,-1,478,483,484,-1,484,483,485,-1,484,485,486,-1,486,485,487,-1,486,487,488,-1,488,487,489,-1,488,489,490,-1,490,489,491,-1,490,491,492,-1,492,491,493,-1,492,493,494,-1,494,493,495,-1,494,495,496,-1,496,495,497,-1,496,497,498,-1,499,500,501,-1,501,500,502,-1,501,502,503,-1,503,502,504,-1,503,504,505,-1,505,504,506,-1,505,506,507,-1,507,506,508,-1,507,508,509,-1,509,508,510,-1,509,510,511,-1,511,510,512,-1,511,512,480,-1,480,512,482,-1,475,481,476,-1,476,481,482,-1,476,482,483,-1,483,482,512,-1,483,512,485,-1,485,512,510,-1,485,510,487,-1,487,510,508,-1,487,508,489,-1,489,508,506,-1,513,514,500,-1,500,514,497,-1,500,497,502,-1,502,497,495,-1,502,495,504,-1,504,495,493,-1,504,493,506,-1,506,493,491,-1,506,491,489,-1,515,498,514,-1,514,498,497,-1,479,477,480,-1,480,477,478,-1,480,478,511,-1,511,478,484,-1,511,484,509,-1,509,484,486,-1,509,486,507,-1,515,516,498,-1,498,516,499,-1,498,499,496,-1,496,499,501,-1,496,501,494,-1,494,501,503,-1,494,503,492,-1,492,503,505,-1,492,505,490,-1,490,505,507,-1,490,507,488,-1,488,507,486,-1,513,500,516,-1,516,500,499,-1,517,518,519,-1,519,518,520,-1,521,522,523,-1,523,522,524,-1,477,520,475,-1,475,520,518,-1,479,519,477,-1,477,519,520,-1,517,481,518,-1,518,481,475,-1,481,517,479,-1,479,517,519,-1,522,513,524,-1,524,513,516,-1,521,514,522,-1,522,514,513,-1,515,523,516,-1,516,523,524,-1,523,515,521,-1,521,515,514,-1,525,526,527,-1,527,526,528,-1,529,530,531,-1,531,530,532,-1,528,526,533,-1,528,533,534,-1,534,533,535,-1,534,535,536,-1,536,535,537,-1,536,537,538,-1,538,537,539,-1,538,539,540,-1,540,539,541,-1,540,541,542,-1,542,541,543,-1,542,543,544,-1,544,543,545,-1,544,545,546,-1,546,545,547,-1,546,547,548,-1,549,550,551,-1,551,550,552,-1,551,552,553,-1,553,552,554,-1,553,554,555,-1,555,554,556,-1,555,556,557,-1,557,556,558,-1,557,558,559,-1,559,558,560,-1,559,560,561,-1,561,560,562,-1,561,562,530,-1,530,562,532,-1,525,531,526,-1,526,531,532,-1,526,532,533,-1,533,532,562,-1,533,562,535,-1,535,562,560,-1,535,560,537,-1,537,560,558,-1,537,558,539,-1,539,558,556,-1,563,564,550,-1,550,564,547,-1,550,547,552,-1,552,547,545,-1,552,545,554,-1,554,545,543,-1,554,543,556,-1,556,543,541,-1,556,541,539,-1,565,548,564,-1,564,548,547,-1,529,527,530,-1,530,527,528,-1,530,528,561,-1,561,528,534,-1,561,534,559,-1,559,534,536,-1,559,536,557,-1,565,566,548,-1,548,566,549,-1,548,549,546,-1,546,549,551,-1,546,551,544,-1,544,551,553,-1,544,553,542,-1,542,553,555,-1,542,555,540,-1,540,555,557,-1,540,557,538,-1,538,557,536,-1,563,550,566,-1,566,550,549,-1,567,568,569,-1,569,568,570,-1,571,572,573,-1,573,572,574,-1,527,570,525,-1,525,570,568,-1,529,569,527,-1,527,569,570,-1,567,531,568,-1,568,531,525,-1,531,567,529,-1,529,567,569,-1,572,563,574,-1,574,563,566,-1,571,564,572,-1,572,564,563,-1,565,573,566,-1,566,573,574,-1,573,565,571,-1,571,565,564,-1,575,576,577,-1,577,576,578,-1,579,580,581,-1,581,580,582,-1,578,576,583,-1,578,583,584,-1,584,583,585,-1,584,585,586,-1,586,585,587,-1,586,587,588,-1,588,587,589,-1,588,589,590,-1,590,589,591,-1,590,591,592,-1,592,591,593,-1,592,593,594,-1,594,593,595,-1,594,595,596,-1,596,595,597,-1,596,597,598,-1,599,600,601,-1,601,600,602,-1,601,602,603,-1,603,602,604,-1,603,604,605,-1,605,604,606,-1,605,606,607,-1,607,606,608,-1,607,608,609,-1,609,608,610,-1,609,610,611,-1,611,610,612,-1,611,612,580,-1,580,612,582,-1,575,581,576,-1,576,581,582,-1,576,582,583,-1,583,582,612,-1,583,612,585,-1,585,612,610,-1,585,610,587,-1,587,610,608,-1,587,608,589,-1,589,608,606,-1,613,614,600,-1,600,614,597,-1,600,597,602,-1,602,597,595,-1,602,595,604,-1,604,595,593,-1,604,593,606,-1,606,593,591,-1,606,591,589,-1,615,598,614,-1,614,598,597,-1,579,577,580,-1,580,577,578,-1,580,578,611,-1,611,578,584,-1,611,584,609,-1,609,584,586,-1,609,586,607,-1,615,616,598,-1,598,616,599,-1,598,599,596,-1,596,599,601,-1,596,601,594,-1,594,601,603,-1,594,603,592,-1,592,603,605,-1,592,605,590,-1,590,605,607,-1,590,607,588,-1,588,607,586,-1,613,600,616,-1,616,600,599,-1,617,618,619,-1,619,618,620,-1,621,622,623,-1,623,622,624,-1,577,620,575,-1,575,620,618,-1,579,619,577,-1,577,619,620,-1,617,581,618,-1,618,581,575,-1,581,617,579,-1,579,617,619,-1,622,613,624,-1,624,613,616,-1,621,614,622,-1,622,614,613,-1,615,623,616,-1,616,623,624,-1,623,615,621,-1,621,615,614,-1,625,626,627,-1,627,626,628,-1,629,630,631,-1,631,630,632,-1,628,626,633,-1,628,633,634,-1,634,633,635,-1,634,635,636,-1,636,635,637,-1,636,637,638,-1,638,637,639,-1,638,639,640,-1,640,639,641,-1,640,641,642,-1,642,641,643,-1,642,643,644,-1,644,643,645,-1,644,645,646,-1,646,645,647,-1,646,647,648,-1,649,650,651,-1,651,650,652,-1,651,652,653,-1,653,652,654,-1,653,654,655,-1,655,654,656,-1,655,656,657,-1,657,656,658,-1,657,658,659,-1,659,658,660,-1,659,660,661,-1,661,660,662,-1,661,662,630,-1,630,662,632,-1,625,631,626,-1,626,631,632,-1,626,632,633,-1,633,632,662,-1,633,662,635,-1,635,662,660,-1,635,660,637,-1,637,660,658,-1,637,658,639,-1,639,658,656,-1,663,664,650,-1,650,664,647,-1,650,647,652,-1,652,647,645,-1,652,645,654,-1,654,645,643,-1,654,643,656,-1,656,643,641,-1,656,641,639,-1,665,648,664,-1,664,648,647,-1,629,627,630,-1,630,627,628,-1,630,628,661,-1,661,628,634,-1,661,634,659,-1,659,634,636,-1,659,636,657,-1,665,666,648,-1,648,666,649,-1,648,649,646,-1,646,649,651,-1,646,651,644,-1,644,651,653,-1,644,653,642,-1,642,653,655,-1,642,655,640,-1,640,655,657,-1,640,657,638,-1,638,657,636,-1,663,650,666,-1,666,650,649,-1,667,668,669,-1,669,668,670,-1,671,672,673,-1,673,672,674,-1,627,670,625,-1,625,670,668,-1,629,669,627,-1,627,669,670,-1,667,631,668,-1,668,631,625,-1,631,667,629,-1,629,667,669,-1,672,663,674,-1,674,663,666,-1,671,664,672,-1,672,664,663,-1,665,673,666,-1,666,673,674,-1,673,665,671,-1,671,665,664,-1,675,676,677,-1,677,676,678,-1,679,680,681,-1,681,680,682,-1,678,676,683,-1,678,683,684,-1,684,683,685,-1,684,685,686,-1,686,685,687,-1,686,687,688,-1,688,687,689,-1,688,689,690,-1,690,689,691,-1,690,691,692,-1,692,691,693,-1,692,693,694,-1,694,693,695,-1,694,695,696,-1,696,695,697,-1,696,697,698,-1,699,700,701,-1,701,700,702,-1,701,702,703,-1,703,702,704,-1,703,704,705,-1,705,704,706,-1,705,706,707,-1,707,706,708,-1,707,708,709,-1,709,708,710,-1,709,710,711,-1,711,710,712,-1,711,712,680,-1,680,712,682,-1,675,681,676,-1,676,681,682,-1,676,682,683,-1,683,682,712,-1,683,712,685,-1,685,712,710,-1,685,710,687,-1,687,710,708,-1,687,708,689,-1,689,708,706,-1,713,714,700,-1,700,714,697,-1,700,697,702,-1,702,697,695,-1,702,695,704,-1,704,695,693,-1,704,693,706,-1,706,693,691,-1,706,691,689,-1,715,698,714,-1,714,698,697,-1,679,677,680,-1,680,677,678,-1,680,678,711,-1,711,678,684,-1,711,684,709,-1,709,684,686,-1,709,686,707,-1,715,716,698,-1,698,716,699,-1,698,699,696,-1,696,699,701,-1,696,701,694,-1,694,701,703,-1,694,703,692,-1,692,703,705,-1,692,705,690,-1,690,705,707,-1,690,707,688,-1,688,707,686,-1,713,700,716,-1,716,700,699,-1,717,718,719,-1,719,718,720,-1,721,722,723,-1,723,722,724,-1,677,720,675,-1,675,720,718,-1,679,719,677,-1,677,719,720,-1,717,681,718,-1,718,681,675,-1,681,717,679,-1,679,717,719,-1,722,713,724,-1,724,713,716,-1,721,714,722,-1,722,714,713,-1,715,723,716,-1,716,723,724,-1,723,715,721,-1,721,715,714,-1,725,726,727,-1,727,726,728,-1,729,730,731,-1,731,730,732,-1,728,726,733,-1,728,733,734,-1,734,733,735,-1,734,735,736,-1,736,735,737,-1,736,737,738,-1,738,737,739,-1,738,739,740,-1,740,739,741,-1,740,741,742,-1,742,741,743,-1,742,743,744,-1,744,743,745,-1,744,745,746,-1,746,745,747,-1,746,747,748,-1,749,750,751,-1,751,750,752,-1,751,752,753,-1,753,752,754,-1,753,754,755,-1,755,754,756,-1,755,756,757,-1,757,756,758,-1,757,758,759,-1,759,758,760,-1,759,760,761,-1,761,760,762,-1,761,762,730,-1,730,762,732,-1,725,731,726,-1,726,731,732,-1,726,732,733,-1,733,732,762,-1,733,762,735,-1,735,762,760,-1,735,760,737,-1,737,760,758,-1,737,758,739,-1,739,758,756,-1,763,764,750,-1,750,764,747,-1,750,747,752,-1,752,747,745,-1,752,745,754,-1,754,745,743,-1,754,743,756,-1,756,743,741,-1,756,741,739,-1,765,748,764,-1,764,748,747,-1,729,727,730,-1,730,727,728,-1,730,728,761,-1,761,728,734,-1,761,734,759,-1,759,734,736,-1,759,736,757,-1,765,766,748,-1,748,766,749,-1,748,749,746,-1,746,749,751,-1,746,751,744,-1,744,751,753,-1,744,753,742,-1,742,753,755,-1,742,755,740,-1,740,755,757,-1,740,757,738,-1,738,757,736,-1,763,750,766,-1,766,750,749,-1,767,768,769,-1,769,768,770,-1,771,772,773,-1,773,772,774,-1,727,770,725,-1,725,770,768,-1,729,769,727,-1,727,769,770,-1,767,731,768,-1,768,731,725,-1,731,767,729,-1,729,767,769,-1,772,763,774,-1,774,763,766,-1,771,764,772,-1,772,764,763,-1,765,773,766,-1,766,773,774,-1,773,765,771,-1,771,765,764,-1,775,776,777,-1,777,776,778,-1,779,780,781,-1,781,780,782,-1,778,776,783,-1,778,783,784,-1,784,783,785,-1,784,785,786,-1,786,785,787,-1,786,787,788,-1,788,787,789,-1,788,789,790,-1,790,789,791,-1,790,791,792,-1,792,791,793,-1,792,793,794,-1,794,793,795,-1,794,795,796,-1,796,795,797,-1,796,797,798,-1,799,800,801,-1,801,800,802,-1,801,802,803,-1,803,802,804,-1,803,804,805,-1,805,804,806,-1,805,806,807,-1,807,806,808,-1,807,808,809,-1,809,808,810,-1,809,810,811,-1,811,810,812,-1,811,812,780,-1,780,812,782,-1,775,781,776,-1,776,781,782,-1,776,782,783,-1,783,782,812,-1,783,812,785,-1,785,812,810,-1,785,810,787,-1,787,810,808,-1,787,808,789,-1,789,808,806,-1,813,814,800,-1,800,814,797,-1,800,797,802,-1,802,797,795,-1,802,795,804,-1,804,795,793,-1,804,793,806,-1,806,793,791,-1,806,791,789,-1,815,798,814,-1,814,798,797,-1,779,777,780,-1,780,777,778,-1,780,778,811,-1,811,778,784,-1,811,784,809,-1,809,784,786,-1,809,786,807,-1,815,816,798,-1,798,816,799,-1,798,799,796,-1,796,799,801,-1,796,801,794,-1,794,801,803,-1,794,803,792,-1,792,803,805,-1,792,805,790,-1,790,805,807,-1,790,807,788,-1,788,807,786,-1,813,800,816,-1,816,800,799,-1,817,818,819,-1,819,818,820,-1,821,822,823,-1,823,822,824,-1,777,820,775,-1,775,820,818,-1,779,819,777,-1,777,819,820,-1,817,781,818,-1,818,781,775,-1,781,817,779,-1,779,817,819,-1,822,813,824,-1,824,813,816,-1,821,814,822,-1,822,814,813,-1,815,823,816,-1,816,823,824,-1,823,815,821,-1,821,815,814,-1,825,826,827,-1,827,826,828,-1,829,830,831,-1,831,830,832,-1,828,826,833,-1,828,833,834,-1,834,833,835,-1,834,835,836,-1,836,835,837,-1,836,837,838,-1,838,837,839,-1,838,839,840,-1,840,839,841,-1,840,841,842,-1,842,841,843,-1,842,843,844,-1,844,843,845,-1,844,845,846,-1,846,845,847,-1,846,847,848,-1,849,850,851,-1,851,850,852,-1,851,852,853,-1,853,852,854,-1,853,854,855,-1,855,854,856,-1,855,856,857,-1,857,856,858,-1,857,858,859,-1,859,858,860,-1,859,860,861,-1,861,860,862,-1,861,862,830,-1,830,862,832,-1,825,831,826,-1,826,831,832,-1,826,832,833,-1,833,832,862,-1,833,862,835,-1,835,862,860,-1,835,860,837,-1,837,860,858,-1,837,858,839,-1,839,858,856,-1,863,864,850,-1,850,864,847,-1,850,847,852,-1,852,847,845,-1,852,845,854,-1,854,845,843,-1,854,843,856,-1,856,843,841,-1,856,841,839,-1,865,848,864,-1,864,848,847,-1,829,827,830,-1,830,827,828,-1,830,828,861,-1,861,828,834,-1,861,834,859,-1,859,834,836,-1,859,836,857,-1,865,866,848,-1,848,866,849,-1,848,849,846,-1,846,849,851,-1,846,851,844,-1,844,851,853,-1,844,853,842,-1,842,853,855,-1,842,855,840,-1,840,855,857,-1,840,857,838,-1,838,857,836,-1,863,850,866,-1,866,850,849,-1,867,868,869,-1,869,868,870,-1,871,872,873,-1,873,872,874,-1,827,870,825,-1,825,870,868,-1,829,869,827,-1,827,869,870,-1,867,831,868,-1,868,831,825,-1,831,867,829,-1,829,867,869,-1,872,863,874,-1,874,863,866,-1,871,864,872,-1,872,864,863,-1,865,873,866,-1,866,873,874,-1,873,865,871,-1,871,865,864,-1,875,876,877,-1,877,876,878,-1,879,880,881,-1,881,880,882,-1,878,876,883,-1,878,883,884,-1,884,883,885,-1,884,885,886,-1,886,885,887,-1,886,887,888,-1,888,887,889,-1,888,889,890,-1,890,889,891,-1,890,891,892,-1,892,891,893,-1,892,893,894,-1,894,893,895,-1,894,895,896,-1,896,895,897,-1,896,897,898,-1,899,900,901,-1,901,900,902,-1,901,902,903,-1,903,902,904,-1,903,904,905,-1,905,904,906,-1,905,906,907,-1,907,906,908,-1,907,908,909,-1,909,908,910,-1,909,910,911,-1,911,910,912,-1,911,912,880,-1,880,912,882,-1,875,881,876,-1,876,881,882,-1,876,882,883,-1,883,882,912,-1,883,912,885,-1,885,912,910,-1,885,910,887,-1,887,910,908,-1,887,908,889,-1,889,908,906,-1,913,914,900,-1,900,914,897,-1,900,897,902,-1,902,897,895,-1,902,895,904,-1,904,895,893,-1,904,893,906,-1,906,893,891,-1,906,891,889,-1,915,898,914,-1,914,898,897,-1,879,877,880,-1,880,877,878,-1,880,878,911,-1,911,878,884,-1,911,884,909,-1,909,884,886,-1,909,886,907,-1,915,916,898,-1,898,916,899,-1,898,899,896,-1,896,899,901,-1,896,901,894,-1,894,901,903,-1,894,903,892,-1,892,903,905,-1,892,905,890,-1,890,905,907,-1,890,907,888,-1,888,907,886,-1,913,900,916,-1,916,900,899,-1,917,918,919,-1,919,918,920,-1,921,922,923,-1,923,922,924,-1,877,920,875,-1,875,920,918,-1,879,919,877,-1,877,919,920,-1,917,881,918,-1,918,881,875,-1,881,917,879,-1,879,917,919,-1,922,913,924,-1,924,913,916,-1,921,914,922,-1,922,914,913,-1,915,923,916,-1,916,923,924,-1,923,915,921,-1,921,915,914,-1,
        ]
    }
}