#VRML V2.0 utf8
# 3D model generated by easyeda2kicad.py (https://github.com/uPesy/easyeda2kicad.py)

Shape{
    appearance Appearance {
        material  Material 	{
            diffuseColor 1.0 1.0 1.0
            specularColor 0.5019607843137255 0.5019607843137255 0.5019607843137255
            ambientIntensity 1.0
            transparency 0.0
            shininess 0.5
        }
    }
    geometry IndexedFaceSet {
        ccw TRUE
        solid FALSE
        coord DEF co Coordinate {
            point [
                -0.5375 3.9764 1.2195, -0.54 3.9764 1.1977, -0.5442 3.9764 1.2783, -2.4338 3.9764 0.0, -3.9764 3.9764 0.0, -3.9764 3.9764 0.3968, -0.7429 3.9764 0.0, -2.4338 3.9764 0.3968, -0.5927 3.9764 0.0, -0.7429 3.9764 0.3968, -0.1473 3.9764 0.0, -0.2537 3.9764 0.0, -0.2537 3.9764 0.3968, -0.4178 3.9764 0.8451, -0.4119 3.9764 0.8339, -0.5442 3.9764 0.8339, -0.1505 3.9764 1.1528, -0.1473 3.9764 1.1613, -0.1473 3.9764 1.1156, -0.2537 3.9764 1.2763, -0.2537 3.9764 1.2783, -0.2474 3.9764 1.2783, -0.0715 3.9764 1.279, -0.0715 3.9764 1.2783, -0.1378 3.9764 1.2783, 0.456 3.9764 0.8666, 0.4593 3.9764 0.8605, 0.0171 3.9764 0.8605, 0.1545 3.9764 1.1557, 0.1238 3.9764 1.1294, 0.0171 3.9764 1.2783, 0.0171 3.9764 1.1156, 0.3041 3.9764 1.2991, 0.2739 3.9764 1.2783, 0.2546 3.9764 1.2651, 0.2171 3.9764 1.221, 0.1937 3.9764 1.1747, 0.1882 3.9764 1.1728, 0.361 3.9764 1.3199, 0.0171 3.9764 2.3228, 0.409 3.9764 1.3254, 3.9764 3.9764 2.3228, 3.9764 3.9764 1.2783, 0.5503 3.9764 1.2783, 0.546 3.9764 1.2819, 0.518 3.9764 1.299, 0.4654 3.9764 1.3188, 0.6675 3.9764 1.2294, 0.6226 3.9764 1.2347, 0.5729 3.9764 1.2592, 0.6095 3.9764 1.2339, 0.5964 3.9764 1.2322, 0.7539 3.9764 1.1809, 0.7462 3.9764 1.1882, 0.7098 3.9764 1.2134, 3.9764 3.9764 1.1156, 3.9764 3.9764 1.0698, 0.8066 3.9764 1.0698, 0.8 3.9764 1.1052, 0.7953 3.9764 1.1156, 0.7815 3.9764 1.146, 0.7261 3.9764 0.8965, 0.7614 3.9764 0.9271, 3.9764 3.9764 0.8605, 0.7871 3.9764 0.9644, 0.6851 3.9764 0.8762, 0.6655 3.9764 0.8605, 0.6707 3.9764 0.8718, 0.8031 3.9764 1.0069, 0.8083 3.9764 1.0515, 0.8079 3.9764 1.0624, 3.9764 3.9764 0.3968, 0.6426 3.9764 0.8262, 3.9764 3.9764 0.8339, 0.6487 3.9764 0.8339, 0.6594 3.9764 0.8472, 0.5674 3.9764 0.7937, 0.5943 3.9764 0.7981, 0.6205 3.9764 0.8093, 0.51 3.9764 0.8064, 0.5355 3.9764 0.7968, 0.0171 3.9764 0.3968, 0.5631 3.9764 0.7936, 0.0171 3.9764 0.8339, 0.4697 3.9764 0.8414, 0.4765 3.9764 0.8339, 0.4872 3.9764 0.822, 0.087 3.9764 1.062, 0.0821 3.9764 1.0247, 0.0171 3.9764 1.0698, 0.31 3.9764 0.9333, 0.3022 3.9764 0.9364, 0.2883 3.9764 1.0012, 0.4763 3.9764 0.9831, 0.3232 3.9764 1.0618, 0.4961 3.9764 1.0014, 0.5202 3.9764 1.0145, 0.3171 3.9764 0.9284, 0.1532 3.9764 1.0342, 0.1584 3.9764 1.0561, 0.1657 3.9764 1.0698, 0.7344 3.9764 1.0698, 0.1021 3.9764 0.9482, 0.125 3.9764 0.9169, 0.1561 3.9764 0.8909, 0.191 3.9764 0.8741, 0.2934 3.9764 0.9374, 0.2922 3.9764 0.9373, 0.2888 3.9764 0.9366, 0.0876 3.9764 0.9842, 0.7273 3.9764 1.0077, 0.714 3.9764 0.9847, 0.6563 3.9764 0.9724, 0.6937 3.9764 0.9635, 0.669 3.9764 0.9481, 0.6139 3.9764 1.0098, 0.6373 3.9764 0.9938, 0.7366 3.9764 1.0533, 0.7353 3.9764 1.0356, 0.5887 3.9764 1.0193, 0.5615 3.9764 1.0225, 0.5477 3.9764 1.0215, 0.1762 3.9764 0.964, 0.1636 3.9764 0.9817, 0.1556 3.9764 1.0019, 0.1527 3.9764 1.0241, 0.3289 3.9764 0.9024, 0.3286 3.9764 0.9069, 0.4483 3.9764 0.918, 0.3262 3.9764 0.9155, 0.3218 3.9764 0.9233, 0.31 3.9764 0.871, 0.3174 3.9764 0.8763, 0.32 3.9764 0.879, 0.3249 3.9764 0.8862, 0.3279 3.9764 0.8939, 0.4491 3.9764 0.8947, 0.4484 3.9764 0.9066, 0.2865 3.9764 0.9362, 0.2353 3.9764 0.9359, 0.2147 3.9764 0.9397, 0.229 3.9764 0.8664, 0.2961 3.9764 0.8669, 0.3025 3.9764 0.8679, 0.1946 3.9764 0.9489, 0.1777 3.9764 0.9625, 0.25 3.9764 1.1136, 0.723 3.9764 1.1062, 0.733 3.9764 1.0809, 0.2409 3.9764 1.1135, 0.1689 3.9764 1.0758, 0.1818 3.9764 1.0904, 0.1994 3.9764 1.1029, 0.2192 3.9764 1.1107, 0.2741 3.9764 1.1823, 0.2996 3.9764 1.2131, 0.5617 3.9764 1.1488, 0.3023 3.9764 1.2156, 0.3341 3.9764 1.2381, 0.544 3.9764 1.1848, 0.7164 3.9764 1.1156, 0.5696 3.9764 1.1533, 0.2504 3.9764 1.1156, 0.2568 3.9764 1.1455, 0.5951 3.9764 1.1628, 0.6219 3.9764 1.1663, 0.6339 3.9764 1.1658, 0.5183 3.9764 1.2151, 0.3697 3.9764 1.252, 0.4876 3.9764 1.2371, 0.4084 3.9764 1.2571, 0.4503 3.9764 1.2519, 0.6621 3.9764 1.1593, 0.6875 3.9764 1.146, 0.7071 3.9764 1.1288, 0.114 3.9764 1.1156, 0.1007 3.9764 1.0969, 0.0901 3.9764 1.0698, -0.7429 3.9764 1.0698, -0.8092 3.9764 1.0197, -0.8313 3.9764 1.0196, -0.7472 3.9764 0.8605, -0.7429 3.9764 0.8605, -0.747 3.9764 0.86, -0.7429 3.9764 0.8339, -0.7699 3.9764 0.8599, -0.8683 3.9764 0.8592, -0.8678 3.9764 0.8605, -0.7701 3.9764 0.8605, -0.8523 3.9764 0.9031, -0.7856 3.9764 0.9035, -0.57 3.9764 0.9517, -0.5699 3.9764 0.9334, -0.5777 3.9764 0.8795, -0.5775 3.9764 0.8612, -0.5927 3.9764 0.8605, -0.5442 3.9764 0.8797, -0.5442 3.9764 1.0216, -0.575 3.9764 1.0214, -0.5927 3.9764 1.0698, -0.5749 3.9764 1.003, -0.5442 3.9764 0.9336, -0.5126 3.9764 0.9338, -0.5122 3.9764 0.8799, -0.5442 3.9764 1.0032, -0.5442 3.9764 0.9519, -0.5131 3.9764 1.0034, -0.5127 3.9764 0.9521, -0.5442 3.9764 0.8605, -0.5442 3.9764 0.8615, -0.4914 3.9764 0.8618, -0.4125 3.9764 0.8908, -0.4149 3.9764 0.8814, -0.4154 3.9764 0.8814, -0.4706 3.9764 0.9764, -0.394 3.9764 1.0698, -0.4498 3.9764 0.9765, -0.394 3.9764 0.9454, -0.418 3.9764 0.8906, -0.4164 3.9764 0.8853, -0.2825 3.9764 0.8637, -0.2724 3.9764 0.8674, -0.2537 3.9764 0.8605, -0.2725 3.9764 0.8881, -0.273 3.9764 0.9469, -0.2739 3.9764 0.9541, -0.2537 3.9764 1.0698, -0.276 3.9764 0.933, -0.2739 3.9764 0.9391, -0.2825 3.9764 0.8824, -0.2825 3.9764 0.9249, -0.2793 3.9764 0.8837, -0.2819 3.9764 0.9253, -0.2786 3.9764 0.9288, -0.3039 3.9764 0.8605, -0.3033 3.9764 0.8605, -0.2825 3.9764 0.8339, -0.3029 3.9764 0.8605, -0.2825 3.9764 0.8605, -0.2859 3.9764 0.8625, -0.3449 3.9764 0.9748, -0.3447 3.9764 0.9553, -0.3553 3.9764 0.8605, -0.2861 3.9764 0.9712, -0.2915 3.9764 0.9744, -0.2825 3.9764 1.0698, -0.3488 3.9764 0.8859, -0.3463 3.9764 0.8796, -0.3425 3.9764 0.8743, -0.2763 3.9764 0.9605, -0.2801 3.9764 0.9659, -0.2825 3.9764 0.968, -0.3024 3.9764 0.9784, -0.3178 3.9764 0.9801, -0.3553 3.9764 1.0698, -0.3305 3.9764 0.979, -0.3432 3.9764 0.9129, -0.3469 3.9764 0.9074, -0.349 3.9764 0.9014, -0.3498 3.9764 0.8939, -0.3367 3.9764 0.8693, -0.3309 3.9764 0.8659, -0.32 3.9764 0.8621, -0.3157 3.9764 0.9638, -0.3098 3.9764 0.9634, -0.2937 3.9764 0.9485, -0.3044 3.9764 0.962, -0.2999 3.9764 0.9596, -0.2939 3.9764 0.9459, -0.2947 3.9764 0.9427, -0.2961 3.9764 0.94, -0.298 3.9764 0.9379, -0.3051 3.9764 0.9334, -0.3299 3.9764 0.9619, -0.3175 3.9764 0.9279, -0.3412 3.9764 0.9574, -0.3252 3.9764 0.9247, -0.3385 3.9764 0.9172, -0.2969 3.9764 0.957, -0.2951 3.9764 0.9544, -0.2941 3.9764 0.9517, -0.2918 3.9764 0.8787, -0.3032 3.9764 0.9134, -0.2913 3.9764 0.919, -0.3054 3.9764 0.8768, -0.3063 3.9764 0.8768, -0.3163 3.9764 0.9078, -0.3166 3.9764 0.8779, -0.3292 3.9764 0.8921, -0.329 3.9764 0.8946, -0.3218 3.9764 0.8798, -0.3236 3.9764 0.8809, -0.3259 3.9764 0.8829, -0.3277 3.9764 0.8855, -0.3287 3.9764 0.8883, -0.3281 3.9764 0.8978, -0.3266 3.9764 0.9004, -0.3241 3.9764 0.903, -0.5927 3.9764 1.2783, -0.6104 3.9764 1.2752, -0.6325 3.9764 1.275, -0.5483 3.9764 1.1155, -0.5483 3.9764 1.1156, -0.5442 3.9764 1.1156, -0.5927 3.9764 1.2296, -0.5712 3.9764 1.1156, -0.5712 3.9764 1.1153, -0.5442 3.9764 1.0698, -0.4925 3.9764 1.022, -0.5927 3.9764 1.1156, -0.5927 3.9764 1.159, -0.5869 3.9764 1.159, -0.6535 3.9764 1.1585, -0.6692 3.9764 1.1156, -0.6696 3.9764 1.1146, -0.6924 3.9764 1.1145, -0.692 3.9764 1.1156, -0.7429 3.9764 1.1156, -0.7429 3.9764 1.2783, -0.3553 3.9764 1.2783, -0.3763 3.9764 1.2768, -0.394 3.9764 1.2783, -0.3762 3.9764 1.2584, -0.3713 3.9764 1.2072, -0.3553 3.9764 1.2073, -0.3553 3.9764 1.1351, -0.3789 3.9764 1.1349, -0.3711 3.9764 1.1889, -0.3553 3.9764 1.189, -0.3139 3.9764 1.1893, -0.3135 3.9764 1.1354, -0.3553 3.9764 1.2586, -0.3144 3.9764 1.2589, -0.314 3.9764 1.2076, -0.2927 3.9764 1.1173, -0.2825 3.9764 1.1156, -0.3553 3.9764 1.1156, -0.394 3.9764 1.1156, -0.3788 3.9764 1.1167, -0.3553 3.9764 1.1168, -0.2825 3.9764 1.2783, -0.2938 3.9764 1.2774, -0.3553 3.9764 1.277, -0.0705 3.9764 1.1371, -0.1343 3.9764 1.1367, -0.1378 3.9764 1.1156, -0.1342 3.9764 1.1184, -0.0497 3.9764 1.119, -0.0509 3.9764 1.2783, -0.0509 3.9764 1.2791, -0.1378 3.9764 2.3228, -0.2617 3.9764 1.2738, -0.2616 3.9764 1.2522, -0.2194 3.9764 1.1335, -0.2287 3.9764 1.1339, -0.2537 3.9764 1.2556, -0.2466 3.9764 1.1375, -0.2537 3.9764 1.1407, -0.2577 3.9764 1.2542, -0.2608 3.9764 1.144, -0.2039 3.9764 1.2592, -0.1912 3.9764 1.2535, -0.1801 3.9764 1.2445, -0.1789 3.9764 1.2432, -0.1711 3.9764 1.2321, -0.1657 3.9764 1.2182, -0.163 3.9764 1.1965, -0.163 3.9764 1.1943, -0.1655 3.9764 1.1749, -0.182 3.9764 1.1471, -0.1925 3.9764 1.1398, -0.204 3.9764 1.1354, -0.2412 3.9764 1.26, -0.2239 3.9764 1.262, -0.2178 3.9764 1.2618, -0.1705 3.9764 1.1619, -0.1784 3.9764 1.1507, -0.2032 3.9764 1.2783, -0.2238 3.9764 1.2806, -0.1473 3.9764 2.3228, -0.2537 3.9764 2.3228, -0.2266 3.9764 1.2806, -0.2471 3.9764 1.2784, -0.184 3.9764 1.2717, -0.2008 3.9764 1.278, -0.1473 3.9764 1.2783, -0.1544 3.9764 1.2445, -0.1648 3.9764 1.2575, -0.1684 3.9764 1.2609, -0.1462 3.9764 1.2271, -0.1473 3.9764 1.2295, -0.1442 3.9764 1.1696, -0.1413 3.9764 1.1954, -0.1419 3.9764 1.2068, -0.1881 3.9764 1.1198, -0.1732 3.9764 1.1272, -0.2052 3.9764 1.1158, -0.1614 3.9764 1.1374, -0.16 3.9764 1.139, -0.2213 3.9764 1.1156, -0.2163 3.9764 1.1151, -0.2091 3.9764 1.1156, -0.2607 3.9764 1.1241, -0.2579 3.9764 1.1228, -0.2537 3.9764 1.1156, -0.2537 3.9764 1.1215, -0.2407 3.9764 1.1173, -0.394 3.9764 0.8605, -0.394 3.9764 0.891, -0.3608 3.9764 0.9771, -0.3833 3.9764 0.977, -0.4049 3.9764 0.8627, -0.4039 3.9764 0.8605, -0.3959 3.9764 0.842, -0.3553 3.9764 0.8339, -0.3911 3.9764 0.8339, -0.392 3.9764 0.8348, -0.394 3.9764 0.8385, -0.3801 3.9764 0.8265, -0.3845 3.9764 0.8281, -0.3882 3.9764 0.8306, -0.394 3.9764 0.3968, -0.394 3.9764 0.8135, -0.3927 3.9764 0.8126, -0.3848 3.9764 0.8096, -0.3767 3.9764 0.8088, -0.3553 3.9764 0.3968, -0.3723 3.9764 0.809, -0.3638 3.9764 0.8105, -0.3639 3.9764 0.8283, -0.368 3.9764 0.827, -0.3753 3.9764 0.826, -0.4086 3.9764 0.8275, -0.4012 3.9764 0.8187, -0.5442 3.9764 0.3968, -0.3998 3.9764 0.8174, -0.424 3.9764 0.8605, 3.9764 3.9764 0.0, 0.0171 3.9764 0.0, -0.5927 3.9764 0.3968, -0.5442 3.9764 0.0, -0.394 3.9764 0.0, -0.3553 3.9764 0.0, -0.2825 3.9764 0.3968, -0.2825 3.9764 0.0, -0.5927 3.9764 0.8339, -2.4338 3.9764 0.8339, -0.1473 3.9764 0.3968, -0.2537 3.9764 0.8339, -0.1473 3.9764 0.8339, -0.1473 3.9764 0.8605, -0.0491 3.9764 1.0251, -0.0479 3.9764 0.865, -0.1378 3.9764 0.8605, -0.1378 3.9764 0.8339, -0.1378 3.9764 0.3968, -0.1378 3.9764 0.0, -0.1315 3.9764 1.0245, -0.1314 3.9764 1.0061, -0.1378 3.9764 1.0698, -0.1342 3.9764 0.8826, -0.1341 3.9764 0.8644, -0.0691 3.9764 0.937, -0.0687 3.9764 0.8831, -0.1264 3.9764 0.9365, -0.1265 3.9764 0.9549, -0.0692 3.9764 0.9553, -0.0696 3.9764 1.0065, -0.1571 3.9764 0.9119, -0.1614 3.9764 0.9183, -0.165 3.9764 0.951, -0.2457 3.9764 0.9372, -0.2452 3.9764 0.8636, -0.2151 3.9764 0.8699, -0.208 3.9764 0.8652, -0.2251 3.9764 0.8637, -0.1999 3.9764 0.8623, -0.1895 3.9764 0.8613, -0.2317 3.9764 0.9732, -0.2367 3.9764 0.9685, -0.1675 3.9764 0.9237, -0.1758 3.9764 0.928, -0.1782 3.9764 0.9593, -0.1917 3.9764 0.9319, -0.2094 3.9764 0.9638, -0.2026 3.9764 0.9646, -0.1908 3.9764 0.9634, -0.2408 3.9764 0.9622, -0.244 3.9764 0.9533, -0.2252 3.9764 0.8814, -0.2247 3.9764 0.8814, -0.2215 3.9764 0.8767, -0.1698 3.9764 0.8657, -0.1631 3.9764 0.8705, -0.1609 3.9764 0.8727, -0.1568 3.9764 0.8789, -0.1546 3.9764 0.9046, -0.1473 3.9764 1.0698, -0.1535 3.9764 0.8948, -0.1544 3.9764 0.8857, -0.1652 3.9764 0.9705, -0.1717 3.9764 0.9741, -0.1871 3.9764 0.9792, -0.2256 3.9764 0.9364, -0.225 3.9764 0.9453, -0.223 3.9764 0.9524, -0.2206 3.9764 0.9566, -0.1775 3.9764 0.8627, -0.2046 3.9764 0.9809, -0.2167 3.9764 0.9797, -0.2251 3.9764 0.9771, -0.2176 3.9764 0.9598, -0.2141 3.9764 0.9622, -0.6078 3.9764 0.861, -0.7335 3.9764 0.9113, -0.725 3.9764 0.895, -0.6788 3.9764 0.8637, -0.6518 3.9764 0.8607, -0.6822 3.9764 1.0171, -0.7011 3.9764 1.0092, -0.7305 3.9764 0.9794, -0.7363 3.9764 0.9641, -0.7387 3.9764 0.9422, -0.7379 3.9764 0.9296, -0.7142 3.9764 0.8827, -0.6972 3.9764 0.8707, -0.6089 3.9764 1.0211, -0.6546 3.9764 1.0208, -0.6582 3.9764 1.0207, -0.715 3.9764 0.9992, -0.7207 3.9764 0.9935, -0.5318 3.9764 1.2349, -0.5392 3.9764 1.1851, -0.5347 3.9764 1.1667, -0.4835 3.9764 1.2726, -0.5023 3.9764 1.2647, -0.5263 3.9764 1.1505, -0.5154 3.9764 1.1381, -0.4984 3.9764 1.1262, -0.4559 3.9764 1.2763, -0.4594 3.9764 1.2762, -0.4801 3.9764 1.1192, -0.4531 3.9764 1.1162, -0.4091 3.9764 1.1165, -0.4102 3.9764 1.2766, -0.5163 3.9764 1.2546, -0.522 3.9764 1.249, -0.8911 3.9764 0.859, -0.8906 3.9764 0.8605, -2.4338 3.9764 0.8605, -2.4338 3.9764 1.0698, -2.4338 3.9764 1.1156, -2.4338 3.9764 1.2783, -3.9764 3.9764 0.8339, -3.9764 3.9764 0.8605, -3.9764 3.9764 1.0698, -3.9764 3.9764 1.1156, -3.9764 3.9764 1.2783, -3.9764 3.9764 2.3228, -2.4338 3.9764 2.3228, -0.7429 3.9764 2.3228, -0.5927 3.9764 2.3228, -0.5442 3.9764 2.3228, -0.394 3.9764 2.3228, -0.3553 3.9764 2.3228, -0.2825 3.9764 2.3228
            ]
        }
        coordIndex [
            0,1,2,-1,3,4,5,-1,6,3,7,-1,8,6,9,-1,10,11,12,-1,13,14,15,-1,16,17,18,-1,19,20,21,-1,22,23,24,-1,25,26,27,-1,28,29,30,-1,30,29,31,-1,32,33,30,-1,30,33,34,-1,30,34,35,-1,35,36,30,-1,30,36,37,-1,30,37,28,-1,38,32,39,-1,38,39,40,-1,41,42,43,-1,43,44,41,-1,41,44,45,-1,41,45,39,-1,39,45,46,-1,39,46,40,-1,42,47,43,-1,43,47,48,-1,43,48,49,-1,49,48,50,-1,49,50,51,-1,52,53,42,-1,42,53,54,-1,42,54,47,-1,55,56,57,-1,57,58,55,-1,55,58,59,-1,55,59,42,-1,42,59,60,-1,42,60,52,-1,61,62,63,-1,63,62,64,-1,61,63,65,-1,65,63,66,-1,65,66,67,-1,64,68,63,-1,63,68,69,-1,63,69,56,-1,56,69,70,-1,56,70,57,-1,71,72,73,-1,73,72,74,-1,73,74,63,-1,63,74,75,-1,63,75,66,-1,76,77,71,-1,71,77,78,-1,71,78,72,-1,79,80,81,-1,81,80,82,-1,81,82,76,-1,27,26,83,-1,26,84,83,-1,83,84,85,-1,83,85,81,-1,81,85,86,-1,81,86,79,-1,87,88,89,-1,90,91,92,-1,93,94,95,-1,95,94,96,-1,90,92,97,-1,98,99,94,-1,94,99,100,-1,94,100,101,-1,102,103,27,-1,27,103,104,-1,27,104,105,-1,91,106,92,-1,92,106,107,-1,92,107,108,-1,89,88,27,-1,27,88,109,-1,27,109,102,-1,110,111,112,-1,112,111,113,-1,112,113,114,-1,115,101,116,-1,116,101,117,-1,116,117,112,-1,112,117,118,-1,112,118,110,-1,115,119,101,-1,101,119,120,-1,101,120,94,-1,94,120,121,-1,94,121,96,-1,122,123,92,-1,92,123,124,-1,92,124,94,-1,94,124,125,-1,94,125,98,-1,126,127,128,-1,128,127,129,-1,128,129,92,-1,92,129,130,-1,92,130,97,-1,131,132,25,-1,25,132,133,-1,133,134,25,-1,25,134,135,-1,25,135,136,-1,136,135,126,-1,136,126,137,-1,137,126,128,-1,108,138,92,-1,92,138,139,-1,92,139,140,-1,105,141,27,-1,27,141,142,-1,27,142,25,-1,25,142,143,-1,25,143,131,-1,140,144,92,-1,92,144,145,-1,92,145,122,-1,146,147,148,-1,148,101,146,-1,146,101,100,-1,146,100,149,-1,149,100,150,-1,150,151,149,-1,149,151,152,-1,149,152,153,-1,154,155,156,-1,155,157,156,-1,156,157,158,-1,156,158,159,-1,160,156,161,-1,147,146,160,-1,160,146,162,-1,160,162,156,-1,156,162,163,-1,156,163,154,-1,161,164,160,-1,160,164,165,-1,160,165,166,-1,159,158,167,-1,167,158,168,-1,167,168,169,-1,169,168,170,-1,169,170,171,-1,172,173,166,-1,166,173,174,-1,166,174,160,-1,29,175,31,-1,31,175,176,-1,31,176,89,-1,89,176,177,-1,89,177,87,-1,178,179,180,-1,179,178,181,-1,181,178,182,-1,181,182,183,-1,183,182,184,-1,183,184,185,-1,186,187,188,-1,188,187,189,-1,188,189,190,-1,191,192,193,-1,193,194,195,-1,193,192,196,-1,197,198,199,-1,199,198,200,-1,192,201,196,-1,196,201,202,-1,196,202,203,-1,200,204,205,-1,205,204,206,-1,205,206,207,-1,195,194,208,-1,208,194,209,-1,208,209,210,-1,211,212,213,-1,214,215,216,-1,216,215,217,-1,216,217,218,-1,218,217,211,-1,218,211,219,-1,219,211,213,-1,220,221,222,-1,222,221,223,-1,224,225,226,-1,227,228,223,-1,229,230,231,-1,231,230,232,-1,231,232,223,-1,223,232,233,-1,223,233,227,-1,234,235,236,-1,236,235,237,-1,236,237,238,-1,238,237,239,-1,238,239,220,-1,240,241,242,-1,243,244,245,-1,246,247,242,-1,242,247,248,-1,225,249,226,-1,226,249,250,-1,226,250,245,-1,245,250,251,-1,245,251,243,-1,244,252,245,-1,245,252,253,-1,245,253,254,-1,254,253,255,-1,254,255,240,-1,256,257,241,-1,241,257,258,-1,241,258,242,-1,242,258,259,-1,242,259,246,-1,248,260,242,-1,242,260,261,-1,242,261,262,-1,263,264,265,-1,265,264,266,-1,265,266,267,-1,265,268,263,-1,263,268,269,-1,263,269,270,-1,270,271,263,-1,263,271,272,-1,263,272,273,-1,273,272,274,-1,273,274,275,-1,275,274,276,-1,275,276,241,-1,241,276,277,-1,241,277,256,-1,278,279,267,-1,267,279,280,-1,267,280,265,-1,281,282,229,-1,229,282,283,-1,229,283,230,-1,281,284,282,-1,282,284,285,-1,282,285,286,-1,286,285,287,-1,286,288,289,-1,287,290,286,-1,286,290,291,-1,286,291,292,-1,292,293,286,-1,286,293,294,-1,286,294,288,-1,289,295,286,-1,286,295,296,-1,286,296,297,-1,298,299,300,-1,301,302,303,-1,303,302,304,-1,305,306,199,-1,199,306,307,-1,199,307,197,-1,197,307,308,-1,199,309,305,-1,305,309,310,-1,305,310,311,-1,312,310,313,-1,313,310,309,-1,313,309,314,-1,314,309,199,-1,314,199,315,-1,315,199,178,-1,315,178,316,-1,316,178,317,-1,316,317,300,-1,300,317,318,-1,300,318,298,-1,319,320,321,-1,321,320,322,-1,321,322,323,-1,323,322,324,-1,325,326,327,-1,327,328,325,-1,325,328,329,-1,325,329,330,-1,322,331,324,-1,324,331,332,-1,324,332,333,-1,334,335,336,-1,323,327,321,-1,321,327,326,-1,321,326,337,-1,337,326,338,-1,337,338,336,-1,336,338,339,-1,336,339,334,-1,340,341,319,-1,319,341,342,-1,319,342,320,-1,23,343,24,-1,24,343,344,-1,24,344,345,-1,345,344,346,-1,345,346,347,-1,30,348,349,-1,32,30,39,-1,39,30,349,-1,39,349,350,-1,20,19,340,-1,340,19,351,-1,340,351,352,-1,353,354,355,-1,354,356,355,-1,355,356,357,-1,355,357,358,-1,358,357,359,-1,358,359,352,-1,352,359,335,-1,352,335,340,-1,340,335,334,-1,340,334,341,-1,360,361,362,-1,363,364,355,-1,355,364,365,-1,365,366,355,-1,355,366,367,-1,355,367,368,-1,369,370,355,-1,355,370,371,-1,355,371,353,-1,355,372,363,-1,363,372,373,-1,363,373,362,-1,362,373,374,-1,362,374,360,-1,368,375,355,-1,355,375,376,-1,355,376,369,-1,377,378,379,-1,379,378,380,-1,380,378,381,-1,380,381,382,-1,383,384,385,-1,386,387,385,-1,385,387,388,-1,385,388,383,-1,24,389,385,-1,385,389,390,-1,385,390,386,-1,17,391,345,-1,345,391,392,-1,345,392,24,-1,24,392,393,-1,24,393,389,-1,394,395,18,-1,394,18,396,-1,395,397,18,-1,18,397,398,-1,18,398,16,-1,399,400,226,-1,226,400,401,-1,359,402,335,-1,335,402,403,-1,335,403,404,-1,404,403,405,-1,404,405,406,-1,407,408,242,-1,242,408,409,-1,240,242,254,-1,254,242,409,-1,254,409,215,-1,215,409,410,-1,215,410,217,-1,411,408,412,-1,412,408,407,-1,412,407,413,-1,414,415,242,-1,242,415,416,-1,242,416,407,-1,407,416,417,-1,407,417,413,-1,418,419,420,-1,421,422,423,-1,423,424,421,-1,421,424,425,-1,421,425,426,-1,425,427,426,-1,426,427,428,-1,426,428,414,-1,414,428,429,-1,414,429,415,-1,415,429,430,-1,415,430,420,-1,420,430,431,-1,420,431,418,-1,432,433,434,-1,434,433,421,-1,421,433,435,-1,421,435,422,-1,13,15,436,-1,76,71,81,-1,81,71,437,-1,81,437,438,-1,8,439,440,-1,440,439,434,-1,440,434,441,-1,441,434,421,-1,441,421,442,-1,442,421,426,-1,262,234,242,-1,242,234,236,-1,242,236,414,-1,414,236,443,-1,414,443,426,-1,426,443,444,-1,426,444,442,-1,439,445,434,-1,434,445,15,-1,434,15,432,-1,432,15,14,-1,6,7,9,-1,9,7,446,-1,9,446,184,-1,10,12,447,-1,447,12,448,-1,447,448,449,-1,449,448,222,-1,449,222,450,-1,220,222,238,-1,238,222,448,-1,238,448,236,-1,236,448,12,-1,236,12,443,-1,443,12,11,-1,443,11,444,-1,445,195,15,-1,15,195,208,-1,15,208,436,-1,436,208,210,-1,436,210,214,-1,214,210,308,-1,214,308,215,-1,215,308,307,-1,451,89,452,-1,452,89,27,-1,452,27,453,-1,453,27,83,-1,453,83,454,-1,454,83,81,-1,454,81,455,-1,455,81,438,-1,455,438,456,-1,457,458,459,-1,459,458,460,-1,459,460,453,-1,453,460,461,-1,453,461,452,-1,462,463,464,-1,464,463,460,-1,464,460,465,-1,465,460,458,-1,465,458,466,-1,466,458,467,-1,468,469,470,-1,228,224,223,-1,223,224,226,-1,223,226,222,-1,222,226,471,-1,222,471,472,-1,473,474,475,-1,475,474,476,-1,475,476,477,-1,478,479,226,-1,469,480,470,-1,470,480,481,-1,470,481,482,-1,482,481,483,-1,484,485,483,-1,483,485,486,-1,483,486,482,-1,479,487,226,-1,226,487,488,-1,226,488,471,-1,489,490,475,-1,475,490,491,-1,475,491,473,-1,492,493,450,-1,450,493,494,-1,450,494,495,-1,496,497,498,-1,498,497,450,-1,498,450,499,-1,499,450,495,-1,468,470,496,-1,496,470,500,-1,496,500,497,-1,497,500,501,-1,497,501,502,-1,503,504,483,-1,483,504,505,-1,483,505,506,-1,472,475,222,-1,222,475,477,-1,222,477,450,-1,450,477,507,-1,450,507,492,-1,508,509,226,-1,226,509,510,-1,226,510,478,-1,506,511,483,-1,483,511,512,-1,483,512,484,-1,396,18,401,-1,401,18,497,-1,401,497,226,-1,226,497,502,-1,226,502,508,-1,205,191,200,-1,200,191,193,-1,200,193,199,-1,199,193,195,-1,199,195,513,-1,182,514,515,-1,182,516,517,-1,178,518,519,-1,520,521,178,-1,178,521,522,-1,178,522,182,-1,182,522,523,-1,182,523,514,-1,515,524,182,-1,182,524,525,-1,182,525,516,-1,8,9,439,-1,439,9,184,-1,439,184,445,-1,445,184,182,-1,445,182,195,-1,195,182,517,-1,195,517,513,-1,513,526,199,-1,199,526,527,-1,199,527,178,-1,178,527,528,-1,178,528,518,-1,519,529,178,-1,178,529,530,-1,178,530,520,-1,348,30,347,-1,347,30,31,-1,347,31,345,-1,345,31,89,-1,345,89,459,-1,459,89,451,-1,459,451,457,-1,17,345,18,-1,18,345,459,-1,18,459,497,-1,497,459,453,-1,497,453,450,-1,450,453,454,-1,450,454,449,-1,449,454,455,-1,449,455,447,-1,447,455,456,-1,447,456,10,-1,306,301,307,-1,307,301,303,-1,307,303,215,-1,215,303,337,-1,215,337,254,-1,254,337,336,-1,254,336,245,-1,245,336,335,-1,245,335,226,-1,226,335,404,-1,226,404,399,-1,399,404,406,-1,0,2,531,-1,532,533,303,-1,2,534,535,-1,299,298,304,-1,304,298,2,-1,304,2,303,-1,303,2,1,-1,303,1,532,-1,533,536,303,-1,303,536,537,-1,303,537,538,-1,321,539,2,-1,2,539,540,-1,2,540,534,-1,538,541,303,-1,303,541,542,-1,303,542,337,-1,337,542,543,-1,337,543,321,-1,321,543,544,-1,321,544,539,-1,535,545,2,-1,2,545,546,-1,2,546,531,-1,188,185,186,-1,186,185,184,-1,186,184,547,-1,547,184,446,-1,547,446,548,-1,548,446,549,-1,548,549,180,-1,180,549,550,-1,180,550,178,-1,178,550,551,-1,178,551,317,-1,317,551,552,-1,317,552,318,-1,3,5,7,-1,7,5,553,-1,7,553,446,-1,446,553,554,-1,446,554,549,-1,549,554,555,-1,549,555,550,-1,550,555,556,-1,550,556,551,-1,551,556,557,-1,551,557,552,-1,384,377,385,-1,385,377,379,-1,385,379,24,-1,24,379,350,-1,24,350,22,-1,22,350,349,-1,557,558,552,-1,552,558,559,-1,552,559,318,-1,318,559,560,-1,318,560,298,-1,298,560,561,-1,298,561,2,-1,2,561,562,-1,2,562,321,-1,321,562,563,-1,321,563,319,-1,319,563,564,-1,319,564,340,-1,340,564,565,-1,340,565,20,-1,20,565,380,-1,20,380,21,-1,21,380,382,-1,
        ]
    }
}
Shape{
    appearance Appearance {
        material  Material 	{
            diffuseColor 0.8509803921568627 0.8509803921568627 0.8509803921568627
            specularColor 0.4235294117647059 0.4235294117647059 0.4235294117647059
            ambientIntensity 0.851
            transparency 0.0
            shininess 0.5
        }
    }
    geometry IndexedFaceSet {
        ccw TRUE
        solid FALSE
        coord DEF co Coordinate {
            point [
                3.5233 -2.9075 -1.9685, 3.5323 -2.9293 -1.9685, 3.4449 -2.9528 -1.9685, 3.5354 -2.9528 -1.9685, 3.5323 -2.9762 -1.9685, 3.4683 -2.8653 -1.9685, 3.4902 -2.8744 -1.9685, 3.5089 -2.8887 -1.9685, 3.3996 -2.8744 -1.9685, 3.4214 -2.8653 -1.9685, 3.4449 -2.8622 -1.9685, 3.3574 -2.9293 -1.9685, 3.3665 -2.9075 -1.9685, 3.3809 -2.8887 -1.9685, 3.3665 -2.9981 -1.9685, 3.3574 -2.9762 -1.9685, 3.3543 -2.9528 -1.9685, 3.4214 -3.0402 -1.9685, 3.3996 -3.0312 -1.9685, 3.3809 -3.0168 -1.9685, 3.4902 -3.0312 -1.9685, 3.4683 -3.0402 -1.9685, 3.4449 -3.0433 -1.9685, 3.5233 -2.9981 -1.9685, 3.5089 -3.0168 -1.9685, 3.5354 -2.9528 0.1969, 3.5323 -2.9293 0.1969, 3.5233 -2.9075 0.1969, 3.5089 -2.8887 0.1969, 3.4902 -2.8744 0.1969, 3.4683 -2.8653 0.1969, 3.4449 -2.8622 0.1969, 3.4214 -2.8653 0.1969, 3.3996 -2.8744 0.1969, 3.3809 -2.8887 0.1969, 3.3665 -2.9075 0.1969, 3.3574 -2.9293 0.1969, 3.3543 -2.9528 0.1969, 3.3574 -2.9762 0.1969, 3.3665 -2.9981 0.1969, 3.3809 -3.0168 0.1969, 3.3996 -3.0312 0.1969, 3.4214 -3.0402 0.1969, 3.4449 -3.0433 0.1969, 3.4683 -3.0402 0.1969, 3.4902 -3.0312 0.1969, 3.5089 -3.0168 0.1969, 3.5233 -2.9981 0.1969, 3.5323 -2.9762 0.1969, 2.539 -2.9075 -1.9685, 2.5481 -2.9293 -1.9685, 2.4606 -2.9528 -1.9685, 2.5512 -2.9528 -1.9685, 2.5481 -2.9762 -1.9685, 2.4841 -2.8653 -1.9685, 2.5059 -2.8744 -1.9685, 2.5247 -2.8887 -1.9685, 2.4154 -2.8744 -1.9685, 2.4372 -2.8653 -1.9685, 2.4606 -2.8622 -1.9685, 2.3732 -2.9293 -1.9685, 2.3822 -2.9075 -1.9685, 2.3966 -2.8887 -1.9685, 2.3822 -2.9981 -1.9685, 2.3732 -2.9762 -1.9685, 2.3701 -2.9528 -1.9685, 2.4372 -3.0402 -1.9685, 2.4154 -3.0312 -1.9685, 2.3966 -3.0168 -1.9685, 2.5059 -3.0312 -1.9685, 2.4841 -3.0402 -1.9685, 2.4606 -3.0433 -1.9685, 2.539 -2.9981 -1.9685, 2.5247 -3.0168 -1.9685, 2.5512 -2.9528 0.1969, 2.5481 -2.9293 0.1969, 2.539 -2.9075 0.1969, 2.5247 -2.8887 0.1969, 2.5059 -2.8744 0.1969, 2.4841 -2.8653 0.1969, 2.4606 -2.8622 0.1969, 2.4372 -2.8653 0.1969, 2.4154 -2.8744 0.1969, 2.3966 -2.8887 0.1969, 2.3822 -2.9075 0.1969, 2.3732 -2.9293 0.1969, 2.3701 -2.9528 0.1969, 2.3732 -2.9762 0.1969, 2.3822 -2.9981 0.1969, 2.3966 -3.0168 0.1969, 2.4154 -3.0312 0.1969, 2.4372 -3.0402 0.1969, 2.4606 -3.0433 0.1969, 2.4841 -3.0402 0.1969, 2.5059 -3.0312 0.1969, 2.5247 -3.0168 0.1969, 2.539 -2.9981 0.1969, 2.5481 -2.9762 0.1969, 1.5548 -2.9075 -1.9685, 1.5638 -2.9293 -1.9685, 1.4764 -2.9528 -1.9685, 1.5669 -2.9528 -1.9685, 1.5638 -2.9762 -1.9685, 1.4998 -2.8653 -1.9685, 1.5217 -2.8744 -1.9685, 1.5404 -2.8887 -1.9685, 1.4311 -2.8744 -1.9685, 1.4529 -2.8653 -1.9685, 1.4764 -2.8622 -1.9685, 1.3889 -2.9293 -1.9685, 1.398 -2.9075 -1.9685, 1.4123 -2.8887 -1.9685, 1.398 -2.9981 -1.9685, 1.3889 -2.9762 -1.9685, 1.3858 -2.9528 -1.9685, 1.4529 -3.0402 -1.9685, 1.4311 -3.0312 -1.9685, 1.4123 -3.0168 -1.9685, 1.5217 -3.0312 -1.9685, 1.4998 -3.0402 -1.9685, 1.4764 -3.0433 -1.9685, 1.5548 -2.9981 -1.9685, 1.5404 -3.0168 -1.9685, 1.5669 -2.9528 0.1969, 1.5638 -2.9293 0.1969, 1.5548 -2.9075 0.1969, 1.5404 -2.8887 0.1969, 1.5217 -2.8744 0.1969, 1.4998 -2.8653 0.1969, 1.4764 -2.8622 0.1969, 1.4529 -2.8653 0.1969, 1.4311 -2.8744 0.1969, 1.4123 -2.8887 0.1969, 1.398 -2.9075 0.1969, 1.3889 -2.9293 0.1969, 1.3858 -2.9528 0.1969, 1.3889 -2.9762 0.1969, 1.398 -2.9981 0.1969, 1.4123 -3.0168 0.1969, 1.4311 -3.0312 0.1969, 1.4529 -3.0402 0.1969, 1.4764 -3.0433 0.1969, 1.4998 -3.0402 0.1969, 1.5217 -3.0312 0.1969, 1.5404 -3.0168 0.1969, 1.5548 -2.9981 0.1969, 1.5638 -2.9762 0.1969, 0.5705 -2.9075 -1.9685, 0.5796 -2.9293 -1.9685, 0.4921 -2.9528 -1.9685, 0.5827 -2.9528 -1.9685, 0.5796 -2.9762 -1.9685, 0.5156 -2.8653 -1.9685, 0.5374 -2.8744 -1.9685, 0.5562 -2.8887 -1.9685, 0.4469 -2.8744 -1.9685, 0.4687 -2.8653 -1.9685, 0.4921 -2.8622 -1.9685, 0.4047 -2.9293 -1.9685, 0.4137 -2.9075 -1.9685, 0.4281 -2.8887 -1.9685, 0.4137 -2.9981 -1.9685, 0.4047 -2.9762 -1.9685, 0.4016 -2.9528 -1.9685, 0.4687 -3.0402 -1.9685, 0.4469 -3.0312 -1.9685, 0.4281 -3.0168 -1.9685, 0.5374 -3.0312 -1.9685, 0.5156 -3.0402 -1.9685, 0.4921 -3.0433 -1.9685, 0.5705 -2.9981 -1.9685, 0.5562 -3.0168 -1.9685, 0.5827 -2.9528 0.1969, 0.5796 -2.9293 0.1969, 0.5705 -2.9075 0.1969, 0.5562 -2.8887 0.1969, 0.5374 -2.8744 0.1969, 0.5156 -2.8653 0.1969, 0.4921 -2.8622 0.1969, 0.4687 -2.8653 0.1969, 0.4469 -2.8744 0.1969, 0.4281 -2.8887 0.1969, 0.4137 -2.9075 0.1969, 0.4047 -2.9293 0.1969, 0.4016 -2.9528 0.1969, 0.4047 -2.9762 0.1969, 0.4137 -2.9981 0.1969, 0.4281 -3.0168 0.1969, 0.4469 -3.0312 0.1969, 0.4687 -3.0402 0.1969, 0.4921 -3.0433 0.1969, 0.5156 -3.0402 0.1969, 0.5374 -3.0312 0.1969, 0.5562 -3.0168 0.1969, 0.5705 -2.9981 0.1969, 0.5796 -2.9762 0.1969, -0.4137 -2.9075 -1.9685, -0.4047 -2.9293 -1.9685, -0.4921 -2.9528 -1.9685, -0.4016 -2.9528 -1.9685, -0.4047 -2.9762 -1.9685, -0.4687 -2.8653 -1.9685, -0.4469 -2.8744 -1.9685, -0.4281 -2.8887 -1.9685, -0.5374 -2.8744 -1.9685, -0.5156 -2.8653 -1.9685, -0.4921 -2.8622 -1.9685, -0.5796 -2.9293 -1.9685, -0.5705 -2.9075 -1.9685, -0.5562 -2.8887 -1.9685, -0.5705 -2.9981 -1.9685, -0.5796 -2.9762 -1.9685, -0.5827 -2.9528 -1.9685, -0.5156 -3.0402 -1.9685, -0.5374 -3.0312 -1.9685, -0.5562 -3.0168 -1.9685, -0.4469 -3.0312 -1.9685, -0.4687 -3.0402 -1.9685, -0.4921 -3.0433 -1.9685, -0.4137 -2.9981 -1.9685, -0.4281 -3.0168 -1.9685, -0.4016 -2.9528 0.1969, -0.4047 -2.9293 0.1969, -0.4137 -2.9075 0.1969, -0.4281 -2.8887 0.1969, -0.4469 -2.8744 0.1969, -0.4687 -2.8653 0.1969, -0.4921 -2.8622 0.1969, -0.5156 -2.8653 0.1969, -0.5374 -2.8744 0.1969, -0.5562 -2.8887 0.1969, -0.5705 -2.9075 0.1969, -0.5796 -2.9293 0.1969, -0.5827 -2.9528 0.1969, -0.5796 -2.9762 0.1969, -0.5705 -2.9981 0.1969, -0.5562 -3.0168 0.1969, -0.5374 -3.0312 0.1969, -0.5156 -3.0402 0.1969, -0.4921 -3.0433 0.1969, -0.4687 -3.0402 0.1969, -0.4469 -3.0312 0.1969, -0.4281 -3.0168 0.1969, -0.4137 -2.9981 0.1969, -0.4047 -2.9762 0.1969, -1.398 -2.9075 -1.9685, -1.3889 -2.9293 -1.9685, -1.4764 -2.9528 -1.9685, -1.3858 -2.9528 -1.9685, -1.3889 -2.9762 -1.9685, -1.4529 -2.8653 -1.9685, -1.4311 -2.8744 -1.9685, -1.4123 -2.8887 -1.9685, -1.5217 -2.8744 -1.9685, -1.4998 -2.8653 -1.9685, -1.4764 -2.8622 -1.9685, -1.5638 -2.9293 -1.9685, -1.5548 -2.9075 -1.9685, -1.5404 -2.8887 -1.9685, -1.5548 -2.9981 -1.9685, -1.5638 -2.9762 -1.9685, -1.5669 -2.9528 -1.9685, -1.4998 -3.0402 -1.9685, -1.5217 -3.0312 -1.9685, -1.5404 -3.0168 -1.9685, -1.4311 -3.0312 -1.9685, -1.4529 -3.0402 -1.9685, -1.4764 -3.0433 -1.9685, -1.398 -2.9981 -1.9685, -1.4123 -3.0168 -1.9685, -1.3858 -2.9528 0.1969, -1.3889 -2.9293 0.1969, -1.398 -2.9075 0.1969, -1.4123 -2.8887 0.1969, -1.4311 -2.8744 0.1969, -1.4529 -2.8653 0.1969, -1.4764 -2.8622 0.1969, -1.4998 -2.8653 0.1969, -1.5217 -2.8744 0.1969, -1.5404 -2.8887 0.1969, -1.5548 -2.9075 0.1969, -1.5638 -2.9293 0.1969, -1.5669 -2.9528 0.1969, -1.5638 -2.9762 0.1969, -1.5548 -2.9981 0.1969, -1.5404 -3.0168 0.1969, -1.5217 -3.0312 0.1969, -1.4998 -3.0402 0.1969, -1.4764 -3.0433 0.1969, -1.4529 -3.0402 0.1969, -1.4311 -3.0312 0.1969, -1.4123 -3.0168 0.1969, -1.398 -2.9981 0.1969, -1.3889 -2.9762 0.1969, -2.3822 -2.9075 -1.9685, -2.3732 -2.9293 -1.9685, -2.4606 -2.9528 -1.9685, -2.3701 -2.9528 -1.9685, -2.3732 -2.9762 -1.9685, -2.4372 -2.8653 -1.9685, -2.4154 -2.8744 -1.9685, -2.3966 -2.8887 -1.9685, -2.5059 -2.8744 -1.9685, -2.4841 -2.8653 -1.9685, -2.4606 -2.8622 -1.9685, -2.5481 -2.9293 -1.9685, -2.539 -2.9075 -1.9685, -2.5247 -2.8887 -1.9685, -2.539 -2.9981 -1.9685, -2.5481 -2.9762 -1.9685, -2.5512 -2.9528 -1.9685, -2.4841 -3.0402 -1.9685, -2.5059 -3.0312 -1.9685, -2.5247 -3.0168 -1.9685, -2.4154 -3.0312 -1.9685, -2.4372 -3.0402 -1.9685, -2.4606 -3.0433 -1.9685, -2.3822 -2.9981 -1.9685, -2.3966 -3.0168 -1.9685, -2.3701 -2.9528 0.1969, -2.3732 -2.9293 0.1969, -2.3822 -2.9075 0.1969, -2.3966 -2.8887 0.1969, -2.4154 -2.8744 0.1969, -2.4372 -2.8653 0.1969, -2.4606 -2.8622 0.1969, -2.4841 -2.8653 0.1969, -2.5059 -2.8744 0.1969, -2.5247 -2.8887 0.1969, -2.539 -2.9075 0.1969, -2.5481 -2.9293 0.1969, -2.5512 -2.9528 0.1969, -2.5481 -2.9762 0.1969, -2.539 -2.9981 0.1969, -2.5247 -3.0168 0.1969, -2.5059 -3.0312 0.1969, -2.4841 -3.0402 0.1969, -2.4606 -3.0433 0.1969, -2.4372 -3.0402 0.1969, -2.4154 -3.0312 0.1969, -2.3966 -3.0168 0.1969, -2.3822 -2.9981 0.1969, -2.3732 -2.9762 0.1969, -3.3665 -2.9075 -1.9685, -3.3574 -2.9293 -1.9685, -3.4449 -2.9528 -1.9685, -3.3543 -2.9528 -1.9685, -3.3574 -2.9762 -1.9685, -3.4214 -2.8653 -1.9685, -3.3996 -2.8744 -1.9685, -3.3809 -2.8887 -1.9685, -3.4902 -2.8744 -1.9685, -3.4683 -2.8653 -1.9685, -3.4449 -2.8622 -1.9685, -3.5323 -2.9293 -1.9685, -3.5233 -2.9075 -1.9685, -3.5089 -2.8887 -1.9685, -3.5233 -2.9981 -1.9685, -3.5323 -2.9762 -1.9685, -3.5354 -2.9528 -1.9685, -3.4683 -3.0402 -1.9685, -3.4902 -3.0312 -1.9685, -3.5089 -3.0168 -1.9685, -3.3996 -3.0312 -1.9685, -3.4214 -3.0402 -1.9685, -3.4449 -3.0433 -1.9685, -3.3665 -2.9981 -1.9685, -3.3809 -3.0168 -1.9685, -3.3543 -2.9528 0.1969, -3.3574 -2.9293 0.1969, -3.3665 -2.9075 0.1969, -3.3809 -2.8887 0.1969, -3.3996 -2.8744 0.1969, -3.4214 -2.8653 0.1969, -3.4449 -2.8622 0.1969, -3.4683 -2.8653 0.1969, -3.4902 -2.8744 0.1969, -3.5089 -2.8887 0.1969, -3.5233 -2.9075 0.1969, -3.5323 -2.9293 0.1969, -3.5354 -2.9528 0.1969, -3.5323 -2.9762 0.1969, -3.5233 -2.9981 0.1969, -3.5089 -3.0168 0.1969, -3.4902 -3.0312 0.1969, -3.4683 -3.0402 0.1969, -3.4449 -3.0433 0.1969, -3.4214 -3.0402 0.1969, -3.3996 -3.0312 0.1969, -3.3809 -3.0168 0.1969, -3.3665 -2.9981 0.1969, -3.3574 -2.9762 0.1969, 3.5233 2.998 -1.9685, 3.5323 2.9762 -1.9685, 3.4449 2.9527 -1.9685, 3.5354 2.9527 -1.9685, 3.5323 2.9293 -1.9685, 3.4683 3.0402 -1.9685, 3.4902 3.0312 -1.9685, 3.5089 3.0168 -1.9685, 3.3996 3.0312 -1.9685, 3.4214 3.0402 -1.9685, 3.4449 3.0433 -1.9685, 3.3574 2.9762 -1.9685, 3.3665 2.998 -1.9685, 3.3809 3.0168 -1.9685, 3.3665 2.9075 -1.9685, 3.3574 2.9293 -1.9685, 3.3543 2.9527 -1.9685, 3.4214 2.8653 -1.9685, 3.3996 2.8743 -1.9685, 3.3809 2.8887 -1.9685, 3.4902 2.8743 -1.9685, 3.4683 2.8653 -1.9685, 3.4449 2.8622 -1.9685, 3.5233 2.9075 -1.9685, 3.5089 2.8887 -1.9685, 3.5354 2.9527 0.1969, 3.5323 2.9762 0.1969, 3.5233 2.998 0.1969, 3.5089 3.0168 0.1969, 3.4902 3.0312 0.1969, 3.4683 3.0402 0.1969, 3.4449 3.0433 0.1969, 3.4214 3.0402 0.1969, 3.3996 3.0312 0.1969, 3.3809 3.0168 0.1969, 3.3665 2.998 0.1969, 3.3574 2.9762 0.1969, 3.3543 2.9527 0.1969, 3.3574 2.9293 0.1969, 3.3665 2.9075 0.1969, 3.3809 2.8887 0.1969, 3.3996 2.8743 0.1969, 3.4214 2.8653 0.1969, 3.4449 2.8622 0.1969, 3.4683 2.8653 0.1969, 3.4902 2.8743 0.1969, 3.5089 2.8887 0.1969, 3.5233 2.9075 0.1969, 3.5323 2.9293 0.1969, 2.539 2.998 -1.9685, 2.5481 2.9762 -1.9685, 2.4606 2.9527 -1.9685, 2.5512 2.9527 -1.9685, 2.5481 2.9293 -1.9685, 2.4841 3.0402 -1.9685, 2.5059 3.0312 -1.9685, 2.5247 3.0168 -1.9685, 2.4154 3.0312 -1.9685, 2.4372 3.0402 -1.9685, 2.4606 3.0433 -1.9685, 2.3732 2.9762 -1.9685, 2.3822 2.998 -1.9685, 2.3966 3.0168 -1.9685, 2.3822 2.9075 -1.9685, 2.3732 2.9293 -1.9685, 2.3701 2.9527 -1.9685, 2.4372 2.8653 -1.9685, 2.4154 2.8743 -1.9685, 2.3966 2.8887 -1.9685, 2.5059 2.8743 -1.9685, 2.4841 2.8653 -1.9685, 2.4606 2.8622 -1.9685, 2.539 2.9075 -1.9685, 2.5247 2.8887 -1.9685, 2.5512 2.9527 0.1969, 2.5481 2.9762 0.1969, 2.539 2.998 0.1969, 2.5247 3.0168 0.1969, 2.5059 3.0312 0.1969, 2.4841 3.0402 0.1969, 2.4606 3.0433 0.1969, 2.4372 3.0402 0.1969, 2.4154 3.0312 0.1969, 2.3966 3.0168 0.1969, 2.3822 2.998 0.1969, 2.3732 2.9762 0.1969, 2.3701 2.9527 0.1969, 2.3732 2.9293 0.1969, 2.3822 2.9075 0.1969, 2.3966 2.8887 0.1969, 2.4154 2.8743 0.1969, 2.4372 2.8653 0.1969, 2.4606 2.8622 0.1969, 2.4841 2.8653 0.1969, 2.5059 2.8743 0.1969, 2.5247 2.8887 0.1969, 2.539 2.9075 0.1969, 2.5481 2.9293 0.1969, 1.5548 2.998 -1.9685, 1.5638 2.9762 -1.9685, 1.4764 2.9527 -1.9685, 1.5669 2.9527 -1.9685, 1.5638 2.9293 -1.9685, 1.4998 3.0402 -1.9685, 1.5217 3.0312 -1.9685, 1.5404 3.0168 -1.9685, 1.4311 3.0312 -1.9685, 1.4529 3.0402 -1.9685, 1.4764 3.0433 -1.9685, 1.3889 2.9762 -1.9685, 1.398 2.998 -1.9685, 1.4123 3.0168 -1.9685, 1.398 2.9075 -1.9685, 1.3889 2.9293 -1.9685, 1.3858 2.9527 -1.9685, 1.4529 2.8653 -1.9685, 1.4311 2.8743 -1.9685, 1.4123 2.8887 -1.9685, 1.5217 2.8743 -1.9685, 1.4998 2.8653 -1.9685, 1.4764 2.8622 -1.9685, 1.5548 2.9075 -1.9685, 1.5404 2.8887 -1.9685, 1.5669 2.9527 0.1969, 1.5638 2.9762 0.1969, 1.5548 2.998 0.1969, 1.5404 3.0168 0.1969, 1.5217 3.0312 0.1969, 1.4998 3.0402 0.1969, 1.4764 3.0433 0.1969, 1.4529 3.0402 0.1969, 1.4311 3.0312 0.1969, 1.4123 3.0168 0.1969, 1.398 2.998 0.1969, 1.3889 2.9762 0.1969, 1.3858 2.9527 0.1969, 1.3889 2.9293 0.1969, 1.398 2.9075 0.1969, 1.4123 2.8887 0.1969, 1.4311 2.8743 0.1969, 1.4529 2.8653 0.1969, 1.4764 2.8622 0.1969, 1.4998 2.8653 0.1969, 1.5217 2.8743 0.1969, 1.5404 2.8887 0.1969, 1.5548 2.9075 0.1969, 1.5638 2.9293 0.1969, 0.5705 2.998 -1.9685, 0.5796 2.9762 -1.9685, 0.4921 2.9527 -1.9685, 0.5827 2.9527 -1.9685, 0.5796 2.9293 -1.9685, 0.5156 3.0402 -1.9685, 0.5374 3.0312 -1.9685, 0.5562 3.0168 -1.9685, 0.4469 3.0312 -1.9685, 0.4687 3.0402 -1.9685, 0.4921 3.0433 -1.9685, 0.4047 2.9762 -1.9685, 0.4137 2.998 -1.9685, 0.4281 3.0168 -1.9685, 0.4137 2.9075 -1.9685, 0.4047 2.9293 -1.9685, 0.4016 2.9527 -1.9685, 0.4687 2.8653 -1.9685, 0.4469 2.8743 -1.9685, 0.4281 2.8887 -1.9685, 0.5374 2.8743 -1.9685, 0.5156 2.8653 -1.9685, 0.4921 2.8622 -1.9685, 0.5705 2.9075 -1.9685, 0.5562 2.8887 -1.9685, 0.5827 2.9527 0.1969, 0.5796 2.9762 0.1969, 0.5705 2.998 0.1969, 0.5562 3.0168 0.1969, 0.5374 3.0312 0.1969, 0.5156 3.0402 0.1969, 0.4921 3.0433 0.1969, 0.4687 3.0402 0.1969, 0.4469 3.0312 0.1969, 0.4281 3.0168 0.1969, 0.4137 2.998 0.1969, 0.4047 2.9762 0.1969, 0.4016 2.9527 0.1969, 0.4047 2.9293 0.1969, 0.4137 2.9075 0.1969, 0.4281 2.8887 0.1969, 0.4469 2.8743 0.1969, 0.4687 2.8653 0.1969, 0.4921 2.8622 0.1969, 0.5156 2.8653 0.1969, 0.5374 2.8743 0.1969, 0.5562 2.8887 0.1969, 0.5705 2.9075 0.1969, 0.5796 2.9293 0.1969, -0.4137 2.998 -1.9685, -0.4047 2.9762 -1.9685, -0.4921 2.9527 -1.9685, -0.4016 2.9527 -1.9685, -0.4047 2.9293 -1.9685, -0.4687 3.0402 -1.9685, -0.4469 3.0312 -1.9685, -0.4281 3.0168 -1.9685, -0.5374 3.0312 -1.9685, -0.5156 3.0402 -1.9685, -0.4921 3.0433 -1.9685, -0.5796 2.9762 -1.9685, -0.5705 2.998 -1.9685, -0.5562 3.0168 -1.9685, -0.5705 2.9075 -1.9685, -0.5796 2.9293 -1.9685, -0.5827 2.9527 -1.9685, -0.5156 2.8653 -1.9685, -0.5374 2.8743 -1.9685, -0.5562 2.8887 -1.9685, -0.4469 2.8743 -1.9685, -0.4687 2.8653 -1.9685, -0.4921 2.8622 -1.9685, -0.4137 2.9075 -1.9685, -0.4281 2.8887 -1.9685, -0.4016 2.9527 0.1969, -0.4047 2.9762 0.1969, -0.4137 2.998 0.1969, -0.4281 3.0168 0.1969, -0.4469 3.0312 0.1969, -0.4687 3.0402 0.1969, -0.4921 3.0433 0.1969, -0.5156 3.0402 0.1969, -0.5374 3.0312 0.1969, -0.5562 3.0168 0.1969, -0.5705 2.998 0.1969, -0.5796 2.9762 0.1969, -0.5827 2.9527 0.1969, -0.5796 2.9293 0.1969, -0.5705 2.9075 0.1969, -0.5562 2.8887 0.1969, -0.5374 2.8743 0.1969, -0.5156 2.8653 0.1969, -0.4921 2.8622 0.1969, -0.4687 2.8653 0.1969, -0.4469 2.8743 0.1969, -0.4281 2.8887 0.1969, -0.4137 2.9075 0.1969, -0.4047 2.9293 0.1969, -1.398 2.998 -1.9685, -1.3889 2.9762 -1.9685, -1.4764 2.9527 -1.9685, -1.3858 2.9527 -1.9685, -1.3889 2.9293 -1.9685, -1.4529 3.0402 -1.9685, -1.4311 3.0312 -1.9685, -1.4123 3.0168 -1.9685, -1.5217 3.0312 -1.9685, -1.4998 3.0402 -1.9685, -1.4764 3.0433 -1.9685, -1.5638 2.9762 -1.9685, -1.5548 2.998 -1.9685, -1.5404 3.0168 -1.9685, -1.5548 2.9075 -1.9685, -1.5638 2.9293 -1.9685, -1.5669 2.9527 -1.9685, -1.4998 2.8653 -1.9685, -1.5217 2.8743 -1.9685, -1.5404 2.8887 -1.9685, -1.4311 2.8743 -1.9685, -1.4529 2.8653 -1.9685, -1.4764 2.8622 -1.9685, -1.398 2.9075 -1.9685, -1.4123 2.8887 -1.9685, -1.3858 2.9527 0.1969, -1.3889 2.9762 0.1969, -1.398 2.998 0.1969, -1.4123 3.0168 0.1969, -1.4311 3.0312 0.1969, -1.4529 3.0402 0.1969, -1.4764 3.0433 0.1969, -1.4998 3.0402 0.1969, -1.5217 3.0312 0.1969, -1.5404 3.0168 0.1969, -1.5548 2.998 0.1969, -1.5638 2.9762 0.1969, -1.5669 2.9527 0.1969, -1.5638 2.9293 0.1969, -1.5548 2.9075 0.1969, -1.5404 2.8887 0.1969, -1.5217 2.8743 0.1969, -1.4998 2.8653 0.1969, -1.4764 2.8622 0.1969, -1.4529 2.8653 0.1969, -1.4311 2.8743 0.1969, -1.4123 2.8887 0.1969, -1.398 2.9075 0.1969, -1.3889 2.9293 0.1969
            ]
        }
        coordIndex [
            0,1,2,-1,2,1,3,-1,2,3,4,-1,5,6,2,-1,2,6,7,-1,2,7,0,-1,8,9,2,-1,2,9,10,-1,2,10,5,-1,11,12,2,-1,2,12,13,-1,2,13,8,-1,14,15,2,-1,2,15,16,-1,2,16,11,-1,17,18,2,-1,2,18,19,-1,2,19,14,-1,20,21,2,-1,2,21,22,-1,2,22,17,-1,4,23,2,-1,2,23,24,-1,2,24,20,-1,25,1,26,-1,26,1,0,-1,26,0,27,-1,27,0,7,-1,27,7,28,-1,28,7,6,-1,28,6,29,-1,29,6,5,-1,29,5,30,-1,30,5,10,-1,30,10,31,-1,31,10,9,-1,31,9,32,-1,32,9,8,-1,32,8,33,-1,33,8,13,-1,33,13,34,-1,34,13,12,-1,34,12,35,-1,35,12,11,-1,35,11,36,-1,36,11,16,-1,36,16,37,-1,37,16,15,-1,37,15,38,-1,38,15,14,-1,38,14,39,-1,39,14,19,-1,39,19,40,-1,40,19,18,-1,40,18,41,-1,41,18,17,-1,41,17,42,-1,42,17,22,-1,42,22,43,-1,43,22,21,-1,43,21,44,-1,44,21,20,-1,44,20,45,-1,45,20,24,-1,45,24,46,-1,46,24,23,-1,46,23,47,-1,47,23,4,-1,47,4,48,-1,48,4,3,-1,48,3,25,-1,25,3,1,-1,49,50,51,-1,51,50,52,-1,51,52,53,-1,54,55,51,-1,51,55,56,-1,51,56,49,-1,57,58,51,-1,51,58,59,-1,51,59,54,-1,60,61,51,-1,51,61,62,-1,51,62,57,-1,63,64,51,-1,51,64,65,-1,51,65,60,-1,66,67,51,-1,51,67,68,-1,51,68,63,-1,69,70,51,-1,51,70,71,-1,51,71,66,-1,53,72,51,-1,51,72,73,-1,51,73,69,-1,74,50,75,-1,75,50,49,-1,75,49,76,-1,76,49,56,-1,76,56,77,-1,77,56,55,-1,77,55,78,-1,78,55,54,-1,78,54,79,-1,79,54,59,-1,79,59,80,-1,80,59,58,-1,80,58,81,-1,81,58,57,-1,81,57,82,-1,82,57,62,-1,82,62,83,-1,83,62,61,-1,83,61,84,-1,84,61,60,-1,84,60,85,-1,85,60,65,-1,85,65,86,-1,86,65,64,-1,86,64,87,-1,87,64,63,-1,87,63,88,-1,88,63,68,-1,88,68,89,-1,89,68,67,-1,89,67,90,-1,90,67,66,-1,90,66,91,-1,91,66,71,-1,91,71,92,-1,92,71,70,-1,92,70,93,-1,93,70,69,-1,93,69,94,-1,94,69,73,-1,94,73,95,-1,95,73,72,-1,95,72,96,-1,96,72,53,-1,96,53,97,-1,97,53,52,-1,97,52,74,-1,74,52,50,-1,98,99,100,-1,100,99,101,-1,100,101,102,-1,103,104,100,-1,100,104,105,-1,100,105,98,-1,106,107,100,-1,100,107,108,-1,100,108,103,-1,109,110,100,-1,100,110,111,-1,100,111,106,-1,112,113,100,-1,100,113,114,-1,100,114,109,-1,115,116,100,-1,100,116,117,-1,100,117,112,-1,118,119,100,-1,100,119,120,-1,100,120,115,-1,102,121,100,-1,100,121,122,-1,100,122,118,-1,123,99,124,-1,124,99,98,-1,124,98,125,-1,125,98,105,-1,125,105,126,-1,126,105,104,-1,126,104,127,-1,127,104,103,-1,127,103,128,-1,128,103,108,-1,128,108,129,-1,129,108,107,-1,129,107,130,-1,130,107,106,-1,130,106,131,-1,131,106,111,-1,131,111,132,-1,132,111,110,-1,132,110,133,-1,133,110,109,-1,133,109,134,-1,134,109,114,-1,134,114,135,-1,135,114,113,-1,135,113,136,-1,136,113,112,-1,136,112,137,-1,137,112,117,-1,137,117,138,-1,138,117,116,-1,138,116,139,-1,139,116,115,-1,139,115,140,-1,140,115,120,-1,140,120,141,-1,141,120,119,-1,141,119,142,-1,142,119,118,-1,142,118,143,-1,143,118,122,-1,143,122,144,-1,144,122,121,-1,144,121,145,-1,145,121,102,-1,145,102,146,-1,146,102,101,-1,146,101,123,-1,123,101,99,-1,147,148,149,-1,149,148,150,-1,149,150,151,-1,152,153,149,-1,149,153,154,-1,149,154,147,-1,155,156,149,-1,149,156,157,-1,149,157,152,-1,158,159,149,-1,149,159,160,-1,149,160,155,-1,161,162,149,-1,149,162,163,-1,149,163,158,-1,164,165,149,-1,149,165,166,-1,149,166,161,-1,167,168,149,-1,149,168,169,-1,149,169,164,-1,151,170,149,-1,149,170,171,-1,149,171,167,-1,172,148,173,-1,173,148,147,-1,173,147,174,-1,174,147,154,-1,174,154,175,-1,175,154,153,-1,175,153,176,-1,176,153,152,-1,176,152,177,-1,177,152,157,-1,177,157,178,-1,178,157,156,-1,178,156,179,-1,179,156,155,-1,179,155,180,-1,180,155,160,-1,180,160,181,-1,181,160,159,-1,181,159,182,-1,182,159,158,-1,182,158,183,-1,183,158,163,-1,183,163,184,-1,184,163,162,-1,184,162,185,-1,185,162,161,-1,185,161,186,-1,186,161,166,-1,186,166,187,-1,187,166,165,-1,187,165,188,-1,188,165,164,-1,188,164,189,-1,189,164,169,-1,189,169,190,-1,190,169,168,-1,190,168,191,-1,191,168,167,-1,191,167,192,-1,192,167,171,-1,192,171,193,-1,193,171,170,-1,193,170,194,-1,194,170,151,-1,194,151,195,-1,195,151,150,-1,195,150,172,-1,172,150,148,-1,196,197,198,-1,198,197,199,-1,198,199,200,-1,201,202,198,-1,198,202,203,-1,198,203,196,-1,204,205,198,-1,198,205,206,-1,198,206,201,-1,207,208,198,-1,198,208,209,-1,198,209,204,-1,210,211,198,-1,198,211,212,-1,198,212,207,-1,213,214,198,-1,198,214,215,-1,198,215,210,-1,216,217,198,-1,198,217,218,-1,198,218,213,-1,200,219,198,-1,198,219,220,-1,198,220,216,-1,221,197,222,-1,222,197,196,-1,222,196,223,-1,223,196,203,-1,223,203,224,-1,224,203,202,-1,224,202,225,-1,225,202,201,-1,225,201,226,-1,226,201,206,-1,226,206,227,-1,227,206,205,-1,227,205,228,-1,228,205,204,-1,228,204,229,-1,229,204,209,-1,229,209,230,-1,230,209,208,-1,230,208,231,-1,231,208,207,-1,231,207,232,-1,232,207,212,-1,232,212,233,-1,233,212,211,-1,233,211,234,-1,234,211,210,-1,234,210,235,-1,235,210,215,-1,235,215,236,-1,236,215,214,-1,236,214,237,-1,237,214,213,-1,237,213,238,-1,238,213,218,-1,238,218,239,-1,239,218,217,-1,239,217,240,-1,240,217,216,-1,240,216,241,-1,241,216,220,-1,241,220,242,-1,242,220,219,-1,242,219,243,-1,243,219,200,-1,243,200,244,-1,244,200,199,-1,244,199,221,-1,221,199,197,-1,245,246,247,-1,247,246,248,-1,247,248,249,-1,250,251,247,-1,247,251,252,-1,247,252,245,-1,253,254,247,-1,247,254,255,-1,247,255,250,-1,256,257,247,-1,247,257,258,-1,247,258,253,-1,259,260,247,-1,247,260,261,-1,247,261,256,-1,262,263,247,-1,247,263,264,-1,247,264,259,-1,265,266,247,-1,247,266,267,-1,247,267,262,-1,249,268,247,-1,247,268,269,-1,247,269,265,-1,270,246,271,-1,271,246,245,-1,271,245,272,-1,272,245,252,-1,272,252,273,-1,273,252,251,-1,273,251,274,-1,274,251,250,-1,274,250,275,-1,275,250,255,-1,275,255,276,-1,276,255,254,-1,276,254,277,-1,277,254,253,-1,277,253,278,-1,278,253,258,-1,278,258,279,-1,279,258,257,-1,279,257,280,-1,280,257,256,-1,280,256,281,-1,281,256,261,-1,281,261,282,-1,282,261,260,-1,282,260,283,-1,283,260,259,-1,283,259,284,-1,284,259,264,-1,284,264,285,-1,285,264,263,-1,285,263,286,-1,286,263,262,-1,286,262,287,-1,287,262,267,-1,287,267,288,-1,288,267,266,-1,288,266,289,-1,289,266,265,-1,289,265,290,-1,290,265,269,-1,290,269,291,-1,291,269,268,-1,291,268,292,-1,292,268,249,-1,292,249,293,-1,293,249,248,-1,293,248,270,-1,270,248,246,-1,294,295,296,-1,296,295,297,-1,296,297,298,-1,299,300,296,-1,296,300,301,-1,296,301,294,-1,302,303,296,-1,296,303,304,-1,296,304,299,-1,305,306,296,-1,296,306,307,-1,296,307,302,-1,308,309,296,-1,296,309,310,-1,296,310,305,-1,311,312,296,-1,296,312,313,-1,296,313,308,-1,314,315,296,-1,296,315,316,-1,296,316,311,-1,298,317,296,-1,296,317,318,-1,296,318,314,-1,319,295,320,-1,320,295,294,-1,320,294,321,-1,321,294,301,-1,321,301,322,-1,322,301,300,-1,322,300,323,-1,323,300,299,-1,323,299,324,-1,324,299,304,-1,324,304,325,-1,325,304,303,-1,325,303,326,-1,326,303,302,-1,326,302,327,-1,327,302,307,-1,327,307,328,-1,328,307,306,-1,328,306,329,-1,329,306,305,-1,329,305,330,-1,330,305,310,-1,330,310,331,-1,331,310,309,-1,331,309,332,-1,332,309,308,-1,332,308,333,-1,333,308,313,-1,333,313,334,-1,334,313,312,-1,334,312,335,-1,335,312,311,-1,335,311,336,-1,336,311,316,-1,336,316,337,-1,337,316,315,-1,337,315,338,-1,338,315,314,-1,338,314,339,-1,339,314,318,-1,339,318,340,-1,340,318,317,-1,340,317,341,-1,341,317,298,-1,341,298,342,-1,342,298,297,-1,342,297,319,-1,319,297,295,-1,343,344,345,-1,345,344,346,-1,345,346,347,-1,348,349,345,-1,345,349,350,-1,345,350,343,-1,351,352,345,-1,345,352,353,-1,345,353,348,-1,354,355,345,-1,345,355,356,-1,345,356,351,-1,357,358,345,-1,345,358,359,-1,345,359,354,-1,360,361,345,-1,345,361,362,-1,345,362,357,-1,363,364,345,-1,345,364,365,-1,345,365,360,-1,347,366,345,-1,345,366,367,-1,345,367,363,-1,368,344,369,-1,369,344,343,-1,369,343,370,-1,370,343,350,-1,370,350,371,-1,371,350,349,-1,371,349,372,-1,372,349,348,-1,372,348,373,-1,373,348,353,-1,373,353,374,-1,374,353,352,-1,374,352,375,-1,375,352,351,-1,375,351,376,-1,376,351,356,-1,376,356,377,-1,377,356,355,-1,377,355,378,-1,378,355,354,-1,378,354,379,-1,379,354,359,-1,379,359,380,-1,380,359,358,-1,380,358,381,-1,381,358,357,-1,381,357,382,-1,382,357,362,-1,382,362,383,-1,383,362,361,-1,383,361,384,-1,384,361,360,-1,384,360,385,-1,385,360,365,-1,385,365,386,-1,386,365,364,-1,386,364,387,-1,387,364,363,-1,387,363,388,-1,388,363,367,-1,388,367,389,-1,389,367,366,-1,389,366,390,-1,390,366,347,-1,390,347,391,-1,391,347,346,-1,391,346,368,-1,368,346,344,-1,392,393,394,-1,394,393,395,-1,394,395,396,-1,397,398,394,-1,394,398,399,-1,394,399,392,-1,400,401,394,-1,394,401,402,-1,394,402,397,-1,403,404,394,-1,394,404,405,-1,394,405,400,-1,406,407,394,-1,394,407,408,-1,394,408,403,-1,409,410,394,-1,394,410,411,-1,394,411,406,-1,412,413,394,-1,394,413,414,-1,394,414,409,-1,396,415,394,-1,394,415,416,-1,394,416,412,-1,417,393,418,-1,418,393,392,-1,418,392,419,-1,419,392,399,-1,419,399,420,-1,420,399,398,-1,420,398,421,-1,421,398,397,-1,421,397,422,-1,422,397,402,-1,422,402,423,-1,423,402,401,-1,423,401,424,-1,424,401,400,-1,424,400,425,-1,425,400,405,-1,425,405,426,-1,426,405,404,-1,426,404,427,-1,427,404,403,-1,427,403,428,-1,428,403,408,-1,428,408,429,-1,429,408,407,-1,429,407,430,-1,430,407,406,-1,430,406,431,-1,431,406,411,-1,431,411,432,-1,432,411,410,-1,432,410,433,-1,433,410,409,-1,433,409,434,-1,434,409,414,-1,434,414,435,-1,435,414,413,-1,435,413,436,-1,436,413,412,-1,436,412,437,-1,437,412,416,-1,437,416,438,-1,438,416,415,-1,438,415,439,-1,439,415,396,-1,439,396,440,-1,440,396,395,-1,440,395,417,-1,417,395,393,-1,441,442,443,-1,443,442,444,-1,443,444,445,-1,446,447,443,-1,443,447,448,-1,443,448,441,-1,449,450,443,-1,443,450,451,-1,443,451,446,-1,452,453,443,-1,443,453,454,-1,443,454,449,-1,455,456,443,-1,443,456,457,-1,443,457,452,-1,458,459,443,-1,443,459,460,-1,443,460,455,-1,461,462,443,-1,443,462,463,-1,443,463,458,-1,445,464,443,-1,443,464,465,-1,443,465,461,-1,466,442,467,-1,467,442,441,-1,467,441,468,-1,468,441,448,-1,468,448,469,-1,469,448,447,-1,469,447,470,-1,470,447,446,-1,470,446,471,-1,471,446,451,-1,471,451,472,-1,472,451,450,-1,472,450,473,-1,473,450,449,-1,473,449,474,-1,474,449,454,-1,474,454,475,-1,475,454,453,-1,475,453,476,-1,476,453,452,-1,476,452,477,-1,477,452,457,-1,477,457,478,-1,478,457,456,-1,478,456,479,-1,479,456,455,-1,479,455,480,-1,480,455,460,-1,480,460,481,-1,481,460,459,-1,481,459,482,-1,482,459,458,-1,482,458,483,-1,483,458,463,-1,483,463,484,-1,484,463,462,-1,484,462,485,-1,485,462,461,-1,485,461,486,-1,486,461,465,-1,486,465,487,-1,487,465,464,-1,487,464,488,-1,488,464,445,-1,488,445,489,-1,489,445,444,-1,489,444,466,-1,466,444,442,-1,490,491,492,-1,492,491,493,-1,492,493,494,-1,495,496,492,-1,492,496,497,-1,492,497,490,-1,498,499,492,-1,492,499,500,-1,492,500,495,-1,501,502,492,-1,492,502,503,-1,492,503,498,-1,504,505,492,-1,492,505,506,-1,492,506,501,-1,507,508,492,-1,492,508,509,-1,492,509,504,-1,510,511,492,-1,492,511,512,-1,492,512,507,-1,494,513,492,-1,492,513,514,-1,492,514,510,-1,515,491,516,-1,516,491,490,-1,516,490,517,-1,517,490,497,-1,517,497,518,-1,518,497,496,-1,518,496,519,-1,519,496,495,-1,519,495,520,-1,520,495,500,-1,520,500,521,-1,521,500,499,-1,521,499,522,-1,522,499,498,-1,522,498,523,-1,523,498,503,-1,523,503,524,-1,524,503,502,-1,524,502,525,-1,525,502,501,-1,525,501,526,-1,526,501,506,-1,526,506,527,-1,527,506,505,-1,527,505,528,-1,528,505,504,-1,528,504,529,-1,529,504,509,-1,529,509,530,-1,530,509,508,-1,530,508,531,-1,531,508,507,-1,531,507,532,-1,532,507,512,-1,532,512,533,-1,533,512,511,-1,533,511,534,-1,534,511,510,-1,534,510,535,-1,535,510,514,-1,535,514,536,-1,536,514,513,-1,536,513,537,-1,537,513,494,-1,537,494,538,-1,538,494,493,-1,538,493,515,-1,515,493,491,-1,539,540,541,-1,541,540,542,-1,541,542,543,-1,544,545,541,-1,541,545,546,-1,541,546,539,-1,547,548,541,-1,541,548,549,-1,541,549,544,-1,550,551,541,-1,541,551,552,-1,541,552,547,-1,553,554,541,-1,541,554,555,-1,541,555,550,-1,556,557,541,-1,541,557,558,-1,541,558,553,-1,559,560,541,-1,541,560,561,-1,541,561,556,-1,543,562,541,-1,541,562,563,-1,541,563,559,-1,564,540,565,-1,565,540,539,-1,565,539,566,-1,566,539,546,-1,566,546,567,-1,567,546,545,-1,567,545,568,-1,568,545,544,-1,568,544,569,-1,569,544,549,-1,569,549,570,-1,570,549,548,-1,570,548,571,-1,571,548,547,-1,571,547,572,-1,572,547,552,-1,572,552,573,-1,573,552,551,-1,573,551,574,-1,574,551,550,-1,574,550,575,-1,575,550,555,-1,575,555,576,-1,576,555,554,-1,576,554,577,-1,577,554,553,-1,577,553,578,-1,578,553,558,-1,578,558,579,-1,579,558,557,-1,579,557,580,-1,580,557,556,-1,580,556,581,-1,581,556,561,-1,581,561,582,-1,582,561,560,-1,582,560,583,-1,583,560,559,-1,583,559,584,-1,584,559,563,-1,584,563,585,-1,585,563,562,-1,585,562,586,-1,586,562,543,-1,586,543,587,-1,587,543,542,-1,587,542,564,-1,564,542,540,-1,588,589,590,-1,590,589,591,-1,590,591,592,-1,593,594,590,-1,590,594,595,-1,590,595,588,-1,596,597,590,-1,590,597,598,-1,590,598,593,-1,599,600,590,-1,590,600,601,-1,590,601,596,-1,602,603,590,-1,590,603,604,-1,590,604,599,-1,605,606,590,-1,590,606,607,-1,590,607,602,-1,608,609,590,-1,590,609,610,-1,590,610,605,-1,592,611,590,-1,590,611,612,-1,590,612,608,-1,613,589,614,-1,614,589,588,-1,614,588,615,-1,615,588,595,-1,615,595,616,-1,616,595,594,-1,616,594,617,-1,617,594,593,-1,617,593,618,-1,618,593,598,-1,618,598,619,-1,619,598,597,-1,619,597,620,-1,620,597,596,-1,620,596,621,-1,621,596,601,-1,621,601,622,-1,622,601,600,-1,622,600,623,-1,623,600,599,-1,623,599,624,-1,624,599,604,-1,624,604,625,-1,625,604,603,-1,625,603,626,-1,626,603,602,-1,626,602,627,-1,627,602,607,-1,627,607,628,-1,628,607,606,-1,628,606,629,-1,629,606,605,-1,629,605,630,-1,630,605,610,-1,630,610,631,-1,631,610,609,-1,631,609,632,-1,632,609,608,-1,632,608,633,-1,633,608,612,-1,633,612,634,-1,634,612,611,-1,634,611,635,-1,635,611,592,-1,635,592,636,-1,636,592,591,-1,636,591,613,-1,613,591,589,-1,637,638,639,-1,639,638,640,-1,639,640,641,-1,642,643,639,-1,639,643,644,-1,639,644,637,-1,645,646,639,-1,639,646,647,-1,639,647,642,-1,648,649,639,-1,639,649,650,-1,639,650,645,-1,651,652,639,-1,639,652,653,-1,639,653,648,-1,654,655,639,-1,639,655,656,-1,639,656,651,-1,657,658,639,-1,639,658,659,-1,639,659,654,-1,641,660,639,-1,639,660,661,-1,639,661,657,-1,662,638,663,-1,663,638,637,-1,663,637,664,-1,664,637,644,-1,664,644,665,-1,665,644,643,-1,665,643,666,-1,666,643,642,-1,666,642,667,-1,667,642,647,-1,667,647,668,-1,668,647,646,-1,668,646,669,-1,669,646,645,-1,669,645,670,-1,670,645,650,-1,670,650,671,-1,671,650,649,-1,671,649,672,-1,672,649,648,-1,672,648,673,-1,673,648,653,-1,673,653,674,-1,674,653,652,-1,674,652,675,-1,675,652,651,-1,675,651,676,-1,676,651,656,-1,676,656,677,-1,677,656,655,-1,677,655,678,-1,678,655,654,-1,678,654,679,-1,679,654,659,-1,679,659,680,-1,680,659,658,-1,680,658,681,-1,681,658,657,-1,681,657,682,-1,682,657,661,-1,682,661,683,-1,683,661,660,-1,683,660,684,-1,684,660,641,-1,684,641,685,-1,685,641,640,-1,685,640,662,-1,662,640,638,-1,
        ]
    }
}
Shape{
    appearance Appearance {
        material  Material 	{
            diffuseColor 1.0 1.0 1.0
            specularColor 0.5019607843137255 0.5019607843137255 0.5019607843137255
            ambientIntensity 1.0
            transparency 0.0
            shininess 0.5
        }
    }
    geometry IndexedFaceSet {
        ccw TRUE
        solid FALSE
        coord DEF co Coordinate {
            point [
                3.9764 3.9764 0.0, 3.9764 3.9764 2.3228, 3.9764 2.9527 2.3228, 3.9764 1.9685 2.3228, 3.9764 0.9842 2.3228, 3.9764 -3.9764 0.0, 3.9764 -0.0 2.3228, 3.9764 -0.9843 2.3228, 3.9764 -1.9685 2.3228, 3.9764 -2.9528 2.3228, 3.9764 -3.8977 2.3228, 3.9764 -3.9764 2.3228, -3.9764 -3.9764 2.3228, -3.9764 -3.8977 2.3228, -3.9764 -3.9764 0.0, -3.9764 -2.9528 2.3228, -3.9764 -1.9685 2.3228, -3.9764 -0.9843 2.3228, -3.9764 3.9764 0.0, -3.9764 -0.0 2.3228, -3.9764 0.9842 2.3228, -3.9764 1.9685 2.3228, -3.9764 2.9527 2.3228, -3.9764 3.9764 2.3228, 2.9528 -3.9764 2.3228, 1.9685 -3.9764 2.3228, 0.9843 -3.9764 2.3228, 0.0 -3.9764 2.3228, -0.9843 -3.9764 2.3228, -1.9685 -3.9764 2.3228, -2.9528 -3.9764 2.3228, -3.8976 -3.9764 2.3228
            ]
        }
        coordIndex [
            0,1,2,-1,2,3,0,-1,0,3,4,-1,0,4,5,-1,4,6,5,-1,5,6,7,-1,5,7,8,-1,8,9,5,-1,5,9,10,-1,5,10,11,-1,12,13,14,-1,14,13,15,-1,15,16,14,-1,14,16,17,-1,14,17,18,-1,18,17,19,-1,18,19,20,-1,20,21,18,-1,18,21,22,-1,18,22,23,-1,11,24,5,-1,5,24,25,-1,25,26,5,-1,5,26,27,-1,5,27,14,-1,14,27,28,-1,14,28,29,-1,29,30,14,-1,14,30,31,-1,14,31,12,-1,
        ]
    }
}
Shape{
    appearance Appearance {
        material  Material 	{
            diffuseColor 0.2235294117647059 0.2235294117647059 0.2235294117647059
            specularColor 0.11372549019607843 0.11372549019607843 0.11372549019607843
            ambientIntensity 0.2235
            transparency 0.0
            shininess 0.5
        }
    }
    geometry IndexedFaceSet {
        ccw TRUE
        solid FALSE
        coord DEF co Coordinate {
            point [
                3.9764 -3.9764 2.3228, 3.9764 -3.8977 2.3228, 2.9528 -3.8977 2.3228, -3.0836 -1.3796 2.3228, -3.0709 -1.4764 2.3228, -2.9528 -0.9843 2.3228, -3.0836 -0.3953 2.3228, -3.0709 -0.4921 2.3228, -2.9528 -0.0 2.3228, -3.0836 0.5889 2.3228, -3.0709 0.4921 2.3228, -2.9528 0.9842 2.3228, 1.8504 1.4764 2.3228, 1.9685 0.9842 2.3228, 1.9685 1.9685 2.3228, -3.0836 2.5574 2.3228, -3.0709 2.4606 2.3228, -2.9528 2.9527 2.3228, 3.7094 3.1804 2.3228, 3.6319 3.121 2.3228, 3.9764 2.9527 2.3228, 3.7688 3.2579 2.3228, 3.1804 3.1804 2.3228, 3.121 3.2579 2.3228, 2.9528 2.9527 2.3228, 3.2579 3.121 2.3228, 3.1804 3.7093 2.3228, 3.2579 3.7688 2.3228, 2.9528 3.9764 2.3228, 3.7094 3.7093 2.3228, 3.7688 3.6319 2.3228, 3.9764 3.9764 2.3228, 3.5417 3.0836 2.3228, 3.4449 3.0708 2.3228, 3.3481 3.0836 2.3228, 3.121 3.6319 2.3228, 3.6319 3.7688 2.3228, 3.0836 3.3481 2.3228, 3.0709 3.4449 2.3228, 3.0836 3.5417 2.3228, 3.8062 3.5417 2.3228, 3.8189 3.4449 2.3228, 3.8062 3.3481 2.3228, 3.3481 3.8061 2.3228, 3.4449 3.8189 2.3228, 3.5417 3.8061 2.3228, 2.4606 3.0708 2.3228, 2.3638 3.0836 2.3228, 1.9685 2.9527 2.3228, 2.7845 3.2579 2.3228, 2.7251 3.1804 2.3228, 2.2736 3.7688 2.3228, 1.9685 3.9764 2.3228, 2.1962 3.7093 2.3228, 2.1367 3.6319 2.3228, 2.6476 3.121 2.3228, 2.5574 3.0836 2.3228, 2.2736 3.121 2.3228, 2.1962 3.1804 2.3228, 2.1367 3.2579 2.3228, 2.5574 3.8061 2.3228, 2.4606 3.8189 2.3228, 2.3638 3.8061 2.3228, 2.6476 3.7688 2.3228, 2.7251 3.7093 2.3228, 2.7845 3.6319 2.3228, 2.0994 3.3481 2.3228, 2.0866 3.4449 2.3228, 2.0994 3.5417 2.3228, 2.8219 3.5417 2.3228, 2.8346 3.4449 2.3228, 2.8219 3.3481 2.3228, 1.7408 3.1804 2.3228, 1.6634 3.121 2.3228, 1.2119 3.7093 2.3228, 1.2894 3.7688 2.3228, 0.9843 3.9764 2.3228, 1.8003 3.2579 2.3228, 1.2894 3.121 2.3228, 1.2119 3.1804 2.3228, 0.9843 2.9527 2.3228, 1.1525 3.2579 2.3228, 1.5732 3.0836 2.3228, 1.4764 3.0708 2.3228, 1.3796 3.0836 2.3228, 1.1525 3.6319 2.3228, 1.5732 3.8061 2.3228, 1.4764 3.8189 2.3228, 1.3796 3.8061 2.3228, 1.6634 3.7688 2.3228, 1.7408 3.7093 2.3228, 1.8003 3.6319 2.3228, 1.8376 3.5417 2.3228, 1.8504 3.4449 2.3228, 1.8376 3.3481 2.3228, 1.1151 3.3481 2.3228, 1.1024 3.4449 2.3228, 1.1151 3.5417 2.3228, 0.4921 3.0708 2.3228, 0.3953 3.0836 2.3228, 0.0 2.9527 2.3228, 0.816 3.2579 2.3228, 0.7566 3.1804 2.3228, 0.8534 3.5417 2.3228, 0.8661 3.4449 2.3228, 0.8534 3.3481 2.3228, 0.6791 3.121 2.3228, 0.5889 3.0836 2.3228, 0.6791 3.7688 2.3228, 0.7566 3.7093 2.3228, 0.816 3.6319 2.3228, 0.3051 3.121 2.3228, 0.2277 3.1804 2.3228, 0.1682 3.2579 2.3228, 0.3051 3.7688 2.3228, 0.0 3.9764 2.3228, 0.2277 3.7093 2.3228, 0.1682 3.6319 2.3228, 0.1309 3.3481 2.3228, 0.1181 3.4449 2.3228, 0.1309 3.5417 2.3228, 0.3953 3.8061 2.3228, 0.4921 3.8189 2.3228, 0.5889 3.8061 2.3228, -0.2277 3.1804 2.3228, -0.3051 3.121 2.3228, -0.7566 3.1804 2.3228, -0.816 3.2579 2.3228, -0.9843 2.9527 2.3228, -0.1682 3.2579 2.3228, -0.6791 3.121 2.3228, -0.1682 3.6319 2.3228, -0.2277 3.7093 2.3228, -0.3051 3.7688 2.3228, -0.3953 3.0836 2.3228, -0.4921 3.0708 2.3228, -0.5889 3.0836 2.3228, -0.1309 3.5417 2.3228, -0.1181 3.4449 2.3228, -0.1309 3.3481 2.3228, -0.6791 3.7688 2.3228, -0.9843 3.9764 2.3228, -0.7566 3.7093 2.3228, -0.816 3.6319 2.3228, -0.8534 3.3481 2.3228, -0.8661 3.4449 2.3228, -0.8534 3.5417 2.3228, -0.5889 3.8061 2.3228, -0.4921 3.8189 2.3228, -0.3953 3.8061 2.3228, -1.2119 3.1804 2.3228, -1.2894 3.121 2.3228, -1.1525 3.2579 2.3228, -1.1151 3.5417 2.3228, -1.1024 3.4449 2.3228, -1.1151 3.3481 2.3228, -1.3796 3.0836 2.3228, -1.4764 3.0708 2.3228, -1.9685 2.9527 2.3228, -1.5732 3.0836 2.3228, -1.6634 3.121 2.3228, -1.7408 3.1804 2.3228, -1.8003 3.2579 2.3228, -1.2894 3.7688 2.3228, -1.2119 3.7093 2.3228, -1.1525 3.6319 2.3228, -1.6634 3.7688 2.3228, -1.9685 3.9764 2.3228, -1.7408 3.7093 2.3228, -1.8003 3.6319 2.3228, -1.5732 3.8061 2.3228, -1.4764 3.8189 2.3228, -1.3796 3.8061 2.3228, -1.8376 3.3481 2.3228, -1.8504 3.4449 2.3228, -1.8376 3.5417 2.3228, -2.4606 3.0708 2.3228, -2.5574 3.0836 2.3228, -2.1367 3.2579 2.3228, -2.1962 3.1804 2.3228, -2.6476 3.7688 2.3228, -2.9528 3.9764 2.3228, -2.7251 3.7093 2.3228, -2.7845 3.6319 2.3228, -2.2736 3.121 2.3228, -2.3638 3.0836 2.3228, -2.6476 3.121 2.3228, -2.7251 3.1804 2.3228, -2.7845 3.2579 2.3228, -2.3638 3.8061 2.3228, -2.4606 3.8189 2.3228, -2.5574 3.8061 2.3228, -2.2736 3.7688 2.3228, -2.1962 3.7093 2.3228, -2.1367 3.6319 2.3228, -2.8219 3.3481 2.3228, -2.8346 3.4449 2.3228, -2.8219 3.5417 2.3228, -2.0994 3.5417 2.3228, -2.0866 3.4449 2.3228, -2.0994 3.3481 2.3228, -3.1804 3.1804 2.3228, -3.2579 3.121 2.3228, -3.121 3.2579 2.3228, -3.7094 3.1804 2.3228, -3.7688 3.2579 2.3228, -3.8976 2.9527 2.3228, -3.6319 3.121 2.3228, -3.7094 3.7093 2.3228, -3.6319 3.7688 2.3228, -3.8976 3.9764 2.3228, -3.1804 3.7093 2.3228, -3.121 3.6319 2.3228, -3.3481 3.0836 2.3228, -3.4449 3.0708 2.3228, -3.5417 3.0836 2.3228, -3.7688 3.6319 2.3228, -3.2579 3.7688 2.3228, -3.8062 3.3481 2.3228, -3.8189 3.4449 2.3228, -3.8062 3.5417 2.3228, -3.0836 3.5417 2.3228, -3.0709 3.4449 2.3228, -3.0836 3.3481 2.3228, -3.5417 3.8061 2.3228, -3.4449 3.8189 2.3228, -3.3481 3.8061 2.3228, 3.0709 2.4606 2.3228, 3.0836 2.5574 2.3228, 3.7094 2.1961 2.3228, 3.6319 2.1367 2.3228, 3.9764 1.9685 2.3228, 3.7688 2.2736 2.3228, 3.121 2.6476 2.3228, 3.1804 2.7251 2.3228, 3.2579 2.7845 2.3228, 3.2579 2.1367 2.3228, 3.1804 2.1961 2.3228, 2.9528 1.9685 2.3228, 3.7688 2.6476 2.3228, 3.7094 2.7251 2.3228, 3.6319 2.7845 2.3228, 3.8062 2.5574 2.3228, 3.8189 2.4606 2.3228, 3.8062 2.3638 2.3228, 3.121 2.2736 2.3228, 3.0836 2.3638 2.3228, 3.5417 2.0993 2.3228, 3.4449 2.0866 2.3228, 3.3481 2.0993 2.3228, 3.3481 2.8219 2.3228, 3.4449 2.8346 2.3228, 3.5417 2.8219 2.3228, 2.8346 2.4606 2.3228, 2.8219 2.3638 2.3228, 2.1962 2.1961 2.3228, 2.1367 2.2736 2.3228, 2.7845 2.2736 2.3228, 2.7251 2.1961 2.3228, 2.6476 2.1367 2.3228, 2.2736 2.1367 2.3228, 2.7251 2.7251 2.3228, 2.6476 2.7845 2.3228, 2.5574 2.8219 2.3228, 2.7845 2.6476 2.3228, 2.8219 2.5574 2.3228, 2.5574 2.0993 2.3228, 2.4606 2.0866 2.3228, 2.3638 2.0993 2.3228, 2.1367 2.6476 2.3228, 2.1962 2.7251 2.3228, 2.4606 2.8346 2.3228, 2.0994 2.3638 2.3228, 2.0866 2.4606 2.3228, 2.0994 2.5574 2.3228, 2.2736 2.7845 2.3228, 2.3638 2.8219 2.3228, 1.7408 2.1961 2.3228, 1.6634 2.1367 2.3228, 1.5732 2.8219 2.3228, 1.4764 2.8346 2.3228, 1.3796 2.8219 2.3228, 1.2894 2.7845 2.3228, 1.6634 2.7845 2.3228, 1.7408 2.7251 2.3228, 1.8003 2.6476 2.3228, 1.8003 2.2736 2.3228, 1.1151 2.5574 2.3228, 1.1525 2.6476 2.3228, 1.2119 2.7251 2.3228, 1.8376 2.5574 2.3228, 1.8504 2.4606 2.3228, 1.8376 2.3638 2.3228, 1.1024 2.4606 2.3228, 0.9843 1.9685 2.3228, 1.1151 2.3638 2.3228, 1.5732 2.0993 2.3228, 1.4764 2.0866 2.3228, 1.3796 2.0993 2.3228, 1.2894 2.1367 2.3228, 1.2119 2.1961 2.3228, 1.1525 2.2736 2.3228, 0.4921 2.8346 2.3228, 0.5889 2.8219 2.3228, 0.6791 2.7845 2.3228, 0.7566 2.7251 2.3228, 0.816 2.6476 2.3228, 0.816 2.2736 2.3228, 0.7566 2.1961 2.3228, 0.1682 2.6476 2.3228, 0.2277 2.7251 2.3228, 0.8534 2.5574 2.3228, 0.8661 2.4606 2.3228, 0.8534 2.3638 2.3228, 0.3051 2.7845 2.3228, 0.3953 2.8219 2.3228, 0.6791 2.1367 2.3228, 0.5889 2.0993 2.3228, 0.4921 2.0866 2.3228, 0.0 1.9685 2.3228, 0.3953 2.0993 2.3228, 0.3051 2.1367 2.3228, 0.2277 2.1961 2.3228, 0.1682 2.2736 2.3228, 0.1309 2.3638 2.3228, 0.1181 2.4606 2.3228, 0.1309 2.5574 2.3228, -0.3051 2.7845 2.3228, -0.2277 2.7251 2.3228, -0.1682 2.6476 2.3228, -0.2277 2.1961 2.3228, -0.3051 2.1367 2.3228, -0.6791 2.7845 2.3228, -0.5889 2.8219 2.3228, -0.4921 2.8346 2.3228, -0.3953 2.8219 2.3228, -0.1682 2.2736 2.3228, -0.8534 2.5574 2.3228, -0.816 2.6476 2.3228, -0.7566 2.7251 2.3228, -0.1309 2.5574 2.3228, -0.1181 2.4606 2.3228, -0.1309 2.3638 2.3228, -0.3953 2.0993 2.3228, -0.4921 2.0866 2.3228, -0.9843 1.9685 2.3228, -0.5889 2.0993 2.3228, -0.6791 2.1367 2.3228, -0.8661 2.4606 2.3228, -0.8534 2.3638 2.3228, -0.7566 2.1961 2.3228, -0.816 2.2736 2.3228, -1.2119 2.1961 2.3228, -1.2894 2.1367 2.3228, -1.1525 2.2736 2.3228, -1.6634 2.1367 2.3228, -1.7408 2.1961 2.3228, -1.9685 1.9685 2.3228, -1.3796 2.0993 2.3228, -1.4764 2.0866 2.3228, -1.5732 2.0993 2.3228, -1.8003 2.2736 2.3228, -1.8376 2.3638 2.3228, -1.8504 2.4606 2.3228, -1.8376 2.5574 2.3228, -1.8003 2.6476 2.3228, -1.7408 2.7251 2.3228, -1.6634 2.7845 2.3228, -1.3796 2.8219 2.3228, -1.4764 2.8346 2.3228, -1.5732 2.8219 2.3228, -1.2894 2.7845 2.3228, -1.2119 2.7251 2.3228, -1.1525 2.6476 2.3228, -1.1151 2.5574 2.3228, -1.1024 2.4606 2.3228, -1.1151 2.3638 2.3228, -2.0866 2.4606 2.3228, -2.0994 2.3638 2.3228, -2.7251 2.1961 2.3228, -2.7845 2.2736 2.3228, -2.9528 1.9685 2.3228, -2.1367 2.2736 2.3228, -2.1962 2.1961 2.3228, -2.2736 2.1367 2.3228, -2.6476 2.1367 2.3228, -2.1962 2.7251 2.3228, -2.2736 2.7845 2.3228, -2.3638 2.8219 2.3228, -2.1367 2.6476 2.3228, -2.0994 2.5574 2.3228, -2.3638 2.0993 2.3228, -2.4606 2.0866 2.3228, -2.5574 2.0993 2.3228, -2.7845 2.6476 2.3228, -2.7251 2.7251 2.3228, -2.4606 2.8346 2.3228, -2.8219 2.3638 2.3228, -2.8346 2.4606 2.3228, -2.8219 2.5574 2.3228, -2.6476 2.7845 2.3228, -2.5574 2.8219 2.3228, -3.1804 2.1961 2.3228, -3.2579 2.1367 2.3228, -3.121 2.2736 2.3228, -3.7094 2.1961 2.3228, -3.7688 2.2736 2.3228, -3.8976 1.9685 2.3228, -3.0836 2.3638 2.3228, -3.6319 2.1367 2.3228, -3.6319 2.7845 2.3228, -3.7094 2.7251 2.3228, -3.7688 2.6476 2.3228, -3.2579 2.7845 2.3228, -3.1804 2.7251 2.3228, -3.121 2.6476 2.3228, -3.8062 2.3638 2.3228, -3.8189 2.4606 2.3228, -3.8062 2.5574 2.3228, -3.3481 2.0993 2.3228, -3.4449 2.0866 2.3228, -3.5417 2.0993 2.3228, -3.5417 2.8219 2.3228, -3.4449 2.8346 2.3228, -3.3481 2.8219 2.3228, 3.7688 1.2893 2.3228, 3.7094 1.2119 2.3228, 3.9764 0.9842 2.3228, 3.6319 1.1525 2.3228, 3.1804 1.7408 2.3228, 3.2579 1.8003 2.3228, 3.7688 1.6634 2.3228, 3.7094 1.7408 2.3228, 3.6319 1.8003 2.3228, 3.8062 1.5732 2.3228, 3.8189 1.4764 2.3228, 3.8062 1.3796 2.3228, 3.2579 1.1525 2.3228, 3.1804 1.2119 2.3228, 2.9528 0.9842 2.3228, 3.0709 1.4764 2.3228, 3.0836 1.5732 2.3228, 3.121 1.6634 2.3228, 3.3481 1.8376 2.3228, 3.4449 1.8504 2.3228, 3.5417 1.8376 2.3228, 3.5417 1.1151 2.3228, 3.4449 1.1023 2.3228, 3.3481 1.1151 2.3228, 3.121 1.2893 2.3228, 3.0836 1.3796 2.3228, 2.8346 1.4764 2.3228, 2.8219 1.3796 2.3228, 2.1962 1.2119 2.3228, 2.1367 1.2893 2.3228, 2.1367 1.6634 2.3228, 2.1962 1.7408 2.3228, 2.2736 1.8003 2.3228, 2.7845 1.2893 2.3228, 2.7251 1.2119 2.3228, 2.6476 1.1525 2.3228, 2.2736 1.1525 2.3228, 2.6476 1.8003 2.3228, 2.7251 1.7408 2.3228, 2.5574 1.1151 2.3228, 2.4606 1.1023 2.3228, 2.3638 1.1151 2.3228, 2.3638 1.8376 2.3228, 2.4606 1.8504 2.3228, 2.5574 1.8376 2.3228, 2.7845 1.6634 2.3228, 2.8219 1.5732 2.3228, 2.0994 1.3796 2.3228, 2.0866 1.4764 2.3228, 2.0994 1.5732 2.3228, 1.4764 1.1023 2.3228, 1.3796 1.1151 2.3228, 0.9843 0.9842 2.3228, 1.8376 1.3796 2.3228, 1.8003 1.2893 2.3228, 1.7408 1.2119 2.3228, 1.2894 1.1525 2.3228, 1.2119 1.2119 2.3228, 1.1525 1.2893 2.3228, 1.6634 1.8003 2.3228, 1.7408 1.7408 2.3228, 1.6634 1.1525 2.3228, 1.5732 1.1151 2.3228, 1.1525 1.6634 2.3228, 1.2119 1.7408 2.3228, 1.2894 1.8003 2.3228, 1.8003 1.6634 2.3228, 1.8376 1.5732 2.3228, 1.3796 1.8376 2.3228, 1.4764 1.8504 2.3228, 1.5732 1.8376 2.3228, 1.1151 1.3796 2.3228, 1.1024 1.4764 2.3228, 1.1151 1.5732 2.3228, 0.816 1.2893 2.3228, 0.7566 1.2119 2.3228, 0.6791 1.1525 2.3228, 0.1682 1.6634 2.3228, 0.2277 1.7408 2.3228, 0.4921 1.8504 2.3228, 0.5889 1.8376 2.3228, 0.3051 1.1525 2.3228, 0.2277 1.2119 2.3228, 0.0 0.9842 2.3228, 0.1682 1.2893 2.3228, 0.3051 1.8003 2.3228, 0.3953 1.8376 2.3228, 0.6791 1.8003 2.3228, 0.7566 1.7408 2.3228, 0.816 1.6634 2.3228, 0.8534 1.5732 2.3228, 0.8661 1.4764 2.3228, 0.8534 1.3796 2.3228, 0.5889 1.1151 2.3228, 0.4921 1.1023 2.3228, 0.3953 1.1151 2.3228, 0.1309 1.3796 2.3228, 0.1181 1.4764 2.3228, 0.1309 1.5732 2.3228, -0.4921 1.1023 2.3228, -0.5889 1.1151 2.3228, -0.9843 0.9842 2.3228, -0.1682 1.2893 2.3228, -0.2277 1.2119 2.3228, -0.816 1.6634 2.3228, -0.7566 1.7408 2.3228, -0.6791 1.8003 2.3228, -0.3051 1.8003 2.3228, -0.2277 1.7408 2.3228, -0.1682 1.6634 2.3228, -0.6791 1.1525 2.3228, -0.7566 1.2119 2.3228, -0.816 1.2893 2.3228, -0.5889 1.8376 2.3228, -0.4921 1.8504 2.3228, -0.3953 1.8376 2.3228, -0.1309 1.5732 2.3228, -0.1181 1.4764 2.3228, -0.1309 1.3796 2.3228, -0.8534 1.3796 2.3228, -0.8661 1.4764 2.3228, -0.8534 1.5732 2.3228, -0.3051 1.1525 2.3228, -0.3953 1.1151 2.3228, -1.1525 1.2893 2.3228, -1.2119 1.2119 2.3228, -1.2894 1.1525 2.3228, -1.6634 1.1525 2.3228, -1.7408 1.2119 2.3228, -1.9685 0.9842 2.3228, -1.3796 1.1151 2.3228, -1.4764 1.1023 2.3228, -1.5732 1.1151 2.3228, -1.8504 1.4764 2.3228, -1.8376 1.5732 2.3228, -1.8003 1.6634 2.3228, -1.7408 1.7408 2.3228, -1.6634 1.8003 2.3228, -1.3796 1.8376 2.3228, -1.4764 1.8504 2.3228, -1.5732 1.8376 2.3228, -1.8003 1.2893 2.3228, -1.8376 1.3796 2.3228, -1.2894 1.8003 2.3228, -1.2119 1.7408 2.3228, -1.1525 1.6634 2.3228, -1.1151 1.5732 2.3228, -1.1024 1.4764 2.3228, -1.1151 1.3796 2.3228, -2.0866 1.4764 2.3228, -2.0994 1.3796 2.3228, -2.7251 1.2119 2.3228, -2.7845 1.2893 2.3228, -2.7845 1.6634 2.3228, -2.7251 1.7408 2.3228, -2.6476 1.8003 2.3228, -2.1367 1.2893 2.3228, -2.1962 1.2119 2.3228, -2.2736 1.1525 2.3228, -2.6476 1.1525 2.3228, -2.2736 1.8003 2.3228, -2.1962 1.7408 2.3228, -2.3638 1.1151 2.3228, -2.4606 1.1023 2.3228, -2.5574 1.1151 2.3228, -2.5574 1.8376 2.3228, -2.4606 1.8504 2.3228, -2.3638 1.8376 2.3228, -2.1367 1.6634 2.3228, -2.0994 1.5732 2.3228, -2.8219 1.3796 2.3228, -2.8346 1.4764 2.3228, -2.8219 1.5732 2.3228, -3.121 1.2893 2.3228, -3.1804 1.2119 2.3228, -3.2579 1.1525 2.3228, -3.7094 1.2119 2.3228, -3.7688 1.2893 2.3228, -3.8976 0.9842 2.3228, -3.121 1.6634 2.3228, -3.1804 1.7408 2.3228, -3.2579 1.8003 2.3228, -3.0836 1.5732 2.3228, -3.0709 1.4764 2.3228, -3.0836 1.3796 2.3228, -3.6319 1.8003 2.3228, -3.7094 1.7408 2.3228, -3.7688 1.6634 2.3228, -3.6319 1.1525 2.3228, -3.5417 1.8376 2.3228, -3.4449 1.8504 2.3228, -3.3481 1.8376 2.3228, -3.3481 1.1151 2.3228, -3.4449 1.1023 2.3228, -3.5417 1.1151 2.3228, -3.8062 1.3796 2.3228, -3.8189 1.4764 2.3228, -3.8062 1.5732 2.3228, 3.7094 0.2276 2.3228, 3.6319 0.1682 2.3228, 3.9764 -0.0 2.3228, 3.7688 0.3051 2.3228, 3.6319 0.816 2.3228, 3.7094 0.7566 2.3228, 3.7688 0.6791 2.3228, 3.2579 0.1682 2.3228, 3.1804 0.2276 2.3228, 2.9528 -0.0 2.3228, 3.121 0.3051 2.3228, 3.2579 0.816 2.3228, 3.1804 0.7566 2.3228, 3.121 0.6791 2.3228, 3.3481 0.8534 2.3228, 3.4449 0.8661 2.3228, 3.5417 0.8534 2.3228, 3.8062 0.5889 2.3228, 3.8189 0.4921 2.3228, 3.8062 0.3953 2.3228, 3.5417 0.1308 2.3228, 3.4449 0.1181 2.3228, 3.3481 0.1308 2.3228, 3.0836 0.3953 2.3228, 3.0709 0.4921 2.3228, 3.0836 0.5889 2.3228, 2.7845 0.3051 2.3228, 2.7251 0.2276 2.3228, 2.2736 0.1682 2.3228, 2.1962 0.2276 2.3228, 1.9685 -0.0 2.3228, 2.1367 0.3051 2.3228, 2.6476 0.816 2.3228, 2.7251 0.7566 2.3228, 2.7845 0.6791 2.3228, 2.8219 0.5889 2.3228, 2.8346 0.4921 2.3228, 2.8219 0.3953 2.3228, 2.4606 0.1181 2.3228, 2.3638 0.1308 2.3228, 2.2736 0.816 2.3228, 2.1962 0.7566 2.3228, 2.1367 0.6791 2.3228, 2.6476 0.1682 2.3228, 2.5574 0.1308 2.3228, 2.3638 0.8534 2.3228, 2.4606 0.8661 2.3228, 2.5574 0.8534 2.3228, 2.0994 0.3953 2.3228, 2.0866 0.4921 2.3228, 2.0994 0.5889 2.3228, 1.8003 0.6791 2.3228, 1.8376 0.5889 2.3228, 1.8504 0.4921 2.3228, 1.8376 0.3953 2.3228, 1.5732 0.8534 2.3228, 1.6634 0.816 2.3228, 1.7408 0.7566 2.3228, 1.8003 0.3051 2.3228, 1.7408 0.2276 2.3228, 1.6634 0.1682 2.3228, 1.4764 0.8661 2.3228, 1.2894 0.1682 2.3228, 1.2119 0.2276 2.3228, 0.9843 -0.0 2.3228, 1.1525 0.3051 2.3228, 1.5732 0.1308 2.3228, 1.4764 0.1181 2.3228, 1.3796 0.1308 2.3228, 1.1525 0.6791 2.3228, 1.2119 0.7566 2.3228, 1.2894 0.816 2.3228, 1.3796 0.8534 2.3228, 1.1151 0.3953 2.3228, 1.1024 0.4921 2.3228, 1.1151 0.5889 2.3228, 0.6791 0.816 2.3228, 0.7566 0.7566 2.3228, 0.816 0.6791 2.3228, 0.8534 0.3953 2.3228, 0.8661 0.4921 2.3228, 0.8534 0.5889 2.3228, 0.816 0.3051 2.3228, 0.7566 0.2276 2.3228, 0.6791 0.1682 2.3228, 0.1682 0.6791 2.3228, 0.2277 0.7566 2.3228, 0.3051 0.816 2.3228, 0.3953 0.8534 2.3228, 0.4921 0.8661 2.3228, 0.5889 0.8534 2.3228, 0.3953 0.1308 2.3228, 0.0 -0.0 2.3228, 0.4921 0.1181 2.3228, 0.5889 0.1308 2.3228, 0.3051 0.1682 2.3228, 0.2277 0.2276 2.3228, 0.1682 0.3051 2.3228, 0.1309 0.3953 2.3228, 0.1181 0.4921 2.3228, 0.1309 0.5889 2.3228, -0.3953 0.8534 2.3228, -0.3051 0.816 2.3228, -0.2277 0.7566 2.3228, -0.1682 0.6791 2.3228, -0.1309 0.3953 2.3228, -0.1181 0.4921 2.3228, -0.1309 0.5889 2.3228, -0.4921 0.8661 2.3228, -0.1682 0.3051 2.3228, -0.2277 0.2276 2.3228, -0.3051 0.1682 2.3228, -0.6791 0.1682 2.3228, -0.7566 0.2276 2.3228, -0.9843 -0.0 2.3228, -0.816 0.3051 2.3228, -0.816 0.6791 2.3228, -0.7566 0.7566 2.3228, -0.3953 0.1308 2.3228, -0.4921 0.1181 2.3228, -0.5889 0.1308 2.3228, -0.6791 0.816 2.3228, -0.5889 0.8534 2.3228, -0.8534 0.3953 2.3228, -0.8661 0.4921 2.3228, -0.8534 0.5889 2.3228, -1.8003 0.6791 2.3228, -1.7408 0.7566 2.3228, -1.6634 0.816 2.3228, -1.2894 0.816 2.3228, -1.2119 0.7566 2.3228, -1.1525 0.6791 2.3228, -1.1151 0.3953 2.3228, -1.1024 0.4921 2.3228, -1.1151 0.5889 2.3228, -1.1525 0.3051 2.3228, -1.2119 0.2276 2.3228, -1.2894 0.1682 2.3228, -1.6634 0.1682 2.3228, -1.7408 0.2276 2.3228, -1.9685 -0.0 2.3228, -1.8003 0.3051 2.3228, -1.5732 0.8534 2.3228, -1.4764 0.8661 2.3228, -1.3796 0.8534 2.3228, -1.3796 0.1308 2.3228, -1.4764 0.1181 2.3228, -1.5732 0.1308 2.3228, -1.8376 0.3953 2.3228, -1.8504 0.4921 2.3228, -1.8376 0.5889 2.3228, -2.6476 0.1682 2.3228, -2.7251 0.2276 2.3228, -2.7845 0.3051 2.3228, -2.2736 0.816 2.3228, -2.1962 0.7566 2.3228, -2.1367 0.6791 2.3228, -2.0994 0.5889 2.3228, -2.0866 0.4921 2.3228, -2.0994 0.3953 2.3228, -2.6476 0.816 2.3228, -2.7251 0.7566 2.3228, -2.7845 0.6791 2.3228, -2.1367 0.3051 2.3228, -2.1962 0.2276 2.3228, -2.2736 0.1682 2.3228, -2.3638 0.1308 2.3228, -2.4606 0.1181 2.3228, -2.5574 0.1308 2.3228, -2.5574 0.8534 2.3228, -2.4606 0.8661 2.3228, -2.3638 0.8534 2.3228, -2.8219 0.3953 2.3228, -2.8346 0.4921 2.3228, -2.8219 0.5889 2.3228, -3.1804 0.2276 2.3228, -3.2579 0.1682 2.3228, -3.121 0.3051 2.3228, -3.0836 0.3953 2.3228, -3.6319 0.1682 2.3228, -3.7094 0.2276 2.3228, -3.8976 -0.0 2.3228, -3.7688 0.3051 2.3228, -3.2579 0.816 2.3228, -3.1804 0.7566 2.3228, -3.121 0.6791 2.3228, -3.3481 0.1308 2.3228, -3.4449 0.1181 2.3228, -3.5417 0.1308 2.3228, -3.7688 0.6791 2.3228, -3.7094 0.7566 2.3228, -3.6319 0.816 2.3228, -3.5417 0.8534 2.3228, -3.4449 0.8661 2.3228, -3.3481 0.8534 2.3228, -3.8062 0.3953 2.3228, -3.8189 0.4921 2.3228, -3.8062 0.5889 2.3228, 3.8062 -0.5889 2.3228, 3.9764 -0.9843 2.3228, 3.8189 -0.4921 2.3228, 3.8062 -0.3953 2.3228, 3.7688 -0.6792 2.3228, 3.7094 -0.7566 2.3228, 3.6319 -0.8161 2.3228, 3.6319 -0.1682 2.3228, 3.7094 -0.2277 2.3228, 3.7688 -0.3051 2.3228, 3.0709 -0.4921 2.3228, 3.0836 -0.3953 2.3228, 3.121 -0.3051 2.3228, 3.1804 -0.2277 2.3228, 3.2579 -0.1682 2.3228, 3.2579 -0.8161 2.3228, 3.1804 -0.7566 2.3228, 2.9528 -0.9843 2.3228, 3.121 -0.6792 2.3228, 3.0836 -0.5889 2.3228, 3.3481 -0.1309 2.3228, 3.4449 -0.1181 2.3228, 3.5417 -0.1309 2.3228, 3.5417 -0.8534 2.3228, 3.4449 -0.8662 2.3228, 3.3481 -0.8534 2.3228, 2.0866 -0.4921 2.3228, 2.0994 -0.3953 2.3228, 2.6476 -0.1682 2.3228, 2.7251 -0.2277 2.3228, 2.8346 -0.4921 2.3228, 2.8219 -0.5889 2.3228, 2.1367 -0.3051 2.3228, 2.1962 -0.2277 2.3228, 2.2736 -0.1682 2.3228, 2.7845 -0.3051 2.3228, 2.8219 -0.3953 2.3228, 2.7845 -0.6792 2.3228, 2.7251 -0.7566 2.3228, 2.6476 -0.8161 2.3228, 2.2736 -0.8161 2.3228, 2.1962 -0.7566 2.3228, 1.9685 -0.9843 2.3228, 2.5574 -0.8534 2.3228, 2.4606 -0.8662 2.3228, 2.3638 -0.8534 2.3228, 2.1367 -0.6792 2.3228, 2.0994 -0.5889 2.3228, 2.3638 -0.1309 2.3228, 2.4606 -0.1181 2.3228, 2.5574 -0.1309 2.3228, 1.8376 -0.5889 2.3228, 1.8003 -0.6792 2.3228, 1.7408 -0.7566 2.3228, 1.6634 -0.8161 2.3228, 1.8504 -0.4921 2.3228, 1.2894 -0.8161 2.3228, 1.2119 -0.7566 2.3228, 0.9843 -0.9843 2.3228, 1.1525 -0.6792 2.3228, 1.6634 -0.1682 2.3228, 1.7408 -0.2277 2.3228, 1.8003 -0.3051 2.3228, 1.8376 -0.3953 2.3228, 1.5732 -0.8534 2.3228, 1.4764 -0.8662 2.3228, 1.3796 -0.8534 2.3228, 1.2894 -0.1682 2.3228, 1.2119 -0.2277 2.3228, 1.1525 -0.3051 2.3228, 1.1151 -0.5889 2.3228, 1.1024 -0.4921 2.3228, 1.1151 -0.3953 2.3228, 1.3796 -0.1309 2.3228, 1.4764 -0.1181 2.3228, 1.5732 -0.1309 2.3228, 0.4921 -0.8662 2.3228, 0.3953 -0.8534 2.3228, 0.0 -0.9843 2.3228, 0.816 -0.6792 2.3228, 0.7566 -0.7566 2.3228, 0.3051 -0.8161 2.3228, 0.2277 -0.7566 2.3228, 0.1682 -0.6792 2.3228, 0.6791 -0.1682 2.3228, 0.7566 -0.2277 2.3228, 0.816 -0.3051 2.3228, 0.6791 -0.8161 2.3228, 0.5889 -0.8534 2.3228, 0.8534 -0.3953 2.3228, 0.8661 -0.4921 2.3228, 0.8534 -0.5889 2.3228, 0.1309 -0.5889 2.3228, 0.1181 -0.4921 2.3228, 0.1309 -0.3953 2.3228, 0.1682 -0.3051 2.3228, 0.2277 -0.2277 2.3228, 0.3051 -0.1682 2.3228, 0.3953 -0.1309 2.3228, 0.4921 -0.1181 2.3228, 0.5889 -0.1309 2.3228, -0.1682 -0.6792 2.3228, -0.2277 -0.7566 2.3228, -0.3051 -0.8161 2.3228, -0.6791 -0.8161 2.3228, -0.7566 -0.7566 2.3228, -0.9843 -0.9843 2.3228, -0.816 -0.6792 2.3228, -0.3953 -0.8534 2.3228, -0.4921 -0.8662 2.3228, -0.5889 -0.8534 2.3228, -0.8534 -0.5889 2.3228, -0.8661 -0.4921 2.3228, -0.8534 -0.3953 2.3228, -0.3051 -0.1682 2.3228, -0.2277 -0.2277 2.3228, -0.1682 -0.3051 2.3228, -0.816 -0.3051 2.3228, -0.7566 -0.2277 2.3228, -0.6791 -0.1682 2.3228, -0.5889 -0.1309 2.3228, -0.4921 -0.1181 2.3228, -0.3953 -0.1309 2.3228, -0.1309 -0.3953 2.3228, -0.1181 -0.4921 2.3228, -0.1309 -0.5889 2.3228, -1.7408 -0.2277 2.3228, -1.6634 -0.1682 2.3228, -1.2894 -0.1682 2.3228, -1.2119 -0.2277 2.3228, -1.1525 -0.3051 2.3228, -1.1525 -0.6792 2.3228, -1.2119 -0.7566 2.3228, -1.2894 -0.8161 2.3228, -1.6634 -0.8161 2.3228, -1.7408 -0.7566 2.3228, -1.9685 -0.9843 2.3228, -1.1151 -0.3953 2.3228, -1.1024 -0.4921 2.3228, -1.1151 -0.5889 2.3228, -1.3796 -0.8534 2.3228, -1.4764 -0.8662 2.3228, -1.5732 -0.8534 2.3228, -1.8504 -0.4921 2.3228, -1.8376 -0.3953 2.3228, -1.8003 -0.3051 2.3228, -1.5732 -0.1309 2.3228, -1.4764 -0.1181 2.3228, -1.3796 -0.1309 2.3228, -1.8003 -0.6792 2.3228, -1.8376 -0.5889 2.3228, -2.8346 -0.4921 2.3228, -2.8219 -0.3953 2.3228, -2.2736 -0.1682 2.3228, -2.1962 -0.2277 2.3228, -2.0866 -0.4921 2.3228, -2.0994 -0.5889 2.3228, -2.7845 -0.3051 2.3228, -2.7251 -0.2277 2.3228, -2.6476 -0.1682 2.3228, -2.1367 -0.3051 2.3228, -2.0994 -0.3953 2.3228, -2.1367 -0.6792 2.3228, -2.1962 -0.7566 2.3228, -2.2736 -0.8161 2.3228, -2.6476 -0.8161 2.3228, -2.7251 -0.7566 2.3228, -2.3638 -0.8534 2.3228, -2.4606 -0.8662 2.3228, -2.5574 -0.8534 2.3228, -2.7845 -0.6792 2.3228, -2.8219 -0.5889 2.3228, -2.5574 -0.1309 2.3228, -2.4606 -0.1181 2.3228, -2.3638 -0.1309 2.3228, -3.0836 -0.5889 2.3228, -3.121 -0.6792 2.3228, -3.1804 -0.7566 2.3228, -3.2579 -0.8161 2.3228, -3.7094 -0.7566 2.3228, -3.7688 -0.6792 2.3228, -3.8976 -0.9843 2.3228, -3.2579 -0.1682 2.3228, -3.1804 -0.2277 2.3228, -3.121 -0.3051 2.3228, -3.6319 -0.1682 2.3228, -3.7094 -0.2277 2.3228, -3.7688 -0.3051 2.3228, -3.6319 -0.8161 2.3228, -3.5417 -0.1309 2.3228, -3.4449 -0.1181 2.3228, -3.3481 -0.1309 2.3228, -3.3481 -0.8534 2.3228, -3.4449 -0.8662 2.3228, -3.5417 -0.8534 2.3228, -3.8062 -0.5889 2.3228, -3.8189 -0.4921 2.3228, -3.8062 -0.3953 2.3228, 3.7094 -1.7409 2.3228, 3.6319 -1.8003 2.3228, 3.9764 -1.9685 2.3228, 3.7688 -1.6634 2.3228, 3.7094 -1.2119 2.3228, 3.7688 -1.2894 2.3228, 3.6319 -1.1525 2.3228, 3.8062 -1.3796 2.3228, 3.8189 -1.4764 2.3228, 3.8062 -1.5732 2.3228, 3.2579 -1.8003 2.3228, 3.1804 -1.7409 2.3228, 2.9528 -1.9685 2.3228, 3.0709 -1.4764 2.3228, 3.0836 -1.3796 2.3228, 3.121 -1.2894 2.3228, 3.1804 -1.2119 2.3228, 3.2579 -1.1525 2.3228, 3.3481 -1.1151 2.3228, 3.4449 -1.1024 2.3228, 3.5417 -1.1151 2.3228, 3.121 -1.6634 2.3228, 3.0836 -1.5732 2.3228, 3.5417 -1.8377 2.3228, 3.4449 -1.8504 2.3228, 3.3481 -1.8377 2.3228, 2.4606 -1.8504 2.3228, 2.3638 -1.8377 2.3228, 1.9685 -1.9685 2.3228, 2.6476 -1.8003 2.3228, 2.5574 -1.8377 2.3228, 2.8346 -1.4764 2.3228, 2.8219 -1.5732 2.3228, 2.7845 -1.6634 2.3228, 2.7251 -1.7409 2.3228, 2.2736 -1.8003 2.3228, 2.1962 -1.7409 2.3228, 2.1367 -1.6634 2.3228, 2.6476 -1.1525 2.3228, 2.7251 -1.2119 2.3228, 2.0994 -1.5732 2.3228, 2.0866 -1.4764 2.3228, 2.0994 -1.3796 2.3228, 2.7845 -1.2894 2.3228, 2.8219 -1.3796 2.3228, 2.1367 -1.2894 2.3228, 2.1962 -1.2119 2.3228, 2.2736 -1.1525 2.3228, 2.3638 -1.1151 2.3228, 2.4606 -1.1024 2.3228, 2.5574 -1.1151 2.3228, 1.6634 -1.1525 2.3228, 1.7408 -1.2119 2.3228, 1.8003 -1.2894 2.3228, 1.8003 -1.6634 2.3228, 1.7408 -1.7409 2.3228, 1.6634 -1.8003 2.3228, 1.5732 -1.8377 2.3228, 1.1151 -1.3796 2.3228, 1.1024 -1.4764 2.3228, 0.9843 -1.9685 2.3228, 1.1151 -1.5732 2.3228, 1.1525 -1.2894 2.3228, 1.2119 -1.2119 2.3228, 1.2894 -1.1525 2.3228, 1.8376 -1.3796 2.3228, 1.8504 -1.4764 2.3228, 1.8376 -1.5732 2.3228, 1.3796 -1.1151 2.3228, 1.4764 -1.1024 2.3228, 1.5732 -1.1151 2.3228, 1.4764 -1.8504 2.3228, 1.3796 -1.8377 2.3228, 1.2894 -1.8003 2.3228, 1.2119 -1.7409 2.3228, 1.1525 -1.6634 2.3228, 0.816 -1.6634 2.3228, 0.7566 -1.7409 2.3228, 0.6791 -1.8003 2.3228, 0.5889 -1.8377 2.3228, 0.4921 -1.8504 2.3228, 0.4921 -1.1024 2.3228, 0.5889 -1.1151 2.3228, 0.6791 -1.1525 2.3228, 0.7566 -1.2119 2.3228, 0.816 -1.2894 2.3228, 0.3953 -1.8377 2.3228, 0.0 -1.9685 2.3228, 0.8534 -1.3796 2.3228, 0.8661 -1.4764 2.3228, 0.8534 -1.5732 2.3228, 0.1682 -1.2894 2.3228, 0.2277 -1.2119 2.3228, 0.3051 -1.8003 2.3228, 0.2277 -1.7409 2.3228, 0.1682 -1.6634 2.3228, 0.3051 -1.1525 2.3228, 0.3953 -1.1151 2.3228, 0.1309 -1.5732 2.3228, 0.1181 -1.4764 2.3228, 0.1309 -1.3796 2.3228, -0.2277 -1.7409 2.3228, -0.3051 -1.8003 2.3228, -0.3051 -1.1525 2.3228, -0.2277 -1.2119 2.3228, -0.1682 -1.2894 2.3228, -0.1682 -1.6634 2.3228, -0.8534 -1.3796 2.3228, -0.8661 -1.4764 2.3228, -0.9843 -1.9685 2.3228, -0.8534 -1.5732 2.3228, -0.816 -1.2894 2.3228, -0.7566 -1.2119 2.3228, -0.6791 -1.1525 2.3228, -0.5889 -1.1151 2.3228, -0.4921 -1.1024 2.3228, -0.3953 -1.1151 2.3228, -0.1309 -1.3796 2.3228, -0.1181 -1.4764 2.3228, -0.1309 -1.5732 2.3228, -0.3953 -1.8377 2.3228, -0.4921 -1.8504 2.3228, -0.5889 -1.8377 2.3228, -0.6791 -1.8003 2.3228, -0.7566 -1.7409 2.3228, -0.816 -1.6634 2.3228, -1.1525 -1.6634 2.3228, -1.2119 -1.7409 2.3228, -1.2894 -1.8003 2.3228, -1.3796 -1.8377 2.3228, -1.4764 -1.8504 2.3228, -1.5732 -1.8377 2.3228, -1.9685 -1.9685 2.3228, -1.6634 -1.8003 2.3228, -1.7408 -1.7409 2.3228, -1.7408 -1.2119 2.3228, -1.6634 -1.1525 2.3228, -1.8003 -1.6634 2.3228, -1.8376 -1.5732 2.3228, -1.8504 -1.4764 2.3228, -1.8376 -1.3796 2.3228, -1.8003 -1.2894 2.3228, -1.2894 -1.1525 2.3228, -1.2119 -1.2119 2.3228, -1.1525 -1.2894 2.3228, -1.5732 -1.1151 2.3228, -1.4764 -1.1024 2.3228, -1.3796 -1.1151 2.3228, -1.1151 -1.3796 2.3228, -1.1024 -1.4764 2.3228, -1.1151 -1.5732 2.3228, -2.4606 -1.8504 2.3228, -2.5574 -1.8377 2.3228, -2.9528 -1.9685 2.3228, -2.2736 -1.8003 2.3228, -2.3638 -1.8377 2.3228, -2.0866 -1.4764 2.3228, -2.0994 -1.5732 2.3228, -2.1367 -1.6634 2.3228, -2.1962 -1.7409 2.3228, -2.6476 -1.8003 2.3228, -2.7251 -1.7409 2.3228, -2.7845 -1.6634 2.3228, -2.2736 -1.1525 2.3228, -2.1962 -1.2119 2.3228, -2.8219 -1.5732 2.3228, -2.8346 -1.4764 2.3228, -2.8219 -1.3796 2.3228, -2.1367 -1.2894 2.3228, -2.0994 -1.3796 2.3228, -2.7845 -1.2894 2.3228, -2.7251 -1.2119 2.3228, -2.6476 -1.1525 2.3228, -2.5574 -1.1151 2.3228, -2.4606 -1.1024 2.3228, -2.3638 -1.1151 2.3228, -3.1804 -1.7409 2.3228, -3.2579 -1.8003 2.3228, -3.121 -1.6634 2.3228, -3.7094 -1.7409 2.3228, -3.7688 -1.6634 2.3228, -3.8976 -1.9685 2.3228, -3.0836 -1.5732 2.3228, -3.6319 -1.8003 2.3228, -3.8062 -1.3796 2.3228, -3.8189 -1.4764 2.3228, -3.8062 -1.5732 2.3228, -3.7688 -1.2894 2.3228, -3.7094 -1.2119 2.3228, -3.6319 -1.1525 2.3228, -3.2579 -1.1525 2.3228, -3.1804 -1.2119 2.3228, -3.121 -1.2894 2.3228, -3.3481 -1.8377 2.3228, -3.4449 -1.8504 2.3228, -3.5417 -1.8377 2.3228, -3.5417 -1.1151 2.3228, -3.4449 -1.1024 2.3228, -3.3481 -1.1151 2.3228, 3.0709 -2.4606 2.3228, 3.0836 -2.3638 2.3228, 3.7094 -2.7251 2.3228, 3.6319 -2.7846 2.3228, 3.9764 -2.9528 2.3228, 3.7688 -2.6477 2.3228, 3.121 -2.2736 2.3228, 3.1804 -2.1962 2.3228, 3.2579 -2.1367 2.3228, 3.2579 -2.7846 2.3228, 3.1804 -2.7251 2.3228, 2.9528 -2.9528 2.3228, 3.7688 -2.2736 2.3228, 3.7094 -2.1962 2.3228, 3.6319 -2.1367 2.3228, 3.8062 -2.3638 2.3228, 3.8189 -2.4606 2.3228, 3.8062 -2.5575 2.3228, 3.121 -2.6477 2.3228, 3.0836 -2.5575 2.3228, 3.5417 -2.8219 2.3228, 3.4449 -2.8347 2.3228, 3.3481 -2.8219 2.3228, 3.3481 -2.0994 2.3228, 3.4449 -2.0866 2.3228, 3.5417 -2.0994 2.3228, 2.4606 -2.8347 2.3228, 2.3638 -2.8219 2.3228, 1.9685 -2.9528 2.3228, 2.6476 -2.7846 2.3228, 2.5574 -2.8219 2.3228, 2.8346 -2.4606 2.3228, 2.8219 -2.5575 2.3228, 2.7845 -2.6477 2.3228, 2.7251 -2.7251 2.3228, 2.4606 -2.0866 2.3228, 2.5574 -2.0994 2.3228, 2.6476 -2.1367 2.3228, 2.7251 -2.1962 2.3228, 2.7845 -2.2736 2.3228, 2.8219 -2.3638 2.3228, 2.2736 -2.7846 2.3228, 2.1962 -2.7251 2.3228, 2.1367 -2.6477 2.3228, 2.1367 -2.2736 2.3228, 2.1962 -2.1962 2.3228, 2.0994 -2.5575 2.3228, 2.0866 -2.4606 2.3228, 2.0994 -2.3638 2.3228, 2.2736 -2.1367 2.3228, 2.3638 -2.0994 2.3228, 1.4764 -2.0866 2.3228, 1.5732 -2.0994 2.3228, 1.2894 -2.1367 2.3228, 1.3796 -2.0994 2.3228, 1.6634 -2.1367 2.3228, 1.7408 -2.1962 2.3228, 1.8003 -2.2736 2.3228, 1.8003 -2.6477 2.3228, 1.7408 -2.7251 2.3228, 1.6634 -2.7846 2.3228, 1.5732 -2.8219 2.3228, 1.1151 -2.3638 2.3228, 1.1525 -2.2736 2.3228, 1.2119 -2.1962 2.3228, 1.8376 -2.3638 2.3228, 1.8504 -2.4606 2.3228, 1.8376 -2.5575 2.3228, 1.1024 -2.4606 2.3228, 0.9843 -2.9528 2.3228, 1.1151 -2.5575 2.3228, 1.4764 -2.8347 2.3228, 1.3796 -2.8219 2.3228, 1.2894 -2.7846 2.3228, 1.2119 -2.7251 2.3228, 1.1525 -2.6477 2.3228, 0.7566 -2.7251 2.3228, 0.6791 -2.7846 2.3228, 0.4921 -2.0866 2.3228, 0.5889 -2.0994 2.3228, 0.6791 -2.1367 2.3228, 0.7566 -2.1962 2.3228, 0.816 -2.2736 2.3228, 0.816 -2.6477 2.3228, 0.1682 -2.2736 2.3228, 0.2277 -2.1962 2.3228, 0.8534 -2.3638 2.3228, 0.8661 -2.4606 2.3228, 0.8534 -2.5575 2.3228, 0.3051 -2.1367 2.3228, 0.3953 -2.0994 2.3228, 0.3953 -2.8219 2.3228, 0.0 -2.9528 2.3228, 0.4921 -2.8347 2.3228, 0.5889 -2.8219 2.3228, 0.3051 -2.7846 2.3228, 0.2277 -2.7251 2.3228, 0.1682 -2.6477 2.3228, 0.1309 -2.5575 2.3228, 0.1181 -2.4606 2.3228, 0.1309 -2.3638 2.3228, -0.3051 -2.1367 2.3228, -0.2277 -2.1962 2.3228, -0.1682 -2.2736 2.3228, -0.2277 -2.7251 2.3228, -0.3051 -2.7846 2.3228, -0.6791 -2.1367 2.3228, -0.5889 -2.0994 2.3228, -0.4921 -2.0866 2.3228, -0.3953 -2.0994 2.3228, -0.1682 -2.6477 2.3228, -0.8534 -2.3638 2.3228, -0.816 -2.2736 2.3228, -0.7566 -2.1962 2.3228, -0.1309 -2.3638 2.3228, -0.1181 -2.4606 2.3228, -0.1309 -2.5575 2.3228, -0.8661 -2.4606 2.3228, -0.9843 -2.9528 2.3228, -0.8534 -2.5575 2.3228, -0.3953 -2.8219 2.3228, -0.4921 -2.8347 2.3228, -0.5889 -2.8219 2.3228, -0.6791 -2.7846 2.3228, -0.7566 -2.7251 2.3228, -0.816 -2.6477 2.3228, -1.2119 -2.7251 2.3228, -1.2894 -2.7846 2.3228, -1.1525 -2.6477 2.3228, -1.6634 -2.7846 2.3228, -1.7408 -2.7251 2.3228, -1.9685 -2.9528 2.3228, -1.4764 -2.0866 2.3228, -1.3796 -2.0994 2.3228, -1.3796 -2.8219 2.3228, -1.4764 -2.8347 2.3228, -1.5732 -2.8219 2.3228, -1.8003 -2.6477 2.3228, -1.8376 -2.5575 2.3228, -1.8504 -2.4606 2.3228, -1.8003 -2.2736 2.3228, -1.8376 -2.3638 2.3228, -1.7408 -2.1962 2.3228, -1.6634 -2.1367 2.3228, -1.5732 -2.0994 2.3228, -1.2894 -2.1367 2.3228, -1.2119 -2.1962 2.3228, -1.1525 -2.2736 2.3228, -1.1151 -2.3638 2.3228, -1.1024 -2.4606 2.3228, -1.1151 -2.5575 2.3228, -2.4606 -2.8347 2.3228, -2.5574 -2.8219 2.3228, -2.9528 -2.9528 2.3228, -2.2736 -2.7846 2.3228, -2.3638 -2.8219 2.3228, -2.0866 -2.4606 2.3228, -2.0994 -2.5575 2.3228, -2.1367 -2.6477 2.3228, -2.1962 -2.7251 2.3228, -2.4606 -2.0866 2.3228, -2.3638 -2.0994 2.3228, -2.2736 -2.1367 2.3228, -2.1962 -2.1962 2.3228, -2.1367 -2.2736 2.3228, -2.0994 -2.3638 2.3228, -2.6476 -2.7846 2.3228, -2.7251 -2.7251 2.3228, -2.7845 -2.6477 2.3228, -2.7845 -2.2736 2.3228, -2.7251 -2.1962 2.3228, -2.8219 -2.5575 2.3228, -2.8346 -2.4606 2.3228, -2.8219 -2.3638 2.3228, -2.6476 -2.1367 2.3228, -2.5574 -2.0994 2.3228, -3.1804 -2.7251 2.3228, -3.2579 -2.7846 2.3228, -3.7094 -2.1962 2.3228, -3.6319 -2.1367 2.3228, -3.121 -2.6477 2.3228, -3.7094 -2.7251 2.3228, -3.7688 -2.6477 2.3228, -3.8976 -2.9528 2.3228, -3.7688 -2.2736 2.3228, -3.6319 -2.7846 2.3228, -3.121 -2.2736 2.3228, -3.1804 -2.1962 2.3228, -3.2579 -2.1367 2.3228, -3.0836 -2.3638 2.3228, -3.0709 -2.4606 2.3228, -3.0836 -2.5575 2.3228, -3.8062 -2.5575 2.3228, -3.8189 -2.4606 2.3228, -3.8062 -2.3638 2.3228, -3.3481 -2.8219 2.3228, -3.4449 -2.8347 2.3228, -3.5417 -2.8219 2.3228, -3.5417 -2.0994 2.3228, -3.4449 -2.0866 2.3228, -3.3481 -2.0994 2.3228, 3.7094 -3.7094 2.3228, 3.6319 -3.7688 2.3228, 3.7688 -3.6319 2.3228, 3.1804 -3.7094 2.3228, 3.121 -3.6319 2.3228, 3.2579 -3.7688 2.3228, 3.1804 -3.1804 2.3228, 3.2579 -3.121 2.3228, 3.7094 -3.1804 2.3228, 3.7688 -3.2579 2.3228, 3.5417 -3.8062 2.3228, 3.4449 -3.8189 2.3228, 3.3481 -3.8062 2.3228, 3.121 -3.2579 2.3228, 3.6319 -3.121 2.3228, 3.0836 -3.5417 2.3228, 3.0709 -3.4449 2.3228, 3.0836 -3.3481 2.3228, 3.8062 -3.3481 2.3228, 3.8189 -3.4449 2.3228, 3.8062 -3.5417 2.3228, 3.3481 -3.0836 2.3228, 3.4449 -3.0709 2.3228, 3.5417 -3.0836 2.3228, 2.7251 -3.7094 2.3228, 2.6476 -3.7688 2.3228, 2.7845 -3.6319 2.3228, 2.4606 -3.0709 2.3228, 2.5574 -3.0836 2.3228, 2.1962 -3.7094 2.3228, 2.1367 -3.6319 2.3228, 1.9685 -3.8977 2.3228, 2.1367 -3.2579 2.3228, 2.1962 -3.1804 2.3228, 2.2736 -3.121 2.3228, 2.3638 -3.0836 2.3228, 2.2736 -3.7688 2.3228, 2.5574 -3.8062 2.3228, 2.4606 -3.8189 2.3228, 2.3638 -3.8062 2.3228, 2.6476 -3.121 2.3228, 2.7251 -3.1804 2.3228, 2.7845 -3.2579 2.3228, 2.0994 -3.5417 2.3228, 2.0866 -3.4449 2.3228, 2.0994 -3.3481 2.3228, 2.8219 -3.3481 2.3228, 2.8346 -3.4449 2.3228, 2.8219 -3.5417 2.3228, 1.7408 -3.7094 2.3228, 1.6634 -3.7688 2.3228, 1.8003 -3.6319 2.3228, 1.4764 -3.0709 2.3228, 1.5732 -3.0836 2.3228, 1.2894 -3.7688 2.3228, 1.2119 -3.7094 2.3228, 0.9843 -3.8977 2.3228, 1.1525 -3.6319 2.3228, 1.5732 -3.8062 2.3228, 1.4764 -3.8189 2.3228, 1.3796 -3.8062 2.3228, 1.1525 -3.2579 2.3228, 1.2119 -3.1804 2.3228, 1.2894 -3.121 2.3228, 1.3796 -3.0836 2.3228, 1.6634 -3.121 2.3228, 1.7408 -3.1804 2.3228, 1.8003 -3.2579 2.3228, 1.8376 -3.3481 2.3228, 1.8504 -3.4449 2.3228, 1.8376 -3.5417 2.3228, 1.1151 -3.5417 2.3228, 1.1024 -3.4449 2.3228, 1.1151 -3.3481 2.3228, 0.7566 -3.7094 2.3228, 0.6791 -3.7688 2.3228, 0.816 -3.6319 2.3228, 0.8534 -3.3481 2.3228, 0.8661 -3.4449 2.3228, 0.8534 -3.5417 2.3228, 0.3953 -3.8062 2.3228, 0.0 -3.8977 2.3228, 0.4921 -3.8189 2.3228, 0.5889 -3.8062 2.3228, 0.6791 -3.121 2.3228, 0.7566 -3.1804 2.3228, 0.816 -3.2579 2.3228, 0.3051 -3.7688 2.3228, 0.2277 -3.7094 2.3228, 0.1682 -3.6319 2.3228, 0.3051 -3.121 2.3228, 0.2277 -3.1804 2.3228, 0.1682 -3.2579 2.3228, 0.1309 -3.5417 2.3228, 0.1181 -3.4449 2.3228, 0.1309 -3.3481 2.3228, 0.3953 -3.0836 2.3228, 0.4921 -3.0709 2.3228, 0.5889 -3.0836 2.3228, -0.2277 -3.7094 2.3228, -0.3051 -3.7688 2.3228, -0.7566 -3.7094 2.3228, -0.816 -3.6319 2.3228, -0.9843 -3.8977 2.3228, -0.1682 -3.6319 2.3228, -0.6791 -3.7688 2.3228, -0.1682 -3.2579 2.3228, -0.2277 -3.1804 2.3228, -0.3051 -3.121 2.3228, -0.3953 -3.8062 2.3228, -0.4921 -3.8189 2.3228, -0.5889 -3.8062 2.3228, -0.1309 -3.3481 2.3228, -0.1181 -3.4449 2.3228, -0.1309 -3.5417 2.3228, -0.6791 -3.121 2.3228, -0.7566 -3.1804 2.3228, -0.816 -3.2579 2.3228, -0.8534 -3.5417 2.3228, -0.8661 -3.4449 2.3228, -0.8534 -3.3481 2.3228, -0.5889 -3.0836 2.3228, -0.4921 -3.0709 2.3228, -0.3953 -3.0836 2.3228, -1.2119 -3.7094 2.3228, -1.2894 -3.7688 2.3228, -1.1525 -3.6319 2.3228, -1.1151 -3.3481 2.3228, -1.1024 -3.4449 2.3228, -1.1151 -3.5417 2.3228, -1.5732 -3.8062 2.3228, -1.9685 -3.8977 2.3228, -1.4764 -3.8189 2.3228, -1.3796 -3.8062 2.3228, -1.6634 -3.7688 2.3228, -1.7408 -3.7094 2.3228, -1.8003 -3.6319 2.3228, -1.2894 -3.121 2.3228, -1.2119 -3.1804 2.3228, -1.1525 -3.2579 2.3228, -1.6634 -3.121 2.3228, -1.7408 -3.1804 2.3228, -1.8003 -3.2579 2.3228, -1.5732 -3.0836 2.3228, -1.4764 -3.0709 2.3228, -1.3796 -3.0836 2.3228, -1.8376 -3.5417 2.3228, -1.8504 -3.4449 2.3228, -1.8376 -3.3481 2.3228, -2.1962 -3.7094 2.3228, -2.2736 -3.7688 2.3228, -2.1367 -3.6319 2.3228, -2.4606 -3.0709 2.3228, -2.3638 -3.0836 2.3228, -2.7251 -3.7094 2.3228, -2.7845 -3.6319 2.3228, -2.9528 -3.8977 2.3228, -2.7845 -3.2579 2.3228, -2.7251 -3.1804 2.3228, -2.6476 -3.121 2.3228, -2.5574 -3.0836 2.3228, -2.6476 -3.7688 2.3228, -2.3638 -3.8062 2.3228, -2.4606 -3.8189 2.3228, -2.5574 -3.8062 2.3228, -2.2736 -3.121 2.3228, -2.1962 -3.1804 2.3228, -2.1367 -3.2579 2.3228, -2.8219 -3.5417 2.3228, -2.8346 -3.4449 2.3228, -2.8219 -3.3481 2.3228, -2.0994 -3.3481 2.3228, -2.0866 -3.4449 2.3228, -2.0994 -3.5417 2.3228, -3.1804 -3.7094 2.3228, -3.2579 -3.7688 2.3228, -3.121 -3.6319 2.3228, -3.7094 -3.7094 2.3228, -3.7688 -3.6319 2.3228, -3.8976 -3.8977 2.3228, -3.6319 -3.7688 2.3228, -3.7094 -3.1804 2.3228, -3.6319 -3.121 2.3228, -3.1804 -3.1804 2.3228, -3.121 -3.2579 2.3228, -3.3481 -3.8062 2.3228, -3.4449 -3.8189 2.3228, -3.5417 -3.8062 2.3228, -3.7688 -3.2579 2.3228, -3.2579 -3.121 2.3228, -3.8062 -3.5417 2.3228, -3.8189 -3.4449 2.3228, -3.8062 -3.3481 2.3228, -3.0836 -3.3481 2.3228, -3.0709 -3.4449 2.3228, -3.0836 -3.5417 2.3228, -3.5417 -3.0836 2.3228, -3.4449 -3.0709 2.3228, -3.3481 -3.0836 2.3228, 2.9528 -3.9764 2.3228, 1.9685 -3.9764 2.3228, 0.9843 -3.9764 2.3228, 0.0 -3.9764 2.3228, -0.9843 -3.9764 2.3228, -1.9685 -3.9764 2.3228, -2.9528 -3.9764 2.3228, -3.8976 -3.9764 2.3228, -3.9764 3.9764 2.3228, -3.9764 2.9527 2.3228, -3.9764 1.9685 2.3228, -3.9764 0.9842 2.3228, -3.9764 -0.0 2.3228, -3.9764 -0.9843 2.3228, -3.9764 -1.9685 2.3228, -3.9764 -2.9528 2.3228, -3.9764 -3.8977 2.3228, -3.9764 -3.9764 2.3228
            ]
        }
        coordIndex [
            0,1,2,-1,3,4,5,-1,6,7,8,-1,9,10,11,-1,12,13,14,-1,15,16,17,-1,18,19,20,-1,18,20,21,-1,22,23,24,-1,22,24,25,-1,26,27,28,-1,29,30,31,-1,19,32,20,-1,20,32,33,-1,20,33,24,-1,24,33,34,-1,24,34,25,-1,26,28,35,-1,29,31,36,-1,23,37,24,-1,24,37,38,-1,24,38,28,-1,28,38,39,-1,28,39,35,-1,30,40,31,-1,31,40,41,-1,31,41,20,-1,20,41,42,-1,20,42,21,-1,27,43,28,-1,28,43,44,-1,28,44,31,-1,31,44,45,-1,31,45,36,-1,46,47,48,-1,49,50,24,-1,51,52,53,-1,53,52,54,-1,50,55,24,-1,24,55,56,-1,24,56,46,-1,47,57,48,-1,48,57,58,-1,48,58,59,-1,60,28,61,-1,61,28,52,-1,61,52,62,-1,62,52,51,-1,60,63,28,-1,28,63,64,-1,28,64,65,-1,59,66,48,-1,48,66,67,-1,48,67,52,-1,52,67,68,-1,52,68,54,-1,65,69,28,-1,28,69,70,-1,28,70,24,-1,24,70,71,-1,24,71,49,-1,72,73,48,-1,74,75,76,-1,72,48,77,-1,78,79,80,-1,80,79,81,-1,73,82,48,-1,48,82,83,-1,48,83,80,-1,80,83,84,-1,80,84,78,-1,74,76,85,-1,86,52,87,-1,87,52,76,-1,87,76,88,-1,88,76,75,-1,86,89,52,-1,52,89,90,-1,52,90,91,-1,91,92,52,-1,52,92,93,-1,52,93,48,-1,48,93,94,-1,48,94,77,-1,81,95,80,-1,80,95,96,-1,80,96,76,-1,76,96,97,-1,76,97,85,-1,98,99,100,-1,101,102,80,-1,76,103,104,-1,76,104,80,-1,80,104,105,-1,80,105,101,-1,102,106,80,-1,80,106,107,-1,80,107,98,-1,108,109,76,-1,76,109,110,-1,76,110,103,-1,99,111,100,-1,100,111,112,-1,100,112,113,-1,114,115,116,-1,116,115,117,-1,113,118,100,-1,100,118,119,-1,100,119,115,-1,115,119,120,-1,115,120,117,-1,114,121,115,-1,115,121,122,-1,115,122,76,-1,76,122,123,-1,76,123,108,-1,124,125,100,-1,126,127,128,-1,124,100,129,-1,126,128,130,-1,131,115,132,-1,132,115,133,-1,125,134,100,-1,100,134,135,-1,100,135,128,-1,128,135,136,-1,128,136,130,-1,131,137,115,-1,115,137,138,-1,115,138,100,-1,100,138,139,-1,100,139,129,-1,140,141,142,-1,142,141,143,-1,127,144,128,-1,128,144,145,-1,128,145,141,-1,141,145,146,-1,141,146,143,-1,140,147,141,-1,141,147,148,-1,141,148,115,-1,115,148,149,-1,115,149,133,-1,150,151,128,-1,150,128,152,-1,141,153,154,-1,141,154,128,-1,128,154,155,-1,128,155,152,-1,151,156,128,-1,128,156,157,-1,128,157,158,-1,158,157,159,-1,159,160,158,-1,158,160,161,-1,158,161,162,-1,163,164,141,-1,141,164,165,-1,141,165,153,-1,166,167,168,-1,168,167,169,-1,166,170,167,-1,167,170,171,-1,167,171,141,-1,141,171,172,-1,141,172,163,-1,162,173,158,-1,158,173,174,-1,158,174,167,-1,167,174,175,-1,167,175,169,-1,176,177,17,-1,178,179,158,-1,180,181,182,-1,182,181,183,-1,179,184,158,-1,158,184,185,-1,158,185,176,-1,177,186,17,-1,17,186,187,-1,17,187,188,-1,189,167,190,-1,190,167,181,-1,190,181,191,-1,191,181,180,-1,189,192,167,-1,167,192,193,-1,167,193,194,-1,188,195,17,-1,17,195,196,-1,17,196,181,-1,181,196,197,-1,181,197,183,-1,194,198,167,-1,167,198,199,-1,167,199,158,-1,158,199,200,-1,158,200,178,-1,201,202,17,-1,201,17,203,-1,204,205,206,-1,204,206,207,-1,208,209,210,-1,211,212,181,-1,202,213,17,-1,17,213,214,-1,17,214,206,-1,206,214,215,-1,206,215,207,-1,208,210,216,-1,211,181,217,-1,205,218,206,-1,206,218,219,-1,206,219,210,-1,210,219,220,-1,210,220,216,-1,212,221,181,-1,181,221,222,-1,181,222,17,-1,17,222,223,-1,17,223,203,-1,209,224,210,-1,210,224,225,-1,210,225,181,-1,181,225,226,-1,181,226,217,-1,227,228,24,-1,229,230,231,-1,229,231,232,-1,228,233,24,-1,24,233,234,-1,24,234,235,-1,236,237,238,-1,239,20,240,-1,240,20,241,-1,239,242,20,-1,20,242,243,-1,20,243,231,-1,231,243,244,-1,231,244,232,-1,237,245,238,-1,238,245,246,-1,238,246,227,-1,230,247,231,-1,231,247,248,-1,231,248,238,-1,238,248,249,-1,238,249,236,-1,235,250,24,-1,24,250,251,-1,24,251,20,-1,20,251,252,-1,20,252,241,-1,227,24,238,-1,238,24,253,-1,238,253,254,-1,255,256,14,-1,254,257,238,-1,238,257,258,-1,238,258,259,-1,255,14,260,-1,261,24,262,-1,262,24,263,-1,261,264,24,-1,24,264,265,-1,24,265,253,-1,259,266,238,-1,238,266,267,-1,238,267,14,-1,14,267,268,-1,14,268,260,-1,48,269,270,-1,46,48,24,-1,24,48,271,-1,24,271,263,-1,256,272,14,-1,14,272,273,-1,14,273,48,-1,48,273,274,-1,48,274,269,-1,270,275,48,-1,48,275,276,-1,48,276,271,-1,277,278,14,-1,279,48,280,-1,280,48,80,-1,280,80,281,-1,281,80,282,-1,279,283,48,-1,48,283,284,-1,48,284,285,-1,277,14,286,-1,287,288,80,-1,80,288,289,-1,80,289,282,-1,285,290,48,-1,48,290,291,-1,48,291,14,-1,14,291,292,-1,14,292,286,-1,287,80,293,-1,293,80,294,-1,293,294,295,-1,278,296,14,-1,14,296,297,-1,14,297,294,-1,294,297,298,-1,294,298,299,-1,299,300,294,-1,294,300,301,-1,294,301,295,-1,98,100,80,-1,80,100,302,-1,80,302,303,-1,303,304,80,-1,80,304,305,-1,80,305,306,-1,307,308,294,-1,100,309,310,-1,306,311,80,-1,80,311,312,-1,80,312,294,-1,294,312,313,-1,294,313,307,-1,310,314,100,-1,100,314,315,-1,100,315,302,-1,308,316,294,-1,294,316,317,-1,294,317,318,-1,319,318,320,-1,320,321,319,-1,319,321,322,-1,319,322,323,-1,323,324,319,-1,319,324,325,-1,319,325,100,-1,100,325,326,-1,100,326,309,-1,327,328,100,-1,100,328,329,-1,330,331,319,-1,332,333,128,-1,128,333,334,-1,128,334,100,-1,100,334,335,-1,100,335,327,-1,330,319,336,-1,337,338,128,-1,128,338,339,-1,128,339,332,-1,329,340,100,-1,100,340,341,-1,100,341,319,-1,319,341,342,-1,319,342,336,-1,331,343,319,-1,319,343,344,-1,319,344,345,-1,345,344,346,-1,345,346,347,-1,337,128,348,-1,348,128,345,-1,348,345,349,-1,347,350,345,-1,345,350,351,-1,345,351,349,-1,352,353,345,-1,352,345,354,-1,355,356,357,-1,353,358,345,-1,345,358,359,-1,345,359,357,-1,357,359,360,-1,357,360,355,-1,356,361,357,-1,357,361,362,-1,357,362,363,-1,158,363,364,-1,364,365,158,-1,158,365,366,-1,158,366,367,-1,368,128,369,-1,369,128,158,-1,369,158,370,-1,370,158,367,-1,368,371,128,-1,128,371,372,-1,128,372,373,-1,373,374,128,-1,128,374,375,-1,128,375,345,-1,345,375,376,-1,345,376,354,-1,363,158,357,-1,357,158,377,-1,357,377,378,-1,379,380,381,-1,378,382,357,-1,357,382,383,-1,357,383,384,-1,379,381,385,-1,386,158,387,-1,387,158,388,-1,386,389,158,-1,158,389,390,-1,158,390,377,-1,384,391,357,-1,357,391,392,-1,357,392,381,-1,381,392,393,-1,381,393,385,-1,17,394,395,-1,176,17,158,-1,158,17,396,-1,158,396,388,-1,380,397,381,-1,381,397,398,-1,381,398,17,-1,17,398,399,-1,17,399,394,-1,395,400,17,-1,17,400,401,-1,17,401,396,-1,402,403,381,-1,402,381,404,-1,405,406,407,-1,17,16,381,-1,381,16,408,-1,381,408,404,-1,405,407,409,-1,410,206,411,-1,411,206,412,-1,413,414,17,-1,17,414,415,-1,17,415,15,-1,406,416,407,-1,407,416,417,-1,407,417,206,-1,206,417,418,-1,206,418,412,-1,403,419,381,-1,381,419,420,-1,381,420,407,-1,407,420,421,-1,407,421,409,-1,410,422,206,-1,206,422,423,-1,206,423,17,-1,17,423,424,-1,17,424,413,-1,425,426,427,-1,427,426,428,-1,429,430,238,-1,431,231,432,-1,432,231,433,-1,431,434,231,-1,231,434,435,-1,231,435,427,-1,427,435,436,-1,427,436,425,-1,437,438,439,-1,440,441,238,-1,238,441,442,-1,238,442,429,-1,430,443,238,-1,238,443,444,-1,238,444,231,-1,231,444,445,-1,231,445,433,-1,428,446,427,-1,427,446,447,-1,427,447,439,-1,439,447,448,-1,439,448,437,-1,438,449,439,-1,439,449,450,-1,439,450,440,-1,440,238,439,-1,439,238,451,-1,439,451,452,-1,453,454,13,-1,455,456,14,-1,14,456,457,-1,452,458,439,-1,439,458,459,-1,439,459,460,-1,453,13,461,-1,238,462,463,-1,460,464,439,-1,439,464,465,-1,439,465,13,-1,13,465,466,-1,13,466,461,-1,457,467,14,-1,14,467,468,-1,14,468,238,-1,238,468,469,-1,238,469,462,-1,463,470,238,-1,238,470,471,-1,238,471,451,-1,454,472,13,-1,13,472,473,-1,13,473,14,-1,14,473,474,-1,14,474,455,-1,475,476,477,-1,12,478,13,-1,13,478,479,-1,13,479,480,-1,476,481,477,-1,477,481,482,-1,477,482,483,-1,14,484,485,-1,480,486,13,-1,13,486,487,-1,13,487,475,-1,488,489,294,-1,294,489,490,-1,485,491,14,-1,14,491,492,-1,14,492,12,-1,490,493,294,-1,294,493,494,-1,294,494,14,-1,14,494,495,-1,14,495,484,-1,483,496,477,-1,477,496,497,-1,477,497,294,-1,294,497,498,-1,294,498,488,-1,499,500,477,-1,477,500,501,-1,319,502,503,-1,318,319,294,-1,294,319,504,-1,294,504,505,-1,506,507,508,-1,508,507,509,-1,503,510,319,-1,319,510,511,-1,319,511,504,-1,505,512,294,-1,294,512,513,-1,294,513,514,-1,514,515,294,-1,294,515,516,-1,294,516,477,-1,477,516,517,-1,477,517,499,-1,501,518,477,-1,477,518,519,-1,477,519,508,-1,508,519,520,-1,508,520,506,-1,509,521,508,-1,508,521,522,-1,508,522,319,-1,319,522,523,-1,319,523,502,-1,524,525,526,-1,527,528,508,-1,529,530,345,-1,345,530,531,-1,532,533,319,-1,319,533,534,-1,525,535,526,-1,526,535,536,-1,526,536,537,-1,531,538,345,-1,345,538,539,-1,345,539,319,-1,319,539,540,-1,319,540,532,-1,534,541,319,-1,319,541,542,-1,319,542,508,-1,508,542,543,-1,508,543,527,-1,537,544,526,-1,526,544,545,-1,526,545,345,-1,345,545,546,-1,345,546,529,-1,528,547,508,-1,508,547,548,-1,508,548,524,-1,549,550,526,-1,526,550,551,-1,552,553,554,-1,551,555,526,-1,526,555,556,-1,526,556,554,-1,554,556,557,-1,554,557,552,-1,357,558,559,-1,559,560,357,-1,357,560,561,-1,357,561,562,-1,563,345,564,-1,564,345,357,-1,564,357,565,-1,565,357,562,-1,553,566,554,-1,554,566,567,-1,554,567,558,-1,563,568,345,-1,345,568,569,-1,345,569,570,-1,570,571,345,-1,345,571,572,-1,345,572,526,-1,526,572,573,-1,526,573,549,-1,558,357,554,-1,554,357,574,-1,554,574,575,-1,576,577,11,-1,578,579,381,-1,381,579,580,-1,575,581,554,-1,554,581,582,-1,554,582,583,-1,576,11,584,-1,357,585,586,-1,583,587,554,-1,554,587,588,-1,554,588,11,-1,11,588,589,-1,11,589,584,-1,580,590,381,-1,381,590,591,-1,381,591,357,-1,357,591,592,-1,357,592,585,-1,586,593,357,-1,357,593,594,-1,357,594,574,-1,577,595,11,-1,11,595,596,-1,11,596,381,-1,381,596,597,-1,381,597,578,-1,598,599,11,-1,11,599,600,-1,601,602,603,-1,604,381,605,-1,605,381,606,-1,604,607,381,-1,381,607,608,-1,381,608,11,-1,11,608,609,-1,11,609,598,-1,610,407,611,-1,611,407,612,-1,601,603,613,-1,610,614,407,-1,407,614,615,-1,407,615,381,-1,381,615,616,-1,381,616,606,-1,600,617,11,-1,11,617,618,-1,11,618,603,-1,603,618,619,-1,603,619,613,-1,602,620,603,-1,603,620,621,-1,603,621,407,-1,407,621,622,-1,407,622,612,-1,623,624,625,-1,623,625,626,-1,627,628,427,-1,427,628,629,-1,630,631,632,-1,632,631,633,-1,634,439,635,-1,635,439,636,-1,634,637,439,-1,439,637,638,-1,439,638,427,-1,427,638,639,-1,427,639,627,-1,629,640,427,-1,427,640,641,-1,427,641,625,-1,625,641,642,-1,625,642,626,-1,624,643,625,-1,625,643,644,-1,625,644,632,-1,632,644,645,-1,632,645,630,-1,633,646,632,-1,632,646,647,-1,632,647,439,-1,439,647,648,-1,439,648,636,-1,649,650,632,-1,651,652,653,-1,653,652,654,-1,655,656,439,-1,439,656,657,-1,657,658,439,-1,439,658,659,-1,439,659,632,-1,632,659,660,-1,632,660,649,-1,632,661,653,-1,653,661,662,-1,653,662,651,-1,663,13,664,-1,664,13,665,-1,650,666,632,-1,632,666,667,-1,632,667,661,-1,663,668,13,-1,13,668,669,-1,13,669,439,-1,439,669,670,-1,439,670,655,-1,654,671,653,-1,653,671,672,-1,653,672,13,-1,13,672,673,-1,13,673,665,-1,674,675,13,-1,13,675,676,-1,13,676,653,-1,653,676,677,-1,678,679,13,-1,13,679,680,-1,13,680,674,-1,677,681,653,-1,653,681,682,-1,653,682,683,-1,475,477,13,-1,13,477,684,-1,13,684,678,-1,685,686,687,-1,687,686,688,-1,683,689,653,-1,653,689,690,-1,653,690,687,-1,687,690,691,-1,687,691,685,-1,477,692,693,-1,693,694,477,-1,477,694,695,-1,477,695,684,-1,688,696,687,-1,687,696,697,-1,687,697,477,-1,477,697,698,-1,477,698,692,-1,699,700,477,-1,477,700,701,-1,702,687,703,-1,703,687,477,-1,703,477,704,-1,704,477,701,-1,702,705,687,-1,687,705,706,-1,687,706,707,-1,708,709,508,-1,508,709,710,-1,710,711,508,-1,508,711,712,-1,508,712,477,-1,477,712,713,-1,477,713,699,-1,714,715,716,-1,716,715,687,-1,716,687,717,-1,717,687,707,-1,714,718,715,-1,715,718,719,-1,715,719,720,-1,720,721,715,-1,715,721,722,-1,715,722,508,-1,508,722,723,-1,508,723,708,-1,724,725,508,-1,508,725,726,-1,508,726,727,-1,728,715,729,-1,729,715,508,-1,729,508,730,-1,730,508,727,-1,524,526,508,-1,508,526,731,-1,508,731,724,-1,728,732,715,-1,715,732,733,-1,715,733,734,-1,735,736,737,-1,737,736,738,-1,526,739,740,-1,734,741,715,-1,715,741,742,-1,715,742,737,-1,737,742,743,-1,737,743,735,-1,740,744,526,-1,526,744,745,-1,526,745,731,-1,738,746,737,-1,737,746,747,-1,737,747,526,-1,526,747,748,-1,526,748,739,-1,749,750,554,-1,554,750,751,-1,752,753,526,-1,526,753,754,-1,755,737,756,-1,756,737,526,-1,756,526,757,-1,757,526,754,-1,755,758,737,-1,737,758,759,-1,737,759,760,-1,761,762,763,-1,763,762,764,-1,751,765,554,-1,554,765,766,-1,554,766,526,-1,526,766,767,-1,526,767,752,-1,760,768,737,-1,737,768,769,-1,737,769,763,-1,763,769,770,-1,763,770,761,-1,764,771,763,-1,763,771,772,-1,763,772,554,-1,554,772,773,-1,554,773,749,-1,774,775,8,-1,8,775,776,-1,777,778,554,-1,554,778,779,-1,779,780,554,-1,554,780,781,-1,554,781,763,-1,763,781,782,-1,783,11,784,-1,784,11,785,-1,782,786,763,-1,763,786,787,-1,763,787,788,-1,788,789,763,-1,763,789,790,-1,763,790,8,-1,8,790,791,-1,8,791,774,-1,783,792,11,-1,11,792,793,-1,11,793,554,-1,554,793,794,-1,554,794,777,-1,776,795,8,-1,8,795,796,-1,8,796,11,-1,11,796,797,-1,11,797,785,-1,798,799,8,-1,798,8,800,-1,11,10,8,-1,8,10,801,-1,8,801,800,-1,802,803,804,-1,804,803,805,-1,806,807,11,-1,11,807,808,-1,11,808,9,-1,799,809,8,-1,8,809,810,-1,8,810,804,-1,804,810,811,-1,804,811,802,-1,812,813,603,-1,603,813,814,-1,814,815,603,-1,603,815,816,-1,603,816,11,-1,11,816,817,-1,11,817,806,-1,805,818,804,-1,804,818,819,-1,804,819,603,-1,603,819,820,-1,603,820,812,-1,821,822,823,-1,823,822,625,-1,823,625,824,-1,821,825,822,-1,822,825,826,-1,822,826,827,-1,828,829,625,-1,625,829,830,-1,625,830,824,-1,831,832,632,-1,832,833,632,-1,632,833,834,-1,632,834,835,-1,836,837,838,-1,837,839,838,-1,838,839,840,-1,838,840,831,-1,835,841,632,-1,632,841,842,-1,632,842,625,-1,625,842,843,-1,625,843,828,-1,827,844,822,-1,822,844,845,-1,822,845,838,-1,838,845,846,-1,838,846,836,-1,847,848,653,-1,849,850,632,-1,831,632,838,-1,838,632,851,-1,838,851,852,-1,848,853,653,-1,653,853,854,-1,653,854,855,-1,850,856,632,-1,632,856,857,-1,632,857,851,-1,852,858,838,-1,838,858,859,-1,838,859,860,-1,861,862,863,-1,860,864,838,-1,838,864,865,-1,838,865,863,-1,863,865,866,-1,863,866,861,-1,862,867,863,-1,863,867,868,-1,863,868,847,-1,855,869,653,-1,653,869,870,-1,653,870,632,-1,632,870,871,-1,632,871,849,-1,872,873,863,-1,863,873,874,-1,863,874,875,-1,847,653,863,-1,863,653,876,-1,863,876,872,-1,877,878,879,-1,879,878,880,-1,881,882,653,-1,882,883,653,-1,653,883,884,-1,653,884,876,-1,875,885,863,-1,863,885,886,-1,863,886,879,-1,879,886,887,-1,879,887,877,-1,888,687,889,-1,889,687,890,-1,880,891,879,-1,879,891,892,-1,879,892,687,-1,687,892,893,-1,687,893,890,-1,888,894,687,-1,687,894,895,-1,687,895,653,-1,653,895,896,-1,653,896,881,-1,897,898,899,-1,900,901,879,-1,898,902,899,-1,899,902,903,-1,899,903,904,-1,905,906,687,-1,687,906,907,-1,901,908,879,-1,879,908,909,-1,879,909,897,-1,907,910,687,-1,687,910,911,-1,687,911,879,-1,879,911,912,-1,879,912,900,-1,904,913,899,-1,899,913,914,-1,899,914,715,-1,715,914,915,-1,915,916,715,-1,715,916,917,-1,715,917,918,-1,918,919,715,-1,715,919,920,-1,715,920,687,-1,687,920,921,-1,687,921,905,-1,922,923,899,-1,899,923,924,-1,925,926,927,-1,927,926,928,-1,924,929,899,-1,899,929,930,-1,899,930,927,-1,927,930,931,-1,927,931,925,-1,928,932,927,-1,927,932,933,-1,927,933,737,-1,737,933,934,-1,935,936,715,-1,715,936,937,-1,934,938,737,-1,737,938,939,-1,737,939,940,-1,940,941,737,-1,737,941,942,-1,737,942,715,-1,715,942,943,-1,715,943,935,-1,937,944,715,-1,715,944,945,-1,715,945,899,-1,899,945,946,-1,899,946,922,-1,947,948,763,-1,949,950,737,-1,737,950,951,-1,952,953,927,-1,927,953,954,-1,955,956,957,-1,951,958,737,-1,737,958,959,-1,737,959,927,-1,927,959,960,-1,927,960,952,-1,954,961,927,-1,927,961,962,-1,927,962,957,-1,957,962,963,-1,957,963,955,-1,964,965,763,-1,763,965,966,-1,763,966,947,-1,948,967,763,-1,763,967,968,-1,763,968,737,-1,737,968,969,-1,737,969,949,-1,956,970,957,-1,957,970,971,-1,957,971,964,-1,972,973,8,-1,974,975,763,-1,964,763,957,-1,957,763,976,-1,957,976,977,-1,973,978,8,-1,8,978,979,-1,8,979,980,-1,975,981,763,-1,763,981,982,-1,763,982,976,-1,977,983,957,-1,957,983,984,-1,957,984,985,-1,986,987,5,-1,985,988,957,-1,957,988,989,-1,957,989,5,-1,5,989,990,-1,5,990,986,-1,987,991,5,-1,5,991,992,-1,5,992,972,-1,980,993,8,-1,8,993,994,-1,8,994,763,-1,763,994,995,-1,763,995,974,-1,972,8,5,-1,5,8,7,-1,5,7,996,-1,996,997,5,-1,5,997,998,-1,5,998,999,-1,1000,1001,1002,-1,1003,1004,8,-1,8,1004,1005,-1,8,1005,6,-1,1006,804,1007,-1,1007,804,1008,-1,1000,1002,1009,-1,1006,1010,804,-1,804,1010,1011,-1,804,1011,8,-1,8,1011,1012,-1,8,1012,1003,-1,999,1013,5,-1,5,1013,1014,-1,5,1014,1002,-1,1002,1014,1015,-1,1002,1015,1009,-1,1001,1016,1002,-1,1002,1016,1017,-1,1002,1017,804,-1,804,1017,1018,-1,804,1018,1008,-1,1019,1020,1021,-1,1019,1021,1022,-1,1023,1024,822,-1,1023,822,1025,-1,1024,1026,822,-1,822,1026,1027,-1,822,1027,1021,-1,1021,1027,1028,-1,1021,1028,1022,-1,1029,1030,1031,-1,1032,1033,838,-1,1033,1034,838,-1,838,1034,1035,-1,838,1035,1036,-1,1036,1037,838,-1,838,1037,1038,-1,838,1038,822,-1,822,1038,1039,-1,822,1039,1025,-1,1030,1040,1031,-1,1031,1040,1041,-1,1031,1041,1032,-1,1020,1042,1021,-1,1021,1042,1043,-1,1021,1043,1031,-1,1031,1043,1044,-1,1031,1044,1029,-1,1045,1046,1047,-1,1031,1048,1049,-1,1032,838,1031,-1,1031,838,1050,-1,1031,1050,1051,-1,1051,1052,1031,-1,1031,1052,1053,-1,1031,1053,1048,-1,1046,1054,1047,-1,1047,1054,1055,-1,1047,1055,1056,-1,1057,1058,838,-1,1056,1059,1047,-1,1047,1059,1060,-1,1047,1060,863,-1,863,1060,1061,-1,1058,1062,838,-1,838,1062,1063,-1,838,1063,1050,-1,1061,1064,863,-1,863,1064,1065,-1,863,1065,1066,-1,1066,1067,863,-1,863,1067,1068,-1,863,1068,838,-1,838,1068,1069,-1,838,1069,1057,-1,1070,1071,863,-1,863,1071,1072,-1,1073,1074,1047,-1,1047,1074,1075,-1,1047,1075,1076,-1,1077,879,1078,-1,1078,879,1079,-1,1078,1079,1080,-1,1077,1081,879,-1,879,1081,1082,-1,879,1082,1083,-1,1072,1084,863,-1,863,1084,1085,-1,863,1085,1047,-1,1047,1085,1086,-1,1047,1086,1073,-1,1083,1087,879,-1,879,1087,1088,-1,879,1088,863,-1,863,1088,1089,-1,863,1089,1070,-1,1090,1091,1079,-1,1079,1091,1092,-1,1092,1093,1079,-1,1079,1093,1094,-1,1079,1094,1080,-1,1095,1096,1079,-1,1096,1097,1079,-1,1079,1097,1098,-1,1079,1098,1099,-1,897,899,879,-1,879,899,1100,-1,879,1100,1101,-1,1101,1102,879,-1,879,1102,1103,-1,879,1103,1104,-1,1099,1105,1106,-1,1104,1107,879,-1,879,1107,1108,-1,879,1108,1079,-1,1079,1108,1109,-1,1079,1109,1095,-1,899,1110,1111,-1,1105,1112,1106,-1,1106,1112,1113,-1,1106,1113,1114,-1,1111,1115,899,-1,899,1115,1116,-1,899,1116,1100,-1,1114,1117,1106,-1,1106,1117,1118,-1,1106,1118,899,-1,899,1118,1119,-1,899,1119,1110,-1,1120,1121,1106,-1,1122,1123,899,-1,899,1123,1124,-1,1120,1106,1125,-1,1126,927,1127,-1,1127,927,1128,-1,1127,1128,1129,-1,1126,1130,927,-1,927,1130,1131,-1,927,1131,1132,-1,1132,1133,927,-1,927,1133,1134,-1,927,1134,899,-1,899,1134,1135,-1,899,1135,1122,-1,1124,1136,899,-1,899,1136,1137,-1,899,1137,1106,-1,1106,1137,1138,-1,1106,1138,1125,-1,1121,1139,1106,-1,1106,1139,1140,-1,1106,1140,1128,-1,1128,1140,1141,-1,1128,1141,1142,-1,1142,1143,1128,-1,1128,1143,1144,-1,1128,1144,1129,-1,1145,1146,1128,-1,1128,1146,1147,-1,1128,1147,1148,-1,1149,1150,1151,-1,1151,1150,1152,-1,1151,1152,1153,-1,957,1154,1155,-1,1153,1156,1151,-1,1151,1156,1157,-1,1151,1157,1158,-1,1158,1159,957,-1,957,1159,1160,-1,957,1160,1154,-1,1161,1162,927,-1,927,1162,1163,-1,1155,1164,957,-1,957,1164,1165,-1,957,1165,927,-1,927,1165,1166,-1,927,1166,1161,-1,1163,1167,927,-1,927,1167,1168,-1,927,1168,1128,-1,1128,1168,1169,-1,1128,1169,1145,-1,1170,1171,1172,-1,1151,1173,1174,-1,1158,957,1151,-1,1151,957,1175,-1,1151,1175,1176,-1,1176,1177,1151,-1,1151,1177,1178,-1,1151,1178,1173,-1,1171,1179,1172,-1,1172,1179,1180,-1,1172,1180,1181,-1,1182,1183,957,-1,1181,1184,1172,-1,1172,1184,1185,-1,1172,1185,5,-1,5,1185,1186,-1,1183,1187,957,-1,957,1187,1188,-1,957,1188,1175,-1,1186,1189,5,-1,5,1189,1190,-1,5,1190,1191,-1,1191,1192,5,-1,5,1192,1193,-1,5,1193,957,-1,957,1193,1194,-1,957,1194,1182,-1,1195,1196,1172,-1,1195,1172,1197,-1,1198,1199,1200,-1,5,4,1172,-1,1172,4,1201,-1,1172,1201,1197,-1,1198,1200,1202,-1,1203,1002,1204,-1,1204,1002,1200,-1,1204,1200,1205,-1,1205,1200,1199,-1,1203,1206,1002,-1,1002,1206,1207,-1,1002,1207,1208,-1,1209,1210,5,-1,5,1210,1211,-1,5,1211,3,-1,1196,1212,1172,-1,1172,1212,1213,-1,1172,1213,1200,-1,1200,1213,1214,-1,1200,1214,1202,-1,1208,1215,1002,-1,1002,1215,1216,-1,1002,1216,5,-1,5,1216,1217,-1,5,1217,1209,-1,1218,1219,1031,-1,1220,1221,1222,-1,1220,1222,1223,-1,1219,1224,1031,-1,1031,1224,1225,-1,1031,1225,1226,-1,1227,1228,1229,-1,1230,1021,1231,-1,1231,1021,1232,-1,1230,1233,1021,-1,1021,1233,1234,-1,1021,1234,1222,-1,1222,1234,1235,-1,1222,1235,1223,-1,1228,1236,1229,-1,1229,1236,1237,-1,1229,1237,1218,-1,1221,1238,1222,-1,1222,1238,1239,-1,1222,1239,1229,-1,1229,1239,1240,-1,1229,1240,1227,-1,1226,1241,1031,-1,1031,1241,1242,-1,1031,1242,1021,-1,1021,1242,1243,-1,1021,1243,1232,-1,1244,1245,1246,-1,1229,1247,1248,-1,1218,1031,1229,-1,1229,1031,1249,-1,1229,1249,1250,-1,1250,1251,1229,-1,1229,1251,1252,-1,1229,1252,1247,-1,1049,1045,1031,-1,1031,1045,1047,-1,1031,1047,1253,-1,1253,1254,1031,-1,1031,1254,1255,-1,1031,1255,1256,-1,1256,1257,1031,-1,1031,1257,1258,-1,1031,1258,1249,-1,1245,1259,1246,-1,1246,1259,1260,-1,1246,1260,1261,-1,1047,1262,1263,-1,1261,1264,1246,-1,1246,1264,1265,-1,1246,1265,1047,-1,1047,1265,1266,-1,1047,1266,1262,-1,1263,1267,1047,-1,1047,1267,1268,-1,1047,1268,1253,-1,1269,1270,1047,-1,1271,1272,1079,-1,1076,1090,1047,-1,1047,1090,1079,-1,1047,1079,1269,-1,1269,1079,1272,-1,1270,1273,1047,-1,1047,1273,1274,-1,1047,1274,1275,-1,1276,1277,1246,-1,1246,1277,1278,-1,1246,1278,1279,-1,1280,1281,1079,-1,1079,1281,1282,-1,1079,1282,1271,-1,1275,1283,1047,-1,1047,1283,1284,-1,1047,1284,1246,-1,1246,1284,1285,-1,1246,1285,1276,-1,1280,1079,1286,-1,1286,1079,1287,-1,1286,1287,1288,-1,1289,1290,1287,-1,1287,1290,1291,-1,1291,1292,1287,-1,1287,1292,1293,-1,1287,1293,1288,-1,1294,1295,1287,-1,1099,1106,1079,-1,1079,1106,1296,-1,1079,1296,1297,-1,1297,1298,1079,-1,1079,1298,1299,-1,1079,1299,1300,-1,1294,1287,1301,-1,1106,1302,1303,-1,1300,1304,1079,-1,1079,1304,1305,-1,1079,1305,1287,-1,1287,1305,1306,-1,1287,1306,1301,-1,1303,1307,1106,-1,1106,1307,1308,-1,1106,1308,1296,-1,1309,1310,1311,-1,1311,1310,1287,-1,1311,1287,1312,-1,1312,1287,1295,-1,1309,1313,1310,-1,1310,1313,1314,-1,1310,1314,1315,-1,1315,1316,1310,-1,1310,1316,1317,-1,1310,1317,1106,-1,1106,1317,1318,-1,1106,1318,1302,-1,1319,1320,1106,-1,1106,1320,1321,-1,1322,1323,1310,-1,1324,1325,1128,-1,1128,1325,1326,-1,1128,1326,1106,-1,1106,1326,1327,-1,1106,1327,1319,-1,1322,1310,1328,-1,1329,1330,1128,-1,1128,1330,1331,-1,1128,1331,1324,-1,1321,1332,1106,-1,1106,1332,1333,-1,1106,1333,1310,-1,1310,1333,1334,-1,1310,1334,1328,-1,1329,1128,1335,-1,1335,1128,1336,-1,1335,1336,1337,-1,1323,1338,1310,-1,1310,1338,1339,-1,1310,1339,1336,-1,1336,1339,1340,-1,1336,1340,1341,-1,1341,1342,1336,-1,1336,1342,1343,-1,1336,1343,1337,-1,1344,1345,1336,-1,1344,1336,1346,-1,1347,1348,1349,-1,1350,1351,1128,-1,1345,1352,1336,-1,1336,1352,1353,-1,1336,1353,1349,-1,1349,1353,1354,-1,1349,1354,1347,-1,1348,1355,1349,-1,1349,1355,1356,-1,1349,1356,1357,-1,1358,1151,1359,-1,1359,1151,1357,-1,1358,1360,1151,-1,1151,1360,1361,-1,1151,1361,1362,-1,1148,1149,1128,-1,1128,1149,1151,-1,1128,1151,1350,-1,1350,1151,1362,-1,1351,1363,1128,-1,1128,1363,1364,-1,1128,1364,1365,-1,1365,1366,1128,-1,1128,1366,1367,-1,1128,1367,1336,-1,1336,1367,1368,-1,1336,1368,1346,-1,1369,1370,1371,-1,1349,1372,1373,-1,1357,1151,1349,-1,1349,1151,1374,-1,1349,1374,1375,-1,1375,1376,1349,-1,1349,1376,1377,-1,1349,1377,1372,-1,1174,1170,1151,-1,1151,1170,1172,-1,1151,1172,1378,-1,1378,1379,1151,-1,1151,1379,1380,-1,1151,1380,1381,-1,1381,1382,1151,-1,1151,1382,1383,-1,1151,1383,1374,-1,1370,1384,1371,-1,1371,1384,1385,-1,1371,1385,1386,-1,1172,1387,1388,-1,1386,1389,1371,-1,1371,1389,1390,-1,1371,1390,1172,-1,1172,1390,1391,-1,1172,1391,1387,-1,1388,1392,1172,-1,1172,1392,1393,-1,1172,1393,1378,-1,1394,1395,1371,-1,1396,1397,1200,-1,1394,1371,1398,-1,1399,1400,1401,-1,1396,1200,1402,-1,1399,1401,1403,-1,1404,1172,1405,-1,1405,1172,1406,-1,1404,1407,1172,-1,1172,1407,1408,-1,1172,1408,1371,-1,1371,1408,1409,-1,1371,1409,1398,-1,1400,1410,1401,-1,1401,1410,1411,-1,1401,1411,1200,-1,1200,1411,1412,-1,1200,1412,1402,-1,1395,1413,1371,-1,1371,1413,1414,-1,1371,1414,1401,-1,1401,1414,1415,-1,1401,1415,1403,-1,1397,1416,1200,-1,1200,1416,1417,-1,1200,1417,1172,-1,1172,1417,1418,-1,1172,1418,1406,-1,1419,1420,1,-1,1419,1,1421,-1,1422,1423,2,-1,1422,2,1424,-1,1425,1426,1229,-1,1427,1428,1222,-1,1420,1429,1,-1,1,1429,1430,-1,1,1430,2,-1,2,1430,1431,-1,2,1431,1424,-1,1425,1229,1432,-1,1427,1222,1433,-1,1423,1434,2,-1,2,1434,1435,-1,2,1435,1229,-1,1229,1435,1436,-1,1229,1436,1432,-1,1428,1437,1222,-1,1222,1437,1438,-1,1222,1438,1,-1,1,1438,1439,-1,1,1439,1421,-1,1426,1440,1229,-1,1229,1440,1441,-1,1229,1441,1222,-1,1222,1441,1442,-1,1222,1442,1433,-1,1443,1444,2,-1,1443,2,1445,-1,1446,1447,1229,-1,1448,1449,1450,-1,1451,1452,1246,-1,1246,1452,1453,-1,1246,1453,1454,-1,1448,1450,1455,-1,1444,1456,2,-1,2,1456,1457,-1,2,1457,1450,-1,1450,1457,1458,-1,1450,1458,1455,-1,1248,1244,1229,-1,1229,1244,1246,-1,1229,1246,1446,-1,1446,1246,1454,-1,1447,1459,1229,-1,1229,1459,1460,-1,1229,1460,1461,-1,1449,1462,1450,-1,1450,1462,1463,-1,1450,1463,1246,-1,1246,1463,1464,-1,1246,1464,1451,-1,1461,1465,1229,-1,1229,1465,1466,-1,1229,1466,2,-1,2,1466,1467,-1,2,1467,1445,-1,1468,1469,1450,-1,1468,1450,1470,-1,1471,1472,1246,-1,1473,1474,1475,-1,1475,1474,1476,-1,1469,1477,1450,-1,1450,1477,1478,-1,1450,1478,1475,-1,1475,1478,1479,-1,1475,1479,1473,-1,1480,1481,1287,-1,1287,1481,1482,-1,1287,1482,1483,-1,1279,1289,1246,-1,1246,1289,1287,-1,1246,1287,1471,-1,1471,1287,1483,-1,1472,1484,1246,-1,1246,1484,1485,-1,1246,1485,1486,-1,1486,1487,1246,-1,1246,1487,1488,-1,1246,1488,1450,-1,1450,1488,1489,-1,1450,1489,1470,-1,1476,1490,1475,-1,1475,1490,1491,-1,1475,1491,1287,-1,1287,1491,1492,-1,1287,1492,1480,-1,1493,1494,1475,-1,1493,1475,1495,-1,1287,1496,1497,-1,1287,1497,1475,-1,1475,1497,1498,-1,1475,1498,1495,-1,1499,1500,1501,-1,1501,1500,1475,-1,1501,1475,1502,-1,1502,1475,1494,-1,1503,1504,1287,-1,1287,1504,1505,-1,1287,1505,1496,-1,1499,1506,1500,-1,1500,1506,1507,-1,1500,1507,1508,-1,1509,1310,1510,-1,1510,1310,1511,-1,1508,1512,1500,-1,1500,1512,1513,-1,1500,1513,1310,-1,1310,1513,1514,-1,1310,1514,1511,-1,1509,1515,1310,-1,1310,1515,1516,-1,1310,1516,1287,-1,1287,1516,1517,-1,1287,1517,1503,-1,1518,1519,1500,-1,1520,1521,1522,-1,1518,1500,1523,-1,1520,1522,1524,-1,1525,1310,1526,-1,1526,1310,1527,-1,1519,1528,1500,-1,1500,1528,1529,-1,1500,1529,1522,-1,1522,1529,1530,-1,1522,1530,1524,-1,1525,1531,1310,-1,1310,1531,1532,-1,1310,1532,1500,-1,1500,1532,1533,-1,1500,1533,1523,-1,1534,1336,1535,-1,1535,1336,1536,-1,1521,1537,1522,-1,1522,1537,1538,-1,1522,1538,1336,-1,1336,1538,1539,-1,1336,1539,1536,-1,1534,1540,1336,-1,1336,1540,1541,-1,1336,1541,1310,-1,1310,1541,1542,-1,1310,1542,1527,-1,1543,1544,1522,-1,1543,1522,1545,-1,1336,1546,1547,-1,1336,1547,1522,-1,1522,1547,1548,-1,1522,1548,1545,-1,1549,1550,1551,-1,1551,1550,1522,-1,1551,1522,1552,-1,1552,1522,1544,-1,1549,1553,1550,-1,1550,1553,1554,-1,1550,1554,1555,-1,1556,1557,1336,-1,1336,1557,1558,-1,1336,1558,1546,-1,1559,1349,1560,-1,1560,1349,1561,-1,1559,1562,1349,-1,1349,1562,1563,-1,1349,1563,1336,-1,1336,1563,1564,-1,1336,1564,1556,-1,1555,1565,1550,-1,1550,1565,1566,-1,1550,1566,1349,-1,1349,1566,1567,-1,1349,1567,1561,-1,1568,1569,1550,-1,1568,1550,1570,-1,1571,1572,1349,-1,1573,1574,1575,-1,1576,1577,1371,-1,1371,1577,1578,-1,1371,1578,1579,-1,1573,1575,1580,-1,1569,1581,1550,-1,1550,1581,1582,-1,1550,1582,1575,-1,1575,1582,1583,-1,1575,1583,1580,-1,1373,1369,1349,-1,1349,1369,1371,-1,1349,1371,1571,-1,1571,1371,1579,-1,1572,1584,1349,-1,1349,1584,1585,-1,1349,1585,1586,-1,1574,1587,1575,-1,1575,1587,1588,-1,1575,1588,1371,-1,1371,1588,1589,-1,1371,1589,1576,-1,1586,1590,1349,-1,1349,1590,1591,-1,1349,1591,1550,-1,1550,1591,1592,-1,1550,1592,1570,-1,1593,1594,1575,-1,1593,1575,1595,-1,1596,1597,1598,-1,1596,1598,1599,-1,1600,1601,1401,-1,1602,1603,1371,-1,1594,1604,1575,-1,1575,1604,1605,-1,1575,1605,1598,-1,1598,1605,1606,-1,1598,1606,1599,-1,1600,1401,1607,-1,1602,1371,1608,-1,1597,1609,1598,-1,1598,1609,1610,-1,1598,1610,1401,-1,1401,1610,1611,-1,1401,1611,1607,-1,1603,1612,1371,-1,1371,1612,1613,-1,1371,1613,1575,-1,1575,1613,1614,-1,1575,1614,1595,-1,1601,1615,1401,-1,1401,1615,1616,-1,1401,1616,1371,-1,1371,1616,1617,-1,1371,1617,1608,-1,0,2,1618,-1,1618,2,1450,-1,1618,1450,1619,-1,1619,1450,1475,-1,1619,1475,1620,-1,1620,1475,1500,-1,1620,1500,1621,-1,1621,1500,1522,-1,1621,1522,1622,-1,1622,1522,1550,-1,1622,1550,1623,-1,1623,1550,1575,-1,1623,1575,1624,-1,1624,1575,1598,-1,1624,1598,1625,-1,210,1626,206,-1,206,1626,1627,-1,206,1627,407,-1,407,1627,1628,-1,407,1628,603,-1,603,1628,1629,-1,603,1629,804,-1,804,1629,1630,-1,804,1630,1002,-1,1002,1630,1631,-1,1002,1631,1200,-1,1200,1631,1632,-1,1200,1632,1401,-1,1401,1632,1633,-1,1401,1633,1598,-1,1598,1633,1634,-1,1598,1634,1625,-1,1625,1634,1635,-1,
        ]
    }
}
Shape{
    appearance Appearance {
        material  Material 	{
            diffuseColor 1.0 1.0 1.0
            specularColor 0.5019607843137255 0.5019607843137255 0.5019607843137255
            ambientIntensity 1.0
            transparency 0.0
            shininess 0.5
        }
    }
    geometry IndexedFaceSet {
        ccw TRUE
        solid FALSE
        coord DEF co Coordinate {
            point [
                3.8583 -3.8583 0.0, 3.9764 -3.9764 0.0, -3.8583 -3.8583 0.0, -3.9764 -3.9764 0.0, -3.8583 3.8582 0.0, -3.9764 3.9764 0.0, 3.8583 3.8582 0.0, 3.9764 3.9764 0.0, 3.8583 3.8582 0.1969, 3.6969 3.8582 0.1969, 2.9528 3.8582 0.1969, 1.9685 3.8582 0.1969, -0.9843 3.8582 0.1969, 0.0 3.8582 0.1969, 0.9843 3.8582 0.1969, -1.9685 3.8582 0.1969, -2.9528 3.8582 0.1969, -3.8583 3.8582 0.1969, -3.8583 -3.4508 0.1969, -3.8583 -3.8583 0.1969, -3.8583 -0.0 0.1969, -2.9528 -3.8583 0.1969, -1.9685 -3.8583 0.1969, -0.9843 -3.8583 0.1969, 0.0 -3.8583 0.1969, 0.9843 -3.8583 0.1969, 1.9685 -3.8583 0.1969, 2.9528 -3.8583 0.1969, 3.6969 -3.8583 0.1969, 3.8583 -3.8583 0.1969, 3.8583 -0.0 0.1969, 3.8583 -3.4508 0.1969, -2.9528 -3.4508 0.1969, -3.5233 2.9075 0.1969, -3.5089 2.8887 0.1969, -3.4902 2.8743 0.1969, -3.4683 2.8653 0.1969, -3.4449 2.8622 0.1969, -2.9528 -0.0 0.1969, -3.4214 2.8653 0.1969, -3.3996 2.8743 0.1969, -3.3574 2.9293 0.1969, -3.3543 2.9527 0.1969, -3.3574 2.9762 0.1969, -3.3665 2.998 0.1969, -3.3809 3.0168 0.1969, -3.4683 3.0402 0.1969, -3.4902 3.0312 0.1969, -3.5089 3.0168 0.1969, -3.5233 2.998 0.1969, -3.5323 2.9762 0.1969, -3.5354 2.9527 0.1969, -3.5323 2.9293 0.1969, -3.3809 2.8887 0.1969, -3.3665 2.9075 0.1969, -3.3996 3.0312 0.1969, -3.4214 3.0402 0.1969, -3.4449 3.0433 0.1969, -2.539 2.9075 0.1969, -2.5247 2.8887 0.1969, -2.4154 2.8743 0.1969, -2.3966 2.8887 0.1969, -1.9685 -0.0 0.1969, -2.5481 2.9293 0.1969, -2.3822 2.998 0.1969, -2.3966 3.0168 0.1969, -2.4372 2.8653 0.1969, -2.3732 2.9762 0.1969, -2.5059 2.8743 0.1969, -2.4841 2.8653 0.1969, -2.4606 2.8622 0.1969, -2.4841 3.0402 0.1969, -2.5059 3.0312 0.1969, -2.5247 3.0168 0.1969, -2.539 2.998 0.1969, -2.5481 2.9762 0.1969, -2.5512 2.9527 0.1969, -2.3822 2.9075 0.1969, -2.3732 2.9293 0.1969, -2.3701 2.9527 0.1969, -2.4154 3.0312 0.1969, -2.4372 3.0402 0.1969, -2.4606 3.0433 0.1969, -1.5669 2.9527 0.1969, -1.5638 2.9293 0.1969, -1.4529 2.8653 0.1969, -1.4311 2.8743 0.1969, -0.9843 -0.0 0.1969, -1.5548 2.9075 0.1969, -1.5404 2.8887 0.1969, -1.4764 3.0433 0.1969, -1.4998 3.0402 0.1969, -1.5217 3.0312 0.1969, -1.5404 3.0168 0.1969, -1.5548 2.998 0.1969, -1.5638 2.9762 0.1969, -1.5217 2.8743 0.1969, -1.4998 2.8653 0.1969, -1.4764 2.8622 0.1969, -1.3889 2.9293 0.1969, -1.3858 2.9527 0.1969, -1.3889 2.9762 0.1969, -1.4529 3.0402 0.1969, -1.4311 3.0312 0.1969, -1.4123 2.8887 0.1969, -1.398 2.9075 0.1969, -1.398 2.998 0.1969, -1.4123 3.0168 0.1969, -0.5562 2.8887 0.1969, -0.5374 2.8743 0.1969, -0.5705 2.9075 0.1969, -0.4687 3.0402 0.1969, -0.4921 3.0433 0.1969, -0.5156 3.0402 0.1969, -0.5796 2.9293 0.1969, -0.5374 3.0312 0.1969, -0.5562 3.0168 0.1969, -0.5705 2.998 0.1969, -0.5796 2.9762 0.1969, -0.5827 2.9527 0.1969, -0.5156 2.8653 0.1969, -0.4921 2.8622 0.1969, 0.0 -0.0 0.1969, -0.4687 2.8653 0.1969, -0.4469 2.8743 0.1969, -0.4047 2.9293 0.1969, -0.4016 2.9527 0.1969, -0.4047 2.9762 0.1969, -0.4137 2.998 0.1969, -0.4281 3.0168 0.1969, -0.4469 3.0312 0.1969, -0.4281 2.8887 0.1969, -0.4137 2.9075 0.1969, 0.4281 2.8887 0.1969, 0.4469 2.8743 0.1969, 0.4137 2.9075 0.1969, 0.5374 2.8743 0.1969, 0.5562 2.8887 0.1969, 0.9843 -0.0 0.1969, 0.5156 3.0402 0.1969, 0.4921 3.0433 0.1969, 0.4687 3.0402 0.1969, 0.4047 2.9293 0.1969, 0.4469 3.0312 0.1969, 0.4281 3.0168 0.1969, 0.4137 2.998 0.1969, 0.4047 2.9762 0.1969, 0.4016 2.9527 0.1969, 0.5796 2.9762 0.1969, 0.5705 2.998 0.1969, 0.4687 2.8653 0.1969, 0.4921 2.8622 0.1969, 0.5156 2.8653 0.1969, 0.5562 3.0168 0.1969, 0.5374 3.0312 0.1969, 0.5705 2.9075 0.1969, 0.5796 2.9293 0.1969, 0.5827 2.9527 0.1969, 1.4998 2.8653 0.1969, 1.5217 2.8743 0.1969, 1.9685 -0.0 0.1969, 1.4529 3.0402 0.1969, 1.4311 3.0312 0.1969, 1.4123 3.0168 0.1969, 1.3858 2.9527 0.1969, 1.3889 2.9293 0.1969, 1.398 2.9075 0.1969, 1.4123 2.8887 0.1969, 1.5638 2.9293 0.1969, 1.5669 2.9527 0.1969, 1.5638 2.9762 0.1969, 1.5548 2.998 0.1969, 1.5404 3.0168 0.1969, 1.4311 2.8743 0.1969, 1.4529 2.8653 0.1969, 1.4764 2.8622 0.1969, 1.5404 2.8887 0.1969, 1.5548 2.9075 0.1969, 1.398 2.998 0.1969, 1.3889 2.9762 0.1969, 1.5217 3.0312 0.1969, 1.4998 3.0402 0.1969, 1.4764 3.0433 0.1969, 2.3822 2.9075 0.1969, 2.3966 2.8887 0.1969, 2.3732 2.9293 0.1969, 2.4841 2.8653 0.1969, 2.5059 2.8743 0.1969, 2.9528 -0.0 0.1969, 2.4154 2.8743 0.1969, 2.4372 2.8653 0.1969, 2.4606 2.8622 0.1969, 2.5481 2.9293 0.1969, 2.5512 2.9527 0.1969, 2.5481 2.9762 0.1969, 2.539 2.998 0.1969, 2.5247 3.0168 0.1969, 2.4372 3.0402 0.1969, 2.4154 3.0312 0.1969, 2.3966 3.0168 0.1969, 2.3822 2.998 0.1969, 2.3732 2.9762 0.1969, 2.3701 2.9527 0.1969, 2.5247 2.8887 0.1969, 2.539 2.9075 0.1969, 2.5059 3.0312 0.1969, 2.4841 3.0402 0.1969, 2.4606 3.0433 0.1969, 3.3665 2.9075 0.1969, 3.3809 2.8887 0.1969, 3.4902 2.8743 0.1969, 3.5089 2.8887 0.1969, 3.6969 -0.0 0.1969, 3.3574 2.9293 0.1969, 3.4683 2.8653 0.1969, 3.3996 3.0312 0.1969, 3.3809 3.0168 0.1969, 3.3665 2.998 0.1969, 3.3996 2.8743 0.1969, 3.4214 2.8653 0.1969, 3.4449 2.8622 0.1969, 3.5323 2.9762 0.1969, 3.5233 2.998 0.1969, 3.5089 3.0168 0.1969, 3.4902 3.0312 0.1969, 3.3574 2.9762 0.1969, 3.3543 2.9527 0.1969, 3.5233 2.9075 0.1969, 3.5323 2.9293 0.1969, 3.5354 2.9527 0.1969, 3.4683 3.0402 0.1969, 3.4449 3.0433 0.1969, 3.4214 3.0402 0.1969, -3.5323 -2.9762 0.1969, -3.5233 -2.9981 0.1969, -3.5089 -3.0168 0.1969, -3.4902 -3.0312 0.1969, -3.4902 -2.8744 0.1969, -3.5089 -2.8887 0.1969, -3.4683 -3.0402 0.1969, -3.4449 -3.0433 0.1969, -3.4214 -3.0402 0.1969, -3.3996 -3.0312 0.1969, -3.3809 -3.0168 0.1969, -3.3665 -2.9981 0.1969, -3.3574 -2.9762 0.1969, -3.4683 -2.8653 0.1969, -3.3543 -2.9528 0.1969, -3.3574 -2.9293 0.1969, -3.3665 -2.9075 0.1969, -3.3809 -2.8887 0.1969, -3.5233 -2.9075 0.1969, -3.5323 -2.9293 0.1969, -3.5354 -2.9528 0.1969, -3.3996 -2.8744 0.1969, -3.4214 -2.8653 0.1969, -3.4449 -2.8622 0.1969, -2.539 -2.9981 0.1969, -2.5247 -3.0168 0.1969, -2.5481 -2.9762 0.1969, -2.4372 -3.0402 0.1969, -2.4154 -3.0312 0.1969, -1.9685 -3.4508 0.1969, -2.5059 -2.8744 0.1969, -2.5247 -2.8887 0.1969, -2.5059 -3.0312 0.1969, -2.4841 -3.0402 0.1969, -2.4606 -3.0433 0.1969, -2.3966 -3.0168 0.1969, -2.3822 -2.9981 0.1969, -2.3732 -2.9762 0.1969, -2.3966 -2.8887 0.1969, -2.4154 -2.8744 0.1969, -2.3701 -2.9528 0.1969, -2.3732 -2.9293 0.1969, -2.3822 -2.9075 0.1969, -2.539 -2.9075 0.1969, -2.5481 -2.9293 0.1969, -2.5512 -2.9528 0.1969, -2.4372 -2.8653 0.1969, -2.4606 -2.8622 0.1969, -2.4841 -2.8653 0.1969, -1.4529 -3.0402 0.1969, -1.4311 -3.0312 0.1969, -0.9843 -3.4508 0.1969, -1.4123 -2.8887 0.1969, -1.4311 -2.8744 0.1969, -1.5404 -3.0168 0.1969, -1.5548 -2.9981 0.1969, -1.5638 -2.9762 0.1969, -1.5217 -2.8744 0.1969, -1.5404 -2.8887 0.1969, -1.5217 -3.0312 0.1969, -1.4998 -3.0402 0.1969, -1.4764 -3.0433 0.1969, -1.4529 -2.8653 0.1969, -1.4764 -2.8622 0.1969, -1.4998 -2.8653 0.1969, -1.5548 -2.9075 0.1969, -1.5638 -2.9293 0.1969, -1.5669 -2.9528 0.1969, -1.4123 -3.0168 0.1969, -1.398 -2.9981 0.1969, -1.3889 -2.9762 0.1969, -1.3858 -2.9528 0.1969, -1.3889 -2.9293 0.1969, -1.398 -2.9075 0.1969, -0.4921 -2.8622 0.1969, -0.4687 -2.8653 0.1969, -0.4469 -2.8744 0.1969, -0.4281 -2.8887 0.1969, -0.5562 -3.0168 0.1969, -0.5705 -2.9981 0.1969, -0.5796 -2.9762 0.1969, -0.4687 -3.0402 0.1969, -0.4469 -3.0312 0.1969, 0.0 -3.4508 0.1969, -0.5156 -2.8653 0.1969, -0.5374 -2.8744 0.1969, -0.5562 -2.8887 0.1969, -0.5374 -3.0312 0.1969, -0.5156 -3.0402 0.1969, -0.4921 -3.0433 0.1969, -0.5705 -2.9075 0.1969, -0.5796 -2.9293 0.1969, -0.5827 -2.9528 0.1969, -0.4281 -3.0168 0.1969, -0.4137 -2.9981 0.1969, -0.4047 -2.9762 0.1969, -0.4016 -2.9528 0.1969, -0.4047 -2.9293 0.1969, -0.4137 -2.9075 0.1969, 0.4921 -2.8622 0.1969, 0.5156 -2.8653 0.1969, 0.5374 -2.8744 0.1969, 0.5562 -2.8887 0.1969, 0.4047 -2.9762 0.1969, 0.4137 -2.9981 0.1969, 0.4281 -3.0168 0.1969, 0.4469 -3.0312 0.1969, 0.4687 -2.8653 0.1969, 0.4469 -2.8744 0.1969, 0.4281 -2.8887 0.1969, 0.4137 -2.9075 0.1969, 0.4047 -2.9293 0.1969, 0.4016 -2.9528 0.1969, 0.4687 -3.0402 0.1969, 0.4921 -3.0433 0.1969, 0.9843 -3.4508 0.1969, 0.5156 -3.0402 0.1969, 0.5374 -3.0312 0.1969, 0.5562 -3.0168 0.1969, 0.5705 -2.9981 0.1969, 0.5796 -2.9762 0.1969, 0.5827 -2.9528 0.1969, 0.5796 -2.9293 0.1969, 0.5705 -2.9075 0.1969, 1.4998 -3.0402 0.1969, 1.5217 -3.0312 0.1969, 1.9685 -3.4508 0.1969, 1.4311 -2.8744 0.1969, 1.4123 -2.8887 0.1969, 1.3889 -2.9762 0.1969, 1.398 -2.9981 0.1969, 1.4123 -3.0168 0.1969, 1.5404 -3.0168 0.1969, 1.5548 -2.9981 0.1969, 1.5638 -2.9762 0.1969, 1.5404 -2.8887 0.1969, 1.5217 -2.8744 0.1969, 1.4311 -3.0312 0.1969, 1.4529 -3.0402 0.1969, 1.4764 -3.0433 0.1969, 1.5669 -2.9528 0.1969, 1.5638 -2.9293 0.1969, 1.5548 -2.9075 0.1969, 1.4998 -2.8653 0.1969, 1.4764 -2.8622 0.1969, 1.4529 -2.8653 0.1969, 1.398 -2.9075 0.1969, 1.3889 -2.9293 0.1969, 1.3858 -2.9528 0.1969, 2.3822 -2.9981 0.1969, 2.3966 -3.0168 0.1969, 2.3732 -2.9762 0.1969, 2.4841 -3.0402 0.1969, 2.5059 -3.0312 0.1969, 2.9528 -3.4508 0.1969, 2.4154 -2.8744 0.1969, 2.3966 -2.8887 0.1969, 2.4154 -3.0312 0.1969, 2.4372 -3.0402 0.1969, 2.4606 -3.0433 0.1969, 2.5247 -3.0168 0.1969, 2.539 -2.9981 0.1969, 2.5481 -2.9762 0.1969, 2.4372 -2.8653 0.1969, 2.5512 -2.9528 0.1969, 2.5481 -2.9293 0.1969, 2.539 -2.9075 0.1969, 2.5247 -2.8887 0.1969, 2.3822 -2.9075 0.1969, 2.3732 -2.9293 0.1969, 2.3701 -2.9528 0.1969, 2.5059 -2.8744 0.1969, 2.4841 -2.8653 0.1969, 2.4606 -2.8622 0.1969, 3.3665 -2.9981 0.1969, 3.3809 -3.0168 0.1969, 3.3574 -2.9762 0.1969, 3.3996 -2.8744 0.1969, 3.3809 -2.8887 0.1969, 3.4683 -3.0402 0.1969, 3.4902 -3.0312 0.1969, 3.6969 -3.4508 0.1969, 3.5089 -3.0168 0.1969, 3.5233 -2.9981 0.1969, 3.3996 -3.0312 0.1969, 3.4214 -3.0402 0.1969, 3.4449 -3.0433 0.1969, 3.5233 -2.9075 0.1969, 3.5089 -2.8887 0.1969, 3.4902 -2.8744 0.1969, 3.5323 -2.9762 0.1969, 3.5354 -2.9528 0.1969, 3.5323 -2.9293 0.1969, 3.3665 -2.9075 0.1969, 3.3574 -2.9293 0.1969, 3.3543 -2.9528 0.1969, 3.4683 -2.8653 0.1969, 3.4449 -2.8622 0.1969, 3.4214 -2.8653 0.1969
            ]
        }
        coordIndex [
            0,1,2,-1,2,1,3,-1,2,3,4,-1,4,3,5,-1,4,5,6,-1,6,5,7,-1,6,7,0,-1,0,7,1,-1,8,9,6,-1,6,9,10,-1,6,10,11,-1,12,4,13,-1,13,4,6,-1,13,6,14,-1,14,6,11,-1,12,15,4,-1,4,15,16,-1,4,16,17,-1,18,19,2,-1,18,2,20,-1,20,2,4,-1,20,4,17,-1,19,21,2,-1,2,21,22,-1,22,23,2,-1,2,23,24,-1,2,24,0,-1,0,24,25,-1,0,25,26,-1,26,27,0,-1,0,27,28,-1,0,28,29,-1,8,6,30,-1,30,6,0,-1,30,0,31,-1,31,0,29,-1,19,18,32,-1,33,34,20,-1,20,34,35,-1,35,36,20,-1,20,36,37,-1,20,37,38,-1,38,37,39,-1,38,39,40,-1,41,42,16,-1,42,43,16,-1,16,43,44,-1,16,44,45,-1,46,47,17,-1,17,47,48,-1,17,48,49,-1,49,50,17,-1,17,50,51,-1,17,51,20,-1,20,51,52,-1,20,52,33,-1,40,53,38,-1,38,53,54,-1,38,54,41,-1,45,55,16,-1,16,55,56,-1,16,56,17,-1,17,56,57,-1,17,57,46,-1,58,59,38,-1,60,61,62,-1,41,16,38,-1,38,16,63,-1,38,63,58,-1,64,65,15,-1,60,62,66,-1,64,15,67,-1,59,68,38,-1,38,68,69,-1,38,69,62,-1,62,69,70,-1,62,70,66,-1,71,72,16,-1,16,72,73,-1,16,73,74,-1,74,75,16,-1,16,75,76,-1,16,76,63,-1,61,77,62,-1,62,77,78,-1,62,78,15,-1,15,78,79,-1,15,79,67,-1,65,80,15,-1,15,80,81,-1,15,81,16,-1,16,81,82,-1,16,82,71,-1,15,83,84,-1,85,86,87,-1,15,84,62,-1,62,84,88,-1,62,88,89,-1,90,91,15,-1,15,91,92,-1,15,92,93,-1,93,94,15,-1,15,94,95,-1,15,95,83,-1,89,96,62,-1,62,96,97,-1,62,97,87,-1,87,97,98,-1,87,98,85,-1,99,100,12,-1,12,100,101,-1,90,15,102,-1,102,15,12,-1,102,12,103,-1,86,104,87,-1,87,104,105,-1,87,105,99,-1,101,106,12,-1,12,106,107,-1,12,107,103,-1,108,109,87,-1,108,87,110,-1,13,111,12,-1,12,111,112,-1,12,112,113,-1,99,12,87,-1,87,12,114,-1,87,114,110,-1,113,115,12,-1,12,115,116,-1,12,116,117,-1,117,118,12,-1,12,118,119,-1,12,119,114,-1,109,120,87,-1,87,120,121,-1,87,121,122,-1,122,121,123,-1,122,123,124,-1,125,126,13,-1,13,126,127,-1,13,127,128,-1,128,129,13,-1,13,129,130,-1,13,130,111,-1,124,131,122,-1,122,131,132,-1,122,132,125,-1,133,134,122,-1,133,122,135,-1,136,137,138,-1,14,139,13,-1,13,139,140,-1,13,140,141,-1,125,13,122,-1,122,13,142,-1,122,142,135,-1,141,143,13,-1,13,143,144,-1,13,144,145,-1,145,146,13,-1,13,146,147,-1,13,147,142,-1,148,149,14,-1,134,150,122,-1,122,150,151,-1,122,151,138,-1,138,151,152,-1,138,152,136,-1,149,153,14,-1,14,153,154,-1,14,154,139,-1,137,155,138,-1,138,155,156,-1,138,156,14,-1,14,156,157,-1,14,157,148,-1,158,159,160,-1,161,162,14,-1,14,162,163,-1,14,164,165,-1,14,165,138,-1,138,165,166,-1,138,166,167,-1,168,169,11,-1,169,170,11,-1,11,170,171,-1,11,171,172,-1,167,173,138,-1,138,173,174,-1,138,174,160,-1,160,174,175,-1,160,175,158,-1,159,176,160,-1,160,176,177,-1,160,177,168,-1,163,178,14,-1,14,178,179,-1,14,179,164,-1,172,180,11,-1,11,180,181,-1,11,181,14,-1,14,181,182,-1,14,182,161,-1,183,184,160,-1,168,11,160,-1,160,11,185,-1,160,185,183,-1,186,187,188,-1,184,189,160,-1,160,189,190,-1,160,190,188,-1,188,190,191,-1,188,191,186,-1,192,193,10,-1,193,194,10,-1,10,194,195,-1,10,195,196,-1,197,198,11,-1,11,198,199,-1,11,199,200,-1,200,201,11,-1,11,201,202,-1,11,202,185,-1,187,203,188,-1,188,203,204,-1,188,204,192,-1,196,205,10,-1,10,205,206,-1,10,206,11,-1,11,206,207,-1,11,207,197,-1,208,209,188,-1,210,211,212,-1,192,10,188,-1,188,10,213,-1,188,213,208,-1,210,212,214,-1,215,216,10,-1,10,216,217,-1,209,218,188,-1,188,218,219,-1,188,219,212,-1,212,219,220,-1,212,220,214,-1,221,222,9,-1,9,222,223,-1,9,223,224,-1,217,225,10,-1,10,225,226,-1,10,226,213,-1,211,227,212,-1,212,227,228,-1,212,228,9,-1,9,228,229,-1,9,229,221,-1,224,230,9,-1,9,230,231,-1,9,231,10,-1,10,231,232,-1,10,232,215,-1,233,234,18,-1,18,234,235,-1,18,235,236,-1,237,238,20,-1,236,239,18,-1,18,239,240,-1,18,240,32,-1,32,240,241,-1,32,241,242,-1,242,243,32,-1,32,243,244,-1,32,244,245,-1,237,20,246,-1,245,247,32,-1,32,247,248,-1,32,248,38,-1,38,248,249,-1,38,249,250,-1,238,251,20,-1,20,251,252,-1,20,252,18,-1,18,252,253,-1,18,253,233,-1,250,254,38,-1,38,254,255,-1,38,255,20,-1,20,255,256,-1,20,256,246,-1,257,258,32,-1,257,32,259,-1,260,261,262,-1,263,264,38,-1,258,265,32,-1,32,265,266,-1,32,266,262,-1,262,266,267,-1,262,267,260,-1,261,268,262,-1,262,268,269,-1,262,269,270,-1,62,271,272,-1,270,273,262,-1,262,273,274,-1,262,274,62,-1,62,274,275,-1,62,275,271,-1,264,276,38,-1,38,276,277,-1,38,277,32,-1,32,277,278,-1,32,278,259,-1,272,279,62,-1,62,279,280,-1,62,280,38,-1,38,280,281,-1,38,281,263,-1,282,283,284,-1,285,286,87,-1,287,262,288,-1,288,262,289,-1,62,290,291,-1,287,292,262,-1,262,292,293,-1,262,293,284,-1,284,293,294,-1,284,294,282,-1,286,295,87,-1,87,295,296,-1,87,296,62,-1,62,296,297,-1,62,297,290,-1,291,298,62,-1,62,298,299,-1,62,299,262,-1,262,299,300,-1,262,300,289,-1,283,301,284,-1,284,301,302,-1,284,302,303,-1,303,304,284,-1,284,304,305,-1,284,305,87,-1,87,305,306,-1,87,306,285,-1,307,87,308,-1,308,87,122,-1,308,122,309,-1,309,122,310,-1,311,284,312,-1,312,284,313,-1,314,315,316,-1,307,317,87,-1,87,317,318,-1,87,318,319,-1,311,320,284,-1,284,320,321,-1,284,321,316,-1,316,321,322,-1,316,322,314,-1,319,323,87,-1,87,323,324,-1,87,324,284,-1,284,324,325,-1,284,325,313,-1,315,326,316,-1,316,326,327,-1,316,327,328,-1,328,329,316,-1,316,329,330,-1,316,330,122,-1,122,330,331,-1,122,331,310,-1,332,122,333,-1,333,122,138,-1,333,138,334,-1,334,138,335,-1,336,337,316,-1,316,337,338,-1,316,338,339,-1,332,340,122,-1,122,340,341,-1,122,341,342,-1,342,343,122,-1,122,343,344,-1,122,344,316,-1,316,344,345,-1,316,345,336,-1,339,346,316,-1,316,346,347,-1,316,347,348,-1,348,347,349,-1,348,349,350,-1,350,351,348,-1,348,351,352,-1,348,352,353,-1,353,354,348,-1,348,354,355,-1,348,355,138,-1,138,355,356,-1,138,356,335,-1,357,358,359,-1,138,360,361,-1,362,363,348,-1,348,363,364,-1,358,365,359,-1,359,365,366,-1,359,366,367,-1,160,368,369,-1,364,370,348,-1,348,370,371,-1,348,371,359,-1,359,371,372,-1,359,372,357,-1,367,373,359,-1,359,373,374,-1,359,374,160,-1,160,374,375,-1,160,375,368,-1,369,376,160,-1,160,376,377,-1,160,377,138,-1,138,377,378,-1,138,378,360,-1,361,379,138,-1,138,379,380,-1,138,380,348,-1,348,380,381,-1,348,381,362,-1,382,383,359,-1,382,359,384,-1,385,386,387,-1,388,389,160,-1,383,390,359,-1,359,390,391,-1,359,391,387,-1,387,391,392,-1,387,392,385,-1,386,393,387,-1,387,393,394,-1,387,394,395,-1,388,160,396,-1,395,397,387,-1,387,397,398,-1,387,398,188,-1,188,398,399,-1,188,399,400,-1,389,401,160,-1,160,401,402,-1,160,402,359,-1,359,402,403,-1,359,403,384,-1,400,404,188,-1,188,404,405,-1,188,405,160,-1,160,405,406,-1,160,406,396,-1,407,408,387,-1,407,387,409,-1,410,411,188,-1,412,413,414,-1,414,413,415,-1,414,415,416,-1,408,417,387,-1,387,417,418,-1,387,418,414,-1,414,418,419,-1,414,419,412,-1,420,421,212,-1,212,421,422,-1,416,423,414,-1,414,423,424,-1,414,424,212,-1,212,424,425,-1,212,425,420,-1,411,426,188,-1,188,426,427,-1,188,427,387,-1,387,427,428,-1,387,428,409,-1,422,429,212,-1,212,429,430,-1,212,430,188,-1,188,430,431,-1,188,431,410,-1,9,8,212,-1,212,8,30,-1,212,30,414,-1,414,30,31,-1,19,32,21,-1,21,32,262,-1,21,262,22,-1,22,262,284,-1,22,284,23,-1,23,284,316,-1,23,316,24,-1,24,316,348,-1,24,348,25,-1,25,348,359,-1,25,359,26,-1,26,359,387,-1,26,387,27,-1,27,387,414,-1,27,414,28,-1,28,414,31,-1,28,31,29,-1,
        ]
    }
}
Shape{
    appearance Appearance {
        material  Material 	{
            diffuseColor 0.8509803921568627 0.8509803921568627 0.8509803921568627
            specularColor 0.4235294117647059 0.4235294117647059 0.4235294117647059
            ambientIntensity 0.851
            transparency 0.0
            shininess 0.5
        }
    }
    geometry IndexedFaceSet {
        ccw TRUE
        solid FALSE
        coord DEF co Coordinate {
            point [
                -3.0709 3.4449 2.3228, -3.0709 3.4449 2.3228, -3.0836 3.5417 2.3228, -3.0836 3.5417 2.3228, -3.121 3.6319 2.3228, -3.121 3.6319 2.3228, -3.1804 3.7093 2.3228, -3.1804 3.7093 2.3228, -3.2579 3.7688 2.3228, -3.2579 3.7688 2.3228, -3.3481 3.8061 2.3228, -3.3481 3.8061 2.3228, -3.4449 3.8189 2.3228, -3.4449 3.8189 2.3228, -3.5417 3.8061 2.3228, -3.5417 3.8061 2.3228, -3.6319 3.7688 2.3228, -3.6319 3.7688 2.3228, -3.7094 3.7093 2.3228, -3.7094 3.7093 2.3228, -3.7688 3.6319 2.3228, -3.7688 3.6319 2.3228, -3.8062 3.5417 2.3228, -3.8062 3.5417 2.3228, -3.8189 3.4449 2.3228, -3.8189 3.4449 2.3228, -3.8062 3.3481 2.3228, -3.8062 3.3481 2.3228, -3.7688 3.2579 2.3228, -3.7688 3.2579 2.3228, -3.7094 3.1804 2.3228, -3.7094 3.1804 2.3228, -3.6319 3.121 2.3228, -3.6319 3.121 2.3228, -3.5417 3.0836 2.3228, -3.5417 3.0836 2.3228, -3.4449 3.0708 2.3228, -3.4449 3.0708 2.3228, -3.3481 3.0836 2.3228, -3.3481 3.0836 2.3228, -3.2579 3.121 2.3228, -3.2579 3.121 2.3228, -3.1804 3.1804 2.3228, -3.1804 3.1804 2.3228, -3.121 3.2579 2.3228, -3.121 3.2579 2.3228, -3.0836 3.3481 2.3228, -3.0836 3.3481 2.3228, -3.4449 3.4449 2.3228, 2.8346 -1.4764 2.3228, 2.8346 -1.4764 2.3228, 2.8219 -1.3796 2.3228, 2.8219 -1.3796 2.3228, 2.7845 -1.2894 2.3228, 2.7845 -1.2894 2.3228, 2.7251 -1.2119 2.3228, 2.7251 -1.2119 2.3228, 2.6476 -1.1525 2.3228, 2.6476 -1.1525 2.3228, 2.5574 -1.1151 2.3228, 2.5574 -1.1151 2.3228, 2.4606 -1.1024 2.3228, 2.4606 -1.1024 2.3228, 2.3638 -1.1151 2.3228, 2.3638 -1.1151 2.3228, 2.2736 -1.1525 2.3228, 2.2736 -1.1525 2.3228, 2.1962 -1.2119 2.3228, 2.1962 -1.2119 2.3228, 2.1367 -1.2894 2.3228, 2.1367 -1.2894 2.3228, 2.0994 -1.3796 2.3228, 2.0994 -1.3796 2.3228, 2.0866 -1.4764 2.3228, 2.0866 -1.4764 2.3228, 2.0994 -1.5732 2.3228, 2.0994 -1.5732 2.3228, 2.1367 -1.6634 2.3228, 2.1367 -1.6634 2.3228, 2.1962 -1.7409 2.3228, 2.1962 -1.7409 2.3228, 2.2736 -1.8003 2.3228, 2.2736 -1.8003 2.3228, 2.3638 -1.8377 2.3228, 2.3638 -1.8377 2.3228, 2.4606 -1.8504 2.3228, 2.4606 -1.8504 2.3228, 2.5574 -1.8377 2.3228, 2.5574 -1.8377 2.3228, 2.6476 -1.8003 2.3228, 2.6476 -1.8003 2.3228, 2.7251 -1.7409 2.3228, 2.7251 -1.7409 2.3228, 2.7845 -1.6634 2.3228, 2.7845 -1.6634 2.3228, 2.8219 -1.5732 2.3228, 2.8219 -1.5732 2.3228, 2.4606 -1.4764 2.3228, 3.8189 -1.4764 2.3228, 3.8189 -1.4764 2.3228, 3.8062 -1.3796 2.3228, 3.8062 -1.3796 2.3228, 3.7688 -1.2894 2.3228, 3.7688 -1.2894 2.3228, 3.7094 -1.2119 2.3228, 3.7094 -1.2119 2.3228, 3.6319 -1.1525 2.3228, 3.6319 -1.1525 2.3228, 3.5417 -1.1151 2.3228, 3.5417 -1.1151 2.3228, 3.4449 -1.1024 2.3228, 3.4449 -1.1024 2.3228, 3.3481 -1.1151 2.3228, 3.3481 -1.1151 2.3228, 3.2579 -1.1525 2.3228, 3.2579 -1.1525 2.3228, 3.1804 -1.2119 2.3228, 3.1804 -1.2119 2.3228, 3.121 -1.2894 2.3228, 3.121 -1.2894 2.3228, 3.0836 -1.3796 2.3228, 3.0836 -1.3796 2.3228, 3.0709 -1.4764 2.3228, 3.0709 -1.4764 2.3228, 3.0836 -1.5732 2.3228, 3.0836 -1.5732 2.3228, 3.121 -1.6634 2.3228, 3.121 -1.6634 2.3228, 3.1804 -1.7409 2.3228, 3.1804 -1.7409 2.3228, 3.2579 -1.8003 2.3228, 3.2579 -1.8003 2.3228, 3.3481 -1.8377 2.3228, 3.3481 -1.8377 2.3228, 3.4449 -1.8504 2.3228, 3.4449 -1.8504 2.3228, 3.5417 -1.8377 2.3228, 3.5417 -1.8377 2.3228, 3.6319 -1.8003 2.3228, 3.6319 -1.8003 2.3228, 3.7094 -1.7409 2.3228, 3.7094 -1.7409 2.3228, 3.7688 -1.6634 2.3228, 3.7688 -1.6634 2.3228, 3.8062 -1.5732 2.3228, 3.8062 -1.5732 2.3228, 3.4449 -1.4764 2.3228, -2.0866 -2.4606 2.3228, -2.0866 -2.4606 2.3228, -2.0994 -2.3638 2.3228, -2.0994 -2.3638 2.3228, -2.1367 -2.2736 2.3228, -2.1367 -2.2736 2.3228, -2.1962 -2.1962 2.3228, -2.1962 -2.1962 2.3228, -2.2736 -2.1367 2.3228, -2.2736 -2.1367 2.3228, -2.3638 -2.0994 2.3228, -2.3638 -2.0994 2.3228, -2.4606 -2.0866 2.3228, -2.4606 -2.0866 2.3228, -2.5574 -2.0994 2.3228, -2.5574 -2.0994 2.3228, -2.6476 -2.1367 2.3228, -2.6476 -2.1367 2.3228, -2.7251 -2.1962 2.3228, -2.7251 -2.1962 2.3228, -2.7845 -2.2736 2.3228, -2.7845 -2.2736 2.3228, -2.8219 -2.3638 2.3228, -2.8219 -2.3638 2.3228, -2.8346 -2.4606 2.3228, -2.8346 -2.4606 2.3228, -2.8219 -2.5575 2.3228, -2.8219 -2.5575 2.3228, -2.7845 -2.6477 2.3228, -2.7845 -2.6477 2.3228, -2.7251 -2.7251 2.3228, -2.7251 -2.7251 2.3228, -2.6476 -2.7846 2.3228, -2.6476 -2.7846 2.3228, -2.5574 -2.8219 2.3228, -2.5574 -2.8219 2.3228, -2.4606 -2.8347 2.3228, -2.4606 -2.8347 2.3228, -2.3638 -2.8219 2.3228, -2.3638 -2.8219 2.3228, -2.2736 -2.7846 2.3228, -2.2736 -2.7846 2.3228, -2.1962 -2.7251 2.3228, -2.1962 -2.7251 2.3228, -2.1367 -2.6477 2.3228, -2.1367 -2.6477 2.3228, -2.0994 -2.5575 2.3228, -2.0994 -2.5575 2.3228, -2.4606 -2.4606 2.3228, -1.1024 -2.4606 2.3228, -1.1024 -2.4606 2.3228, -1.1151 -2.3638 2.3228, -1.1151 -2.3638 2.3228, -1.1525 -2.2736 2.3228, -1.1525 -2.2736 2.3228, -1.2119 -2.1962 2.3228, -1.2119 -2.1962 2.3228, -1.2894 -2.1367 2.3228, -1.2894 -2.1367 2.3228, -1.3796 -2.0994 2.3228, -1.3796 -2.0994 2.3228, -1.4764 -2.0866 2.3228, -1.4764 -2.0866 2.3228, -1.5732 -2.0994 2.3228, -1.5732 -2.0994 2.3228, -1.6634 -2.1367 2.3228, -1.6634 -2.1367 2.3228, -1.7408 -2.1962 2.3228, -1.7408 -2.1962 2.3228, -1.8003 -2.2736 2.3228, -1.8003 -2.2736 2.3228, -1.8376 -2.3638 2.3228, -1.8376 -2.3638 2.3228, -1.8504 -2.4606 2.3228, -1.8504 -2.4606 2.3228, -1.8376 -2.5575 2.3228, -1.8376 -2.5575 2.3228, -1.8003 -2.6477 2.3228, -1.8003 -2.6477 2.3228, -1.7408 -2.7251 2.3228, -1.7408 -2.7251 2.3228, -1.6634 -2.7846 2.3228, -1.6634 -2.7846 2.3228, -1.5732 -2.8219 2.3228, -1.5732 -2.8219 2.3228, -1.4764 -2.8347 2.3228, -1.4764 -2.8347 2.3228, -1.3796 -2.8219 2.3228, -1.3796 -2.8219 2.3228, -1.2894 -2.7846 2.3228, -1.2894 -2.7846 2.3228, -1.2119 -2.7251 2.3228, -1.2119 -2.7251 2.3228, -1.1525 -2.6477 2.3228, -1.1525 -2.6477 2.3228, -1.1151 -2.5575 2.3228, -1.1151 -2.5575 2.3228, -1.4764 -2.4606 2.3228, -0.1181 -2.4606 2.3228, -0.1181 -2.4606 2.3228, -0.1309 -2.3638 2.3228, -0.1309 -2.3638 2.3228, -0.1682 -2.2736 2.3228, -0.1682 -2.2736 2.3228, -0.2277 -2.1962 2.3228, -0.2277 -2.1962 2.3228, -0.3051 -2.1367 2.3228, -0.3051 -2.1367 2.3228, -0.3953 -2.0994 2.3228, -0.3953 -2.0994 2.3228, -0.4921 -2.0866 2.3228, -0.4921 -2.0866 2.3228, -0.5889 -2.0994 2.3228, -0.5889 -2.0994 2.3228, -0.6791 -2.1367 2.3228, -0.6791 -2.1367 2.3228, -0.7566 -2.1962 2.3228, -0.7566 -2.1962 2.3228, -0.816 -2.2736 2.3228, -0.816 -2.2736 2.3228, -0.8534 -2.3638 2.3228, -0.8534 -2.3638 2.3228, -0.8661 -2.4606 2.3228, -0.8661 -2.4606 2.3228, -0.8534 -2.5575 2.3228, -0.8534 -2.5575 2.3228, -0.816 -2.6477 2.3228, -0.816 -2.6477 2.3228, -0.7566 -2.7251 2.3228, -0.7566 -2.7251 2.3228, -0.6791 -2.7846 2.3228, -0.6791 -2.7846 2.3228, -0.5889 -2.8219 2.3228, -0.5889 -2.8219 2.3228, -0.4921 -2.8347 2.3228, -0.4921 -2.8347 2.3228, -0.3953 -2.8219 2.3228, -0.3953 -2.8219 2.3228, -0.3051 -2.7846 2.3228, -0.3051 -2.7846 2.3228, -0.2277 -2.7251 2.3228, -0.2277 -2.7251 2.3228, -0.1682 -2.6477 2.3228, -0.1682 -2.6477 2.3228, -0.1309 -2.5575 2.3228, -0.1309 -2.5575 2.3228, -0.4921 -2.4606 2.3228, 0.8661 -2.4606 2.3228, 0.8661 -2.4606 2.3228, 0.8534 -2.3638 2.3228, 0.8534 -2.3638 2.3228, 0.816 -2.2736 2.3228, 0.816 -2.2736 2.3228, 0.7566 -2.1962 2.3228, 0.7566 -2.1962 2.3228, 0.6791 -2.1367 2.3228, 0.6791 -2.1367 2.3228, 0.5889 -2.0994 2.3228, 0.5889 -2.0994 2.3228, 0.4921 -2.0866 2.3228, 0.4921 -2.0866 2.3228, 0.3953 -2.0994 2.3228, 0.3953 -2.0994 2.3228, 0.3051 -2.1367 2.3228, 0.3051 -2.1367 2.3228, 0.2277 -2.1962 2.3228, 0.2277 -2.1962 2.3228, 0.1682 -2.2736 2.3228, 0.1682 -2.2736 2.3228, 0.1309 -2.3638 2.3228, 0.1309 -2.3638 2.3228, 0.1181 -2.4606 2.3228, 0.1181 -2.4606 2.3228, 0.1309 -2.5575 2.3228, 0.1309 -2.5575 2.3228, 0.1682 -2.6477 2.3228, 0.1682 -2.6477 2.3228, 0.2277 -2.7251 2.3228, 0.2277 -2.7251 2.3228, 0.3051 -2.7846 2.3228, 0.3051 -2.7846 2.3228, 0.3953 -2.8219 2.3228, 0.3953 -2.8219 2.3228, 0.4921 -2.8347 2.3228, 0.4921 -2.8347 2.3228, 0.5889 -2.8219 2.3228, 0.5889 -2.8219 2.3228, 0.6791 -2.7846 2.3228, 0.6791 -2.7846 2.3228, 0.7566 -2.7251 2.3228, 0.7566 -2.7251 2.3228, 0.816 -2.6477 2.3228, 0.816 -2.6477 2.3228, 0.8534 -2.5575 2.3228, 0.8534 -2.5575 2.3228, 0.4921 -2.4606 2.3228, 1.8504 -2.4606 2.3228, 1.8504 -2.4606 2.3228, 1.8376 -2.3638 2.3228, 1.8376 -2.3638 2.3228, 1.8003 -2.2736 2.3228, 1.8003 -2.2736 2.3228, 1.7408 -2.1962 2.3228, 1.7408 -2.1962 2.3228, 1.6634 -2.1367 2.3228, 1.6634 -2.1367 2.3228, 1.5732 -2.0994 2.3228, 1.5732 -2.0994 2.3228, 1.4764 -2.0866 2.3228, 1.4764 -2.0866 2.3228, 1.3796 -2.0994 2.3228, 1.3796 -2.0994 2.3228, 1.2894 -2.1367 2.3228, 1.2894 -2.1367 2.3228, 1.2119 -2.1962 2.3228, 1.2119 -2.1962 2.3228, 1.1525 -2.2736 2.3228, 1.1525 -2.2736 2.3228, 1.1151 -2.3638 2.3228, 1.1151 -2.3638 2.3228, 1.1024 -2.4606 2.3228, 1.1024 -2.4606 2.3228, 1.1151 -2.5575 2.3228, 1.1151 -2.5575 2.3228, 1.1525 -2.6477 2.3228, 1.1525 -2.6477 2.3228, 1.2119 -2.7251 2.3228, 1.2119 -2.7251 2.3228, 1.2894 -2.7846 2.3228, 1.2894 -2.7846 2.3228, 1.3796 -2.8219 2.3228, 1.3796 -2.8219 2.3228, 1.4764 -2.8347 2.3228, 1.4764 -2.8347 2.3228, 1.5732 -2.8219 2.3228, 1.5732 -2.8219 2.3228, 1.6634 -2.7846 2.3228, 1.6634 -2.7846 2.3228, 1.7408 -2.7251 2.3228, 1.7408 -2.7251 2.3228, 1.8003 -2.6477 2.3228, 1.8003 -2.6477 2.3228, 1.8376 -2.5575 2.3228, 1.8376 -2.5575 2.3228, 1.4764 -2.4606 2.3228, 2.8346 -2.4606 2.3228, 2.8346 -2.4606 2.3228, 2.8219 -2.3638 2.3228, 2.8219 -2.3638 2.3228, 2.7845 -2.2736 2.3228, 2.7845 -2.2736 2.3228, 2.7251 -2.1962 2.3228, 2.7251 -2.1962 2.3228, 2.6476 -2.1367 2.3228, 2.6476 -2.1367 2.3228, 2.5574 -2.0994 2.3228, 2.5574 -2.0994 2.3228, 2.4606 -2.0866 2.3228, 2.4606 -2.0866 2.3228, 2.3638 -2.0994 2.3228, 2.3638 -2.0994 2.3228, 2.2736 -2.1367 2.3228, 2.2736 -2.1367 2.3228, 2.1962 -2.1962 2.3228, 2.1962 -2.1962 2.3228, 2.1367 -2.2736 2.3228, 2.1367 -2.2736 2.3228, 2.0994 -2.3638 2.3228, 2.0994 -2.3638 2.3228, 2.0866 -2.4606 2.3228, 2.0866 -2.4606 2.3228, 2.0994 -2.5575 2.3228, 2.0994 -2.5575 2.3228, 2.1367 -2.6477 2.3228, 2.1367 -2.6477 2.3228, 2.1962 -2.7251 2.3228, 2.1962 -2.7251 2.3228, 2.2736 -2.7846 2.3228, 2.2736 -2.7846 2.3228, 2.3638 -2.8219 2.3228, 2.3638 -2.8219 2.3228, 2.4606 -2.8347 2.3228, 2.4606 -2.8347 2.3228, 2.5574 -2.8219 2.3228, 2.5574 -2.8219 2.3228, 2.6476 -2.7846 2.3228, 2.6476 -2.7846 2.3228, 2.7251 -2.7251 2.3228, 2.7251 -2.7251 2.3228, 2.7845 -2.6477 2.3228, 2.7845 -2.6477 2.3228, 2.8219 -2.5575 2.3228, 2.8219 -2.5575 2.3228, 2.4606 -2.4606 2.3228, -2.0866 -1.4764 2.3228, -2.0866 -1.4764 2.3228, -2.0994 -1.3796 2.3228, -2.0994 -1.3796 2.3228, -2.1367 -1.2894 2.3228, -2.1367 -1.2894 2.3228, -2.1962 -1.2119 2.3228, -2.1962 -1.2119 2.3228, -2.2736 -1.1525 2.3228, -2.2736 -1.1525 2.3228, -2.3638 -1.1151 2.3228, -2.3638 -1.1151 2.3228, -2.4606 -1.1024 2.3228, -2.4606 -1.1024 2.3228, -2.5574 -1.1151 2.3228, -2.5574 -1.1151 2.3228, -2.6476 -1.1525 2.3228, -2.6476 -1.1525 2.3228, -2.7251 -1.2119 2.3228, -2.7251 -1.2119 2.3228, -2.7845 -1.2894 2.3228, -2.7845 -1.2894 2.3228, -2.8219 -1.3796 2.3228, -2.8219 -1.3796 2.3228, -2.8346 -1.4764 2.3228, -2.8346 -1.4764 2.3228, -2.8219 -1.5732 2.3228, -2.8219 -1.5732 2.3228, -2.7845 -1.6634 2.3228, -2.7845 -1.6634 2.3228, -2.7251 -1.7409 2.3228, -2.7251 -1.7409 2.3228, -2.6476 -1.8003 2.3228, -2.6476 -1.8003 2.3228, -2.5574 -1.8377 2.3228, -2.5574 -1.8377 2.3228, -2.4606 -1.8504 2.3228, -2.4606 -1.8504 2.3228, -2.3638 -1.8377 2.3228, -2.3638 -1.8377 2.3228, -2.2736 -1.8003 2.3228, -2.2736 -1.8003 2.3228, -2.1962 -1.7409 2.3228, -2.1962 -1.7409 2.3228, -2.1367 -1.6634 2.3228, -2.1367 -1.6634 2.3228, -2.0994 -1.5732 2.3228, -2.0994 -1.5732 2.3228, -2.4606 -1.4764 2.3228, 3.8189 -0.4921 2.3228, 3.8189 -0.4921 2.3228, 3.8062 -0.3953 2.3228, 3.8062 -0.3953 2.3228, 3.7688 -0.3051 2.3228, 3.7688 -0.3051 2.3228, 3.7094 -0.2277 2.3228, 3.7094 -0.2277 2.3228, 3.6319 -0.1682 2.3228, 3.6319 -0.1682 2.3228, 3.5417 -0.1309 2.3228, 3.5417 -0.1309 2.3228, 3.4449 -0.1181 2.3228, 3.4449 -0.1181 2.3228, 3.3481 -0.1309 2.3228, 3.3481 -0.1309 2.3228, 3.2579 -0.1682 2.3228, 3.2579 -0.1682 2.3228, 3.1804 -0.2277 2.3228, 3.1804 -0.2277 2.3228, 3.121 -0.3051 2.3228, 3.121 -0.3051 2.3228, 3.0836 -0.3953 2.3228, 3.0836 -0.3953 2.3228, 3.0709 -0.4921 2.3228, 3.0709 -0.4921 2.3228, 3.0836 -0.5889 2.3228, 3.0836 -0.5889 2.3228, 3.121 -0.6792 2.3228, 3.121 -0.6792 2.3228, 3.1804 -0.7566 2.3228, 3.1804 -0.7566 2.3228, 3.2579 -0.8161 2.3228, 3.2579 -0.8161 2.3228, 3.3481 -0.8534 2.3228, 3.3481 -0.8534 2.3228, 3.4449 -0.8662 2.3228, 3.4449 -0.8662 2.3228, 3.5417 -0.8534 2.3228, 3.5417 -0.8534 2.3228, 3.6319 -0.8161 2.3228, 3.6319 -0.8161 2.3228, 3.7094 -0.7566 2.3228, 3.7094 -0.7566 2.3228, 3.7688 -0.6792 2.3228, 3.7688 -0.6792 2.3228, 3.8062 -0.5889 2.3228, 3.8062 -0.5889 2.3228, 3.4449 -0.4921 2.3228, 2.8346 -0.4921 2.3228, 2.8346 -0.4921 2.3228, 2.8219 -0.3953 2.3228, 2.8219 -0.3953 2.3228, 2.7845 -0.3051 2.3228, 2.7845 -0.3051 2.3228, 2.7251 -0.2277 2.3228, 2.7251 -0.2277 2.3228, 2.6476 -0.1682 2.3228, 2.6476 -0.1682 2.3228, 2.5574 -0.1309 2.3228, 2.5574 -0.1309 2.3228, 2.4606 -0.1181 2.3228, 2.4606 -0.1181 2.3228, 2.3638 -0.1309 2.3228, 2.3638 -0.1309 2.3228, 2.2736 -0.1682 2.3228, 2.2736 -0.1682 2.3228, 2.1962 -0.2277 2.3228, 2.1962 -0.2277 2.3228, 2.1367 -0.3051 2.3228, 2.1367 -0.3051 2.3228, 2.0994 -0.3953 2.3228, 2.0994 -0.3953 2.3228, 2.0866 -0.4921 2.3228, 2.0866 -0.4921 2.3228, 2.0994 -0.5889 2.3228, 2.0994 -0.5889 2.3228, 2.1367 -0.6792 2.3228, 2.1367 -0.6792 2.3228, 2.1962 -0.7566 2.3228, 2.1962 -0.7566 2.3228, 2.2736 -0.8161 2.3228, 2.2736 -0.8161 2.3228, 2.3638 -0.8534 2.3228, 2.3638 -0.8534 2.3228, 2.4606 -0.8662 2.3228, 2.4606 -0.8662 2.3228, 2.5574 -0.8534 2.3228, 2.5574 -0.8534 2.3228, 2.6476 -0.8161 2.3228, 2.6476 -0.8161 2.3228, 2.7251 -0.7566 2.3228, 2.7251 -0.7566 2.3228, 2.7845 -0.6792 2.3228, 2.7845 -0.6792 2.3228, 2.8219 -0.5889 2.3228, 2.8219 -0.5889 2.3228, 2.4606 -0.4921 2.3228, 1.8504 -0.4921 2.3228, 1.8504 -0.4921 2.3228, 1.8376 -0.3953 2.3228, 1.8376 -0.3953 2.3228, 1.8003 -0.3051 2.3228, 1.8003 -0.3051 2.3228, 1.7408 -0.2277 2.3228, 1.7408 -0.2277 2.3228, 1.6634 -0.1682 2.3228, 1.6634 -0.1682 2.3228, 1.5732 -0.1309 2.3228, 1.5732 -0.1309 2.3228, 1.4764 -0.1181 2.3228, 1.4764 -0.1181 2.3228, 1.3796 -0.1309 2.3228, 1.3796 -0.1309 2.3228, 1.2894 -0.1682 2.3228, 1.2894 -0.1682 2.3228, 1.2119 -0.2277 2.3228, 1.2119 -0.2277 2.3228, 1.1525 -0.3051 2.3228, 1.1525 -0.3051 2.3228, 1.1151 -0.3953 2.3228, 1.1151 -0.3953 2.3228, 1.1024 -0.4921 2.3228, 1.1024 -0.4921 2.3228, 1.1151 -0.5889 2.3228, 1.1151 -0.5889 2.3228, 1.1525 -0.6792 2.3228, 1.1525 -0.6792 2.3228, 1.2119 -0.7566 2.3228, 1.2119 -0.7566 2.3228, 1.2894 -0.8161 2.3228, 1.2894 -0.8161 2.3228, 1.3796 -0.8534 2.3228, 1.3796 -0.8534 2.3228, 1.4764 -0.8662 2.3228, 1.4764 -0.8662 2.3228, 1.5732 -0.8534 2.3228, 1.5732 -0.8534 2.3228, 1.6634 -0.8161 2.3228, 1.6634 -0.8161 2.3228, 1.7408 -0.7566 2.3228, 1.7408 -0.7566 2.3228, 1.8003 -0.6792 2.3228, 1.8003 -0.6792 2.3228, 1.8376 -0.5889 2.3228, 1.8376 -0.5889 2.3228, 1.4764 -0.4921 2.3228, -1.1024 -1.4764 2.3228, -1.1024 -1.4764 2.3228, -1.1151 -1.3796 2.3228, -1.1151 -1.3796 2.3228, -1.1525 -1.2894 2.3228, -1.1525 -1.2894 2.3228, -1.2119 -1.2119 2.3228, -1.2119 -1.2119 2.3228, -1.2894 -1.1525 2.3228, -1.2894 -1.1525 2.3228, -1.3796 -1.1151 2.3228, -1.3796 -1.1151 2.3228, -1.4764 -1.1024 2.3228, -1.4764 -1.1024 2.3228, -1.5732 -1.1151 2.3228, -1.5732 -1.1151 2.3228, -1.6634 -1.1525 2.3228, -1.6634 -1.1525 2.3228, -1.7408 -1.2119 2.3228, -1.7408 -1.2119 2.3228, -1.8003 -1.2894 2.3228, -1.8003 -1.2894 2.3228, -1.8376 -1.3796 2.3228, -1.8376 -1.3796 2.3228, -1.8504 -1.4764 2.3228, -1.8504 -1.4764 2.3228, -1.8376 -1.5732 2.3228, -1.8376 -1.5732 2.3228, -1.8003 -1.6634 2.3228, -1.8003 -1.6634 2.3228, -1.7408 -1.7409 2.3228, -1.7408 -1.7409 2.3228, -1.6634 -1.8003 2.3228, -1.6634 -1.8003 2.3228, -1.5732 -1.8377 2.3228, -1.5732 -1.8377 2.3228, -1.4764 -1.8504 2.3228, -1.4764 -1.8504 2.3228, -1.3796 -1.8377 2.3228, -1.3796 -1.8377 2.3228, -1.2894 -1.8003 2.3228, -1.2894 -1.8003 2.3228, -1.2119 -1.7409 2.3228, -1.2119 -1.7409 2.3228, -1.1525 -1.6634 2.3228, -1.1525 -1.6634 2.3228, -1.1151 -1.5732 2.3228, -1.1151 -1.5732 2.3228, -1.4764 -1.4764 2.3228, -0.1181 -1.4764 2.3228, -0.1181 -1.4764 2.3228, -0.1309 -1.3796 2.3228, -0.1309 -1.3796 2.3228, -0.1682 -1.2894 2.3228, -0.1682 -1.2894 2.3228, -0.2277 -1.2119 2.3228, -0.2277 -1.2119 2.3228, -0.3051 -1.1525 2.3228, -0.3051 -1.1525 2.3228, -0.3953 -1.1151 2.3228, -0.3953 -1.1151 2.3228, -0.4921 -1.1024 2.3228, -0.4921 -1.1024 2.3228, -0.5889 -1.1151 2.3228, -0.5889 -1.1151 2.3228, -0.6791 -1.1525 2.3228, -0.6791 -1.1525 2.3228, -0.7566 -1.2119 2.3228, -0.7566 -1.2119 2.3228, -0.816 -1.2894 2.3228, -0.816 -1.2894 2.3228, -0.8534 -1.3796 2.3228, -0.8534 -1.3796 2.3228, -0.8661 -1.4764 2.3228, -0.8661 -1.4764 2.3228, -0.8534 -1.5732 2.3228, -0.8534 -1.5732 2.3228, -0.816 -1.6634 2.3228, -0.816 -1.6634 2.3228, -0.7566 -1.7409 2.3228, -0.7566 -1.7409 2.3228, -0.6791 -1.8003 2.3228, -0.6791 -1.8003 2.3228, -0.5889 -1.8377 2.3228, -0.5889 -1.8377 2.3228, -0.4921 -1.8504 2.3228, -0.4921 -1.8504 2.3228, -0.3953 -1.8377 2.3228, -0.3953 -1.8377 2.3228, -0.3051 -1.8003 2.3228, -0.3051 -1.8003 2.3228, -0.2277 -1.7409 2.3228, -0.2277 -1.7409 2.3228, -0.1682 -1.6634 2.3228, -0.1682 -1.6634 2.3228, -0.1309 -1.5732 2.3228, -0.1309 -1.5732 2.3228, -0.4921 -1.4764 2.3228, 0.8661 -1.4764 2.3228, 0.8661 -1.4764 2.3228, 0.8534 -1.3796 2.3228, 0.8534 -1.3796 2.3228, 0.816 -1.2894 2.3228, 0.816 -1.2894 2.3228, 0.7566 -1.2119 2.3228, 0.7566 -1.2119 2.3228, 0.6791 -1.1525 2.3228, 0.6791 -1.1525 2.3228, 0.5889 -1.1151 2.3228, 0.5889 -1.1151 2.3228, 0.4921 -1.1024 2.3228, 0.4921 -1.1024 2.3228, 0.3953 -1.1151 2.3228, 0.3953 -1.1151 2.3228, 0.3051 -1.1525 2.3228, 0.3051 -1.1525 2.3228, 0.2277 -1.2119 2.3228, 0.2277 -1.2119 2.3228, 0.1682 -1.2894 2.3228, 0.1682 -1.2894 2.3228, 0.1309 -1.3796 2.3228, 0.1309 -1.3796 2.3228, 0.1181 -1.4764 2.3228, 0.1181 -1.4764 2.3228, 0.1309 -1.5732 2.3228, 0.1309 -1.5732 2.3228, 0.1682 -1.6634 2.3228, 0.1682 -1.6634 2.3228, 0.2277 -1.7409 2.3228, 0.2277 -1.7409 2.3228, 0.3051 -1.8003 2.3228, 0.3051 -1.8003 2.3228, 0.3953 -1.8377 2.3228, 0.3953 -1.8377 2.3228, 0.4921 -1.8504 2.3228, 0.4921 -1.8504 2.3228, 0.5889 -1.8377 2.3228, 0.5889 -1.8377 2.3228, 0.6791 -1.8003 2.3228, 0.6791 -1.8003 2.3228, 0.7566 -1.7409 2.3228, 0.7566 -1.7409 2.3228, 0.816 -1.6634 2.3228, 0.816 -1.6634 2.3228, 0.8534 -1.5732 2.3228, 0.8534 -1.5732 2.3228, 0.4921 -1.4764 2.3228, 1.8504 -1.4764 2.3228, 1.8504 -1.4764 2.3228, 1.8376 -1.3796 2.3228, 1.8376 -1.3796 2.3228, 1.8003 -1.2894 2.3228, 1.8003 -1.2894 2.3228, 1.7408 -1.2119 2.3228, 1.7408 -1.2119 2.3228, 1.6634 -1.1525 2.3228, 1.6634 -1.1525 2.3228, 1.5732 -1.1151 2.3228, 1.5732 -1.1151 2.3228, 1.4764 -1.1024 2.3228, 1.4764 -1.1024 2.3228, 1.3796 -1.1151 2.3228, 1.3796 -1.1151 2.3228, 1.2894 -1.1525 2.3228, 1.2894 -1.1525 2.3228, 1.2119 -1.2119 2.3228, 1.2119 -1.2119 2.3228, 1.1525 -1.2894 2.3228, 1.1525 -1.2894 2.3228, 1.1151 -1.3796 2.3228, 1.1151 -1.3796 2.3228, 1.1024 -1.4764 2.3228, 1.1024 -1.4764 2.3228, 1.1151 -1.5732 2.3228, 1.1151 -1.5732 2.3228, 1.1525 -1.6634 2.3228, 1.1525 -1.6634 2.3228, 1.2119 -1.7409 2.3228, 1.2119 -1.7409 2.3228, 1.2894 -1.8003 2.3228, 1.2894 -1.8003 2.3228, 1.3796 -1.8377 2.3228, 1.3796 -1.8377 2.3228, 1.4764 -1.8504 2.3228, 1.4764 -1.8504 2.3228, 1.5732 -1.8377 2.3228, 1.5732 -1.8377 2.3228, 1.6634 -1.8003 2.3228, 1.6634 -1.8003 2.3228, 1.7408 -1.7409 2.3228, 1.7408 -1.7409 2.3228, 1.8003 -1.6634 2.3228, 1.8003 -1.6634 2.3228, 1.8376 -1.5732 2.3228, 1.8376 -1.5732 2.3228, 1.4764 -1.4764 2.3228, 3.8189 -3.4449 2.3228, 3.8189 -3.4449 2.3228, 3.8062 -3.3481 2.3228, 3.8062 -3.3481 2.3228, 3.7688 -3.2579 2.3228, 3.7688 -3.2579 2.3228, 3.7094 -3.1804 2.3228, 3.7094 -3.1804 2.3228, 3.6319 -3.121 2.3228, 3.6319 -3.121 2.3228, 3.5417 -3.0836 2.3228, 3.5417 -3.0836 2.3228, 3.4449 -3.0709 2.3228, 3.4449 -3.0709 2.3228, 3.3481 -3.0836 2.3228, 3.3481 -3.0836 2.3228, 3.2579 -3.121 2.3228, 3.2579 -3.121 2.3228, 3.1804 -3.1804 2.3228, 3.1804 -3.1804 2.3228, 3.121 -3.2579 2.3228, 3.121 -3.2579 2.3228, 3.0836 -3.3481 2.3228, 3.0836 -3.3481 2.3228, 3.0709 -3.4449 2.3228, 3.0709 -3.4449 2.3228, 3.0836 -3.5417 2.3228, 3.0836 -3.5417 2.3228, 3.121 -3.6319 2.3228, 3.121 -3.6319 2.3228, 3.1804 -3.7094 2.3228, 3.1804 -3.7094 2.3228, 3.2579 -3.7688 2.3228, 3.2579 -3.7688 2.3228, 3.3481 -3.8062 2.3228, 3.3481 -3.8062 2.3228, 3.4449 -3.8189 2.3228, 3.4449 -3.8189 2.3228, 3.5417 -3.8062 2.3228, 3.5417 -3.8062 2.3228, 3.6319 -3.7688 2.3228, 3.6319 -3.7688 2.3228, 3.7094 -3.7094 2.3228, 3.7094 -3.7094 2.3228, 3.7688 -3.6319 2.3228, 3.7688 -3.6319 2.3228, 3.8062 -3.5417 2.3228, 3.8062 -3.5417 2.3228, 3.4449 -3.4449 2.3228, 2.8346 -3.4449 2.3228, 2.8346 -3.4449 2.3228, 2.8219 -3.3481 2.3228, 2.8219 -3.3481 2.3228, 2.7845 -3.2579 2.3228, 2.7845 -3.2579 2.3228, 2.7251 -3.1804 2.3228, 2.7251 -3.1804 2.3228, 2.6476 -3.121 2.3228, 2.6476 -3.121 2.3228, 2.5574 -3.0836 2.3228, 2.5574 -3.0836 2.3228, 2.4606 -3.0709 2.3228, 2.4606 -3.0709 2.3228, 2.3638 -3.0836 2.3228, 2.3638 -3.0836 2.3228, 2.2736 -3.121 2.3228, 2.2736 -3.121 2.3228, 2.1962 -3.1804 2.3228, 2.1962 -3.1804 2.3228, 2.1367 -3.2579 2.3228, 2.1367 -3.2579 2.3228, 2.0994 -3.3481 2.3228, 2.0994 -3.3481 2.3228, 2.0866 -3.4449 2.3228, 2.0866 -3.4449 2.3228, 2.0994 -3.5417 2.3228, 2.0994 -3.5417 2.3228, 2.1367 -3.6319 2.3228, 2.1367 -3.6319 2.3228, 2.1962 -3.7094 2.3228, 2.1962 -3.7094 2.3228, 2.2736 -3.7688 2.3228, 2.2736 -3.7688 2.3228, 2.3638 -3.8062 2.3228, 2.3638 -3.8062 2.3228, 2.4606 -3.8189 2.3228, 2.4606 -3.8189 2.3228, 2.5574 -3.8062 2.3228, 2.5574 -3.8062 2.3228, 2.6476 -3.7688 2.3228, 2.6476 -3.7688 2.3228, 2.7251 -3.7094 2.3228, 2.7251 -3.7094 2.3228, 2.7845 -3.6319 2.3228, 2.7845 -3.6319 2.3228, 2.8219 -3.5417 2.3228, 2.8219 -3.5417 2.3228, 2.4606 -3.4449 2.3228, 1.8504 -3.4449 2.3228, 1.8504 -3.4449 2.3228, 1.8376 -3.3481 2.3228, 1.8376 -3.3481 2.3228, 1.8003 -3.2579 2.3228, 1.8003 -3.2579 2.3228, 1.7408 -3.1804 2.3228, 1.7408 -3.1804 2.3228, 1.6634 -3.121 2.3228, 1.6634 -3.121 2.3228, 1.5732 -3.0836 2.3228, 1.5732 -3.0836 2.3228, 1.4764 -3.0709 2.3228, 1.4764 -3.0709 2.3228, 1.3796 -3.0836 2.3228, 1.3796 -3.0836 2.3228, 1.2894 -3.121 2.3228, 1.2894 -3.121 2.3228, 1.2119 -3.1804 2.3228, 1.2119 -3.1804 2.3228, 1.1525 -3.2579 2.3228, 1.1525 -3.2579 2.3228, 1.1151 -3.3481 2.3228, 1.1151 -3.3481 2.3228, 1.1024 -3.4449 2.3228, 1.1024 -3.4449 2.3228, 1.1151 -3.5417 2.3228, 1.1151 -3.5417 2.3228, 1.1525 -3.6319 2.3228, 1.1525 -3.6319 2.3228, 1.2119 -3.7094 2.3228, 1.2119 -3.7094 2.3228, 1.2894 -3.7688 2.3228, 1.2894 -3.7688 2.3228, 1.3796 -3.8062 2.3228, 1.3796 -3.8062 2.3228, 1.4764 -3.8189 2.3228, 1.4764 -3.8189 2.3228, 1.5732 -3.8062 2.3228, 1.5732 -3.8062 2.3228, 1.6634 -3.7688 2.3228, 1.6634 -3.7688 2.3228, 1.7408 -3.7094 2.3228, 1.7408 -3.7094 2.3228, 1.8003 -3.6319 2.3228, 1.8003 -3.6319 2.3228, 1.8376 -3.5417 2.3228, 1.8376 -3.5417 2.3228, 1.4764 -3.4449 2.3228, 0.8661 -3.4449 2.3228, 0.8661 -3.4449 2.3228, 0.8534 -3.3481 2.3228, 0.8534 -3.3481 2.3228, 0.816 -3.2579 2.3228, 0.816 -3.2579 2.3228, 0.7566 -3.1804 2.3228, 0.7566 -3.1804 2.3228, 0.6791 -3.121 2.3228, 0.6791 -3.121 2.3228, 0.5889 -3.0836 2.3228, 0.5889 -3.0836 2.3228, 0.4921 -3.0709 2.3228, 0.4921 -3.0709 2.3228, 0.3953 -3.0836 2.3228, 0.3953 -3.0836 2.3228, 0.3051 -3.121 2.3228, 0.3051 -3.121 2.3228, 0.2277 -3.1804 2.3228, 0.2277 -3.1804 2.3228, 0.1682 -3.2579 2.3228, 0.1682 -3.2579 2.3228, 0.1309 -3.3481 2.3228, 0.1309 -3.3481 2.3228, 0.1181 -3.4449 2.3228, 0.1181 -3.4449 2.3228, 0.1309 -3.5417 2.3228, 0.1309 -3.5417 2.3228, 0.1682 -3.6319 2.3228, 0.1682 -3.6319 2.3228, 0.2277 -3.7094 2.3228, 0.2277 -3.7094 2.3228, 0.3051 -3.7688 2.3228, 0.3051 -3.7688 2.3228, 0.3953 -3.8062 2.3228, 0.3953 -3.8062 2.3228, 0.4921 -3.8189 2.3228, 0.4921 -3.8189 2.3228, 0.5889 -3.8062 2.3228, 0.5889 -3.8062 2.3228, 0.6791 -3.7688 2.3228, 0.6791 -3.7688 2.3228, 0.7566 -3.7094 2.3228, 0.7566 -3.7094 2.3228, 0.816 -3.6319 2.3228, 0.816 -3.6319 2.3228, 0.8534 -3.5417 2.3228, 0.8534 -3.5417 2.3228, 0.4921 -3.4449 2.3228, 3.8189 -2.4606 2.3228, 3.8189 -2.4606 2.3228, 3.8062 -2.3638 2.3228, 3.8062 -2.3638 2.3228, 3.7688 -2.2736 2.3228, 3.7688 -2.2736 2.3228, 3.7094 -2.1962 2.3228, 3.7094 -2.1962 2.3228, 3.6319 -2.1367 2.3228, 3.6319 -2.1367 2.3228, 3.5417 -2.0994 2.3228, 3.5417 -2.0994 2.3228, 3.4449 -2.0866 2.3228, 3.4449 -2.0866 2.3228, 3.3481 -2.0994 2.3228, 3.3481 -2.0994 2.3228, 3.2579 -2.1367 2.3228, 3.2579 -2.1367 2.3228, 3.1804 -2.1962 2.3228, 3.1804 -2.1962 2.3228, 3.121 -2.2736 2.3228, 3.121 -2.2736 2.3228, 3.0836 -2.3638 2.3228, 3.0836 -2.3638 2.3228, 3.0709 -2.4606 2.3228, 3.0709 -2.4606 2.3228, 3.0836 -2.5575 2.3228, 3.0836 -2.5575 2.3228, 3.121 -2.6477 2.3228, 3.121 -2.6477 2.3228, 3.1804 -2.7251 2.3228, 3.1804 -2.7251 2.3228, 3.2579 -2.7846 2.3228, 3.2579 -2.7846 2.3228, 3.3481 -2.8219 2.3228, 3.3481 -2.8219 2.3228, 3.4449 -2.8347 2.3228, 3.4449 -2.8347 2.3228, 3.5417 -2.8219 2.3228, 3.5417 -2.8219 2.3228, 3.6319 -2.7846 2.3228, 3.6319 -2.7846 2.3228, 3.7094 -2.7251 2.3228, 3.7094 -2.7251 2.3228, 3.7688 -2.6477 2.3228, 3.7688 -2.6477 2.3228, 3.8062 -2.5575 2.3228, 3.8062 -2.5575 2.3228, 3.4449 -2.4606 2.3228, -2.0866 -3.4449 2.3228, -2.0866 -3.4449 2.3228, -2.0994 -3.3481 2.3228, -2.0994 -3.3481 2.3228, -2.1367 -3.2579 2.3228, -2.1367 -3.2579 2.3228, -2.1962 -3.1804 2.3228, -2.1962 -3.1804 2.3228, -2.2736 -3.121 2.3228, -2.2736 -3.121 2.3228, -2.3638 -3.0836 2.3228, -2.3638 -3.0836 2.3228, -2.4606 -3.0709 2.3228, -2.4606 -3.0709 2.3228, -2.5574 -3.0836 2.3228, -2.5574 -3.0836 2.3228, -2.6476 -3.121 2.3228, -2.6476 -3.121 2.3228, -2.7251 -3.1804 2.3228, -2.7251 -3.1804 2.3228, -2.7845 -3.2579 2.3228, -2.7845 -3.2579 2.3228, -2.8219 -3.3481 2.3228, -2.8219 -3.3481 2.3228, -2.8346 -3.4449 2.3228, -2.8346 -3.4449 2.3228, -2.8219 -3.5417 2.3228, -2.8219 -3.5417 2.3228, -2.7845 -3.6319 2.3228, -2.7845 -3.6319 2.3228, -2.7251 -3.7094 2.3228, -2.7251 -3.7094 2.3228, -2.6476 -3.7688 2.3228, -2.6476 -3.7688 2.3228, -2.5574 -3.8062 2.3228, -2.5574 -3.8062 2.3228, -2.4606 -3.8189 2.3228, -2.4606 -3.8189 2.3228, -2.3638 -3.8062 2.3228, -2.3638 -3.8062 2.3228, -2.2736 -3.7688 2.3228, -2.2736 -3.7688 2.3228, -2.1962 -3.7094 2.3228, -2.1962 -3.7094 2.3228, -2.1367 -3.6319 2.3228, -2.1367 -3.6319 2.3228, -2.0994 -3.5417 2.3228, -2.0994 -3.5417 2.3228, -2.4606 -3.4449 2.3228, -1.1024 -3.4449 2.3228, -1.1024 -3.4449 2.3228, -1.1151 -3.3481 2.3228, -1.1151 -3.3481 2.3228, -1.1525 -3.2579 2.3228, -1.1525 -3.2579 2.3228, -1.2119 -3.1804 2.3228, -1.2119 -3.1804 2.3228, -1.2894 -3.121 2.3228, -1.2894 -3.121 2.3228, -1.3796 -3.0836 2.3228, -1.3796 -3.0836 2.3228, -1.4764 -3.0709 2.3228, -1.4764 -3.0709 2.3228, -1.5732 -3.0836 2.3228, -1.5732 -3.0836 2.3228, -1.6634 -3.121 2.3228, -1.6634 -3.121 2.3228, -1.7408 -3.1804 2.3228, -1.7408 -3.1804 2.3228, -1.8003 -3.2579 2.3228, -1.8003 -3.2579 2.3228, -1.8376 -3.3481 2.3228, -1.8376 -3.3481 2.3228, -1.8504 -3.4449 2.3228, -1.8504 -3.4449 2.3228, -1.8376 -3.5417 2.3228, -1.8376 -3.5417 2.3228, -1.8003 -3.6319 2.3228, -1.8003 -3.6319 2.3228, -1.7408 -3.7094 2.3228, -1.7408 -3.7094 2.3228, -1.6634 -3.7688 2.3228, -1.6634 -3.7688 2.3228, -1.5732 -3.8062 2.3228, -1.5732 -3.8062 2.3228, -1.4764 -3.8189 2.3228, -1.4764 -3.8189 2.3228, -1.3796 -3.8062 2.3228, -1.3796 -3.8062 2.3228, -1.2894 -3.7688 2.3228, -1.2894 -3.7688 2.3228, -1.2119 -3.7094 2.3228, -1.2119 -3.7094 2.3228, -1.1525 -3.6319 2.3228, -1.1525 -3.6319 2.3228, -1.1151 -3.5417 2.3228, -1.1151 -3.5417 2.3228, -1.4764 -3.4449 2.3228, -0.1181 -3.4449 2.3228, -0.1181 -3.4449 2.3228, -0.1309 -3.3481 2.3228, -0.1309 -3.3481 2.3228, -0.1682 -3.2579 2.3228, -0.1682 -3.2579 2.3228, -0.2277 -3.1804 2.3228, -0.2277 -3.1804 2.3228, -0.3051 -3.121 2.3228, -0.3051 -3.121 2.3228, -0.3953 -3.0836 2.3228, -0.3953 -3.0836 2.3228, -0.4921 -3.0709 2.3228, -0.4921 -3.0709 2.3228, -0.5889 -3.0836 2.3228, -0.5889 -3.0836 2.3228, -0.6791 -3.121 2.3228, -0.6791 -3.121 2.3228, -0.7566 -3.1804 2.3228, -0.7566 -3.1804 2.3228, -0.816 -3.2579 2.3228, -0.816 -3.2579 2.3228, -0.8534 -3.3481 2.3228, -0.8534 -3.3481 2.3228, -0.8661 -3.4449 2.3228, -0.8661 -3.4449 2.3228, -0.8534 -3.5417 2.3228, -0.8534 -3.5417 2.3228, -0.816 -3.6319 2.3228, -0.816 -3.6319 2.3228, -0.7566 -3.7094 2.3228, -0.7566 -3.7094 2.3228, -0.6791 -3.7688 2.3228, -0.6791 -3.7688 2.3228, -0.5889 -3.8062 2.3228, -0.5889 -3.8062 2.3228, -0.4921 -3.8189 2.3228, -0.4921 -3.8189 2.3228, -0.3953 -3.8062 2.3228, -0.3953 -3.8062 2.3228, -0.3051 -3.7688 2.3228, -0.3051 -3.7688 2.3228, -0.2277 -3.7094 2.3228, -0.2277 -3.7094 2.3228, -0.1682 -3.6319 2.3228, -0.1682 -3.6319 2.3228, -0.1309 -3.5417 2.3228, -0.1309 -3.5417 2.3228, -0.4921 -3.4449 2.3228, -3.0709 2.4606 2.3228, -3.0709 2.4606 2.3228, -3.0836 2.5574 2.3228, -3.0836 2.5574 2.3228, -3.121 2.6476 2.3228, -3.121 2.6476 2.3228, -3.1804 2.7251 2.3228, -3.1804 2.7251 2.3228, -3.2579 2.7845 2.3228, -3.2579 2.7845 2.3228, -3.3481 2.8219 2.3228, -3.3481 2.8219 2.3228, -3.4449 2.8346 2.3228, -3.4449 2.8346 2.3228, -3.5417 2.8219 2.3228, -3.5417 2.8219 2.3228, -3.6319 2.7845 2.3228, -3.6319 2.7845 2.3228, -3.7094 2.7251 2.3228, -3.7094 2.7251 2.3228, -3.7688 2.6476 2.3228, -3.7688 2.6476 2.3228, -3.8062 2.5574 2.3228, -3.8062 2.5574 2.3228, -3.8189 2.4606 2.3228, -3.8189 2.4606 2.3228, -3.8062 2.3638 2.3228, -3.8062 2.3638 2.3228, -3.7688 2.2736 2.3228, -3.7688 2.2736 2.3228, -3.7094 2.1961 2.3228, -3.7094 2.1961 2.3228, -3.6319 2.1367 2.3228, -3.6319 2.1367 2.3228, -3.5417 2.0993 2.3228, -3.5417 2.0993 2.3228, -3.4449 2.0866 2.3228, -3.4449 2.0866 2.3228, -3.3481 2.0993 2.3228, -3.3481 2.0993 2.3228, -3.2579 2.1367 2.3228, -3.2579 2.1367 2.3228, -3.1804 2.1961 2.3228, -3.1804 2.1961 2.3228, -3.121 2.2736 2.3228, -3.121 2.2736 2.3228, -3.0836 2.3638 2.3228, -3.0836 2.3638 2.3228, -3.4449 2.4606 2.3228, -3.0709 1.4764 2.3228, -3.0709 1.4764 2.3228, -3.0836 1.5732 2.3228, -3.0836 1.5732 2.3228, -3.121 1.6634 2.3228, -3.121 1.6634 2.3228, -3.1804 1.7408 2.3228, -3.1804 1.7408 2.3228, -3.2579 1.8003 2.3228, -3.2579 1.8003 2.3228, -3.3481 1.8376 2.3228, -3.3481 1.8376 2.3228, -3.4449 1.8504 2.3228, -3.4449 1.8504 2.3228, -3.5417 1.8376 2.3228, -3.5417 1.8376 2.3228, -3.6319 1.8003 2.3228, -3.6319 1.8003 2.3228, -3.7094 1.7408 2.3228, -3.7094 1.7408 2.3228, -3.7688 1.6634 2.3228, -3.7688 1.6634 2.3228, -3.8062 1.5732 2.3228, -3.8062 1.5732 2.3228, -3.8189 1.4764 2.3228, -3.8189 1.4764 2.3228, -3.8062 1.3796 2.3228, -3.8062 1.3796 2.3228, -3.7688 1.2893 2.3228, -3.7688 1.2893 2.3228, -3.7094 1.2119 2.3228, -3.7094 1.2119 2.3228, -3.6319 1.1525 2.3228, -3.6319 1.1525 2.3228, -3.5417 1.1151 2.3228, -3.5417 1.1151 2.3228, -3.4449 1.1023 2.3228, -3.4449 1.1023 2.3228, -3.3481 1.1151 2.3228, -3.3481 1.1151 2.3228, -3.2579 1.1525 2.3228, -3.2579 1.1525 2.3228, -3.1804 1.2119 2.3228, -3.1804 1.2119 2.3228, -3.121 1.2893 2.3228, -3.121 1.2893 2.3228, -3.0836 1.3796 2.3228, -3.0836 1.3796 2.3228, -3.4449 1.4764 2.3228, -3.0709 0.4921 2.3228, -3.0709 0.4921 2.3228, -3.0836 0.5889 2.3228, -3.0836 0.5889 2.3228, -3.121 0.6791 2.3228, -3.121 0.6791 2.3228, -3.1804 0.7566 2.3228, -3.1804 0.7566 2.3228, -3.2579 0.816 2.3228, -3.2579 0.816 2.3228, -3.3481 0.8534 2.3228, -3.3481 0.8534 2.3228, -3.4449 0.8661 2.3228, -3.4449 0.8661 2.3228, -3.5417 0.8534 2.3228, -3.5417 0.8534 2.3228, -3.6319 0.816 2.3228, -3.6319 0.816 2.3228, -3.7094 0.7566 2.3228, -3.7094 0.7566 2.3228, -3.7688 0.6791 2.3228, -3.7688 0.6791 2.3228, -3.8062 0.5889 2.3228, -3.8062 0.5889 2.3228, -3.8189 0.4921 2.3228, -3.8189 0.4921 2.3228, -3.8062 0.3953 2.3228, -3.8062 0.3953 2.3228, -3.7688 0.3051 2.3228, -3.7688 0.3051 2.3228, -3.7094 0.2276 2.3228, -3.7094 0.2276 2.3228, -3.6319 0.1682 2.3228, -3.6319 0.1682 2.3228, -3.5417 0.1308 2.3228, -3.5417 0.1308 2.3228, -3.4449 0.1181 2.3228, -3.4449 0.1181 2.3228, -3.3481 0.1308 2.3228, -3.3481 0.1308 2.3228, -3.2579 0.1682 2.3228, -3.2579 0.1682 2.3228, -3.1804 0.2276 2.3228, -3.1804 0.2276 2.3228, -3.121 0.3051 2.3228, -3.121 0.3051 2.3228, -3.0836 0.3953 2.3228, -3.0836 0.3953 2.3228, -3.4449 0.4921 2.3228, -3.0709 -0.4921 2.3228, -3.0709 -0.4921 2.3228, -3.0836 -0.3953 2.3228, -3.0836 -0.3953 2.3228, -3.121 -0.3051 2.3228, -3.121 -0.3051 2.3228, -3.1804 -0.2277 2.3228, -3.1804 -0.2277 2.3228, -3.2579 -0.1682 2.3228, -3.2579 -0.1682 2.3228, -3.3481 -0.1309 2.3228, -3.3481 -0.1309 2.3228, -3.4449 -0.1181 2.3228, -3.4449 -0.1181 2.3228, -3.5417 -0.1309 2.3228, -3.5417 -0.1309 2.3228, -3.6319 -0.1682 2.3228, -3.6319 -0.1682 2.3228, -3.7094 -0.2277 2.3228, -3.7094 -0.2277 2.3228, -3.7688 -0.3051 2.3228, -3.7688 -0.3051 2.3228, -3.8062 -0.3953 2.3228, -3.8062 -0.3953 2.3228, -3.8189 -0.4921 2.3228, -3.8189 -0.4921 2.3228, -3.8062 -0.5889 2.3228, -3.8062 -0.5889 2.3228, -3.7688 -0.6792 2.3228, -3.7688 -0.6792 2.3228, -3.7094 -0.7566 2.3228, -3.7094 -0.7566 2.3228, -3.6319 -0.8161 2.3228, -3.6319 -0.8161 2.3228, -3.5417 -0.8534 2.3228, -3.5417 -0.8534 2.3228, -3.4449 -0.8662 2.3228, -3.4449 -0.8662 2.3228, -3.3481 -0.8534 2.3228, -3.3481 -0.8534 2.3228, -3.2579 -0.8161 2.3228, -3.2579 -0.8161 2.3228, -3.1804 -0.7566 2.3228, -3.1804 -0.7566 2.3228, -3.121 -0.6792 2.3228, -3.121 -0.6792 2.3228, -3.0836 -0.5889 2.3228, -3.0836 -0.5889 2.3228, -3.4449 -0.4921 2.3228, -3.0709 -1.4764 2.3228, -3.0709 -1.4764 2.3228, -3.0836 -1.3796 2.3228, -3.0836 -1.3796 2.3228, -3.121 -1.2894 2.3228, -3.121 -1.2894 2.3228, -3.1804 -1.2119 2.3228, -3.1804 -1.2119 2.3228, -3.2579 -1.1525 2.3228, -3.2579 -1.1525 2.3228, -3.3481 -1.1151 2.3228, -3.3481 -1.1151 2.3228, -3.4449 -1.1024 2.3228, -3.4449 -1.1024 2.3228, -3.5417 -1.1151 2.3228, -3.5417 -1.1151 2.3228, -3.6319 -1.1525 2.3228, -3.6319 -1.1525 2.3228, -3.7094 -1.2119 2.3228, -3.7094 -1.2119 2.3228, -3.7688 -1.2894 2.3228, -3.7688 -1.2894 2.3228, -3.8062 -1.3796 2.3228, -3.8062 -1.3796 2.3228, -3.8189 -1.4764 2.3228, -3.8189 -1.4764 2.3228, -3.8062 -1.5732 2.3228, -3.8062 -1.5732 2.3228, -3.7688 -1.6634 2.3228, -3.7688 -1.6634 2.3228, -3.7094 -1.7409 2.3228, -3.7094 -1.7409 2.3228, -3.6319 -1.8003 2.3228, -3.6319 -1.8003 2.3228, -3.5417 -1.8377 2.3228, -3.5417 -1.8377 2.3228, -3.4449 -1.8504 2.3228, -3.4449 -1.8504 2.3228, -3.3481 -1.8377 2.3228, -3.3481 -1.8377 2.3228, -3.2579 -1.8003 2.3228, -3.2579 -1.8003 2.3228, -3.1804 -1.7409 2.3228, -3.1804 -1.7409 2.3228, -3.121 -1.6634 2.3228, -3.121 -1.6634 2.3228, -3.0836 -1.5732 2.3228, -3.0836 -1.5732 2.3228, -3.4449 -1.4764 2.3228, -3.0709 -2.4606 2.3228, -3.0709 -2.4606 2.3228, -3.0836 -2.3638 2.3228, -3.0836 -2.3638 2.3228, -3.121 -2.2736 2.3228, -3.121 -2.2736 2.3228, -3.1804 -2.1962 2.3228, -3.1804 -2.1962 2.3228, -3.2579 -2.1367 2.3228, -3.2579 -2.1367 2.3228, -3.3481 -2.0994 2.3228, -3.3481 -2.0994 2.3228, -3.4449 -2.0866 2.3228, -3.4449 -2.0866 2.3228, -3.5417 -2.0994 2.3228, -3.5417 -2.0994 2.3228, -3.6319 -2.1367 2.3228, -3.6319 -2.1367 2.3228, -3.7094 -2.1962 2.3228, -3.7094 -2.1962 2.3228, -3.7688 -2.2736 2.3228, -3.7688 -2.2736 2.3228, -3.8062 -2.3638 2.3228, -3.8062 -2.3638 2.3228, -3.8189 -2.4606 2.3228, -3.8189 -2.4606 2.3228, -3.8062 -2.5575 2.3228, -3.8062 -2.5575 2.3228, -3.7688 -2.6477 2.3228, -3.7688 -2.6477 2.3228, -3.7094 -2.7251 2.3228, -3.7094 -2.7251 2.3228, -3.6319 -2.7846 2.3228, -3.6319 -2.7846 2.3228, -3.5417 -2.8219 2.3228, -3.5417 -2.8219 2.3228, -3.4449 -2.8347 2.3228, -3.4449 -2.8347 2.3228, -3.3481 -2.8219 2.3228, -3.3481 -2.8219 2.3228, -3.2579 -2.7846 2.3228, -3.2579 -2.7846 2.3228, -3.1804 -2.7251 2.3228, -3.1804 -2.7251 2.3228, -3.121 -2.6477 2.3228, -3.121 -2.6477 2.3228, -3.0836 -2.5575 2.3228, -3.0836 -2.5575 2.3228, -3.4449 -2.4606 2.3228, -3.0709 -3.4449 2.3228, -3.0709 -3.4449 2.3228, -3.0836 -3.3481 2.3228, -3.0836 -3.3481 2.3228, -3.121 -3.2579 2.3228, -3.121 -3.2579 2.3228, -3.1804 -3.1804 2.3228, -3.1804 -3.1804 2.3228, -3.2579 -3.121 2.3228, -3.2579 -3.121 2.3228, -3.3481 -3.0836 2.3228, -3.3481 -3.0836 2.3228, -3.4449 -3.0709 2.3228, -3.4449 -3.0709 2.3228, -3.5417 -3.0836 2.3228, -3.5417 -3.0836 2.3228, -3.6319 -3.121 2.3228, -3.6319 -3.121 2.3228, -3.7094 -3.1804 2.3228, -3.7094 -3.1804 2.3228, -3.7688 -3.2579 2.3228, -3.7688 -3.2579 2.3228, -3.8062 -3.3481 2.3228, -3.8062 -3.3481 2.3228, -3.8189 -3.4449 2.3228, -3.8189 -3.4449 2.3228, -3.8062 -3.5417 2.3228, -3.8062 -3.5417 2.3228, -3.7688 -3.6319 2.3228, -3.7688 -3.6319 2.3228, -3.7094 -3.7094 2.3228, -3.7094 -3.7094 2.3228, -3.6319 -3.7688 2.3228, -3.6319 -3.7688 2.3228, -3.5417 -3.8062 2.3228, -3.5417 -3.8062 2.3228, -3.4449 -3.8189 2.3228, -3.4449 -3.8189 2.3228, -3.3481 -3.8062 2.3228, -3.3481 -3.8062 2.3228, -3.2579 -3.7688 2.3228, -3.2579 -3.7688 2.3228, -3.1804 -3.7094 2.3228, -3.1804 -3.7094 2.3228, -3.121 -3.6319 2.3228, -3.121 -3.6319 2.3228, -3.0836 -3.5417 2.3228, -3.0836 -3.5417 2.3228, -3.4449 -3.4449 2.3228, -1.1024 2.4606 2.3228, -1.1024 2.4606 2.3228, -1.1151 2.5574 2.3228, -1.1151 2.5574 2.3228, -1.1525 2.6476 2.3228, -1.1525 2.6476 2.3228, -1.2119 2.7251 2.3228, -1.2119 2.7251 2.3228, -1.2894 2.7845 2.3228, -1.2894 2.7845 2.3228, -1.3796 2.8219 2.3228, -1.3796 2.8219 2.3228, -1.4764 2.8346 2.3228, -1.4764 2.8346 2.3228, -1.5732 2.8219 2.3228, -1.5732 2.8219 2.3228, -1.6634 2.7845 2.3228, -1.6634 2.7845 2.3228, -1.7408 2.7251 2.3228, -1.7408 2.7251 2.3228, -1.8003 2.6476 2.3228, -1.8003 2.6476 2.3228, -1.8376 2.5574 2.3228, -1.8376 2.5574 2.3228, -1.8504 2.4606 2.3228, -1.8504 2.4606 2.3228, -1.8376 2.3638 2.3228, -1.8376 2.3638 2.3228, -1.8003 2.2736 2.3228, -1.8003 2.2736 2.3228, -1.7408 2.1961 2.3228, -1.7408 2.1961 2.3228, -1.6634 2.1367 2.3228, -1.6634 2.1367 2.3228, -1.5732 2.0993 2.3228, -1.5732 2.0993 2.3228, -1.4764 2.0866 2.3228, -1.4764 2.0866 2.3228, -1.3796 2.0993 2.3228, -1.3796 2.0993 2.3228, -1.2894 2.1367 2.3228, -1.2894 2.1367 2.3228, -1.2119 2.1961 2.3228, -1.2119 2.1961 2.3228, -1.1525 2.2736 2.3228, -1.1525 2.2736 2.3228, -1.1151 2.3638 2.3228, -1.1151 2.3638 2.3228, -1.4764 2.4606 2.3228, -0.1181 2.4606 2.3228, -0.1181 2.4606 2.3228, -0.1309 2.5574 2.3228, -0.1309 2.5574 2.3228, -0.1682 2.6476 2.3228, -0.1682 2.6476 2.3228, -0.2277 2.7251 2.3228, -0.2277 2.7251 2.3228, -0.3051 2.7845 2.3228, -0.3051 2.7845 2.3228, -0.3953 2.8219 2.3228, -0.3953 2.8219 2.3228, -0.4921 2.8346 2.3228, -0.4921 2.8346 2.3228, -0.5889 2.8219 2.3228, -0.5889 2.8219 2.3228, -0.6791 2.7845 2.3228, -0.6791 2.7845 2.3228, -0.7566 2.7251 2.3228, -0.7566 2.7251 2.3228, -0.816 2.6476 2.3228, -0.816 2.6476 2.3228, -0.8534 2.5574 2.3228, -0.8534 2.5574 2.3228, -0.8661 2.4606 2.3228, -0.8661 2.4606 2.3228, -0.8534 2.3638 2.3228, -0.8534 2.3638 2.3228, -0.816 2.2736 2.3228, -0.816 2.2736 2.3228, -0.7566 2.1961 2.3228, -0.7566 2.1961 2.3228, -0.6791 2.1367 2.3228, -0.6791 2.1367 2.3228, -0.5889 2.0993 2.3228, -0.5889 2.0993 2.3228, -0.4921 2.0866 2.3228, -0.4921 2.0866 2.3228, -0.3953 2.0993 2.3228, -0.3953 2.0993 2.3228, -0.3051 2.1367 2.3228, -0.3051 2.1367 2.3228, -0.2277 2.1961 2.3228, -0.2277 2.1961 2.3228, -0.1682 2.2736 2.3228, -0.1682 2.2736 2.3228, -0.1309 2.3638 2.3228, -0.1309 2.3638 2.3228, -0.4921 2.4606 2.3228, 0.8661 2.4606 2.3228, 0.8661 2.4606 2.3228, 0.8534 2.5574 2.3228, 0.8534 2.5574 2.3228, 0.816 2.6476 2.3228, 0.816 2.6476 2.3228, 0.7566 2.7251 2.3228, 0.7566 2.7251 2.3228, 0.6791 2.7845 2.3228, 0.6791 2.7845 2.3228, 0.5889 2.8219 2.3228, 0.5889 2.8219 2.3228, 0.4921 2.8346 2.3228, 0.4921 2.8346 2.3228, 0.3953 2.8219 2.3228, 0.3953 2.8219 2.3228, 0.3051 2.7845 2.3228, 0.3051 2.7845 2.3228, 0.2277 2.7251 2.3228, 0.2277 2.7251 2.3228, 0.1682 2.6476 2.3228, 0.1682 2.6476 2.3228, 0.1309 2.5574 2.3228, 0.1309 2.5574 2.3228, 0.1181 2.4606 2.3228, 0.1181 2.4606 2.3228, 0.1309 2.3638 2.3228, 0.1309 2.3638 2.3228, 0.1682 2.2736 2.3228, 0.1682 2.2736 2.3228, 0.2277 2.1961 2.3228, 0.2277 2.1961 2.3228, 0.3051 2.1367 2.3228, 0.3051 2.1367 2.3228, 0.3953 2.0993 2.3228, 0.3953 2.0993 2.3228, 0.4921 2.0866 2.3228, 0.4921 2.0866 2.3228, 0.5889 2.0993 2.3228, 0.5889 2.0993 2.3228, 0.6791 2.1367 2.3228, 0.6791 2.1367 2.3228, 0.7566 2.1961 2.3228, 0.7566 2.1961 2.3228, 0.816 2.2736 2.3228, 0.816 2.2736 2.3228, 0.8534 2.3638 2.3228, 0.8534 2.3638 2.3228, 0.4921 2.4606 2.3228, 1.8504 2.4606 2.3228, 1.8504 2.4606 2.3228, 1.8376 2.5574 2.3228, 1.8376 2.5574 2.3228, 1.8003 2.6476 2.3228, 1.8003 2.6476 2.3228, 1.7408 2.7251 2.3228, 1.7408 2.7251 2.3228, 1.6634 2.7845 2.3228, 1.6634 2.7845 2.3228, 1.5732 2.8219 2.3228, 1.5732 2.8219 2.3228, 1.4764 2.8346 2.3228, 1.4764 2.8346 2.3228, 1.3796 2.8219 2.3228, 1.3796 2.8219 2.3228, 1.2894 2.7845 2.3228, 1.2894 2.7845 2.3228, 1.2119 2.7251 2.3228, 1.2119 2.7251 2.3228, 1.1525 2.6476 2.3228, 1.1525 2.6476 2.3228, 1.1151 2.5574 2.3228, 1.1151 2.5574 2.3228, 1.1024 2.4606 2.3228, 1.1024 2.4606 2.3228, 1.1151 2.3638 2.3228, 1.1151 2.3638 2.3228, 1.1525 2.2736 2.3228, 1.1525 2.2736 2.3228, 1.2119 2.1961 2.3228, 1.2119 2.1961 2.3228, 1.2894 2.1367 2.3228, 1.2894 2.1367 2.3228, 1.3796 2.0993 2.3228, 1.3796 2.0993 2.3228, 1.4764 2.0866 2.3228, 1.4764 2.0866 2.3228, 1.5732 2.0993 2.3228, 1.5732 2.0993 2.3228, 1.6634 2.1367 2.3228, 1.6634 2.1367 2.3228, 1.7408 2.1961 2.3228, 1.7408 2.1961 2.3228, 1.8003 2.2736 2.3228, 1.8003 2.2736 2.3228, 1.8376 2.3638 2.3228, 1.8376 2.3638 2.3228, 1.4764 2.4606 2.3228, 2.8346 2.4606 2.3228, 2.8346 2.4606 2.3228, 2.8219 2.5574 2.3228, 2.8219 2.5574 2.3228, 2.7845 2.6476 2.3228, 2.7845 2.6476 2.3228, 2.7251 2.7251 2.3228, 2.7251 2.7251 2.3228, 2.6476 2.7845 2.3228, 2.6476 2.7845 2.3228, 2.5574 2.8219 2.3228, 2.5574 2.8219 2.3228, 2.4606 2.8346 2.3228, 2.4606 2.8346 2.3228, 2.3638 2.8219 2.3228, 2.3638 2.8219 2.3228, 2.2736 2.7845 2.3228, 2.2736 2.7845 2.3228, 2.1962 2.7251 2.3228, 2.1962 2.7251 2.3228, 2.1367 2.6476 2.3228, 2.1367 2.6476 2.3228, 2.0994 2.5574 2.3228, 2.0994 2.5574 2.3228, 2.0866 2.4606 2.3228, 2.0866 2.4606 2.3228, 2.0994 2.3638 2.3228, 2.0994 2.3638 2.3228, 2.1367 2.2736 2.3228, 2.1367 2.2736 2.3228, 2.1962 2.1961 2.3228, 2.1962 2.1961 2.3228, 2.2736 2.1367 2.3228, 2.2736 2.1367 2.3228, 2.3638 2.0993 2.3228, 2.3638 2.0993 2.3228, 2.4606 2.0866 2.3228, 2.4606 2.0866 2.3228, 2.5574 2.0993 2.3228, 2.5574 2.0993 2.3228, 2.6476 2.1367 2.3228, 2.6476 2.1367 2.3228, 2.7251 2.1961 2.3228, 2.7251 2.1961 2.3228, 2.7845 2.2736 2.3228, 2.7845 2.2736 2.3228, 2.8219 2.3638 2.3228, 2.8219 2.3638 2.3228, 2.4606 2.4606 2.3228, 3.8189 2.4606 2.3228, 3.8189 2.4606 2.3228, 3.8062 2.5574 2.3228, 3.8062 2.5574 2.3228, 3.7688 2.6476 2.3228, 3.7688 2.6476 2.3228, 3.7094 2.7251 2.3228, 3.7094 2.7251 2.3228, 3.6319 2.7845 2.3228, 3.6319 2.7845 2.3228, 3.5417 2.8219 2.3228, 3.5417 2.8219 2.3228, 3.4449 2.8346 2.3228, 3.4449 2.8346 2.3228, 3.3481 2.8219 2.3228, 3.3481 2.8219 2.3228, 3.2579 2.7845 2.3228, 3.2579 2.7845 2.3228, 3.1804 2.7251 2.3228, 3.1804 2.7251 2.3228, 3.121 2.6476 2.3228, 3.121 2.6476 2.3228, 3.0836 2.5574 2.3228, 3.0836 2.5574 2.3228, 3.0709 2.4606 2.3228, 3.0709 2.4606 2.3228, 3.0836 2.3638 2.3228, 3.0836 2.3638 2.3228, 3.121 2.2736 2.3228, 3.121 2.2736 2.3228, 3.1804 2.1961 2.3228, 3.1804 2.1961 2.3228, 3.2579 2.1367 2.3228, 3.2579 2.1367 2.3228, 3.3481 2.0993 2.3228, 3.3481 2.0993 2.3228, 3.4449 2.0866 2.3228, 3.4449 2.0866 2.3228, 3.5417 2.0993 2.3228, 3.5417 2.0993 2.3228, 3.6319 2.1367 2.3228, 3.6319 2.1367 2.3228, 3.7094 2.1961 2.3228, 3.7094 2.1961 2.3228, 3.7688 2.2736 2.3228, 3.7688 2.2736 2.3228, 3.8062 2.3638 2.3228, 3.8062 2.3638 2.3228, 3.4449 2.4606 2.3228, -2.0866 1.4764 2.3228, -2.0866 1.4764 2.3228, -2.0994 1.5732 2.3228, -2.0994 1.5732 2.3228, -2.1367 1.6634 2.3228, -2.1367 1.6634 2.3228, -2.1962 1.7408 2.3228, -2.1962 1.7408 2.3228, -2.2736 1.8003 2.3228, -2.2736 1.8003 2.3228, -2.3638 1.8376 2.3228, -2.3638 1.8376 2.3228, -2.4606 1.8504 2.3228, -2.4606 1.8504 2.3228, -2.5574 1.8376 2.3228, -2.5574 1.8376 2.3228, -2.6476 1.8003 2.3228, -2.6476 1.8003 2.3228, -2.7251 1.7408 2.3228, -2.7251 1.7408 2.3228, -2.7845 1.6634 2.3228, -2.7845 1.6634 2.3228, -2.8219 1.5732 2.3228, -2.8219 1.5732 2.3228, -2.8346 1.4764 2.3228, -2.8346 1.4764 2.3228, -2.8219 1.3796 2.3228, -2.8219 1.3796 2.3228, -2.7845 1.2893 2.3228, -2.7845 1.2893 2.3228, -2.7251 1.2119 2.3228, -2.7251 1.2119 2.3228, -2.6476 1.1525 2.3228, -2.6476 1.1525 2.3228, -2.5574 1.1151 2.3228, -2.5574 1.1151 2.3228, -2.4606 1.1023 2.3228, -2.4606 1.1023 2.3228, -2.3638 1.1151 2.3228, -2.3638 1.1151 2.3228, -2.2736 1.1525 2.3228, -2.2736 1.1525 2.3228, -2.1962 1.2119 2.3228, -2.1962 1.2119 2.3228, -2.1367 1.2893 2.3228, -2.1367 1.2893 2.3228, -2.0994 1.3796 2.3228, -2.0994 1.3796 2.3228, -2.4606 1.4764 2.3228, -1.1024 1.4764 2.3228, -1.1024 1.4764 2.3228, -1.1151 1.5732 2.3228, -1.1151 1.5732 2.3228, -1.1525 1.6634 2.3228, -1.1525 1.6634 2.3228, -1.2119 1.7408 2.3228, -1.2119 1.7408 2.3228, -1.2894 1.8003 2.3228, -1.2894 1.8003 2.3228, -1.3796 1.8376 2.3228, -1.3796 1.8376 2.3228, -1.4764 1.8504 2.3228, -1.4764 1.8504 2.3228, -1.5732 1.8376 2.3228, -1.5732 1.8376 2.3228, -1.6634 1.8003 2.3228, -1.6634 1.8003 2.3228, -1.7408 1.7408 2.3228, -1.7408 1.7408 2.3228, -1.8003 1.6634 2.3228, -1.8003 1.6634 2.3228, -1.8376 1.5732 2.3228, -1.8376 1.5732 2.3228, -1.8504 1.4764 2.3228, -1.8504 1.4764 2.3228, -1.8376 1.3796 2.3228, -1.8376 1.3796 2.3228, -1.8003 1.2893 2.3228, -1.8003 1.2893 2.3228, -1.7408 1.2119 2.3228, -1.7408 1.2119 2.3228, -1.6634 1.1525 2.3228, -1.6634 1.1525 2.3228, -1.5732 1.1151 2.3228, -1.5732 1.1151 2.3228, -1.4764 1.1023 2.3228, -1.4764 1.1023 2.3228, -1.3796 1.1151 2.3228, -1.3796 1.1151 2.3228, -1.2894 1.1525 2.3228, -1.2894 1.1525 2.3228, -1.2119 1.2119 2.3228, -1.2119 1.2119 2.3228, -1.1525 1.2893 2.3228, -1.1525 1.2893 2.3228, -1.1151 1.3796 2.3228, -1.1151 1.3796 2.3228, -1.4764 1.4764 2.3228, -2.0866 3.4449 2.3228, -2.0866 3.4449 2.3228, -2.0994 3.5417 2.3228, -2.0994 3.5417 2.3228, -2.1367 3.6319 2.3228, -2.1367 3.6319 2.3228, -2.1962 3.7093 2.3228, -2.1962 3.7093 2.3228, -2.2736 3.7688 2.3228, -2.2736 3.7688 2.3228, -2.3638 3.8061 2.3228, -2.3638 3.8061 2.3228, -2.4606 3.8189 2.3228, -2.4606 3.8189 2.3228, -2.5574 3.8061 2.3228, -2.5574 3.8061 2.3228, -2.6476 3.7688 2.3228, -2.6476 3.7688 2.3228, -2.7251 3.7093 2.3228, -2.7251 3.7093 2.3228, -2.7845 3.6319 2.3228, -2.7845 3.6319 2.3228, -2.8219 3.5417 2.3228, -2.8219 3.5417 2.3228, -2.8346 3.4449 2.3228, -2.8346 3.4449 2.3228, -2.8219 3.3481 2.3228, -2.8219 3.3481 2.3228, -2.7845 3.2579 2.3228, -2.7845 3.2579 2.3228, -2.7251 3.1804 2.3228, -2.7251 3.1804 2.3228, -2.6476 3.121 2.3228, -2.6476 3.121 2.3228, -2.5574 3.0836 2.3228, -2.5574 3.0836 2.3228, -2.4606 3.0708 2.3228, -2.4606 3.0708 2.3228, -2.3638 3.0836 2.3228, -2.3638 3.0836 2.3228, -2.2736 3.121 2.3228, -2.2736 3.121 2.3228, -2.1962 3.1804 2.3228, -2.1962 3.1804 2.3228, -2.1367 3.2579 2.3228, -2.1367 3.2579 2.3228, -2.0994 3.3481 2.3228, -2.0994 3.3481 2.3228, -2.4606 3.4449 2.3228, -1.1024 3.4449 2.3228, -1.1024 3.4449 2.3228, -1.1151 3.5417 2.3228, -1.1151 3.5417 2.3228, -1.1525 3.6319 2.3228, -1.1525 3.6319 2.3228, -1.2119 3.7093 2.3228, -1.2119 3.7093 2.3228, -1.2894 3.7688 2.3228, -1.2894 3.7688 2.3228, -1.3796 3.8061 2.3228, -1.3796 3.8061 2.3228, -1.4764 3.8189 2.3228, -1.4764 3.8189 2.3228, -1.5732 3.8061 2.3228, -1.5732 3.8061 2.3228, -1.6634 3.7688 2.3228, -1.6634 3.7688 2.3228, -1.7408 3.7093 2.3228, -1.7408 3.7093 2.3228, -1.8003 3.6319 2.3228, -1.8003 3.6319 2.3228, -1.8376 3.5417 2.3228, -1.8376 3.5417 2.3228, -1.8504 3.4449 2.3228, -1.8504 3.4449 2.3228, -1.8376 3.3481 2.3228, -1.8376 3.3481 2.3228, -1.8003 3.2579 2.3228, -1.8003 3.2579 2.3228, -1.7408 3.1804 2.3228, -1.7408 3.1804 2.3228, -1.6634 3.121 2.3228, -1.6634 3.121 2.3228, -1.5732 3.0836 2.3228, -1.5732 3.0836 2.3228, -1.4764 3.0708 2.3228, -1.4764 3.0708 2.3228, -1.3796 3.0836 2.3228, -1.3796 3.0836 2.3228, -1.2894 3.121 2.3228, -1.2894 3.121 2.3228, -1.2119 3.1804 2.3228, -1.2119 3.1804 2.3228, -1.1525 3.2579 2.3228, -1.1525 3.2579 2.3228, -1.1151 3.3481 2.3228, -1.1151 3.3481 2.3228, -1.4764 3.4449 2.3228, -0.1181 3.4449 2.3228, -0.1181 3.4449 2.3228, -0.1309 3.5417 2.3228, -0.1309 3.5417 2.3228, -0.1682 3.6319 2.3228, -0.1682 3.6319 2.3228, -0.2277 3.7093 2.3228, -0.2277 3.7093 2.3228, -0.3051 3.7688 2.3228, -0.3051 3.7688 2.3228, -0.3953 3.8061 2.3228, -0.3953 3.8061 2.3228, -0.4921 3.8189 2.3228, -0.4921 3.8189 2.3228, -0.5889 3.8061 2.3228, -0.5889 3.8061 2.3228, -0.6791 3.7688 2.3228, -0.6791 3.7688 2.3228, -0.7566 3.7093 2.3228, -0.7566 3.7093 2.3228, -0.816 3.6319 2.3228, -0.816 3.6319 2.3228, -0.8534 3.5417 2.3228, -0.8534 3.5417 2.3228, -0.8661 3.4449 2.3228, -0.8661 3.4449 2.3228, -0.8534 3.3481 2.3228, -0.8534 3.3481 2.3228, -0.816 3.2579 2.3228, -0.816 3.2579 2.3228, -0.7566 3.1804 2.3228, -0.7566 3.1804 2.3228, -0.6791 3.121 2.3228, -0.6791 3.121 2.3228, -0.5889 3.0836 2.3228, -0.5889 3.0836 2.3228, -0.4921 3.0708 2.3228, -0.4921 3.0708 2.3228, -0.3953 3.0836 2.3228, -0.3953 3.0836 2.3228, -0.3051 3.121 2.3228, -0.3051 3.121 2.3228, -0.2277 3.1804 2.3228, -0.2277 3.1804 2.3228, -0.1682 3.2579 2.3228, -0.1682 3.2579 2.3228, -0.1309 3.3481 2.3228, -0.1309 3.3481 2.3228, -0.4921 3.4449 2.3228, 0.8661 3.4449 2.3228, 0.8661 3.4449 2.3228, 0.8534 3.5417 2.3228, 0.8534 3.5417 2.3228, 0.816 3.6319 2.3228, 0.816 3.6319 2.3228, 0.7566 3.7093 2.3228, 0.7566 3.7093 2.3228, 0.6791 3.7688 2.3228, 0.6791 3.7688 2.3228, 0.5889 3.8061 2.3228, 0.5889 3.8061 2.3228, 0.4921 3.8189 2.3228, 0.4921 3.8189 2.3228, 0.3953 3.8061 2.3228, 0.3953 3.8061 2.3228, 0.3051 3.7688 2.3228, 0.3051 3.7688 2.3228, 0.2277 3.7093 2.3228, 0.2277 3.7093 2.3228, 0.1682 3.6319 2.3228, 0.1682 3.6319 2.3228, 0.1309 3.5417 2.3228, 0.1309 3.5417 2.3228, 0.1181 3.4449 2.3228, 0.1181 3.4449 2.3228, 0.1309 3.3481 2.3228, 0.1309 3.3481 2.3228, 0.1682 3.2579 2.3228, 0.1682 3.2579 2.3228, 0.2277 3.1804 2.3228, 0.2277 3.1804 2.3228, 0.3051 3.121 2.3228, 0.3051 3.121 2.3228, 0.3953 3.0836 2.3228, 0.3953 3.0836 2.3228, 0.4921 3.0708 2.3228, 0.4921 3.0708 2.3228, 0.5889 3.0836 2.3228, 0.5889 3.0836 2.3228, 0.6791 3.121 2.3228, 0.6791 3.121 2.3228, 0.7566 3.1804 2.3228, 0.7566 3.1804 2.3228, 0.816 3.2579 2.3228, 0.816 3.2579 2.3228, 0.8534 3.3481 2.3228, 0.8534 3.3481 2.3228, 0.4921 3.4449 2.3228, -2.0866 2.4606 2.3228, -2.0866 2.4606 2.3228, -2.0994 2.5574 2.3228, -2.0994 2.5574 2.3228, -2.1367 2.6476 2.3228, -2.1367 2.6476 2.3228, -2.1962 2.7251 2.3228, -2.1962 2.7251 2.3228, -2.2736 2.7845 2.3228, -2.2736 2.7845 2.3228, -2.3638 2.8219 2.3228, -2.3638 2.8219 2.3228, -2.4606 2.8346 2.3228, -2.4606 2.8346 2.3228, -2.5574 2.8219 2.3228, -2.5574 2.8219 2.3228, -2.6476 2.7845 2.3228, -2.6476 2.7845 2.3228, -2.7251 2.7251 2.3228, -2.7251 2.7251 2.3228, -2.7845 2.6476 2.3228, -2.7845 2.6476 2.3228, -2.8219 2.5574 2.3228, -2.8219 2.5574 2.3228, -2.8346 2.4606 2.3228, -2.8346 2.4606 2.3228, -2.8219 2.3638 2.3228, -2.8219 2.3638 2.3228, -2.7845 2.2736 2.3228, -2.7845 2.2736 2.3228, -2.7251 2.1961 2.3228, -2.7251 2.1961 2.3228, -2.6476 2.1367 2.3228, -2.6476 2.1367 2.3228, -2.5574 2.0993 2.3228, -2.5574 2.0993 2.3228, -2.4606 2.0866 2.3228, -2.4606 2.0866 2.3228, -2.3638 2.0993 2.3228, -2.3638 2.0993 2.3228, -2.2736 2.1367 2.3228, -2.2736 2.1367 2.3228, -2.1962 2.1961 2.3228, -2.1962 2.1961 2.3228, -2.1367 2.2736 2.3228, -2.1367 2.2736 2.3228, -2.0994 2.3638 2.3228, -2.0994 2.3638 2.3228, -2.4606 2.4606 2.3228, 3.8189 3.4449 2.3228, 3.8189 3.4449 2.3228, 3.8062 3.5417 2.3228, 3.8062 3.5417 2.3228, 3.7688 3.6319 2.3228, 3.7688 3.6319 2.3228, 3.7094 3.7093 2.3228, 3.7094 3.7093 2.3228, 3.6319 3.7688 2.3228, 3.6319 3.7688 2.3228, 3.5417 3.8061 2.3228, 3.5417 3.8061 2.3228, 3.4449 3.8189 2.3228, 3.4449 3.8189 2.3228, 3.3481 3.8061 2.3228, 3.3481 3.8061 2.3228, 3.2579 3.7688 2.3228, 3.2579 3.7688 2.3228, 3.1804 3.7093 2.3228, 3.1804 3.7093 2.3228, 3.121 3.6319 2.3228, 3.121 3.6319 2.3228, 3.0836 3.5417 2.3228, 3.0836 3.5417 2.3228, 3.0709 3.4449 2.3228, 3.0709 3.4449 2.3228, 3.0836 3.3481 2.3228, 3.0836 3.3481 2.3228, 3.121 3.2579 2.3228, 3.121 3.2579 2.3228, 3.1804 3.1804 2.3228, 3.1804 3.1804 2.3228, 3.2579 3.121 2.3228, 3.2579 3.121 2.3228, 3.3481 3.0836 2.3228, 3.3481 3.0836 2.3228, 3.4449 3.0708 2.3228, 3.4449 3.0708 2.3228, 3.5417 3.0836 2.3228, 3.5417 3.0836 2.3228, 3.6319 3.121 2.3228, 3.6319 3.121 2.3228, 3.7094 3.1804 2.3228, 3.7094 3.1804 2.3228, 3.7688 3.2579 2.3228, 3.7688 3.2579 2.3228, 3.8062 3.3481 2.3228, 3.8062 3.3481 2.3228, 3.4449 3.4449 2.3228, 2.8346 3.4449 2.3228, 2.8346 3.4449 2.3228, 2.8219 3.5417 2.3228, 2.8219 3.5417 2.3228, 2.7845 3.6319 2.3228, 2.7845 3.6319 2.3228, 2.7251 3.7093 2.3228, 2.7251 3.7093 2.3228, 2.6476 3.7688 2.3228, 2.6476 3.7688 2.3228, 2.5574 3.8061 2.3228, 2.5574 3.8061 2.3228, 2.4606 3.8189 2.3228, 2.4606 3.8189 2.3228, 2.3638 3.8061 2.3228, 2.3638 3.8061 2.3228, 2.2736 3.7688 2.3228, 2.2736 3.7688 2.3228, 2.1962 3.7093 2.3228, 2.1962 3.7093 2.3228, 2.1367 3.6319 2.3228, 2.1367 3.6319 2.3228, 2.0994 3.5417 2.3228, 2.0994 3.5417 2.3228, 2.0866 3.4449 2.3228, 2.0866 3.4449 2.3228, 2.0994 3.3481 2.3228, 2.0994 3.3481 2.3228, 2.1367 3.2579 2.3228, 2.1367 3.2579 2.3228, 2.1962 3.1804 2.3228, 2.1962 3.1804 2.3228, 2.2736 3.121 2.3228, 2.2736 3.121 2.3228, 2.3638 3.0836 2.3228, 2.3638 3.0836 2.3228, 2.4606 3.0708 2.3228, 2.4606 3.0708 2.3228, 2.5574 3.0836 2.3228, 2.5574 3.0836 2.3228, 2.6476 3.121 2.3228, 2.6476 3.121 2.3228, 2.7251 3.1804 2.3228, 2.7251 3.1804 2.3228, 2.7845 3.2579 2.3228, 2.7845 3.2579 2.3228, 2.8219 3.3481 2.3228, 2.8219 3.3481 2.3228, 2.4606 3.4449 2.3228, 1.8504 3.4449 2.3228, 1.8504 3.4449 2.3228, 1.8376 3.5417 2.3228, 1.8376 3.5417 2.3228, 1.8003 3.6319 2.3228, 1.8003 3.6319 2.3228, 1.7408 3.7093 2.3228, 1.7408 3.7093 2.3228, 1.6634 3.7688 2.3228, 1.6634 3.7688 2.3228, 1.5732 3.8061 2.3228, 1.5732 3.8061 2.3228, 1.4764 3.8189 2.3228, 1.4764 3.8189 2.3228, 1.3796 3.8061 2.3228, 1.3796 3.8061 2.3228, 1.2894 3.7688 2.3228, 1.2894 3.7688 2.3228, 1.2119 3.7093 2.3228, 1.2119 3.7093 2.3228, 1.1525 3.6319 2.3228, 1.1525 3.6319 2.3228, 1.1151 3.5417 2.3228, 1.1151 3.5417 2.3228, 1.1024 3.4449 2.3228, 1.1024 3.4449 2.3228, 1.1151 3.3481 2.3228, 1.1151 3.3481 2.3228, 1.1525 3.2579 2.3228, 1.1525 3.2579 2.3228, 1.2119 3.1804 2.3228, 1.2119 3.1804 2.3228, 1.2894 3.121 2.3228, 1.2894 3.121 2.3228, 1.3796 3.0836 2.3228, 1.3796 3.0836 2.3228, 1.4764 3.0708 2.3228, 1.4764 3.0708 2.3228, 1.5732 3.0836 2.3228, 1.5732 3.0836 2.3228, 1.6634 3.121 2.3228, 1.6634 3.121 2.3228, 1.7408 3.1804 2.3228, 1.7408 3.1804 2.3228, 1.8003 3.2579 2.3228, 1.8003 3.2579 2.3228, 1.8376 3.3481 2.3228, 1.8376 3.3481 2.3228, 1.4764 3.4449 2.3228, 0.8661 -0.4921 2.3228, 0.8661 -0.4921 2.3228, 0.8534 -0.3953 2.3228, 0.8534 -0.3953 2.3228, 0.816 -0.3051 2.3228, 0.816 -0.3051 2.3228, 0.7566 -0.2277 2.3228, 0.7566 -0.2277 2.3228, 0.6791 -0.1682 2.3228, 0.6791 -0.1682 2.3228, 0.5889 -0.1309 2.3228, 0.5889 -0.1309 2.3228, 0.4921 -0.1181 2.3228, 0.4921 -0.1181 2.3228, 0.3953 -0.1309 2.3228, 0.3953 -0.1309 2.3228, 0.3051 -0.1682 2.3228, 0.3051 -0.1682 2.3228, 0.2277 -0.2277 2.3228, 0.2277 -0.2277 2.3228, 0.1682 -0.3051 2.3228, 0.1682 -0.3051 2.3228, 0.1309 -0.3953 2.3228, 0.1309 -0.3953 2.3228, 0.1181 -0.4921 2.3228, 0.1181 -0.4921 2.3228, 0.1309 -0.5889 2.3228, 0.1309 -0.5889 2.3228, 0.1682 -0.6792 2.3228, 0.1682 -0.6792 2.3228, 0.2277 -0.7566 2.3228, 0.2277 -0.7566 2.3228, 0.3051 -0.8161 2.3228, 0.3051 -0.8161 2.3228, 0.3953 -0.8534 2.3228, 0.3953 -0.8534 2.3228, 0.4921 -0.8662 2.3228, 0.4921 -0.8662 2.3228, 0.5889 -0.8534 2.3228, 0.5889 -0.8534 2.3228, 0.6791 -0.8161 2.3228, 0.6791 -0.8161 2.3228, 0.7566 -0.7566 2.3228, 0.7566 -0.7566 2.3228, 0.816 -0.6792 2.3228, 0.816 -0.6792 2.3228, 0.8534 -0.5889 2.3228, 0.8534 -0.5889 2.3228, 0.4921 -0.4921 2.3228, -0.1181 -0.4921 2.3228, -0.1181 -0.4921 2.3228, -0.1309 -0.3953 2.3228, -0.1309 -0.3953 2.3228, -0.1682 -0.3051 2.3228, -0.1682 -0.3051 2.3228, -0.2277 -0.2277 2.3228, -0.2277 -0.2277 2.3228, -0.3051 -0.1682 2.3228, -0.3051 -0.1682 2.3228, -0.3953 -0.1309 2.3228, -0.3953 -0.1309 2.3228, -0.4921 -0.1181 2.3228, -0.4921 -0.1181 2.3228, -0.5889 -0.1309 2.3228, -0.5889 -0.1309 2.3228, -0.6791 -0.1682 2.3228, -0.6791 -0.1682 2.3228, -0.7566 -0.2277 2.3228, -0.7566 -0.2277 2.3228, -0.816 -0.3051 2.3228, -0.816 -0.3051 2.3228, -0.8534 -0.3953 2.3228, -0.8534 -0.3953 2.3228, -0.8661 -0.4921 2.3228, -0.8661 -0.4921 2.3228, -0.8534 -0.5889 2.3228, -0.8534 -0.5889 2.3228, -0.816 -0.6792 2.3228, -0.816 -0.6792 2.3228, -0.7566 -0.7566 2.3228, -0.7566 -0.7566 2.3228, -0.6791 -0.8161 2.3228, -0.6791 -0.8161 2.3228, -0.5889 -0.8534 2.3228, -0.5889 -0.8534 2.3228, -0.4921 -0.8662 2.3228, -0.4921 -0.8662 2.3228, -0.3953 -0.8534 2.3228, -0.3953 -0.8534 2.3228, -0.3051 -0.8161 2.3228, -0.3051 -0.8161 2.3228, -0.2277 -0.7566 2.3228, -0.2277 -0.7566 2.3228, -0.1682 -0.6792 2.3228, -0.1682 -0.6792 2.3228, -0.1309 -0.5889 2.3228, -0.1309 -0.5889 2.3228, -0.4921 -0.4921 2.3228, -1.1024 -0.4921 2.3228, -1.1024 -0.4921 2.3228, -1.1151 -0.3953 2.3228, -1.1151 -0.3953 2.3228, -1.1525 -0.3051 2.3228, -1.1525 -0.3051 2.3228, -1.2119 -0.2277 2.3228, -1.2119 -0.2277 2.3228, -1.2894 -0.1682 2.3228, -1.2894 -0.1682 2.3228, -1.3796 -0.1309 2.3228, -1.3796 -0.1309 2.3228, -1.4764 -0.1181 2.3228, -1.4764 -0.1181 2.3228, -1.5732 -0.1309 2.3228, -1.5732 -0.1309 2.3228, -1.6634 -0.1682 2.3228, -1.6634 -0.1682 2.3228, -1.7408 -0.2277 2.3228, -1.7408 -0.2277 2.3228, -1.8003 -0.3051 2.3228, -1.8003 -0.3051 2.3228, -1.8376 -0.3953 2.3228, -1.8376 -0.3953 2.3228, -1.8504 -0.4921 2.3228, -1.8504 -0.4921 2.3228, -1.8376 -0.5889 2.3228, -1.8376 -0.5889 2.3228, -1.8003 -0.6792 2.3228, -1.8003 -0.6792 2.3228, -1.7408 -0.7566 2.3228, -1.7408 -0.7566 2.3228, -1.6634 -0.8161 2.3228, -1.6634 -0.8161 2.3228, -1.5732 -0.8534 2.3228, -1.5732 -0.8534 2.3228, -1.4764 -0.8662 2.3228, -1.4764 -0.8662 2.3228, -1.3796 -0.8534 2.3228, -1.3796 -0.8534 2.3228, -1.2894 -0.8161 2.3228, -1.2894 -0.8161 2.3228, -1.2119 -0.7566 2.3228, -1.2119 -0.7566 2.3228, -1.1525 -0.6792 2.3228, -1.1525 -0.6792 2.3228, -1.1151 -0.5889 2.3228, -1.1151 -0.5889 2.3228, -1.4764 -0.4921 2.3228, -2.0866 -0.4921 2.3228, -2.0866 -0.4921 2.3228, -2.0994 -0.3953 2.3228, -2.0994 -0.3953 2.3228, -2.1367 -0.3051 2.3228, -2.1367 -0.3051 2.3228, -2.1962 -0.2277 2.3228, -2.1962 -0.2277 2.3228, -2.2736 -0.1682 2.3228, -2.2736 -0.1682 2.3228, -2.3638 -0.1309 2.3228, -2.3638 -0.1309 2.3228, -2.4606 -0.1181 2.3228, -2.4606 -0.1181 2.3228, -2.5574 -0.1309 2.3228, -2.5574 -0.1309 2.3228, -2.6476 -0.1682 2.3228, -2.6476 -0.1682 2.3228, -2.7251 -0.2277 2.3228, -2.7251 -0.2277 2.3228, -2.7845 -0.3051 2.3228, -2.7845 -0.3051 2.3228, -2.8219 -0.3953 2.3228, -2.8219 -0.3953 2.3228, -2.8346 -0.4921 2.3228, -2.8346 -0.4921 2.3228, -2.8219 -0.5889 2.3228, -2.8219 -0.5889 2.3228, -2.7845 -0.6792 2.3228, -2.7845 -0.6792 2.3228, -2.7251 -0.7566 2.3228, -2.7251 -0.7566 2.3228, -2.6476 -0.8161 2.3228, -2.6476 -0.8161 2.3228, -2.5574 -0.8534 2.3228, -2.5574 -0.8534 2.3228, -2.4606 -0.8662 2.3228, -2.4606 -0.8662 2.3228, -2.3638 -0.8534 2.3228, -2.3638 -0.8534 2.3228, -2.2736 -0.8161 2.3228, -2.2736 -0.8161 2.3228, -2.1962 -0.7566 2.3228, -2.1962 -0.7566 2.3228, -2.1367 -0.6792 2.3228, -2.1367 -0.6792 2.3228, -2.0994 -0.5889 2.3228, -2.0994 -0.5889 2.3228, -2.4606 -0.4921 2.3228, 3.8189 0.4921 2.3228, 3.8189 0.4921 2.3228, 3.8062 0.5889 2.3228, 3.8062 0.5889 2.3228, 3.7688 0.6791 2.3228, 3.7688 0.6791 2.3228, 3.7094 0.7566 2.3228, 3.7094 0.7566 2.3228, 3.6319 0.816 2.3228, 3.6319 0.816 2.3228, 3.5417 0.8534 2.3228, 3.5417 0.8534 2.3228, 3.4449 0.8661 2.3228, 3.4449 0.8661 2.3228, 3.3481 0.8534 2.3228, 3.3481 0.8534 2.3228, 3.2579 0.816 2.3228, 3.2579 0.816 2.3228, 3.1804 0.7566 2.3228, 3.1804 0.7566 2.3228, 3.121 0.6791 2.3228, 3.121 0.6791 2.3228, 3.0836 0.5889 2.3228, 3.0836 0.5889 2.3228, 3.0709 0.4921 2.3228, 3.0709 0.4921 2.3228, 3.0836 0.3953 2.3228, 3.0836 0.3953 2.3228, 3.121 0.3051 2.3228, 3.121 0.3051 2.3228, 3.1804 0.2276 2.3228, 3.1804 0.2276 2.3228, 3.2579 0.1682 2.3228, 3.2579 0.1682 2.3228, 3.3481 0.1308 2.3228, 3.3481 0.1308 2.3228, 3.4449 0.1181 2.3228, 3.4449 0.1181 2.3228, 3.5417 0.1308 2.3228, 3.5417 0.1308 2.3228, 3.6319 0.1682 2.3228, 3.6319 0.1682 2.3228, 3.7094 0.2276 2.3228, 3.7094 0.2276 2.3228, 3.7688 0.3051 2.3228, 3.7688 0.3051 2.3228, 3.8062 0.3953 2.3228, 3.8062 0.3953 2.3228, 3.4449 0.4921 2.3228, 2.8346 0.4921 2.3228, 2.8346 0.4921 2.3228, 2.8219 0.5889 2.3228, 2.8219 0.5889 2.3228, 2.7845 0.6791 2.3228, 2.7845 0.6791 2.3228, 2.7251 0.7566 2.3228, 2.7251 0.7566 2.3228, 2.6476 0.816 2.3228, 2.6476 0.816 2.3228, 2.5574 0.8534 2.3228, 2.5574 0.8534 2.3228, 2.4606 0.8661 2.3228, 2.4606 0.8661 2.3228, 2.3638 0.8534 2.3228, 2.3638 0.8534 2.3228, 2.2736 0.816 2.3228, 2.2736 0.816 2.3228, 2.1962 0.7566 2.3228, 2.1962 0.7566 2.3228, 2.1367 0.6791 2.3228, 2.1367 0.6791 2.3228, 2.0994 0.5889 2.3228, 2.0994 0.5889 2.3228, 2.0866 0.4921 2.3228, 2.0866 0.4921 2.3228, 2.0994 0.3953 2.3228, 2.0994 0.3953 2.3228, 2.1367 0.3051 2.3228, 2.1367 0.3051 2.3228, 2.1962 0.2276 2.3228, 2.1962 0.2276 2.3228, 2.2736 0.1682 2.3228, 2.2736 0.1682 2.3228, 2.3638 0.1308 2.3228, 2.3638 0.1308 2.3228, 2.4606 0.1181 2.3228, 2.4606 0.1181 2.3228, 2.5574 0.1308 2.3228, 2.5574 0.1308 2.3228, 2.6476 0.1682 2.3228, 2.6476 0.1682 2.3228, 2.7251 0.2276 2.3228, 2.7251 0.2276 2.3228, 2.7845 0.3051 2.3228, 2.7845 0.3051 2.3228, 2.8219 0.3953 2.3228, 2.8219 0.3953 2.3228, 2.4606 0.4921 2.3228, 1.8504 0.4921 2.3228, 1.8504 0.4921 2.3228, 1.8376 0.5889 2.3228, 1.8376 0.5889 2.3228, 1.8003 0.6791 2.3228, 1.8003 0.6791 2.3228, 1.7408 0.7566 2.3228, 1.7408 0.7566 2.3228, 1.6634 0.816 2.3228, 1.6634 0.816 2.3228, 1.5732 0.8534 2.3228, 1.5732 0.8534 2.3228, 1.4764 0.8661 2.3228, 1.4764 0.8661 2.3228, 1.3796 0.8534 2.3228, 1.3796 0.8534 2.3228, 1.2894 0.816 2.3228, 1.2894 0.816 2.3228, 1.2119 0.7566 2.3228, 1.2119 0.7566 2.3228, 1.1525 0.6791 2.3228, 1.1525 0.6791 2.3228, 1.1151 0.5889 2.3228, 1.1151 0.5889 2.3228, 1.1024 0.4921 2.3228, 1.1024 0.4921 2.3228, 1.1151 0.3953 2.3228, 1.1151 0.3953 2.3228, 1.1525 0.3051 2.3228, 1.1525 0.3051 2.3228, 1.2119 0.2276 2.3228, 1.2119 0.2276 2.3228, 1.2894 0.1682 2.3228, 1.2894 0.1682 2.3228, 1.3796 0.1308 2.3228, 1.3796 0.1308 2.3228, 1.4764 0.1181 2.3228, 1.4764 0.1181 2.3228, 1.5732 0.1308 2.3228, 1.5732 0.1308 2.3228, 1.6634 0.1682 2.3228, 1.6634 0.1682 2.3228, 1.7408 0.2276 2.3228, 1.7408 0.2276 2.3228, 1.8003 0.3051 2.3228, 1.8003 0.3051 2.3228, 1.8376 0.3953 2.3228, 1.8376 0.3953 2.3228, 1.4764 0.4921 2.3228, 0.8661 0.4921 2.3228, 0.8661 0.4921 2.3228, 0.8534 0.5889 2.3228, 0.8534 0.5889 2.3228, 0.816 0.6791 2.3228, 0.816 0.6791 2.3228, 0.7566 0.7566 2.3228, 0.7566 0.7566 2.3228, 0.6791 0.816 2.3228, 0.6791 0.816 2.3228, 0.5889 0.8534 2.3228, 0.5889 0.8534 2.3228, 0.4921 0.8661 2.3228, 0.4921 0.8661 2.3228, 0.3953 0.8534 2.3228, 0.3953 0.8534 2.3228, 0.3051 0.816 2.3228, 0.3051 0.816 2.3228, 0.2277 0.7566 2.3228, 0.2277 0.7566 2.3228, 0.1682 0.6791 2.3228, 0.1682 0.6791 2.3228, 0.1309 0.5889 2.3228, 0.1309 0.5889 2.3228, 0.1181 0.4921 2.3228, 0.1181 0.4921 2.3228, 0.1309 0.3953 2.3228, 0.1309 0.3953 2.3228, 0.1682 0.3051 2.3228, 0.1682 0.3051 2.3228, 0.2277 0.2276 2.3228, 0.2277 0.2276 2.3228, 0.3051 0.1682 2.3228, 0.3051 0.1682 2.3228, 0.3953 0.1308 2.3228, 0.3953 0.1308 2.3228, 0.4921 0.1181 2.3228, 0.4921 0.1181 2.3228, 0.5889 0.1308 2.3228, 0.5889 0.1308 2.3228, 0.6791 0.1682 2.3228, 0.6791 0.1682 2.3228, 0.7566 0.2276 2.3228, 0.7566 0.2276 2.3228, 0.816 0.3051 2.3228, 0.816 0.3051 2.3228, 0.8534 0.3953 2.3228, 0.8534 0.3953 2.3228, 0.4921 0.4921 2.3228, -0.1181 1.4764 2.3228, -0.1181 1.4764 2.3228, -0.1309 1.5732 2.3228, -0.1309 1.5732 2.3228, -0.1682 1.6634 2.3228, -0.1682 1.6634 2.3228, -0.2277 1.7408 2.3228, -0.2277 1.7408 2.3228, -0.3051 1.8003 2.3228, -0.3051 1.8003 2.3228, -0.3953 1.8376 2.3228, -0.3953 1.8376 2.3228, -0.4921 1.8504 2.3228, -0.4921 1.8504 2.3228, -0.5889 1.8376 2.3228, -0.5889 1.8376 2.3228, -0.6791 1.8003 2.3228, -0.6791 1.8003 2.3228, -0.7566 1.7408 2.3228, -0.7566 1.7408 2.3228, -0.816 1.6634 2.3228, -0.816 1.6634 2.3228, -0.8534 1.5732 2.3228, -0.8534 1.5732 2.3228, -0.8661 1.4764 2.3228, -0.8661 1.4764 2.3228, -0.8534 1.3796 2.3228, -0.8534 1.3796 2.3228, -0.816 1.2893 2.3228, -0.816 1.2893 2.3228, -0.7566 1.2119 2.3228, -0.7566 1.2119 2.3228, -0.6791 1.1525 2.3228, -0.6791 1.1525 2.3228, -0.5889 1.1151 2.3228, -0.5889 1.1151 2.3228, -0.4921 1.1023 2.3228, -0.4921 1.1023 2.3228, -0.3953 1.1151 2.3228, -0.3953 1.1151 2.3228, -0.3051 1.1525 2.3228, -0.3051 1.1525 2.3228, -0.2277 1.2119 2.3228, -0.2277 1.2119 2.3228, -0.1682 1.2893 2.3228, -0.1682 1.2893 2.3228, -0.1309 1.3796 2.3228, -0.1309 1.3796 2.3228, -0.4921 1.4764 2.3228, 0.8661 1.4764 2.3228, 0.8661 1.4764 2.3228, 0.8534 1.5732 2.3228, 0.8534 1.5732 2.3228, 0.816 1.6634 2.3228, 0.816 1.6634 2.3228, 0.7566 1.7408 2.3228, 0.7566 1.7408 2.3228, 0.6791 1.8003 2.3228, 0.6791 1.8003 2.3228, 0.5889 1.8376 2.3228, 0.5889 1.8376 2.3228, 0.4921 1.8504 2.3228, 0.4921 1.8504 2.3228, 0.3953 1.8376 2.3228, 0.3953 1.8376 2.3228, 0.3051 1.8003 2.3228, 0.3051 1.8003 2.3228, 0.2277 1.7408 2.3228, 0.2277 1.7408 2.3228, 0.1682 1.6634 2.3228, 0.1682 1.6634 2.3228, 0.1309 1.5732 2.3228, 0.1309 1.5732 2.3228, 0.1181 1.4764 2.3228, 0.1181 1.4764 2.3228, 0.1309 1.3796 2.3228, 0.1309 1.3796 2.3228, 0.1682 1.2893 2.3228, 0.1682 1.2893 2.3228, 0.2277 1.2119 2.3228, 0.2277 1.2119 2.3228, 0.3051 1.1525 2.3228, 0.3051 1.1525 2.3228, 0.3953 1.1151 2.3228, 0.3953 1.1151 2.3228, 0.4921 1.1023 2.3228, 0.4921 1.1023 2.3228, 0.5889 1.1151 2.3228, 0.5889 1.1151 2.3228, 0.6791 1.1525 2.3228, 0.6791 1.1525 2.3228, 0.7566 1.2119 2.3228, 0.7566 1.2119 2.3228, 0.816 1.2893 2.3228, 0.816 1.2893 2.3228, 0.8534 1.3796 2.3228, 0.8534 1.3796 2.3228, 0.4921 1.4764 2.3228, 1.8504 1.4764 2.3228, 1.8504 1.4764 2.3228, 1.8376 1.5732 2.3228, 1.8376 1.5732 2.3228, 1.8003 1.6634 2.3228, 1.8003 1.6634 2.3228, 1.7408 1.7408 2.3228, 1.7408 1.7408 2.3228, 1.6634 1.8003 2.3228, 1.6634 1.8003 2.3228, 1.5732 1.8376 2.3228, 1.5732 1.8376 2.3228, 1.4764 1.8504 2.3228, 1.4764 1.8504 2.3228, 1.3796 1.8376 2.3228, 1.3796 1.8376 2.3228, 1.2894 1.8003 2.3228, 1.2894 1.8003 2.3228, 1.2119 1.7408 2.3228, 1.2119 1.7408 2.3228, 1.1525 1.6634 2.3228, 1.1525 1.6634 2.3228, 1.1151 1.5732 2.3228, 1.1151 1.5732 2.3228, 1.1024 1.4764 2.3228, 1.1024 1.4764 2.3228, 1.1151 1.3796 2.3228, 1.1151 1.3796 2.3228, 1.1525 1.2893 2.3228, 1.1525 1.2893 2.3228, 1.2119 1.2119 2.3228, 1.2119 1.2119 2.3228, 1.2894 1.1525 2.3228, 1.2894 1.1525 2.3228, 1.3796 1.1151 2.3228, 1.3796 1.1151 2.3228, 1.4764 1.1023 2.3228, 1.4764 1.1023 2.3228, 1.5732 1.1151 2.3228, 1.5732 1.1151 2.3228, 1.6634 1.1525 2.3228, 1.6634 1.1525 2.3228, 1.7408 1.2119 2.3228, 1.7408 1.2119 2.3228, 1.8003 1.2893 2.3228, 1.8003 1.2893 2.3228, 1.8376 1.3796 2.3228, 1.8376 1.3796 2.3228, 1.4764 1.4764 2.3228, 2.8346 1.4764 2.3228, 2.8346 1.4764 2.3228, 2.8219 1.5732 2.3228, 2.8219 1.5732 2.3228, 2.7845 1.6634 2.3228, 2.7845 1.6634 2.3228, 2.7251 1.7408 2.3228, 2.7251 1.7408 2.3228, 2.6476 1.8003 2.3228, 2.6476 1.8003 2.3228, 2.5574 1.8376 2.3228, 2.5574 1.8376 2.3228, 2.4606 1.8504 2.3228, 2.4606 1.8504 2.3228, 2.3638 1.8376 2.3228, 2.3638 1.8376 2.3228, 2.2736 1.8003 2.3228, 2.2736 1.8003 2.3228, 2.1962 1.7408 2.3228, 2.1962 1.7408 2.3228, 2.1367 1.6634 2.3228, 2.1367 1.6634 2.3228, 2.0994 1.5732 2.3228, 2.0994 1.5732 2.3228, 2.0866 1.4764 2.3228, 2.0866 1.4764 2.3228, 2.0994 1.3796 2.3228, 2.0994 1.3796 2.3228, 2.1367 1.2893 2.3228, 2.1367 1.2893 2.3228, 2.1962 1.2119 2.3228, 2.1962 1.2119 2.3228, 2.2736 1.1525 2.3228, 2.2736 1.1525 2.3228, 2.3638 1.1151 2.3228, 2.3638 1.1151 2.3228, 2.4606 1.1023 2.3228, 2.4606 1.1023 2.3228, 2.5574 1.1151 2.3228, 2.5574 1.1151 2.3228, 2.6476 1.1525 2.3228, 2.6476 1.1525 2.3228, 2.7251 1.2119 2.3228, 2.7251 1.2119 2.3228, 2.7845 1.2893 2.3228, 2.7845 1.2893 2.3228, 2.8219 1.3796 2.3228, 2.8219 1.3796 2.3228, 2.4606 1.4764 2.3228, -0.1181 0.4921 2.3228, -0.1181 0.4921 2.3228, -0.1309 0.5889 2.3228, -0.1309 0.5889 2.3228, -0.1682 0.6791 2.3228, -0.1682 0.6791 2.3228, -0.2277 0.7566 2.3228, -0.2277 0.7566 2.3228, -0.3051 0.816 2.3228, -0.3051 0.816 2.3228, -0.3953 0.8534 2.3228, -0.3953 0.8534 2.3228, -0.4921 0.8661 2.3228, -0.4921 0.8661 2.3228, -0.5889 0.8534 2.3228, -0.5889 0.8534 2.3228, -0.6791 0.816 2.3228, -0.6791 0.816 2.3228, -0.7566 0.7566 2.3228, -0.7566 0.7566 2.3228, -0.816 0.6791 2.3228, -0.816 0.6791 2.3228, -0.8534 0.5889 2.3228, -0.8534 0.5889 2.3228, -0.8661 0.4921 2.3228, -0.8661 0.4921 2.3228, -0.8534 0.3953 2.3228, -0.8534 0.3953 2.3228, -0.816 0.3051 2.3228, -0.816 0.3051 2.3228, -0.7566 0.2276 2.3228, -0.7566 0.2276 2.3228, -0.6791 0.1682 2.3228, -0.6791 0.1682 2.3228, -0.5889 0.1308 2.3228, -0.5889 0.1308 2.3228, -0.4921 0.1181 2.3228, -0.4921 0.1181 2.3228, -0.3953 0.1308 2.3228, -0.3953 0.1308 2.3228, -0.3051 0.1682 2.3228, -0.3051 0.1682 2.3228, -0.2277 0.2276 2.3228, -0.2277 0.2276 2.3228, -0.1682 0.3051 2.3228, -0.1682 0.3051 2.3228, -0.1309 0.3953 2.3228, -0.1309 0.3953 2.3228, -0.4921 0.4921 2.3228, -1.1024 0.4921 2.3228, -1.1024 0.4921 2.3228, -1.1151 0.5889 2.3228, -1.1151 0.5889 2.3228, -1.1525 0.6791 2.3228, -1.1525 0.6791 2.3228, -1.2119 0.7566 2.3228, -1.2119 0.7566 2.3228, -1.2894 0.816 2.3228, -1.2894 0.816 2.3228, -1.3796 0.8534 2.3228, -1.3796 0.8534 2.3228, -1.4764 0.8661 2.3228, -1.4764 0.8661 2.3228, -1.5732 0.8534 2.3228, -1.5732 0.8534 2.3228, -1.6634 0.816 2.3228, -1.6634 0.816 2.3228, -1.7408 0.7566 2.3228, -1.7408 0.7566 2.3228, -1.8003 0.6791 2.3228, -1.8003 0.6791 2.3228, -1.8376 0.5889 2.3228, -1.8376 0.5889 2.3228, -1.8504 0.4921 2.3228, -1.8504 0.4921 2.3228, -1.8376 0.3953 2.3228, -1.8376 0.3953 2.3228, -1.8003 0.3051 2.3228, -1.8003 0.3051 2.3228, -1.7408 0.2276 2.3228, -1.7408 0.2276 2.3228, -1.6634 0.1682 2.3228, -1.6634 0.1682 2.3228, -1.5732 0.1308 2.3228, -1.5732 0.1308 2.3228, -1.4764 0.1181 2.3228, -1.4764 0.1181 2.3228, -1.3796 0.1308 2.3228, -1.3796 0.1308 2.3228, -1.2894 0.1682 2.3228, -1.2894 0.1682 2.3228, -1.2119 0.2276 2.3228, -1.2119 0.2276 2.3228, -1.1525 0.3051 2.3228, -1.1525 0.3051 2.3228, -1.1151 0.3953 2.3228, -1.1151 0.3953 2.3228, -1.4764 0.4921 2.3228, -2.0866 0.4921 2.3228, -2.0866 0.4921 2.3228, -2.0994 0.5889 2.3228, -2.0994 0.5889 2.3228, -2.1367 0.6791 2.3228, -2.1367 0.6791 2.3228, -2.1962 0.7566 2.3228, -2.1962 0.7566 2.3228, -2.2736 0.816 2.3228, -2.2736 0.816 2.3228, -2.3638 0.8534 2.3228, -2.3638 0.8534 2.3228, -2.4606 0.8661 2.3228, -2.4606 0.8661 2.3228, -2.5574 0.8534 2.3228, -2.5574 0.8534 2.3228, -2.6476 0.816 2.3228, -2.6476 0.816 2.3228, -2.7251 0.7566 2.3228, -2.7251 0.7566 2.3228, -2.7845 0.6791 2.3228, -2.7845 0.6791 2.3228, -2.8219 0.5889 2.3228, -2.8219 0.5889 2.3228, -2.8346 0.4921 2.3228, -2.8346 0.4921 2.3228, -2.8219 0.3953 2.3228, -2.8219 0.3953 2.3228, -2.7845 0.3051 2.3228, -2.7845 0.3051 2.3228, -2.7251 0.2276 2.3228, -2.7251 0.2276 2.3228, -2.6476 0.1682 2.3228, -2.6476 0.1682 2.3228, -2.5574 0.1308 2.3228, -2.5574 0.1308 2.3228, -2.4606 0.1181 2.3228, -2.4606 0.1181 2.3228, -2.3638 0.1308 2.3228, -2.3638 0.1308 2.3228, -2.2736 0.1682 2.3228, -2.2736 0.1682 2.3228, -2.1962 0.2276 2.3228, -2.1962 0.2276 2.3228, -2.1367 0.3051 2.3228, -2.1367 0.3051 2.3228, -2.0994 0.3953 2.3228, -2.0994 0.3953 2.3228, -2.4606 0.4921 2.3228, 3.8189 1.4764 2.3228, 3.8189 1.4764 2.3228, 3.8062 1.5732 2.3228, 3.8062 1.5732 2.3228, 3.7688 1.6634 2.3228, 3.7688 1.6634 2.3228, 3.7094 1.7408 2.3228, 3.7094 1.7408 2.3228, 3.6319 1.8003 2.3228, 3.6319 1.8003 2.3228, 3.5417 1.8376 2.3228, 3.5417 1.8376 2.3228, 3.4449 1.8504 2.3228, 3.4449 1.8504 2.3228, 3.3481 1.8376 2.3228, 3.3481 1.8376 2.3228, 3.2579 1.8003 2.3228, 3.2579 1.8003 2.3228, 3.1804 1.7408 2.3228, 3.1804 1.7408 2.3228, 3.121 1.6634 2.3228, 3.121 1.6634 2.3228, 3.0836 1.5732 2.3228, 3.0836 1.5732 2.3228, 3.0709 1.4764 2.3228, 3.0709 1.4764 2.3228, 3.0836 1.3796 2.3228, 3.0836 1.3796 2.3228, 3.121 1.2893 2.3228, 3.121 1.2893 2.3228, 3.1804 1.2119 2.3228, 3.1804 1.2119 2.3228, 3.2579 1.1525 2.3228, 3.2579 1.1525 2.3228, 3.3481 1.1151 2.3228, 3.3481 1.1151 2.3228, 3.4449 1.1023 2.3228, 3.4449 1.1023 2.3228, 3.5417 1.1151 2.3228, 3.5417 1.1151 2.3228, 3.6319 1.1525 2.3228, 3.6319 1.1525 2.3228, 3.7094 1.2119 2.3228, 3.7094 1.2119 2.3228, 3.7688 1.2893 2.3228, 3.7688 1.2893 2.3228, 3.8062 1.3796 2.3228, 3.8062 1.3796 2.3228, 3.4449 1.4764 2.3228, -3.3543 2.9527 0.1969, -3.3574 2.9762 -1.9685, -3.3574 2.9762 0.1969, -3.3665 2.998 -1.9685, -3.3665 2.998 0.1969, -3.3809 3.0168 -1.9685, -3.3809 3.0168 0.1969, -3.3996 3.0312 -1.9685, -3.3996 3.0312 0.1969, -3.4214 3.0402 -1.9685, -3.4214 3.0402 0.1969, -3.4449 3.0433 -1.9685, -3.4449 3.0433 0.1969, -3.4683 3.0402 -1.9685, -3.4683 3.0402 0.1969, -3.4902 3.0312 -1.9685, -3.4902 3.0312 0.1969, -3.5089 3.0168 -1.9685, -3.5089 3.0168 0.1969, -3.5233 2.998 -1.9685, -3.5233 2.998 0.1969, -3.5323 2.9762 -1.9685, -3.5323 2.9762 0.1969, -3.5354 2.9527 -1.9685, -3.5354 2.9527 0.1969, -3.5323 2.9293 -1.9685, -3.5323 2.9293 0.1969, -3.5233 2.9075 -1.9685, -3.5233 2.9075 0.1969, -3.5089 2.8887 -1.9685, -3.5089 2.8887 0.1969, -3.4902 2.8743 -1.9685, -3.4902 2.8743 0.1969, -3.4683 2.8653 -1.9685, -3.4683 2.8653 0.1969, -3.4449 2.8622 -1.9685, -3.4449 2.8622 0.1969, -3.4214 2.8653 -1.9685, -3.4214 2.8653 0.1969, -3.3996 2.8743 -1.9685, -3.3996 2.8743 0.1969, -3.3809 2.8887 -1.9685, -3.3809 2.8887 0.1969, -3.3665 2.9075 -1.9685, -3.3665 2.9075 0.1969, -3.3574 2.9293 -1.9685, -3.3574 2.9293 0.1969, -3.3543 2.9527 -1.9685, -3.4449 2.9527 -1.9685, -2.3701 2.9527 0.1969, -2.3732 2.9762 -1.9685, -2.3732 2.9762 0.1969, -2.3822 2.998 -1.9685, -2.3822 2.998 0.1969, -2.3966 3.0168 -1.9685, -2.3966 3.0168 0.1969, -2.4154 3.0312 -1.9685, -2.4154 3.0312 0.1969, -2.4372 3.0402 -1.9685, -2.4372 3.0402 0.1969, -2.4606 3.0433 -1.9685, -2.4606 3.0433 0.1969, -2.4841 3.0402 -1.9685, -2.4841 3.0402 0.1969, -2.5059 3.0312 -1.9685, -2.5059 3.0312 0.1969, -2.5247 3.0168 -1.9685, -2.5247 3.0168 0.1969, -2.539 2.998 -1.9685, -2.539 2.998 0.1969, -2.5481 2.9762 -1.9685, -2.5481 2.9762 0.1969, -2.5512 2.9527 -1.9685, -2.5512 2.9527 0.1969, -2.5481 2.9293 -1.9685, -2.5481 2.9293 0.1969, -2.539 2.9075 -1.9685, -2.539 2.9075 0.1969, -2.5247 2.8887 -1.9685, -2.5247 2.8887 0.1969, -2.5059 2.8743 -1.9685, -2.5059 2.8743 0.1969, -2.4841 2.8653 -1.9685, -2.4841 2.8653 0.1969, -2.4606 2.8622 -1.9685, -2.4606 2.8622 0.1969, -2.4372 2.8653 -1.9685, -2.4372 2.8653 0.1969, -2.4154 2.8743 -1.9685, -2.4154 2.8743 0.1969, -2.3966 2.8887 -1.9685, -2.3966 2.8887 0.1969, -2.3822 2.9075 -1.9685, -2.3822 2.9075 0.1969, -2.3732 2.9293 -1.9685, -2.3732 2.9293 0.1969, -2.3701 2.9527 -1.9685, -2.4606 2.9527 -1.9685
            ]
        }
        coordIndex [
            0,1,2,-1,2,1,3,-1,2,3,4,-1,4,3,5,-1,4,5,6,-1,6,5,7,-1,6,7,8,-1,8,7,9,-1,8,9,10,-1,10,9,11,-1,10,11,12,-1,12,11,13,-1,12,13,14,-1,14,13,15,-1,14,15,16,-1,16,15,17,-1,16,17,18,-1,18,17,19,-1,18,19,20,-1,20,19,21,-1,20,21,22,-1,22,21,23,-1,22,23,24,-1,24,23,25,-1,24,25,26,-1,26,25,27,-1,26,27,28,-1,28,27,29,-1,28,29,30,-1,30,29,31,-1,30,31,32,-1,32,31,33,-1,32,33,34,-1,34,33,35,-1,34,35,36,-1,36,35,37,-1,36,37,38,-1,38,37,39,-1,38,39,40,-1,40,39,41,-1,40,41,42,-1,42,41,43,-1,42,43,44,-1,44,43,45,-1,44,45,46,-1,46,45,47,-1,46,47,0,-1,0,47,1,-1,44,46,48,-1,48,46,0,-1,48,0,2,-1,38,40,48,-1,48,40,42,-1,48,42,44,-1,32,34,48,-1,48,34,36,-1,48,36,38,-1,26,28,48,-1,48,28,30,-1,48,30,32,-1,20,22,48,-1,48,22,24,-1,48,24,26,-1,14,16,48,-1,48,16,18,-1,48,18,20,-1,8,10,48,-1,48,10,12,-1,48,12,14,-1,2,4,48,-1,48,4,6,-1,48,6,8,-1,49,50,51,-1,51,50,52,-1,51,52,53,-1,53,52,54,-1,53,54,55,-1,55,54,56,-1,55,56,57,-1,57,56,58,-1,57,58,59,-1,59,58,60,-1,59,60,61,-1,61,60,62,-1,61,62,63,-1,63,62,64,-1,63,64,65,-1,65,64,66,-1,65,66,67,-1,67,66,68,-1,67,68,69,-1,69,68,70,-1,69,70,71,-1,71,70,72,-1,71,72,73,-1,73,72,74,-1,73,74,75,-1,75,74,76,-1,75,76,77,-1,77,76,78,-1,77,78,79,-1,79,78,80,-1,79,80,81,-1,81,80,82,-1,81,82,83,-1,83,82,84,-1,83,84,85,-1,85,84,86,-1,85,86,87,-1,87,86,88,-1,87,88,89,-1,89,88,90,-1,89,90,91,-1,91,90,92,-1,91,92,93,-1,93,92,94,-1,93,94,95,-1,95,94,96,-1,95,96,49,-1,49,96,50,-1,93,95,97,-1,97,95,49,-1,97,49,51,-1,87,89,97,-1,97,89,91,-1,97,91,93,-1,81,83,97,-1,97,83,85,-1,97,85,87,-1,75,77,97,-1,97,77,79,-1,97,79,81,-1,69,71,97,-1,97,71,73,-1,97,73,75,-1,63,65,97,-1,97,65,67,-1,97,67,69,-1,57,59,97,-1,97,59,61,-1,97,61,63,-1,51,53,97,-1,97,53,55,-1,97,55,57,-1,98,99,100,-1,100,99,101,-1,100,101,102,-1,102,101,103,-1,102,103,104,-1,104,103,105,-1,104,105,106,-1,106,105,107,-1,106,107,108,-1,108,107,109,-1,108,109,110,-1,110,109,111,-1,110,111,112,-1,112,111,113,-1,112,113,114,-1,114,113,115,-1,114,115,116,-1,116,115,117,-1,116,117,118,-1,118,117,119,-1,118,119,120,-1,120,119,121,-1,120,121,122,-1,122,121,123,-1,122,123,124,-1,124,123,125,-1,124,125,126,-1,126,125,127,-1,126,127,128,-1,128,127,129,-1,128,129,130,-1,130,129,131,-1,130,131,132,-1,132,131,133,-1,132,133,134,-1,134,133,135,-1,134,135,136,-1,136,135,137,-1,136,137,138,-1,138,137,139,-1,138,139,140,-1,140,139,141,-1,140,141,142,-1,142,141,143,-1,142,143,144,-1,144,143,145,-1,144,145,98,-1,98,145,99,-1,142,144,146,-1,146,144,98,-1,146,98,100,-1,136,138,146,-1,146,138,140,-1,146,140,142,-1,130,132,146,-1,146,132,134,-1,146,134,136,-1,124,126,146,-1,146,126,128,-1,146,128,130,-1,118,120,146,-1,146,120,122,-1,146,122,124,-1,112,114,146,-1,146,114,116,-1,146,116,118,-1,106,108,146,-1,146,108,110,-1,146,110,112,-1,100,102,146,-1,146,102,104,-1,146,104,106,-1,147,148,149,-1,149,148,150,-1,149,150,151,-1,151,150,152,-1,151,152,153,-1,153,152,154,-1,153,154,155,-1,155,154,156,-1,155,156,157,-1,157,156,158,-1,157,158,159,-1,159,158,160,-1,159,160,161,-1,161,160,162,-1,161,162,163,-1,163,162,164,-1,163,164,165,-1,165,164,166,-1,165,166,167,-1,167,166,168,-1,167,168,169,-1,169,168,170,-1,169,170,171,-1,171,170,172,-1,171,172,173,-1,173,172,174,-1,173,174,175,-1,175,174,176,-1,175,176,177,-1,177,176,178,-1,177,178,179,-1,179,178,180,-1,179,180,181,-1,181,180,182,-1,181,182,183,-1,183,182,184,-1,183,184,185,-1,185,184,186,-1,185,186,187,-1,187,186,188,-1,187,188,189,-1,189,188,190,-1,189,190,191,-1,191,190,192,-1,191,192,193,-1,193,192,194,-1,193,194,147,-1,147,194,148,-1,191,193,195,-1,195,193,147,-1,195,147,149,-1,185,187,195,-1,195,187,189,-1,195,189,191,-1,179,181,195,-1,195,181,183,-1,195,183,185,-1,173,175,195,-1,195,175,177,-1,195,177,179,-1,167,169,195,-1,195,169,171,-1,195,171,173,-1,161,163,195,-1,195,163,165,-1,195,165,167,-1,155,157,195,-1,195,157,159,-1,195,159,161,-1,149,151,195,-1,195,151,153,-1,195,153,155,-1,196,197,198,-1,198,197,199,-1,198,199,200,-1,200,199,201,-1,200,201,202,-1,202,201,203,-1,202,203,204,-1,204,203,205,-1,204,205,206,-1,206,205,207,-1,206,207,208,-1,208,207,209,-1,208,209,210,-1,210,209,211,-1,210,211,212,-1,212,211,213,-1,212,213,214,-1,214,213,215,-1,214,215,216,-1,216,215,217,-1,216,217,218,-1,218,217,219,-1,218,219,220,-1,220,219,221,-1,220,221,222,-1,222,221,223,-1,222,223,224,-1,224,223,225,-1,224,225,226,-1,226,225,227,-1,226,227,228,-1,228,227,229,-1,228,229,230,-1,230,229,231,-1,230,231,232,-1,232,231,233,-1,232,233,234,-1,234,233,235,-1,234,235,236,-1,236,235,237,-1,236,237,238,-1,238,237,239,-1,238,239,240,-1,240,239,241,-1,240,241,242,-1,242,241,243,-1,242,243,196,-1,196,243,197,-1,240,242,244,-1,244,242,196,-1,244,196,198,-1,234,236,244,-1,244,236,238,-1,244,238,240,-1,228,230,244,-1,244,230,232,-1,244,232,234,-1,222,224,244,-1,244,224,226,-1,244,226,228,-1,216,218,244,-1,244,218,220,-1,244,220,222,-1,210,212,244,-1,244,212,214,-1,244,214,216,-1,204,206,244,-1,244,206,208,-1,244,208,210,-1,198,200,244,-1,244,200,202,-1,244,202,204,-1,245,246,247,-1,247,246,248,-1,247,248,249,-1,249,248,250,-1,249,250,251,-1,251,250,252,-1,251,252,253,-1,253,252,254,-1,253,254,255,-1,255,254,256,-1,255,256,257,-1,257,256,258,-1,257,258,259,-1,259,258,260,-1,259,260,261,-1,261,260,262,-1,261,262,263,-1,263,262,264,-1,263,264,265,-1,265,264,266,-1,265,266,267,-1,267,266,268,-1,267,268,269,-1,269,268,270,-1,269,270,271,-1,271,270,272,-1,271,272,273,-1,273,272,274,-1,273,274,275,-1,275,274,276,-1,275,276,277,-1,277,276,278,-1,277,278,279,-1,279,278,280,-1,279,280,281,-1,281,280,282,-1,281,282,283,-1,283,282,284,-1,283,284,285,-1,285,284,286,-1,285,286,287,-1,287,286,288,-1,287,288,289,-1,289,288,290,-1,289,290,291,-1,291,290,292,-1,291,292,245,-1,245,292,246,-1,289,291,293,-1,293,291,245,-1,293,245,247,-1,283,285,293,-1,293,285,287,-1,293,287,289,-1,277,279,293,-1,293,279,281,-1,293,281,283,-1,271,273,293,-1,293,273,275,-1,293,275,277,-1,265,267,293,-1,293,267,269,-1,293,269,271,-1,259,261,293,-1,293,261,263,-1,293,263,265,-1,253,255,293,-1,293,255,257,-1,293,257,259,-1,247,249,293,-1,293,249,251,-1,293,251,253,-1,294,295,296,-1,296,295,297,-1,296,297,298,-1,298,297,299,-1,298,299,300,-1,300,299,301,-1,300,301,302,-1,302,301,303,-1,302,303,304,-1,304,303,305,-1,304,305,306,-1,306,305,307,-1,306,307,308,-1,308,307,309,-1,308,309,310,-1,310,309,311,-1,310,311,312,-1,312,311,313,-1,312,313,314,-1,314,313,315,-1,314,315,316,-1,316,315,317,-1,316,317,318,-1,318,317,319,-1,318,319,320,-1,320,319,321,-1,320,321,322,-1,322,321,323,-1,322,323,324,-1,324,323,325,-1,324,325,326,-1,326,325,327,-1,326,327,328,-1,328,327,329,-1,328,329,330,-1,330,329,331,-1,330,331,332,-1,332,331,333,-1,332,333,334,-1,334,333,335,-1,334,335,336,-1,336,335,337,-1,336,337,338,-1,338,337,339,-1,338,339,340,-1,340,339,341,-1,340,341,294,-1,294,341,295,-1,338,340,342,-1,342,340,294,-1,342,294,296,-1,332,334,342,-1,342,334,336,-1,342,336,338,-1,326,328,342,-1,342,328,330,-1,342,330,332,-1,320,322,342,-1,342,322,324,-1,342,324,326,-1,314,316,342,-1,342,316,318,-1,342,318,320,-1,308,310,342,-1,342,310,312,-1,342,312,314,-1,302,304,342,-1,342,304,306,-1,342,306,308,-1,296,298,342,-1,342,298,300,-1,342,300,302,-1,343,344,345,-1,345,344,346,-1,345,346,347,-1,347,346,348,-1,347,348,349,-1,349,348,350,-1,349,350,351,-1,351,350,352,-1,351,352,353,-1,353,352,354,-1,353,354,355,-1,355,354,356,-1,355,356,357,-1,357,356,358,-1,357,358,359,-1,359,358,360,-1,359,360,361,-1,361,360,362,-1,361,362,363,-1,363,362,364,-1,363,364,365,-1,365,364,366,-1,365,366,367,-1,367,366,368,-1,367,368,369,-1,369,368,370,-1,369,370,371,-1,371,370,372,-1,371,372,373,-1,373,372,374,-1,373,374,375,-1,375,374,376,-1,375,376,377,-1,377,376,378,-1,377,378,379,-1,379,378,380,-1,379,380,381,-1,381,380,382,-1,381,382,383,-1,383,382,384,-1,383,384,385,-1,385,384,386,-1,385,386,387,-1,387,386,388,-1,387,388,389,-1,389,388,390,-1,389,390,343,-1,343,390,344,-1,387,389,391,-1,391,389,343,-1,391,343,345,-1,381,383,391,-1,391,383,385,-1,391,385,387,-1,375,377,391,-1,391,377,379,-1,391,379,381,-1,369,371,391,-1,391,371,373,-1,391,373,375,-1,363,365,391,-1,391,365,367,-1,391,367,369,-1,357,359,391,-1,391,359,361,-1,391,361,363,-1,351,353,391,-1,391,353,355,-1,391,355,357,-1,345,347,391,-1,391,347,349,-1,391,349,351,-1,392,393,394,-1,394,393,395,-1,394,395,396,-1,396,395,397,-1,396,397,398,-1,398,397,399,-1,398,399,400,-1,400,399,401,-1,400,401,402,-1,402,401,403,-1,402,403,404,-1,404,403,405,-1,404,405,406,-1,406,405,407,-1,406,407,408,-1,408,407,409,-1,408,409,410,-1,410,409,411,-1,410,411,412,-1,412,411,413,-1,412,413,414,-1,414,413,415,-1,414,415,416,-1,416,415,417,-1,416,417,418,-1,418,417,419,-1,418,419,420,-1,420,419,421,-1,420,421,422,-1,422,421,423,-1,422,423,424,-1,424,423,425,-1,424,425,426,-1,426,425,427,-1,426,427,428,-1,428,427,429,-1,428,429,430,-1,430,429,431,-1,430,431,432,-1,432,431,433,-1,432,433,434,-1,434,433,435,-1,434,435,436,-1,436,435,437,-1,436,437,438,-1,438,437,439,-1,438,439,392,-1,392,439,393,-1,436,438,440,-1,440,438,392,-1,440,392,394,-1,430,432,440,-1,440,432,434,-1,440,434,436,-1,424,426,440,-1,440,426,428,-1,440,428,430,-1,418,420,440,-1,440,420,422,-1,440,422,424,-1,412,414,440,-1,440,414,416,-1,440,416,418,-1,406,408,440,-1,440,408,410,-1,440,410,412,-1,400,402,440,-1,440,402,404,-1,440,404,406,-1,394,396,440,-1,440,396,398,-1,440,398,400,-1,441,442,443,-1,443,442,444,-1,443,444,445,-1,445,444,446,-1,445,446,447,-1,447,446,448,-1,447,448,449,-1,449,448,450,-1,449,450,451,-1,451,450,452,-1,451,452,453,-1,453,452,454,-1,453,454,455,-1,455,454,456,-1,455,456,457,-1,457,456,458,-1,457,458,459,-1,459,458,460,-1,459,460,461,-1,461,460,462,-1,461,462,463,-1,463,462,464,-1,463,464,465,-1,465,464,466,-1,465,466,467,-1,467,466,468,-1,467,468,469,-1,469,468,470,-1,469,470,471,-1,471,470,472,-1,471,472,473,-1,473,472,474,-1,473,474,475,-1,475,474,476,-1,475,476,477,-1,477,476,478,-1,477,478,479,-1,479,478,480,-1,479,480,481,-1,481,480,482,-1,481,482,483,-1,483,482,484,-1,483,484,485,-1,485,484,486,-1,485,486,487,-1,487,486,488,-1,487,488,441,-1,441,488,442,-1,485,487,489,-1,489,487,441,-1,489,441,443,-1,479,481,489,-1,489,481,483,-1,489,483,485,-1,473,475,489,-1,489,475,477,-1,489,477,479,-1,467,469,489,-1,489,469,471,-1,489,471,473,-1,461,463,489,-1,489,463,465,-1,489,465,467,-1,455,457,489,-1,489,457,459,-1,489,459,461,-1,449,451,489,-1,489,451,453,-1,489,453,455,-1,443,445,489,-1,489,445,447,-1,489,447,449,-1,490,491,492,-1,492,491,493,-1,492,493,494,-1,494,493,495,-1,494,495,496,-1,496,495,497,-1,496,497,498,-1,498,497,499,-1,498,499,500,-1,500,499,501,-1,500,501,502,-1,502,501,503,-1,502,503,504,-1,504,503,505,-1,504,505,506,-1,506,505,507,-1,506,507,508,-1,508,507,509,-1,508,509,510,-1,510,509,511,-1,510,511,512,-1,512,511,513,-1,512,513,514,-1,514,513,515,-1,514,515,516,-1,516,515,517,-1,516,517,518,-1,518,517,519,-1,518,519,520,-1,520,519,521,-1,520,521,522,-1,522,521,523,-1,522,523,524,-1,524,523,525,-1,524,525,526,-1,526,525,527,-1,526,527,528,-1,528,527,529,-1,528,529,530,-1,530,529,531,-1,530,531,532,-1,532,531,533,-1,532,533,534,-1,534,533,535,-1,534,535,536,-1,536,535,537,-1,536,537,490,-1,490,537,491,-1,534,536,538,-1,538,536,490,-1,538,490,492,-1,528,530,538,-1,538,530,532,-1,538,532,534,-1,522,524,538,-1,538,524,526,-1,538,526,528,-1,516,518,538,-1,538,518,520,-1,538,520,522,-1,510,512,538,-1,538,512,514,-1,538,514,516,-1,504,506,538,-1,538,506,508,-1,538,508,510,-1,498,500,538,-1,538,500,502,-1,538,502,504,-1,492,494,538,-1,538,494,496,-1,538,496,498,-1,539,540,541,-1,541,540,542,-1,541,542,543,-1,543,542,544,-1,543,544,545,-1,545,544,546,-1,545,546,547,-1,547,546,548,-1,547,548,549,-1,549,548,550,-1,549,550,551,-1,551,550,552,-1,551,552,553,-1,553,552,554,-1,553,554,555,-1,555,554,556,-1,555,556,557,-1,557,556,558,-1,557,558,559,-1,559,558,560,-1,559,560,561,-1,561,560,562,-1,561,562,563,-1,563,562,564,-1,563,564,565,-1,565,564,566,-1,565,566,567,-1,567,566,568,-1,567,568,569,-1,569,568,570,-1,569,570,571,-1,571,570,572,-1,571,572,573,-1,573,572,574,-1,573,574,575,-1,575,574,576,-1,575,576,577,-1,577,576,578,-1,577,578,579,-1,579,578,580,-1,579,580,581,-1,581,580,582,-1,581,582,583,-1,583,582,584,-1,583,584,585,-1,585,584,586,-1,585,586,539,-1,539,586,540,-1,583,585,587,-1,587,585,539,-1,587,539,541,-1,577,579,587,-1,587,579,581,-1,587,581,583,-1,571,573,587,-1,587,573,575,-1,587,575,577,-1,565,567,587,-1,587,567,569,-1,587,569,571,-1,559,561,587,-1,587,561,563,-1,587,563,565,-1,553,555,587,-1,587,555,557,-1,587,557,559,-1,547,549,587,-1,587,549,551,-1,587,551,553,-1,541,543,587,-1,587,543,545,-1,587,545,547,-1,588,589,590,-1,590,589,591,-1,590,591,592,-1,592,591,593,-1,592,593,594,-1,594,593,595,-1,594,595,596,-1,596,595,597,-1,596,597,598,-1,598,597,599,-1,598,599,600,-1,600,599,601,-1,600,601,602,-1,602,601,603,-1,602,603,604,-1,604,603,605,-1,604,605,606,-1,606,605,607,-1,606,607,608,-1,608,607,609,-1,608,609,610,-1,610,609,611,-1,610,611,612,-1,612,611,613,-1,612,613,614,-1,614,613,615,-1,614,615,616,-1,616,615,617,-1,616,617,618,-1,618,617,619,-1,618,619,620,-1,620,619,621,-1,620,621,622,-1,622,621,623,-1,622,623,624,-1,624,623,625,-1,624,625,626,-1,626,625,627,-1,626,627,628,-1,628,627,629,-1,628,629,630,-1,630,629,631,-1,630,631,632,-1,632,631,633,-1,632,633,634,-1,634,633,635,-1,634,635,588,-1,588,635,589,-1,632,634,636,-1,636,634,588,-1,636,588,590,-1,626,628,636,-1,636,628,630,-1,636,630,632,-1,620,622,636,-1,636,622,624,-1,636,624,626,-1,614,616,636,-1,636,616,618,-1,636,618,620,-1,608,610,636,-1,636,610,612,-1,636,612,614,-1,602,604,636,-1,636,604,606,-1,636,606,608,-1,596,598,636,-1,636,598,600,-1,636,600,602,-1,590,592,636,-1,636,592,594,-1,636,594,596,-1,637,638,639,-1,639,638,640,-1,639,640,641,-1,641,640,642,-1,641,642,643,-1,643,642,644,-1,643,644,645,-1,645,644,646,-1,645,646,647,-1,647,646,648,-1,647,648,649,-1,649,648,650,-1,649,650,651,-1,651,650,652,-1,651,652,653,-1,653,652,654,-1,653,654,655,-1,655,654,656,-1,655,656,657,-1,657,656,658,-1,657,658,659,-1,659,658,660,-1,659,660,661,-1,661,660,662,-1,661,662,663,-1,663,662,664,-1,663,664,665,-1,665,664,666,-1,665,666,667,-1,667,666,668,-1,667,668,669,-1,669,668,670,-1,669,670,671,-1,671,670,672,-1,671,672,673,-1,673,672,674,-1,673,674,675,-1,675,674,676,-1,675,676,677,-1,677,676,678,-1,677,678,679,-1,679,678,680,-1,679,680,681,-1,681,680,682,-1,681,682,683,-1,683,682,684,-1,683,684,637,-1,637,684,638,-1,681,683,685,-1,685,683,637,-1,685,637,639,-1,675,677,685,-1,685,677,679,-1,685,679,681,-1,669,671,685,-1,685,671,673,-1,685,673,675,-1,663,665,685,-1,685,665,667,-1,685,667,669,-1,657,659,685,-1,685,659,661,-1,685,661,663,-1,651,653,685,-1,685,653,655,-1,685,655,657,-1,645,647,685,-1,685,647,649,-1,685,649,651,-1,639,641,685,-1,685,641,643,-1,685,643,645,-1,686,687,688,-1,688,687,689,-1,688,689,690,-1,690,689,691,-1,690,691,692,-1,692,691,693,-1,692,693,694,-1,694,693,695,-1,694,695,696,-1,696,695,697,-1,696,697,698,-1,698,697,699,-1,698,699,700,-1,700,699,701,-1,700,701,702,-1,702,701,703,-1,702,703,704,-1,704,703,705,-1,704,705,706,-1,706,705,707,-1,706,707,708,-1,708,707,709,-1,708,709,710,-1,710,709,711,-1,710,711,712,-1,712,711,713,-1,712,713,714,-1,714,713,715,-1,714,715,716,-1,716,715,717,-1,716,717,718,-1,718,717,719,-1,718,719,720,-1,720,719,721,-1,720,721,722,-1,722,721,723,-1,722,723,724,-1,724,723,725,-1,724,725,726,-1,726,725,727,-1,726,727,728,-1,728,727,729,-1,728,729,730,-1,730,729,731,-1,730,731,732,-1,732,731,733,-1,732,733,686,-1,686,733,687,-1,730,732,734,-1,734,732,686,-1,734,686,688,-1,724,726,734,-1,734,726,728,-1,734,728,730,-1,718,720,734,-1,734,720,722,-1,734,722,724,-1,712,714,734,-1,734,714,716,-1,734,716,718,-1,706,708,734,-1,734,708,710,-1,734,710,712,-1,700,702,734,-1,734,702,704,-1,734,704,706,-1,694,696,734,-1,734,696,698,-1,734,698,700,-1,688,690,734,-1,734,690,692,-1,734,692,694,-1,735,736,737,-1,737,736,738,-1,737,738,739,-1,739,738,740,-1,739,740,741,-1,741,740,742,-1,741,742,743,-1,743,742,744,-1,743,744,745,-1,745,744,746,-1,745,746,747,-1,747,746,748,-1,747,748,749,-1,749,748,750,-1,749,750,751,-1,751,750,752,-1,751,752,753,-1,753,752,754,-1,753,754,755,-1,755,754,756,-1,755,756,757,-1,757,756,758,-1,757,758,759,-1,759,758,760,-1,759,760,761,-1,761,760,762,-1,761,762,763,-1,763,762,764,-1,763,764,765,-1,765,764,766,-1,765,766,767,-1,767,766,768,-1,767,768,769,-1,769,768,770,-1,769,770,771,-1,771,770,772,-1,771,772,773,-1,773,772,774,-1,773,774,775,-1,775,774,776,-1,775,776,777,-1,777,776,778,-1,777,778,779,-1,779,778,780,-1,779,780,781,-1,781,780,782,-1,781,782,735,-1,735,782,736,-1,779,781,783,-1,783,781,735,-1,783,735,737,-1,773,775,783,-1,783,775,777,-1,783,777,779,-1,767,769,783,-1,783,769,771,-1,783,771,773,-1,761,763,783,-1,783,763,765,-1,783,765,767,-1,755,757,783,-1,783,757,759,-1,783,759,761,-1,749,751,783,-1,783,751,753,-1,783,753,755,-1,743,745,783,-1,783,745,747,-1,783,747,749,-1,737,739,783,-1,783,739,741,-1,783,741,743,-1,784,785,786,-1,786,785,787,-1,786,787,788,-1,788,787,789,-1,788,789,790,-1,790,789,791,-1,790,791,792,-1,792,791,793,-1,792,793,794,-1,794,793,795,-1,794,795,796,-1,796,795,797,-1,796,797,798,-1,798,797,799,-1,798,799,800,-1,800,799,801,-1,800,801,802,-1,802,801,803,-1,802,803,804,-1,804,803,805,-1,804,805,806,-1,806,805,807,-1,806,807,808,-1,808,807,809,-1,808,809,810,-1,810,809,811,-1,810,811,812,-1,812,811,813,-1,812,813,814,-1,814,813,815,-1,814,815,816,-1,816,815,817,-1,816,817,818,-1,818,817,819,-1,818,819,820,-1,820,819,821,-1,820,821,822,-1,822,821,823,-1,822,823,824,-1,824,823,825,-1,824,825,826,-1,826,825,827,-1,826,827,828,-1,828,827,829,-1,828,829,830,-1,830,829,831,-1,830,831,784,-1,784,831,785,-1,828,830,832,-1,832,830,784,-1,832,784,786,-1,822,824,832,-1,832,824,826,-1,832,826,828,-1,816,818,832,-1,832,818,820,-1,832,820,822,-1,810,812,832,-1,832,812,814,-1,832,814,816,-1,804,806,832,-1,832,806,808,-1,832,808,810,-1,798,800,832,-1,832,800,802,-1,832,802,804,-1,792,794,832,-1,832,794,796,-1,832,796,798,-1,786,788,832,-1,832,788,790,-1,832,790,792,-1,833,834,835,-1,835,834,836,-1,835,836,837,-1,837,836,838,-1,837,838,839,-1,839,838,840,-1,839,840,841,-1,841,840,842,-1,841,842,843,-1,843,842,844,-1,843,844,845,-1,845,844,846,-1,845,846,847,-1,847,846,848,-1,847,848,849,-1,849,848,850,-1,849,850,851,-1,851,850,852,-1,851,852,853,-1,853,852,854,-1,853,854,855,-1,855,854,856,-1,855,856,857,-1,857,856,858,-1,857,858,859,-1,859,858,860,-1,859,860,861,-1,861,860,862,-1,861,862,863,-1,863,862,864,-1,863,864,865,-1,865,864,866,-1,865,866,867,-1,867,866,868,-1,867,868,869,-1,869,868,870,-1,869,870,871,-1,871,870,872,-1,871,872,873,-1,873,872,874,-1,873,874,875,-1,875,874,876,-1,875,876,877,-1,877,876,878,-1,877,878,879,-1,879,878,880,-1,879,880,833,-1,833,880,834,-1,877,879,881,-1,881,879,833,-1,881,833,835,-1,871,873,881,-1,881,873,875,-1,881,875,877,-1,865,867,881,-1,881,867,869,-1,881,869,871,-1,859,861,881,-1,881,861,863,-1,881,863,865,-1,853,855,881,-1,881,855,857,-1,881,857,859,-1,847,849,881,-1,881,849,851,-1,881,851,853,-1,841,843,881,-1,881,843,845,-1,881,845,847,-1,835,837,881,-1,881,837,839,-1,881,839,841,-1,882,883,884,-1,884,883,885,-1,884,885,886,-1,886,885,887,-1,886,887,888,-1,888,887,889,-1,888,889,890,-1,890,889,891,-1,890,891,892,-1,892,891,893,-1,892,893,894,-1,894,893,895,-1,894,895,896,-1,896,895,897,-1,896,897,898,-1,898,897,899,-1,898,899,900,-1,900,899,901,-1,900,901,902,-1,902,901,903,-1,902,903,904,-1,904,903,905,-1,904,905,906,-1,906,905,907,-1,906,907,908,-1,908,907,909,-1,908,909,910,-1,910,909,911,-1,910,911,912,-1,912,911,913,-1,912,913,914,-1,914,913,915,-1,914,915,916,-1,916,915,917,-1,916,917,918,-1,918,917,919,-1,918,919,920,-1,920,919,921,-1,920,921,922,-1,922,921,923,-1,922,923,924,-1,924,923,925,-1,924,925,926,-1,926,925,927,-1,926,927,928,-1,928,927,929,-1,928,929,882,-1,882,929,883,-1,926,928,930,-1,930,928,882,-1,930,882,884,-1,920,922,930,-1,930,922,924,-1,930,924,926,-1,914,916,930,-1,930,916,918,-1,930,918,920,-1,908,910,930,-1,930,910,912,-1,930,912,914,-1,902,904,930,-1,930,904,906,-1,930,906,908,-1,896,898,930,-1,930,898,900,-1,930,900,902,-1,890,892,930,-1,930,892,894,-1,930,894,896,-1,884,886,930,-1,930,886,888,-1,930,888,890,-1,931,932,933,-1,933,932,934,-1,933,934,935,-1,935,934,936,-1,935,936,937,-1,937,936,938,-1,937,938,939,-1,939,938,940,-1,939,940,941,-1,941,940,942,-1,941,942,943,-1,943,942,944,-1,943,944,945,-1,945,944,946,-1,945,946,947,-1,947,946,948,-1,947,948,949,-1,949,948,950,-1,949,950,951,-1,951,950,952,-1,951,952,953,-1,953,952,954,-1,953,954,955,-1,955,954,956,-1,955,956,957,-1,957,956,958,-1,957,958,959,-1,959,958,960,-1,959,960,961,-1,961,960,962,-1,961,962,963,-1,963,962,964,-1,963,964,965,-1,965,964,966,-1,965,966,967,-1,967,966,968,-1,967,968,969,-1,969,968,970,-1,969,970,971,-1,971,970,972,-1,971,972,973,-1,973,972,974,-1,973,974,975,-1,975,974,976,-1,975,976,977,-1,977,976,978,-1,977,978,931,-1,931,978,932,-1,975,977,979,-1,979,977,931,-1,979,931,933,-1,969,971,979,-1,979,971,973,-1,979,973,975,-1,963,965,979,-1,979,965,967,-1,979,967,969,-1,957,959,979,-1,979,959,961,-1,979,961,963,-1,951,953,979,-1,979,953,955,-1,979,955,957,-1,945,947,979,-1,979,947,949,-1,979,949,951,-1,939,941,979,-1,979,941,943,-1,979,943,945,-1,933,935,979,-1,979,935,937,-1,979,937,939,-1,980,981,982,-1,982,981,983,-1,982,983,984,-1,984,983,985,-1,984,985,986,-1,986,985,987,-1,986,987,988,-1,988,987,989,-1,988,989,990,-1,990,989,991,-1,990,991,992,-1,992,991,993,-1,992,993,994,-1,994,993,995,-1,994,995,996,-1,996,995,997,-1,996,997,998,-1,998,997,999,-1,998,999,1000,-1,1000,999,1001,-1,1000,1001,1002,-1,1002,1001,1003,-1,1002,1003,1004,-1,1004,1003,1005,-1,1004,1005,1006,-1,1006,1005,1007,-1,1006,1007,1008,-1,1008,1007,1009,-1,1008,1009,1010,-1,1010,1009,1011,-1,1010,1011,1012,-1,1012,1011,1013,-1,1012,1013,1014,-1,1014,1013,1015,-1,1014,1015,1016,-1,1016,1015,1017,-1,1016,1017,1018,-1,1018,1017,1019,-1,1018,1019,1020,-1,1020,1019,1021,-1,1020,1021,1022,-1,1022,1021,1023,-1,1022,1023,1024,-1,1024,1023,1025,-1,1024,1025,1026,-1,1026,1025,1027,-1,1026,1027,980,-1,980,1027,981,-1,1024,1026,1028,-1,1028,1026,980,-1,1028,980,982,-1,1018,1020,1028,-1,1028,1020,1022,-1,1028,1022,1024,-1,1012,1014,1028,-1,1028,1014,1016,-1,1028,1016,1018,-1,1006,1008,1028,-1,1028,1008,1010,-1,1028,1010,1012,-1,1000,1002,1028,-1,1028,1002,1004,-1,1028,1004,1006,-1,994,996,1028,-1,1028,996,998,-1,1028,998,1000,-1,988,990,1028,-1,1028,990,992,-1,1028,992,994,-1,982,984,1028,-1,1028,984,986,-1,1028,986,988,-1,1029,1030,1031,-1,1031,1030,1032,-1,1031,1032,1033,-1,1033,1032,1034,-1,1033,1034,1035,-1,1035,1034,1036,-1,1035,1036,1037,-1,1037,1036,1038,-1,1037,1038,1039,-1,1039,1038,1040,-1,1039,1040,1041,-1,1041,1040,1042,-1,1041,1042,1043,-1,1043,1042,1044,-1,1043,1044,1045,-1,1045,1044,1046,-1,1045,1046,1047,-1,1047,1046,1048,-1,1047,1048,1049,-1,1049,1048,1050,-1,1049,1050,1051,-1,1051,1050,1052,-1,1051,1052,1053,-1,1053,1052,1054,-1,1053,1054,1055,-1,1055,1054,1056,-1,1055,1056,1057,-1,1057,1056,1058,-1,1057,1058,1059,-1,1059,1058,1060,-1,1059,1060,1061,-1,1061,1060,1062,-1,1061,1062,1063,-1,1063,1062,1064,-1,1063,1064,1065,-1,1065,1064,1066,-1,1065,1066,1067,-1,1067,1066,1068,-1,1067,1068,1069,-1,1069,1068,1070,-1,1069,1070,1071,-1,1071,1070,1072,-1,1071,1072,1073,-1,1073,1072,1074,-1,1073,1074,1075,-1,1075,1074,1076,-1,1075,1076,1029,-1,1029,1076,1030,-1,1073,1075,1077,-1,1077,1075,1029,-1,1077,1029,1031,-1,1067,1069,1077,-1,1077,1069,1071,-1,1077,1071,1073,-1,1061,1063,1077,-1,1077,1063,1065,-1,1077,1065,1067,-1,1055,1057,1077,-1,1077,1057,1059,-1,1077,1059,1061,-1,1049,1051,1077,-1,1077,1051,1053,-1,1077,1053,1055,-1,1043,1045,1077,-1,1077,1045,1047,-1,1077,1047,1049,-1,1037,1039,1077,-1,1077,1039,1041,-1,1077,1041,1043,-1,1031,1033,1077,-1,1077,1033,1035,-1,1077,1035,1037,-1,1078,1079,1080,-1,1080,1079,1081,-1,1080,1081,1082,-1,1082,1081,1083,-1,1082,1083,1084,-1,1084,1083,1085,-1,1084,1085,1086,-1,1086,1085,1087,-1,1086,1087,1088,-1,1088,1087,1089,-1,1088,1089,1090,-1,1090,1089,1091,-1,1090,1091,1092,-1,1092,1091,1093,-1,1092,1093,1094,-1,1094,1093,1095,-1,1094,1095,1096,-1,1096,1095,1097,-1,1096,1097,1098,-1,1098,1097,1099,-1,1098,1099,1100,-1,1100,1099,1101,-1,1100,1101,1102,-1,1102,1101,1103,-1,1102,1103,1104,-1,1104,1103,1105,-1,1104,1105,1106,-1,1106,1105,1107,-1,1106,1107,1108,-1,1108,1107,1109,-1,1108,1109,1110,-1,1110,1109,1111,-1,1110,1111,1112,-1,1112,1111,1113,-1,1112,1113,1114,-1,1114,1113,1115,-1,1114,1115,1116,-1,1116,1115,1117,-1,1116,1117,1118,-1,1118,1117,1119,-1,1118,1119,1120,-1,1120,1119,1121,-1,1120,1121,1122,-1,1122,1121,1123,-1,1122,1123,1124,-1,1124,1123,1125,-1,1124,1125,1078,-1,1078,1125,1079,-1,1122,1124,1126,-1,1126,1124,1078,-1,1126,1078,1080,-1,1116,1118,1126,-1,1126,1118,1120,-1,1126,1120,1122,-1,1110,1112,1126,-1,1126,1112,1114,-1,1126,1114,1116,-1,1104,1106,1126,-1,1126,1106,1108,-1,1126,1108,1110,-1,1098,1100,1126,-1,1126,1100,1102,-1,1126,1102,1104,-1,1092,1094,1126,-1,1126,1094,1096,-1,1126,1096,1098,-1,1086,1088,1126,-1,1126,1088,1090,-1,1126,1090,1092,-1,1080,1082,1126,-1,1126,1082,1084,-1,1126,1084,1086,-1,1127,1128,1129,-1,1129,1128,1130,-1,1129,1130,1131,-1,1131,1130,1132,-1,1131,1132,1133,-1,1133,1132,1134,-1,1133,1134,1135,-1,1135,1134,1136,-1,1135,1136,1137,-1,1137,1136,1138,-1,1137,1138,1139,-1,1139,1138,1140,-1,1139,1140,1141,-1,1141,1140,1142,-1,1141,1142,1143,-1,1143,1142,1144,-1,1143,1144,1145,-1,1145,1144,1146,-1,1145,1146,1147,-1,1147,1146,1148,-1,1147,1148,1149,-1,1149,1148,1150,-1,1149,1150,1151,-1,1151,1150,1152,-1,1151,1152,1153,-1,1153,1152,1154,-1,1153,1154,1155,-1,1155,1154,1156,-1,1155,1156,1157,-1,1157,1156,1158,-1,1157,1158,1159,-1,1159,1158,1160,-1,1159,1160,1161,-1,1161,1160,1162,-1,1161,1162,1163,-1,1163,1162,1164,-1,1163,1164,1165,-1,1165,1164,1166,-1,1165,1166,1167,-1,1167,1166,1168,-1,1167,1168,1169,-1,1169,1168,1170,-1,1169,1170,1171,-1,1171,1170,1172,-1,1171,1172,1173,-1,1173,1172,1174,-1,1173,1174,1127,-1,1127,1174,1128,-1,1171,1173,1175,-1,1175,1173,1127,-1,1175,1127,1129,-1,1165,1167,1175,-1,1175,1167,1169,-1,1175,1169,1171,-1,1159,1161,1175,-1,1175,1161,1163,-1,1175,1163,1165,-1,1153,1155,1175,-1,1175,1155,1157,-1,1175,1157,1159,-1,1147,1149,1175,-1,1175,1149,1151,-1,1175,1151,1153,-1,1141,1143,1175,-1,1175,1143,1145,-1,1175,1145,1147,-1,1135,1137,1175,-1,1175,1137,1139,-1,1175,1139,1141,-1,1129,1131,1175,-1,1175,1131,1133,-1,1175,1133,1135,-1,1176,1177,1178,-1,1178,1177,1179,-1,1178,1179,1180,-1,1180,1179,1181,-1,1180,1181,1182,-1,1182,1181,1183,-1,1182,1183,1184,-1,1184,1183,1185,-1,1184,1185,1186,-1,1186,1185,1187,-1,1186,1187,1188,-1,1188,1187,1189,-1,1188,1189,1190,-1,1190,1189,1191,-1,1190,1191,1192,-1,1192,1191,1193,-1,1192,1193,1194,-1,1194,1193,1195,-1,1194,1195,1196,-1,1196,1195,1197,-1,1196,1197,1198,-1,1198,1197,1199,-1,1198,1199,1200,-1,1200,1199,1201,-1,1200,1201,1202,-1,1202,1201,1203,-1,1202,1203,1204,-1,1204,1203,1205,-1,1204,1205,1206,-1,1206,1205,1207,-1,1206,1207,1208,-1,1208,1207,1209,-1,1208,1209,1210,-1,1210,1209,1211,-1,1210,1211,1212,-1,1212,1211,1213,-1,1212,1213,1214,-1,1214,1213,1215,-1,1214,1215,1216,-1,1216,1215,1217,-1,1216,1217,1218,-1,1218,1217,1219,-1,1218,1219,1220,-1,1220,1219,1221,-1,1220,1221,1222,-1,1222,1221,1223,-1,1222,1223,1176,-1,1176,1223,1177,-1,1220,1222,1224,-1,1224,1222,1176,-1,1224,1176,1178,-1,1214,1216,1224,-1,1224,1216,1218,-1,1224,1218,1220,-1,1208,1210,1224,-1,1224,1210,1212,-1,1224,1212,1214,-1,1202,1204,1224,-1,1224,1204,1206,-1,1224,1206,1208,-1,1196,1198,1224,-1,1224,1198,1200,-1,1224,1200,1202,-1,1190,1192,1224,-1,1224,1192,1194,-1,1224,1194,1196,-1,1184,1186,1224,-1,1224,1186,1188,-1,1224,1188,1190,-1,1178,1180,1224,-1,1224,1180,1182,-1,1224,1182,1184,-1,1225,1226,1227,-1,1227,1226,1228,-1,1227,1228,1229,-1,1229,1228,1230,-1,1229,1230,1231,-1,1231,1230,1232,-1,1231,1232,1233,-1,1233,1232,1234,-1,1233,1234,1235,-1,1235,1234,1236,-1,1235,1236,1237,-1,1237,1236,1238,-1,1237,1238,1239,-1,1239,1238,1240,-1,1239,1240,1241,-1,1241,1240,1242,-1,1241,1242,1243,-1,1243,1242,1244,-1,1243,1244,1245,-1,1245,1244,1246,-1,1245,1246,1247,-1,1247,1246,1248,-1,1247,1248,1249,-1,1249,1248,1250,-1,1249,1250,1251,-1,1251,1250,1252,-1,1251,1252,1253,-1,1253,1252,1254,-1,1253,1254,1255,-1,1255,1254,1256,-1,1255,1256,1257,-1,1257,1256,1258,-1,1257,1258,1259,-1,1259,1258,1260,-1,1259,1260,1261,-1,1261,1260,1262,-1,1261,1262,1263,-1,1263,1262,1264,-1,1263,1264,1265,-1,1265,1264,1266,-1,1265,1266,1267,-1,1267,1266,1268,-1,1267,1268,1269,-1,1269,1268,1270,-1,1269,1270,1271,-1,1271,1270,1272,-1,1271,1272,1225,-1,1225,1272,1226,-1,1269,1271,1273,-1,1273,1271,1225,-1,1273,1225,1227,-1,1263,1265,1273,-1,1273,1265,1267,-1,1273,1267,1269,-1,1257,1259,1273,-1,1273,1259,1261,-1,1273,1261,1263,-1,1251,1253,1273,-1,1273,1253,1255,-1,1273,1255,1257,-1,1245,1247,1273,-1,1273,1247,1249,-1,1273,1249,1251,-1,1239,1241,1273,-1,1273,1241,1243,-1,1273,1243,1245,-1,1233,1235,1273,-1,1273,1235,1237,-1,1273,1237,1239,-1,1227,1229,1273,-1,1273,1229,1231,-1,1273,1231,1233,-1,1274,1275,1276,-1,1276,1275,1277,-1,1276,1277,1278,-1,1278,1277,1279,-1,1278,1279,1280,-1,1280,1279,1281,-1,1280,1281,1282,-1,1282,1281,1283,-1,1282,1283,1284,-1,1284,1283,1285,-1,1284,1285,1286,-1,1286,1285,1287,-1,1286,1287,1288,-1,1288,1287,1289,-1,1288,1289,1290,-1,1290,1289,1291,-1,1290,1291,1292,-1,1292,1291,1293,-1,1292,1293,1294,-1,1294,1293,1295,-1,1294,1295,1296,-1,1296,1295,1297,-1,1296,1297,1298,-1,1298,1297,1299,-1,1298,1299,1300,-1,1300,1299,1301,-1,1300,1301,1302,-1,1302,1301,1303,-1,1302,1303,1304,-1,1304,1303,1305,-1,1304,1305,1306,-1,1306,1305,1307,-1,1306,1307,1308,-1,1308,1307,1309,-1,1308,1309,1310,-1,1310,1309,1311,-1,1310,1311,1312,-1,1312,1311,1313,-1,1312,1313,1314,-1,1314,1313,1315,-1,1314,1315,1316,-1,1316,1315,1317,-1,1316,1317,1318,-1,1318,1317,1319,-1,1318,1319,1320,-1,1320,1319,1321,-1,1320,1321,1274,-1,1274,1321,1275,-1,1318,1320,1322,-1,1322,1320,1274,-1,1322,1274,1276,-1,1312,1314,1322,-1,1322,1314,1316,-1,1322,1316,1318,-1,1306,1308,1322,-1,1322,1308,1310,-1,1322,1310,1312,-1,1300,1302,1322,-1,1322,1302,1304,-1,1322,1304,1306,-1,1294,1296,1322,-1,1322,1296,1298,-1,1322,1298,1300,-1,1288,1290,1322,-1,1322,1290,1292,-1,1322,1292,1294,-1,1282,1284,1322,-1,1322,1284,1286,-1,1322,1286,1288,-1,1276,1278,1322,-1,1322,1278,1280,-1,1322,1280,1282,-1,1323,1324,1325,-1,1325,1324,1326,-1,1325,1326,1327,-1,1327,1326,1328,-1,1327,1328,1329,-1,1329,1328,1330,-1,1329,1330,1331,-1,1331,1330,1332,-1,1331,1332,1333,-1,1333,1332,1334,-1,1333,1334,1335,-1,1335,1334,1336,-1,1335,1336,1337,-1,1337,1336,1338,-1,1337,1338,1339,-1,1339,1338,1340,-1,1339,1340,1341,-1,1341,1340,1342,-1,1341,1342,1343,-1,1343,1342,1344,-1,1343,1344,1345,-1,1345,1344,1346,-1,1345,1346,1347,-1,1347,1346,1348,-1,1347,1348,1349,-1,1349,1348,1350,-1,1349,1350,1351,-1,1351,1350,1352,-1,1351,1352,1353,-1,1353,1352,1354,-1,1353,1354,1355,-1,1355,1354,1356,-1,1355,1356,1357,-1,1357,1356,1358,-1,1357,1358,1359,-1,1359,1358,1360,-1,1359,1360,1361,-1,1361,1360,1362,-1,1361,1362,1363,-1,1363,1362,1364,-1,1363,1364,1365,-1,1365,1364,1366,-1,1365,1366,1367,-1,1367,1366,1368,-1,1367,1368,1369,-1,1369,1368,1370,-1,1369,1370,1323,-1,1323,1370,1324,-1,1367,1369,1371,-1,1371,1369,1323,-1,1371,1323,1325,-1,1361,1363,1371,-1,1371,1363,1365,-1,1371,1365,1367,-1,1355,1357,1371,-1,1371,1357,1359,-1,1371,1359,1361,-1,1349,1351,1371,-1,1371,1351,1353,-1,1371,1353,1355,-1,1343,1345,1371,-1,1371,1345,1347,-1,1371,1347,1349,-1,1337,1339,1371,-1,1371,1339,1341,-1,1371,1341,1343,-1,1331,1333,1371,-1,1371,1333,1335,-1,1371,1335,1337,-1,1325,1327,1371,-1,1371,1327,1329,-1,1371,1329,1331,-1,1372,1373,1374,-1,1374,1373,1375,-1,1374,1375,1376,-1,1376,1375,1377,-1,1376,1377,1378,-1,1378,1377,1379,-1,1378,1379,1380,-1,1380,1379,1381,-1,1380,1381,1382,-1,1382,1381,1383,-1,1382,1383,1384,-1,1384,1383,1385,-1,1384,1385,1386,-1,1386,1385,1387,-1,1386,1387,1388,-1,1388,1387,1389,-1,1388,1389,1390,-1,1390,1389,1391,-1,1390,1391,1392,-1,1392,1391,1393,-1,1392,1393,1394,-1,1394,1393,1395,-1,1394,1395,1396,-1,1396,1395,1397,-1,1396,1397,1398,-1,1398,1397,1399,-1,1398,1399,1400,-1,1400,1399,1401,-1,1400,1401,1402,-1,1402,1401,1403,-1,1402,1403,1404,-1,1404,1403,1405,-1,1404,1405,1406,-1,1406,1405,1407,-1,1406,1407,1408,-1,1408,1407,1409,-1,1408,1409,1410,-1,1410,1409,1411,-1,1410,1411,1412,-1,1412,1411,1413,-1,1412,1413,1414,-1,1414,1413,1415,-1,1414,1415,1416,-1,1416,1415,1417,-1,1416,1417,1418,-1,1418,1417,1419,-1,1418,1419,1372,-1,1372,1419,1373,-1,1416,1418,1420,-1,1420,1418,1372,-1,1420,1372,1374,-1,1410,1412,1420,-1,1420,1412,1414,-1,1420,1414,1416,-1,1404,1406,1420,-1,1420,1406,1408,-1,1420,1408,1410,-1,1398,1400,1420,-1,1420,1400,1402,-1,1420,1402,1404,-1,1392,1394,1420,-1,1420,1394,1396,-1,1420,1396,1398,-1,1386,1388,1420,-1,1420,1388,1390,-1,1420,1390,1392,-1,1380,1382,1420,-1,1420,1382,1384,-1,1420,1384,1386,-1,1374,1376,1420,-1,1420,1376,1378,-1,1420,1378,1380,-1,1421,1422,1423,-1,1423,1422,1424,-1,1423,1424,1425,-1,1425,1424,1426,-1,1425,1426,1427,-1,1427,1426,1428,-1,1427,1428,1429,-1,1429,1428,1430,-1,1429,1430,1431,-1,1431,1430,1432,-1,1431,1432,1433,-1,1433,1432,1434,-1,1433,1434,1435,-1,1435,1434,1436,-1,1435,1436,1437,-1,1437,1436,1438,-1,1437,1438,1439,-1,1439,1438,1440,-1,1439,1440,1441,-1,1441,1440,1442,-1,1441,1442,1443,-1,1443,1442,1444,-1,1443,1444,1445,-1,1445,1444,1446,-1,1445,1446,1447,-1,1447,1446,1448,-1,1447,1448,1449,-1,1449,1448,1450,-1,1449,1450,1451,-1,1451,1450,1452,-1,1451,1452,1453,-1,1453,1452,1454,-1,1453,1454,1455,-1,1455,1454,1456,-1,1455,1456,1457,-1,1457,1456,1458,-1,1457,1458,1459,-1,1459,1458,1460,-1,1459,1460,1461,-1,1461,1460,1462,-1,1461,1462,1463,-1,1463,1462,1464,-1,1463,1464,1465,-1,1465,1464,1466,-1,1465,1466,1467,-1,1467,1466,1468,-1,1467,1468,1421,-1,1421,1468,1422,-1,1465,1467,1469,-1,1469,1467,1421,-1,1469,1421,1423,-1,1459,1461,1469,-1,1469,1461,1463,-1,1469,1463,1465,-1,1453,1455,1469,-1,1469,1455,1457,-1,1469,1457,1459,-1,1447,1449,1469,-1,1469,1449,1451,-1,1469,1451,1453,-1,1441,1443,1469,-1,1469,1443,1445,-1,1469,1445,1447,-1,1435,1437,1469,-1,1469,1437,1439,-1,1469,1439,1441,-1,1429,1431,1469,-1,1469,1431,1433,-1,1469,1433,1435,-1,1423,1425,1469,-1,1469,1425,1427,-1,1469,1427,1429,-1,1470,1471,1472,-1,1472,1471,1473,-1,1472,1473,1474,-1,1474,1473,1475,-1,1474,1475,1476,-1,1476,1475,1477,-1,1476,1477,1478,-1,1478,1477,1479,-1,1478,1479,1480,-1,1480,1479,1481,-1,1480,1481,1482,-1,1482,1481,1483,-1,1482,1483,1484,-1,1484,1483,1485,-1,1484,1485,1486,-1,1486,1485,1487,-1,1486,1487,1488,-1,1488,1487,1489,-1,1488,1489,1490,-1,1490,1489,1491,-1,1490,1491,1492,-1,1492,1491,1493,-1,1492,1493,1494,-1,1494,1493,1495,-1,1494,1495,1496,-1,1496,1495,1497,-1,1496,1497,1498,-1,1498,1497,1499,-1,1498,1499,1500,-1,1500,1499,1501,-1,1500,1501,1502,-1,1502,1501,1503,-1,1502,1503,1504,-1,1504,1503,1505,-1,1504,1505,1506,-1,1506,1505,1507,-1,1506,1507,1508,-1,1508,1507,1509,-1,1508,1509,1510,-1,1510,1509,1511,-1,1510,1511,1512,-1,1512,1511,1513,-1,1512,1513,1514,-1,1514,1513,1515,-1,1514,1515,1516,-1,1516,1515,1517,-1,1516,1517,1470,-1,1470,1517,1471,-1,1514,1516,1518,-1,1518,1516,1470,-1,1518,1470,1472,-1,1508,1510,1518,-1,1518,1510,1512,-1,1518,1512,1514,-1,1502,1504,1518,-1,1518,1504,1506,-1,1518,1506,1508,-1,1496,1498,1518,-1,1518,1498,1500,-1,1518,1500,1502,-1,1490,1492,1518,-1,1518,1492,1494,-1,1518,1494,1496,-1,1484,1486,1518,-1,1518,1486,1488,-1,1518,1488,1490,-1,1478,1480,1518,-1,1518,1480,1482,-1,1518,1482,1484,-1,1472,1474,1518,-1,1518,1474,1476,-1,1518,1476,1478,-1,1519,1520,1521,-1,1521,1520,1522,-1,1521,1522,1523,-1,1523,1522,1524,-1,1523,1524,1525,-1,1525,1524,1526,-1,1525,1526,1527,-1,1527,1526,1528,-1,1527,1528,1529,-1,1529,1528,1530,-1,1529,1530,1531,-1,1531,1530,1532,-1,1531,1532,1533,-1,1533,1532,1534,-1,1533,1534,1535,-1,1535,1534,1536,-1,1535,1536,1537,-1,1537,1536,1538,-1,1537,1538,1539,-1,1539,1538,1540,-1,1539,1540,1541,-1,1541,1540,1542,-1,1541,1542,1543,-1,1543,1542,1544,-1,1543,1544,1545,-1,1545,1544,1546,-1,1545,1546,1547,-1,1547,1546,1548,-1,1547,1548,1549,-1,1549,1548,1550,-1,1549,1550,1551,-1,1551,1550,1552,-1,1551,1552,1553,-1,1553,1552,1554,-1,1553,1554,1555,-1,1555,1554,1556,-1,1555,1556,1557,-1,1557,1556,1558,-1,1557,1558,1559,-1,1559,1558,1560,-1,1559,1560,1561,-1,1561,1560,1562,-1,1561,1562,1563,-1,1563,1562,1564,-1,1563,1564,1565,-1,1565,1564,1566,-1,1565,1566,1519,-1,1519,1566,1520,-1,1563,1565,1567,-1,1567,1565,1519,-1,1567,1519,1521,-1,1557,1559,1567,-1,1567,1559,1561,-1,1567,1561,1563,-1,1551,1553,1567,-1,1567,1553,1555,-1,1567,1555,1557,-1,1545,1547,1567,-1,1567,1547,1549,-1,1567,1549,1551,-1,1539,1541,1567,-1,1567,1541,1543,-1,1567,1543,1545,-1,1533,1535,1567,-1,1567,1535,1537,-1,1567,1537,1539,-1,1527,1529,1567,-1,1567,1529,1531,-1,1567,1531,1533,-1,1521,1523,1567,-1,1567,1523,1525,-1,1567,1525,1527,-1,1568,1569,1570,-1,1570,1569,1571,-1,1570,1571,1572,-1,1572,1571,1573,-1,1572,1573,1574,-1,1574,1573,1575,-1,1574,1575,1576,-1,1576,1575,1577,-1,1576,1577,1578,-1,1578,1577,1579,-1,1578,1579,1580,-1,1580,1579,1581,-1,1580,1581,1582,-1,1582,1581,1583,-1,1582,1583,1584,-1,1584,1583,1585,-1,1584,1585,1586,-1,1586,1585,1587,-1,1586,1587,1588,-1,1588,1587,1589,-1,1588,1589,1590,-1,1590,1589,1591,-1,1590,1591,1592,-1,1592,1591,1593,-1,1592,1593,1594,-1,1594,1593,1595,-1,1594,1595,1596,-1,1596,1595,1597,-1,1596,1597,1598,-1,1598,1597,1599,-1,1598,1599,1600,-1,1600,1599,1601,-1,1600,1601,1602,-1,1602,1601,1603,-1,1602,1603,1604,-1,1604,1603,1605,-1,1604,1605,1606,-1,1606,1605,1607,-1,1606,1607,1608,-1,1608,1607,1609,-1,1608,1609,1610,-1,1610,1609,1611,-1,1610,1611,1612,-1,1612,1611,1613,-1,1612,1613,1614,-1,1614,1613,1615,-1,1614,1615,1568,-1,1568,1615,1569,-1,1612,1614,1616,-1,1616,1614,1568,-1,1616,1568,1570,-1,1606,1608,1616,-1,1616,1608,1610,-1,1616,1610,1612,-1,1600,1602,1616,-1,1616,1602,1604,-1,1616,1604,1606,-1,1594,1596,1616,-1,1616,1596,1598,-1,1616,1598,1600,-1,1588,1590,1616,-1,1616,1590,1592,-1,1616,1592,1594,-1,1582,1584,1616,-1,1616,1584,1586,-1,1616,1586,1588,-1,1576,1578,1616,-1,1616,1578,1580,-1,1616,1580,1582,-1,1570,1572,1616,-1,1616,1572,1574,-1,1616,1574,1576,-1,1617,1618,1619,-1,1619,1618,1620,-1,1619,1620,1621,-1,1621,1620,1622,-1,1621,1622,1623,-1,1623,1622,1624,-1,1623,1624,1625,-1,1625,1624,1626,-1,1625,1626,1627,-1,1627,1626,1628,-1,1627,1628,1629,-1,1629,1628,1630,-1,1629,1630,1631,-1,1631,1630,1632,-1,1631,1632,1633,-1,1633,1632,1634,-1,1633,1634,1635,-1,1635,1634,1636,-1,1635,1636,1637,-1,1637,1636,1638,-1,1637,1638,1639,-1,1639,1638,1640,-1,1639,1640,1641,-1,1641,1640,1642,-1,1641,1642,1643,-1,1643,1642,1644,-1,1643,1644,1645,-1,1645,1644,1646,-1,1645,1646,1647,-1,1647,1646,1648,-1,1647,1648,1649,-1,1649,1648,1650,-1,1649,1650,1651,-1,1651,1650,1652,-1,1651,1652,1653,-1,1653,1652,1654,-1,1653,1654,1655,-1,1655,1654,1656,-1,1655,1656,1657,-1,1657,1656,1658,-1,1657,1658,1659,-1,1659,1658,1660,-1,1659,1660,1661,-1,1661,1660,1662,-1,1661,1662,1663,-1,1663,1662,1664,-1,1663,1664,1617,-1,1617,1664,1618,-1,1661,1663,1665,-1,1665,1663,1617,-1,1665,1617,1619,-1,1655,1657,1665,-1,1665,1657,1659,-1,1665,1659,1661,-1,1649,1651,1665,-1,1665,1651,1653,-1,1665,1653,1655,-1,1643,1645,1665,-1,1665,1645,1647,-1,1665,1647,1649,-1,1637,1639,1665,-1,1665,1639,1641,-1,1665,1641,1643,-1,1631,1633,1665,-1,1665,1633,1635,-1,1665,1635,1637,-1,1625,1627,1665,-1,1665,1627,1629,-1,1665,1629,1631,-1,1619,1621,1665,-1,1665,1621,1623,-1,1665,1623,1625,-1,1666,1667,1668,-1,1668,1667,1669,-1,1668,1669,1670,-1,1670,1669,1671,-1,1670,1671,1672,-1,1672,1671,1673,-1,1672,1673,1674,-1,1674,1673,1675,-1,1674,1675,1676,-1,1676,1675,1677,-1,1676,1677,1678,-1,1678,1677,1679,-1,1678,1679,1680,-1,1680,1679,1681,-1,1680,1681,1682,-1,1682,1681,1683,-1,1682,1683,1684,-1,1684,1683,1685,-1,1684,1685,1686,-1,1686,1685,1687,-1,1686,1687,1688,-1,1688,1687,1689,-1,1688,1689,1690,-1,1690,1689,1691,-1,1690,1691,1692,-1,1692,1691,1693,-1,1692,1693,1694,-1,1694,1693,1695,-1,1694,1695,1696,-1,1696,1695,1697,-1,1696,1697,1698,-1,1698,1697,1699,-1,1698,1699,1700,-1,1700,1699,1701,-1,1700,1701,1702,-1,1702,1701,1703,-1,1702,1703,1704,-1,1704,1703,1705,-1,1704,1705,1706,-1,1706,1705,1707,-1,1706,1707,1708,-1,1708,1707,1709,-1,1708,1709,1710,-1,1710,1709,1711,-1,1710,1711,1712,-1,1712,1711,1713,-1,1712,1713,1666,-1,1666,1713,1667,-1,1710,1712,1714,-1,1714,1712,1666,-1,1714,1666,1668,-1,1704,1706,1714,-1,1714,1706,1708,-1,1714,1708,1710,-1,1698,1700,1714,-1,1714,1700,1702,-1,1714,1702,1704,-1,1692,1694,1714,-1,1714,1694,1696,-1,1714,1696,1698,-1,1686,1688,1714,-1,1714,1688,1690,-1,1714,1690,1692,-1,1680,1682,1714,-1,1714,1682,1684,-1,1714,1684,1686,-1,1674,1676,1714,-1,1714,1676,1678,-1,1714,1678,1680,-1,1668,1670,1714,-1,1714,1670,1672,-1,1714,1672,1674,-1,1715,1716,1717,-1,1717,1716,1718,-1,1717,1718,1719,-1,1719,1718,1720,-1,1719,1720,1721,-1,1721,1720,1722,-1,1721,1722,1723,-1,1723,1722,1724,-1,1723,1724,1725,-1,1725,1724,1726,-1,1725,1726,1727,-1,1727,1726,1728,-1,1727,1728,1729,-1,1729,1728,1730,-1,1729,1730,1731,-1,1731,1730,1732,-1,1731,1732,1733,-1,1733,1732,1734,-1,1733,1734,1735,-1,1735,1734,1736,-1,1735,1736,1737,-1,1737,1736,1738,-1,1737,1738,1739,-1,1739,1738,1740,-1,1739,1740,1741,-1,1741,1740,1742,-1,1741,1742,1743,-1,1743,1742,1744,-1,1743,1744,1745,-1,1745,1744,1746,-1,1745,1746,1747,-1,1747,1746,1748,-1,1747,1748,1749,-1,1749,1748,1750,-1,1749,1750,1751,-1,1751,1750,1752,-1,1751,1752,1753,-1,1753,1752,1754,-1,1753,1754,1755,-1,1755,1754,1756,-1,1755,1756,1757,-1,1757,1756,1758,-1,1757,1758,1759,-1,1759,1758,1760,-1,1759,1760,1761,-1,1761,1760,1762,-1,1761,1762,1715,-1,1715,1762,1716,-1,1759,1761,1763,-1,1763,1761,1715,-1,1763,1715,1717,-1,1753,1755,1763,-1,1763,1755,1757,-1,1763,1757,1759,-1,1747,1749,1763,-1,1763,1749,1751,-1,1763,1751,1753,-1,1741,1743,1763,-1,1763,1743,1745,-1,1763,1745,1747,-1,1735,1737,1763,-1,1763,1737,1739,-1,1763,1739,1741,-1,1729,1731,1763,-1,1763,1731,1733,-1,1763,1733,1735,-1,1723,1725,1763,-1,1763,1725,1727,-1,1763,1727,1729,-1,1717,1719,1763,-1,1763,1719,1721,-1,1763,1721,1723,-1,1764,1765,1766,-1,1766,1765,1767,-1,1766,1767,1768,-1,1768,1767,1769,-1,1768,1769,1770,-1,1770,1769,1771,-1,1770,1771,1772,-1,1772,1771,1773,-1,1772,1773,1774,-1,1774,1773,1775,-1,1774,1775,1776,-1,1776,1775,1777,-1,1776,1777,1778,-1,1778,1777,1779,-1,1778,1779,1780,-1,1780,1779,1781,-1,1780,1781,1782,-1,1782,1781,1783,-1,1782,1783,1784,-1,1784,1783,1785,-1,1784,1785,1786,-1,1786,1785,1787,-1,1786,1787,1788,-1,1788,1787,1789,-1,1788,1789,1790,-1,1790,1789,1791,-1,1790,1791,1792,-1,1792,1791,1793,-1,1792,1793,1794,-1,1794,1793,1795,-1,1794,1795,1796,-1,1796,1795,1797,-1,1796,1797,1798,-1,1798,1797,1799,-1,1798,1799,1800,-1,1800,1799,1801,-1,1800,1801,1802,-1,1802,1801,1803,-1,1802,1803,1804,-1,1804,1803,1805,-1,1804,1805,1806,-1,1806,1805,1807,-1,1806,1807,1808,-1,1808,1807,1809,-1,1808,1809,1810,-1,1810,1809,1811,-1,1810,1811,1764,-1,1764,1811,1765,-1,1808,1810,1812,-1,1812,1810,1764,-1,1812,1764,1766,-1,1802,1804,1812,-1,1812,1804,1806,-1,1812,1806,1808,-1,1796,1798,1812,-1,1812,1798,1800,-1,1812,1800,1802,-1,1790,1792,1812,-1,1812,1792,1794,-1,1812,1794,1796,-1,1784,1786,1812,-1,1812,1786,1788,-1,1812,1788,1790,-1,1778,1780,1812,-1,1812,1780,1782,-1,1812,1782,1784,-1,1772,1774,1812,-1,1812,1774,1776,-1,1812,1776,1778,-1,1766,1768,1812,-1,1812,1768,1770,-1,1812,1770,1772,-1,1813,1814,1815,-1,1815,1814,1816,-1,1815,1816,1817,-1,1817,1816,1818,-1,1817,1818,1819,-1,1819,1818,1820,-1,1819,1820,1821,-1,1821,1820,1822,-1,1821,1822,1823,-1,1823,1822,1824,-1,1823,1824,1825,-1,1825,1824,1826,-1,1825,1826,1827,-1,1827,1826,1828,-1,1827,1828,1829,-1,1829,1828,1830,-1,1829,1830,1831,-1,1831,1830,1832,-1,1831,1832,1833,-1,1833,1832,1834,-1,1833,1834,1835,-1,1835,1834,1836,-1,1835,1836,1837,-1,1837,1836,1838,-1,1837,1838,1839,-1,1839,1838,1840,-1,1839,1840,1841,-1,1841,1840,1842,-1,1841,1842,1843,-1,1843,1842,1844,-1,1843,1844,1845,-1,1845,1844,1846,-1,1845,1846,1847,-1,1847,1846,1848,-1,1847,1848,1849,-1,1849,1848,1850,-1,1849,1850,1851,-1,1851,1850,1852,-1,1851,1852,1853,-1,1853,1852,1854,-1,1853,1854,1855,-1,1855,1854,1856,-1,1855,1856,1857,-1,1857,1856,1858,-1,1857,1858,1859,-1,1859,1858,1860,-1,1859,1860,1813,-1,1813,1860,1814,-1,1857,1859,1861,-1,1861,1859,1813,-1,1861,1813,1815,-1,1851,1853,1861,-1,1861,1853,1855,-1,1861,1855,1857,-1,1845,1847,1861,-1,1861,1847,1849,-1,1861,1849,1851,-1,1839,1841,1861,-1,1861,1841,1843,-1,1861,1843,1845,-1,1833,1835,1861,-1,1861,1835,1837,-1,1861,1837,1839,-1,1827,1829,1861,-1,1861,1829,1831,-1,1861,1831,1833,-1,1821,1823,1861,-1,1861,1823,1825,-1,1861,1825,1827,-1,1815,1817,1861,-1,1861,1817,1819,-1,1861,1819,1821,-1,1862,1863,1864,-1,1864,1863,1865,-1,1864,1865,1866,-1,1866,1865,1867,-1,1866,1867,1868,-1,1868,1867,1869,-1,1868,1869,1870,-1,1870,1869,1871,-1,1870,1871,1872,-1,1872,1871,1873,-1,1872,1873,1874,-1,1874,1873,1875,-1,1874,1875,1876,-1,1876,1875,1877,-1,1876,1877,1878,-1,1878,1877,1879,-1,1878,1879,1880,-1,1880,1879,1881,-1,1880,1881,1882,-1,1882,1881,1883,-1,1882,1883,1884,-1,1884,1883,1885,-1,1884,1885,1886,-1,1886,1885,1887,-1,1886,1887,1888,-1,1888,1887,1889,-1,1888,1889,1890,-1,1890,1889,1891,-1,1890,1891,1892,-1,1892,1891,1893,-1,1892,1893,1894,-1,1894,1893,1895,-1,1894,1895,1896,-1,1896,1895,1897,-1,1896,1897,1898,-1,1898,1897,1899,-1,1898,1899,1900,-1,1900,1899,1901,-1,1900,1901,1902,-1,1902,1901,1903,-1,1902,1903,1904,-1,1904,1903,1905,-1,1904,1905,1906,-1,1906,1905,1907,-1,1906,1907,1908,-1,1908,1907,1909,-1,1908,1909,1862,-1,1862,1909,1863,-1,1906,1908,1910,-1,1910,1908,1862,-1,1910,1862,1864,-1,1900,1902,1910,-1,1910,1902,1904,-1,1910,1904,1906,-1,1894,1896,1910,-1,1910,1896,1898,-1,1910,1898,1900,-1,1888,1890,1910,-1,1910,1890,1892,-1,1910,1892,1894,-1,1882,1884,1910,-1,1910,1884,1886,-1,1910,1886,1888,-1,1876,1878,1910,-1,1910,1878,1880,-1,1910,1880,1882,-1,1870,1872,1910,-1,1910,1872,1874,-1,1910,1874,1876,-1,1864,1866,1910,-1,1910,1866,1868,-1,1910,1868,1870,-1,1911,1912,1913,-1,1913,1912,1914,-1,1913,1914,1915,-1,1915,1914,1916,-1,1915,1916,1917,-1,1917,1916,1918,-1,1917,1918,1919,-1,1919,1918,1920,-1,1919,1920,1921,-1,1921,1920,1922,-1,1921,1922,1923,-1,1923,1922,1924,-1,1923,1924,1925,-1,1925,1924,1926,-1,1925,1926,1927,-1,1927,1926,1928,-1,1927,1928,1929,-1,1929,1928,1930,-1,1929,1930,1931,-1,1931,1930,1932,-1,1931,1932,1933,-1,1933,1932,1934,-1,1933,1934,1935,-1,1935,1934,1936,-1,1935,1936,1937,-1,1937,1936,1938,-1,1937,1938,1939,-1,1939,1938,1940,-1,1939,1940,1941,-1,1941,1940,1942,-1,1941,1942,1943,-1,1943,1942,1944,-1,1943,1944,1945,-1,1945,1944,1946,-1,1945,1946,1947,-1,1947,1946,1948,-1,1947,1948,1949,-1,1949,1948,1950,-1,1949,1950,1951,-1,1951,1950,1952,-1,1951,1952,1953,-1,1953,1952,1954,-1,1953,1954,1955,-1,1955,1954,1956,-1,1955,1956,1957,-1,1957,1956,1958,-1,1957,1958,1911,-1,1911,1958,1912,-1,1955,1957,1959,-1,1959,1957,1911,-1,1959,1911,1913,-1,1949,1951,1959,-1,1959,1951,1953,-1,1959,1953,1955,-1,1943,1945,1959,-1,1959,1945,1947,-1,1959,1947,1949,-1,1937,1939,1959,-1,1959,1939,1941,-1,1959,1941,1943,-1,1931,1933,1959,-1,1959,1933,1935,-1,1959,1935,1937,-1,1925,1927,1959,-1,1959,1927,1929,-1,1959,1929,1931,-1,1919,1921,1959,-1,1959,1921,1923,-1,1959,1923,1925,-1,1913,1915,1959,-1,1959,1915,1917,-1,1959,1917,1919,-1,1960,1961,1962,-1,1962,1961,1963,-1,1962,1963,1964,-1,1964,1963,1965,-1,1964,1965,1966,-1,1966,1965,1967,-1,1966,1967,1968,-1,1968,1967,1969,-1,1968,1969,1970,-1,1970,1969,1971,-1,1970,1971,1972,-1,1972,1971,1973,-1,1972,1973,1974,-1,1974,1973,1975,-1,1974,1975,1976,-1,1976,1975,1977,-1,1976,1977,1978,-1,1978,1977,1979,-1,1978,1979,1980,-1,1980,1979,1981,-1,1980,1981,1982,-1,1982,1981,1983,-1,1982,1983,1984,-1,1984,1983,1985,-1,1984,1985,1986,-1,1986,1985,1987,-1,1986,1987,1988,-1,1988,1987,1989,-1,1988,1989,1990,-1,1990,1989,1991,-1,1990,1991,1992,-1,1992,1991,1993,-1,1992,1993,1994,-1,1994,1993,1995,-1,1994,1995,1996,-1,1996,1995,1997,-1,1996,1997,1998,-1,1998,1997,1999,-1,1998,1999,2000,-1,2000,1999,2001,-1,2000,2001,2002,-1,2002,2001,2003,-1,2002,2003,2004,-1,2004,2003,2005,-1,2004,2005,2006,-1,2006,2005,2007,-1,2006,2007,1960,-1,1960,2007,1961,-1,2004,2006,2008,-1,2008,2006,1960,-1,2008,1960,1962,-1,1998,2000,2008,-1,2008,2000,2002,-1,2008,2002,2004,-1,1992,1994,2008,-1,2008,1994,1996,-1,2008,1996,1998,-1,1986,1988,2008,-1,2008,1988,1990,-1,2008,1990,1992,-1,1980,1982,2008,-1,2008,1982,1984,-1,2008,1984,1986,-1,1974,1976,2008,-1,2008,1976,1978,-1,2008,1978,1980,-1,1968,1970,2008,-1,2008,1970,1972,-1,2008,1972,1974,-1,1962,1964,2008,-1,2008,1964,1966,-1,2008,1966,1968,-1,2009,2010,2011,-1,2011,2010,2012,-1,2011,2012,2013,-1,2013,2012,2014,-1,2013,2014,2015,-1,2015,2014,2016,-1,2015,2016,2017,-1,2017,2016,2018,-1,2017,2018,2019,-1,2019,2018,2020,-1,2019,2020,2021,-1,2021,2020,2022,-1,2021,2022,2023,-1,2023,2022,2024,-1,2023,2024,2025,-1,2025,2024,2026,-1,2025,2026,2027,-1,2027,2026,2028,-1,2027,2028,2029,-1,2029,2028,2030,-1,2029,2030,2031,-1,2031,2030,2032,-1,2031,2032,2033,-1,2033,2032,2034,-1,2033,2034,2035,-1,2035,2034,2036,-1,2035,2036,2037,-1,2037,2036,2038,-1,2037,2038,2039,-1,2039,2038,2040,-1,2039,2040,2041,-1,2041,2040,2042,-1,2041,2042,2043,-1,2043,2042,2044,-1,2043,2044,2045,-1,2045,2044,2046,-1,2045,2046,2047,-1,2047,2046,2048,-1,2047,2048,2049,-1,2049,2048,2050,-1,2049,2050,2051,-1,2051,2050,2052,-1,2051,2052,2053,-1,2053,2052,2054,-1,2053,2054,2055,-1,2055,2054,2056,-1,2055,2056,2009,-1,2009,2056,2010,-1,2053,2055,2057,-1,2057,2055,2009,-1,2057,2009,2011,-1,2047,2049,2057,-1,2057,2049,2051,-1,2057,2051,2053,-1,2041,2043,2057,-1,2057,2043,2045,-1,2057,2045,2047,-1,2035,2037,2057,-1,2057,2037,2039,-1,2057,2039,2041,-1,2029,2031,2057,-1,2057,2031,2033,-1,2057,2033,2035,-1,2023,2025,2057,-1,2057,2025,2027,-1,2057,2027,2029,-1,2017,2019,2057,-1,2057,2019,2021,-1,2057,2021,2023,-1,2011,2013,2057,-1,2057,2013,2015,-1,2057,2015,2017,-1,2058,2059,2060,-1,2060,2059,2061,-1,2060,2061,2062,-1,2062,2061,2063,-1,2062,2063,2064,-1,2064,2063,2065,-1,2064,2065,2066,-1,2066,2065,2067,-1,2066,2067,2068,-1,2068,2067,2069,-1,2068,2069,2070,-1,2070,2069,2071,-1,2070,2071,2072,-1,2072,2071,2073,-1,2072,2073,2074,-1,2074,2073,2075,-1,2074,2075,2076,-1,2076,2075,2077,-1,2076,2077,2078,-1,2078,2077,2079,-1,2078,2079,2080,-1,2080,2079,2081,-1,2080,2081,2082,-1,2082,2081,2083,-1,2082,2083,2084,-1,2084,2083,2085,-1,2084,2085,2086,-1,2086,2085,2087,-1,2086,2087,2088,-1,2088,2087,2089,-1,2088,2089,2090,-1,2090,2089,2091,-1,2090,2091,2092,-1,2092,2091,2093,-1,2092,2093,2094,-1,2094,2093,2095,-1,2094,2095,2096,-1,2096,2095,2097,-1,2096,2097,2098,-1,2098,2097,2099,-1,2098,2099,2100,-1,2100,2099,2101,-1,2100,2101,2102,-1,2102,2101,2103,-1,2102,2103,2104,-1,2104,2103,2105,-1,2104,2105,2058,-1,2058,2105,2059,-1,2102,2104,2106,-1,2106,2104,2058,-1,2106,2058,2060,-1,2096,2098,2106,-1,2106,2098,2100,-1,2106,2100,2102,-1,2090,2092,2106,-1,2106,2092,2094,-1,2106,2094,2096,-1,2084,2086,2106,-1,2106,2086,2088,-1,2106,2088,2090,-1,2078,2080,2106,-1,2106,2080,2082,-1,2106,2082,2084,-1,2072,2074,2106,-1,2106,2074,2076,-1,2106,2076,2078,-1,2066,2068,2106,-1,2106,2068,2070,-1,2106,2070,2072,-1,2060,2062,2106,-1,2106,2062,2064,-1,2106,2064,2066,-1,2107,2108,2109,-1,2109,2108,2110,-1,2109,2110,2111,-1,2111,2110,2112,-1,2111,2112,2113,-1,2113,2112,2114,-1,2113,2114,2115,-1,2115,2114,2116,-1,2115,2116,2117,-1,2117,2116,2118,-1,2117,2118,2119,-1,2119,2118,2120,-1,2119,2120,2121,-1,2121,2120,2122,-1,2121,2122,2123,-1,2123,2122,2124,-1,2123,2124,2125,-1,2125,2124,2126,-1,2125,2126,2127,-1,2127,2126,2128,-1,2127,2128,2129,-1,2129,2128,2130,-1,2129,2130,2131,-1,2131,2130,2132,-1,2131,2132,2133,-1,2133,2132,2134,-1,2133,2134,2135,-1,2135,2134,2136,-1,2135,2136,2137,-1,2137,2136,2138,-1,2137,2138,2139,-1,2139,2138,2140,-1,2139,2140,2141,-1,2141,2140,2142,-1,2141,2142,2143,-1,2143,2142,2144,-1,2143,2144,2145,-1,2145,2144,2146,-1,2145,2146,2147,-1,2147,2146,2148,-1,2147,2148,2149,-1,2149,2148,2150,-1,2149,2150,2151,-1,2151,2150,2152,-1,2151,2152,2153,-1,2153,2152,2154,-1,2153,2154,2107,-1,2107,2154,2108,-1,2151,2153,2155,-1,2155,2153,2107,-1,2155,2107,2109,-1,2145,2147,2155,-1,2155,2147,2149,-1,2155,2149,2151,-1,2139,2141,2155,-1,2155,2141,2143,-1,2155,2143,2145,-1,2133,2135,2155,-1,2155,2135,2137,-1,2155,2137,2139,-1,2127,2129,2155,-1,2155,2129,2131,-1,2155,2131,2133,-1,2121,2123,2155,-1,2155,2123,2125,-1,2155,2125,2127,-1,2115,2117,2155,-1,2155,2117,2119,-1,2155,2119,2121,-1,2109,2111,2155,-1,2155,2111,2113,-1,2155,2113,2115,-1,2156,2157,2158,-1,2158,2157,2159,-1,2158,2159,2160,-1,2160,2159,2161,-1,2160,2161,2162,-1,2162,2161,2163,-1,2162,2163,2164,-1,2164,2163,2165,-1,2164,2165,2166,-1,2166,2165,2167,-1,2166,2167,2168,-1,2168,2167,2169,-1,2168,2169,2170,-1,2170,2169,2171,-1,2170,2171,2172,-1,2172,2171,2173,-1,2172,2173,2174,-1,2174,2173,2175,-1,2174,2175,2176,-1,2176,2175,2177,-1,2176,2177,2178,-1,2178,2177,2179,-1,2178,2179,2180,-1,2180,2179,2181,-1,2180,2181,2182,-1,2182,2181,2183,-1,2182,2183,2184,-1,2184,2183,2185,-1,2184,2185,2186,-1,2186,2185,2187,-1,2186,2187,2188,-1,2188,2187,2189,-1,2188,2189,2190,-1,2190,2189,2191,-1,2190,2191,2192,-1,2192,2191,2193,-1,2192,2193,2194,-1,2194,2193,2195,-1,2194,2195,2196,-1,2196,2195,2197,-1,2196,2197,2198,-1,2198,2197,2199,-1,2198,2199,2200,-1,2200,2199,2201,-1,2200,2201,2202,-1,2202,2201,2203,-1,2202,2203,2156,-1,2156,2203,2157,-1,2200,2202,2204,-1,2204,2202,2156,-1,2204,2156,2158,-1,2194,2196,2204,-1,2204,2196,2198,-1,2204,2198,2200,-1,2188,2190,2204,-1,2204,2190,2192,-1,2204,2192,2194,-1,2182,2184,2204,-1,2204,2184,2186,-1,2204,2186,2188,-1,2176,2178,2204,-1,2204,2178,2180,-1,2204,2180,2182,-1,2170,2172,2204,-1,2204,2172,2174,-1,2204,2174,2176,-1,2164,2166,2204,-1,2204,2166,2168,-1,2204,2168,2170,-1,2158,2160,2204,-1,2204,2160,2162,-1,2204,2162,2164,-1,2205,2206,2207,-1,2207,2206,2208,-1,2207,2208,2209,-1,2209,2208,2210,-1,2209,2210,2211,-1,2211,2210,2212,-1,2211,2212,2213,-1,2213,2212,2214,-1,2213,2214,2215,-1,2215,2214,2216,-1,2215,2216,2217,-1,2217,2216,2218,-1,2217,2218,2219,-1,2219,2218,2220,-1,2219,2220,2221,-1,2221,2220,2222,-1,2221,2222,2223,-1,2223,2222,2224,-1,2223,2224,2225,-1,2225,2224,2226,-1,2225,2226,2227,-1,2227,2226,2228,-1,2227,2228,2229,-1,2229,2228,2230,-1,2229,2230,2231,-1,2231,2230,2232,-1,2231,2232,2233,-1,2233,2232,2234,-1,2233,2234,2235,-1,2235,2234,2236,-1,2235,2236,2237,-1,2237,2236,2238,-1,2237,2238,2239,-1,2239,2238,2240,-1,2239,2240,2241,-1,2241,2240,2242,-1,2241,2242,2243,-1,2243,2242,2244,-1,2243,2244,2245,-1,2245,2244,2246,-1,2245,2246,2247,-1,2247,2246,2248,-1,2247,2248,2249,-1,2249,2248,2250,-1,2249,2250,2251,-1,2251,2250,2252,-1,2251,2252,2205,-1,2205,2252,2206,-1,2249,2251,2253,-1,2253,2251,2205,-1,2253,2205,2207,-1,2243,2245,2253,-1,2253,2245,2247,-1,2253,2247,2249,-1,2237,2239,2253,-1,2253,2239,2241,-1,2253,2241,2243,-1,2231,2233,2253,-1,2253,2233,2235,-1,2253,2235,2237,-1,2225,2227,2253,-1,2253,2227,2229,-1,2253,2229,2231,-1,2219,2221,2253,-1,2253,2221,2223,-1,2253,2223,2225,-1,2213,2215,2253,-1,2253,2215,2217,-1,2253,2217,2219,-1,2207,2209,2253,-1,2253,2209,2211,-1,2253,2211,2213,-1,2254,2255,2256,-1,2256,2255,2257,-1,2256,2257,2258,-1,2258,2257,2259,-1,2258,2259,2260,-1,2260,2259,2261,-1,2260,2261,2262,-1,2262,2261,2263,-1,2262,2263,2264,-1,2264,2263,2265,-1,2264,2265,2266,-1,2266,2265,2267,-1,2266,2267,2268,-1,2268,2267,2269,-1,2268,2269,2270,-1,2270,2269,2271,-1,2270,2271,2272,-1,2272,2271,2273,-1,2272,2273,2274,-1,2274,2273,2275,-1,2274,2275,2276,-1,2276,2275,2277,-1,2276,2277,2278,-1,2278,2277,2279,-1,2278,2279,2280,-1,2280,2279,2281,-1,2280,2281,2282,-1,2282,2281,2283,-1,2282,2283,2284,-1,2284,2283,2285,-1,2284,2285,2286,-1,2286,2285,2287,-1,2286,2287,2288,-1,2288,2287,2289,-1,2288,2289,2290,-1,2290,2289,2291,-1,2290,2291,2292,-1,2292,2291,2293,-1,2292,2293,2294,-1,2294,2293,2295,-1,2294,2295,2296,-1,2296,2295,2297,-1,2296,2297,2298,-1,2298,2297,2299,-1,2298,2299,2300,-1,2300,2299,2301,-1,2300,2301,2254,-1,2254,2301,2255,-1,2298,2300,2302,-1,2302,2300,2254,-1,2302,2254,2256,-1,2292,2294,2302,-1,2302,2294,2296,-1,2302,2296,2298,-1,2286,2288,2302,-1,2302,2288,2290,-1,2302,2290,2292,-1,2280,2282,2302,-1,2302,2282,2284,-1,2302,2284,2286,-1,2274,2276,2302,-1,2302,2276,2278,-1,2302,2278,2280,-1,2268,2270,2302,-1,2302,2270,2272,-1,2302,2272,2274,-1,2262,2264,2302,-1,2302,2264,2266,-1,2302,2266,2268,-1,2256,2258,2302,-1,2302,2258,2260,-1,2302,2260,2262,-1,2303,2304,2305,-1,2305,2304,2306,-1,2305,2306,2307,-1,2307,2306,2308,-1,2307,2308,2309,-1,2309,2308,2310,-1,2309,2310,2311,-1,2311,2310,2312,-1,2311,2312,2313,-1,2313,2312,2314,-1,2313,2314,2315,-1,2315,2314,2316,-1,2315,2316,2317,-1,2317,2316,2318,-1,2317,2318,2319,-1,2319,2318,2320,-1,2319,2320,2321,-1,2321,2320,2322,-1,2321,2322,2323,-1,2323,2322,2324,-1,2323,2324,2325,-1,2325,2324,2326,-1,2325,2326,2327,-1,2327,2326,2328,-1,2327,2328,2329,-1,2329,2328,2330,-1,2329,2330,2331,-1,2331,2330,2332,-1,2331,2332,2333,-1,2333,2332,2334,-1,2333,2334,2335,-1,2335,2334,2336,-1,2335,2336,2337,-1,2337,2336,2338,-1,2337,2338,2339,-1,2339,2338,2340,-1,2339,2340,2341,-1,2341,2340,2342,-1,2341,2342,2343,-1,2343,2342,2344,-1,2343,2344,2345,-1,2345,2344,2346,-1,2345,2346,2347,-1,2347,2346,2348,-1,2347,2348,2349,-1,2349,2348,2350,-1,2349,2350,2303,-1,2303,2350,2304,-1,2347,2349,2351,-1,2351,2349,2303,-1,2351,2303,2305,-1,2341,2343,2351,-1,2351,2343,2345,-1,2351,2345,2347,-1,2335,2337,2351,-1,2351,2337,2339,-1,2351,2339,2341,-1,2329,2331,2351,-1,2351,2331,2333,-1,2351,2333,2335,-1,2323,2325,2351,-1,2351,2325,2327,-1,2351,2327,2329,-1,2317,2319,2351,-1,2351,2319,2321,-1,2351,2321,2323,-1,2311,2313,2351,-1,2351,2313,2315,-1,2351,2315,2317,-1,2305,2307,2351,-1,2351,2307,2309,-1,2351,2309,2311,-1,2352,2353,2354,-1,2354,2353,2355,-1,2354,2355,2356,-1,2356,2355,2357,-1,2356,2357,2358,-1,2358,2357,2359,-1,2358,2359,2360,-1,2360,2359,2361,-1,2360,2361,2362,-1,2362,2361,2363,-1,2362,2363,2364,-1,2364,2363,2365,-1,2364,2365,2366,-1,2366,2365,2367,-1,2366,2367,2368,-1,2368,2367,2369,-1,2368,2369,2370,-1,2370,2369,2371,-1,2370,2371,2372,-1,2372,2371,2373,-1,2372,2373,2374,-1,2374,2373,2375,-1,2374,2375,2376,-1,2376,2375,2377,-1,2376,2377,2378,-1,2378,2377,2379,-1,2378,2379,2380,-1,2380,2379,2381,-1,2380,2381,2382,-1,2382,2381,2383,-1,2382,2383,2384,-1,2384,2383,2385,-1,2384,2385,2386,-1,2386,2385,2387,-1,2386,2387,2388,-1,2388,2387,2389,-1,2388,2389,2390,-1,2390,2389,2391,-1,2390,2391,2392,-1,2392,2391,2393,-1,2392,2393,2394,-1,2394,2393,2395,-1,2394,2395,2396,-1,2396,2395,2397,-1,2396,2397,2398,-1,2398,2397,2399,-1,2398,2399,2352,-1,2352,2399,2353,-1,2396,2398,2400,-1,2400,2398,2352,-1,2400,2352,2354,-1,2390,2392,2400,-1,2400,2392,2394,-1,2400,2394,2396,-1,2384,2386,2400,-1,2400,2386,2388,-1,2400,2388,2390,-1,2378,2380,2400,-1,2400,2380,2382,-1,2400,2382,2384,-1,2372,2374,2400,-1,2400,2374,2376,-1,2400,2376,2378,-1,2366,2368,2400,-1,2400,2368,2370,-1,2400,2370,2372,-1,2360,2362,2400,-1,2400,2362,2364,-1,2400,2364,2366,-1,2354,2356,2400,-1,2400,2356,2358,-1,2400,2358,2360,-1,2401,2402,2403,-1,2403,2402,2404,-1,2403,2404,2405,-1,2405,2404,2406,-1,2405,2406,2407,-1,2407,2406,2408,-1,2407,2408,2409,-1,2409,2408,2410,-1,2409,2410,2411,-1,2411,2410,2412,-1,2411,2412,2413,-1,2413,2412,2414,-1,2413,2414,2415,-1,2415,2414,2416,-1,2415,2416,2417,-1,2417,2416,2418,-1,2417,2418,2419,-1,2419,2418,2420,-1,2419,2420,2421,-1,2421,2420,2422,-1,2421,2422,2423,-1,2423,2422,2424,-1,2423,2424,2425,-1,2425,2424,2426,-1,2425,2426,2427,-1,2427,2426,2428,-1,2427,2428,2429,-1,2429,2428,2430,-1,2429,2430,2431,-1,2431,2430,2432,-1,2431,2432,2433,-1,2433,2432,2434,-1,2433,2434,2435,-1,2435,2434,2436,-1,2435,2436,2437,-1,2437,2436,2438,-1,2437,2438,2439,-1,2439,2438,2440,-1,2439,2440,2441,-1,2441,2440,2442,-1,2441,2442,2443,-1,2443,2442,2444,-1,2443,2444,2445,-1,2445,2444,2446,-1,2445,2446,2447,-1,2447,2446,2448,-1,2447,2448,2401,-1,2401,2448,2402,-1,2445,2447,2449,-1,2449,2447,2401,-1,2449,2401,2403,-1,2439,2441,2449,-1,2449,2441,2443,-1,2449,2443,2445,-1,2433,2435,2449,-1,2449,2435,2437,-1,2449,2437,2439,-1,2427,2429,2449,-1,2449,2429,2431,-1,2449,2431,2433,-1,2421,2423,2449,-1,2449,2423,2425,-1,2449,2425,2427,-1,2415,2417,2449,-1,2449,2417,2419,-1,2449,2419,2421,-1,2409,2411,2449,-1,2449,2411,2413,-1,2449,2413,2415,-1,2403,2405,2449,-1,2449,2405,2407,-1,2449,2407,2409,-1,2450,2451,2452,-1,2452,2451,2453,-1,2452,2453,2454,-1,2454,2453,2455,-1,2454,2455,2456,-1,2456,2455,2457,-1,2456,2457,2458,-1,2458,2457,2459,-1,2458,2459,2460,-1,2460,2459,2461,-1,2460,2461,2462,-1,2462,2461,2463,-1,2462,2463,2464,-1,2464,2463,2465,-1,2464,2465,2466,-1,2466,2465,2467,-1,2466,2467,2468,-1,2468,2467,2469,-1,2468,2469,2470,-1,2470,2469,2471,-1,2470,2471,2472,-1,2472,2471,2473,-1,2472,2473,2474,-1,2474,2473,2475,-1,2474,2475,2476,-1,2476,2475,2477,-1,2476,2477,2478,-1,2478,2477,2479,-1,2478,2479,2480,-1,2480,2479,2481,-1,2480,2481,2482,-1,2482,2481,2483,-1,2482,2483,2484,-1,2484,2483,2485,-1,2484,2485,2486,-1,2486,2485,2487,-1,2486,2487,2488,-1,2488,2487,2489,-1,2488,2489,2490,-1,2490,2489,2491,-1,2490,2491,2492,-1,2492,2491,2493,-1,2492,2493,2494,-1,2494,2493,2495,-1,2494,2495,2496,-1,2496,2495,2497,-1,2496,2497,2450,-1,2450,2497,2451,-1,2494,2496,2498,-1,2498,2496,2450,-1,2498,2450,2452,-1,2488,2490,2498,-1,2498,2490,2492,-1,2498,2492,2494,-1,2482,2484,2498,-1,2498,2484,2486,-1,2498,2486,2488,-1,2476,2478,2498,-1,2498,2478,2480,-1,2498,2480,2482,-1,2470,2472,2498,-1,2498,2472,2474,-1,2498,2474,2476,-1,2464,2466,2498,-1,2498,2466,2468,-1,2498,2468,2470,-1,2458,2460,2498,-1,2498,2460,2462,-1,2498,2462,2464,-1,2452,2454,2498,-1,2498,2454,2456,-1,2498,2456,2458,-1,2499,2500,2501,-1,2501,2500,2502,-1,2501,2502,2503,-1,2503,2502,2504,-1,2503,2504,2505,-1,2505,2504,2506,-1,2505,2506,2507,-1,2507,2506,2508,-1,2507,2508,2509,-1,2509,2508,2510,-1,2509,2510,2511,-1,2511,2510,2512,-1,2511,2512,2513,-1,2513,2512,2514,-1,2513,2514,2515,-1,2515,2514,2516,-1,2515,2516,2517,-1,2517,2516,2518,-1,2517,2518,2519,-1,2519,2518,2520,-1,2519,2520,2521,-1,2521,2520,2522,-1,2521,2522,2523,-1,2523,2522,2524,-1,2523,2524,2525,-1,2525,2524,2526,-1,2525,2526,2527,-1,2527,2526,2528,-1,2527,2528,2529,-1,2529,2528,2530,-1,2529,2530,2531,-1,2531,2530,2532,-1,2531,2532,2533,-1,2533,2532,2534,-1,2533,2534,2535,-1,2535,2534,2536,-1,2535,2536,2537,-1,2537,2536,2538,-1,2537,2538,2539,-1,2539,2538,2540,-1,2539,2540,2541,-1,2541,2540,2542,-1,2541,2542,2543,-1,2543,2542,2544,-1,2543,2544,2545,-1,2545,2544,2546,-1,2545,2546,2499,-1,2499,2546,2500,-1,2543,2545,2547,-1,2547,2545,2499,-1,2547,2499,2501,-1,2537,2539,2547,-1,2547,2539,2541,-1,2547,2541,2543,-1,2531,2533,2547,-1,2547,2533,2535,-1,2547,2535,2537,-1,2525,2527,2547,-1,2547,2527,2529,-1,2547,2529,2531,-1,2519,2521,2547,-1,2547,2521,2523,-1,2547,2523,2525,-1,2513,2515,2547,-1,2547,2515,2517,-1,2547,2517,2519,-1,2507,2509,2547,-1,2547,2509,2511,-1,2547,2511,2513,-1,2501,2503,2547,-1,2547,2503,2505,-1,2547,2505,2507,-1,2548,2549,2550,-1,2550,2549,2551,-1,2550,2551,2552,-1,2552,2551,2553,-1,2552,2553,2554,-1,2554,2553,2555,-1,2554,2555,2556,-1,2556,2555,2557,-1,2556,2557,2558,-1,2558,2557,2559,-1,2558,2559,2560,-1,2560,2559,2561,-1,2560,2561,2562,-1,2562,2561,2563,-1,2562,2563,2564,-1,2564,2563,2565,-1,2564,2565,2566,-1,2566,2565,2567,-1,2566,2567,2568,-1,2568,2567,2569,-1,2568,2569,2570,-1,2570,2569,2571,-1,2570,2571,2572,-1,2572,2571,2573,-1,2572,2573,2574,-1,2574,2573,2575,-1,2574,2575,2576,-1,2576,2575,2577,-1,2576,2577,2578,-1,2578,2577,2579,-1,2578,2579,2580,-1,2580,2579,2581,-1,2580,2581,2582,-1,2582,2581,2583,-1,2582,2583,2584,-1,2584,2583,2585,-1,2584,2585,2586,-1,2586,2585,2587,-1,2586,2587,2588,-1,2588,2587,2589,-1,2588,2589,2590,-1,2590,2589,2591,-1,2590,2591,2592,-1,2592,2591,2593,-1,2592,2593,2594,-1,2594,2593,2595,-1,2594,2595,2548,-1,2548,2595,2549,-1,2592,2594,2596,-1,2596,2594,2548,-1,2596,2548,2550,-1,2586,2588,2596,-1,2596,2588,2590,-1,2596,2590,2592,-1,2580,2582,2596,-1,2596,2582,2584,-1,2596,2584,2586,-1,2574,2576,2596,-1,2596,2576,2578,-1,2596,2578,2580,-1,2568,2570,2596,-1,2596,2570,2572,-1,2596,2572,2574,-1,2562,2564,2596,-1,2596,2564,2566,-1,2596,2566,2568,-1,2556,2558,2596,-1,2596,2558,2560,-1,2596,2560,2562,-1,2550,2552,2596,-1,2596,2552,2554,-1,2596,2554,2556,-1,2597,2598,2599,-1,2599,2598,2600,-1,2599,2600,2601,-1,2601,2600,2602,-1,2601,2602,2603,-1,2603,2602,2604,-1,2603,2604,2605,-1,2605,2604,2606,-1,2605,2606,2607,-1,2607,2606,2608,-1,2607,2608,2609,-1,2609,2608,2610,-1,2609,2610,2611,-1,2611,2610,2612,-1,2611,2612,2613,-1,2613,2612,2614,-1,2613,2614,2615,-1,2615,2614,2616,-1,2615,2616,2617,-1,2617,2616,2618,-1,2617,2618,2619,-1,2619,2618,2620,-1,2619,2620,2621,-1,2621,2620,2622,-1,2621,2622,2623,-1,2623,2622,2624,-1,2623,2624,2625,-1,2625,2624,2626,-1,2625,2626,2627,-1,2627,2626,2628,-1,2627,2628,2629,-1,2629,2628,2630,-1,2629,2630,2631,-1,2631,2630,2632,-1,2631,2632,2633,-1,2633,2632,2634,-1,2633,2634,2635,-1,2635,2634,2636,-1,2635,2636,2637,-1,2637,2636,2638,-1,2637,2638,2639,-1,2639,2638,2640,-1,2639,2640,2641,-1,2641,2640,2642,-1,2641,2642,2643,-1,2643,2642,2644,-1,2643,2644,2597,-1,2597,2644,2598,-1,2641,2643,2645,-1,2645,2643,2597,-1,2645,2597,2599,-1,2635,2637,2645,-1,2645,2637,2639,-1,2645,2639,2641,-1,2629,2631,2645,-1,2645,2631,2633,-1,2645,2633,2635,-1,2623,2625,2645,-1,2645,2625,2627,-1,2645,2627,2629,-1,2617,2619,2645,-1,2645,2619,2621,-1,2645,2621,2623,-1,2611,2613,2645,-1,2645,2613,2615,-1,2645,2615,2617,-1,2605,2607,2645,-1,2645,2607,2609,-1,2645,2609,2611,-1,2599,2601,2645,-1,2645,2601,2603,-1,2645,2603,2605,-1,2646,2647,2648,-1,2648,2647,2649,-1,2648,2649,2650,-1,2650,2649,2651,-1,2650,2651,2652,-1,2652,2651,2653,-1,2652,2653,2654,-1,2654,2653,2655,-1,2654,2655,2656,-1,2656,2655,2657,-1,2656,2657,2658,-1,2658,2657,2659,-1,2658,2659,2660,-1,2660,2659,2661,-1,2660,2661,2662,-1,2662,2661,2663,-1,2662,2663,2664,-1,2664,2663,2665,-1,2664,2665,2666,-1,2666,2665,2667,-1,2666,2667,2668,-1,2668,2667,2669,-1,2668,2669,2670,-1,2670,2669,2671,-1,2670,2671,2672,-1,2672,2671,2673,-1,2672,2673,2674,-1,2674,2673,2675,-1,2674,2675,2676,-1,2676,2675,2677,-1,2676,2677,2678,-1,2678,2677,2679,-1,2678,2679,2680,-1,2680,2679,2681,-1,2680,2681,2682,-1,2682,2681,2683,-1,2682,2683,2684,-1,2684,2683,2685,-1,2684,2685,2686,-1,2686,2685,2687,-1,2686,2687,2688,-1,2688,2687,2689,-1,2688,2689,2690,-1,2690,2689,2691,-1,2690,2691,2692,-1,2692,2691,2693,-1,2692,2693,2646,-1,2646,2693,2647,-1,2690,2692,2694,-1,2694,2692,2646,-1,2694,2646,2648,-1,2684,2686,2694,-1,2694,2686,2688,-1,2694,2688,2690,-1,2678,2680,2694,-1,2694,2680,2682,-1,2694,2682,2684,-1,2672,2674,2694,-1,2694,2674,2676,-1,2694,2676,2678,-1,2666,2668,2694,-1,2694,2668,2670,-1,2694,2670,2672,-1,2660,2662,2694,-1,2694,2662,2664,-1,2694,2664,2666,-1,2654,2656,2694,-1,2694,2656,2658,-1,2694,2658,2660,-1,2648,2650,2694,-1,2694,2650,2652,-1,2694,2652,2654,-1,2695,2696,2697,-1,2697,2696,2698,-1,2697,2698,2699,-1,2699,2698,2700,-1,2699,2700,2701,-1,2701,2700,2702,-1,2701,2702,2703,-1,2703,2702,2704,-1,2703,2704,2705,-1,2705,2704,2706,-1,2705,2706,2707,-1,2707,2706,2708,-1,2707,2708,2709,-1,2709,2708,2710,-1,2709,2710,2711,-1,2711,2710,2712,-1,2711,2712,2713,-1,2713,2712,2714,-1,2713,2714,2715,-1,2715,2714,2716,-1,2715,2716,2717,-1,2717,2716,2718,-1,2717,2718,2719,-1,2719,2718,2720,-1,2719,2720,2721,-1,2721,2720,2722,-1,2721,2722,2723,-1,2723,2722,2724,-1,2723,2724,2725,-1,2725,2724,2726,-1,2725,2726,2727,-1,2727,2726,2728,-1,2727,2728,2729,-1,2729,2728,2730,-1,2729,2730,2731,-1,2731,2730,2732,-1,2731,2732,2733,-1,2733,2732,2734,-1,2733,2734,2735,-1,2735,2734,2736,-1,2735,2736,2737,-1,2737,2736,2738,-1,2737,2738,2739,-1,2739,2738,2740,-1,2739,2740,2741,-1,2741,2740,2742,-1,2741,2742,2695,-1,2695,2742,2696,-1,2739,2741,2743,-1,2743,2741,2695,-1,2743,2695,2697,-1,2733,2735,2743,-1,2743,2735,2737,-1,2743,2737,2739,-1,2727,2729,2743,-1,2743,2729,2731,-1,2743,2731,2733,-1,2721,2723,2743,-1,2743,2723,2725,-1,2743,2725,2727,-1,2715,2717,2743,-1,2743,2717,2719,-1,2743,2719,2721,-1,2709,2711,2743,-1,2743,2711,2713,-1,2743,2713,2715,-1,2703,2705,2743,-1,2743,2705,2707,-1,2743,2707,2709,-1,2697,2699,2743,-1,2743,2699,2701,-1,2743,2701,2703,-1,2744,2745,2746,-1,2746,2745,2747,-1,2746,2747,2748,-1,2748,2747,2749,-1,2748,2749,2750,-1,2750,2749,2751,-1,2750,2751,2752,-1,2752,2751,2753,-1,2752,2753,2754,-1,2754,2753,2755,-1,2754,2755,2756,-1,2756,2755,2757,-1,2756,2757,2758,-1,2758,2757,2759,-1,2758,2759,2760,-1,2760,2759,2761,-1,2760,2761,2762,-1,2762,2761,2763,-1,2762,2763,2764,-1,2764,2763,2765,-1,2764,2765,2766,-1,2766,2765,2767,-1,2766,2767,2768,-1,2768,2767,2769,-1,2768,2769,2770,-1,2770,2769,2771,-1,2770,2771,2772,-1,2772,2771,2773,-1,2772,2773,2774,-1,2774,2773,2775,-1,2774,2775,2776,-1,2776,2775,2777,-1,2776,2777,2778,-1,2778,2777,2779,-1,2778,2779,2780,-1,2780,2779,2781,-1,2780,2781,2782,-1,2782,2781,2783,-1,2782,2783,2784,-1,2784,2783,2785,-1,2784,2785,2786,-1,2786,2785,2787,-1,2786,2787,2788,-1,2788,2787,2789,-1,2788,2789,2790,-1,2790,2789,2791,-1,2790,2791,2744,-1,2744,2791,2745,-1,2788,2790,2792,-1,2792,2790,2744,-1,2792,2744,2746,-1,2782,2784,2792,-1,2792,2784,2786,-1,2792,2786,2788,-1,2776,2778,2792,-1,2792,2778,2780,-1,2792,2780,2782,-1,2770,2772,2792,-1,2792,2772,2774,-1,2792,2774,2776,-1,2764,2766,2792,-1,2792,2766,2768,-1,2792,2768,2770,-1,2758,2760,2792,-1,2792,2760,2762,-1,2792,2762,2764,-1,2752,2754,2792,-1,2792,2754,2756,-1,2792,2756,2758,-1,2746,2748,2792,-1,2792,2748,2750,-1,2792,2750,2752,-1,2793,2794,2795,-1,2795,2794,2796,-1,2795,2796,2797,-1,2797,2796,2798,-1,2797,2798,2799,-1,2799,2798,2800,-1,2799,2800,2801,-1,2801,2800,2802,-1,2801,2802,2803,-1,2803,2802,2804,-1,2803,2804,2805,-1,2805,2804,2806,-1,2805,2806,2807,-1,2807,2806,2808,-1,2807,2808,2809,-1,2809,2808,2810,-1,2809,2810,2811,-1,2811,2810,2812,-1,2811,2812,2813,-1,2813,2812,2814,-1,2813,2814,2815,-1,2815,2814,2816,-1,2815,2816,2817,-1,2817,2816,2818,-1,2817,2818,2819,-1,2819,2818,2820,-1,2819,2820,2821,-1,2821,2820,2822,-1,2821,2822,2823,-1,2823,2822,2824,-1,2823,2824,2825,-1,2825,2824,2826,-1,2825,2826,2827,-1,2827,2826,2828,-1,2827,2828,2829,-1,2829,2828,2830,-1,2829,2830,2831,-1,2831,2830,2832,-1,2831,2832,2833,-1,2833,2832,2834,-1,2833,2834,2835,-1,2835,2834,2836,-1,2835,2836,2837,-1,2837,2836,2838,-1,2837,2838,2839,-1,2839,2838,2840,-1,2839,2840,2793,-1,2793,2840,2794,-1,2837,2839,2841,-1,2841,2839,2793,-1,2841,2793,2795,-1,2831,2833,2841,-1,2841,2833,2835,-1,2841,2835,2837,-1,2825,2827,2841,-1,2841,2827,2829,-1,2841,2829,2831,-1,2819,2821,2841,-1,2841,2821,2823,-1,2841,2823,2825,-1,2813,2815,2841,-1,2841,2815,2817,-1,2841,2817,2819,-1,2807,2809,2841,-1,2841,2809,2811,-1,2841,2811,2813,-1,2801,2803,2841,-1,2841,2803,2805,-1,2841,2805,2807,-1,2795,2797,2841,-1,2841,2797,2799,-1,2841,2799,2801,-1,2842,2843,2844,-1,2844,2843,2845,-1,2844,2845,2846,-1,2846,2845,2847,-1,2846,2847,2848,-1,2848,2847,2849,-1,2848,2849,2850,-1,2850,2849,2851,-1,2850,2851,2852,-1,2852,2851,2853,-1,2852,2853,2854,-1,2854,2853,2855,-1,2854,2855,2856,-1,2856,2855,2857,-1,2856,2857,2858,-1,2858,2857,2859,-1,2858,2859,2860,-1,2860,2859,2861,-1,2860,2861,2862,-1,2862,2861,2863,-1,2862,2863,2864,-1,2864,2863,2865,-1,2864,2865,2866,-1,2866,2865,2867,-1,2866,2867,2868,-1,2868,2867,2869,-1,2868,2869,2870,-1,2870,2869,2871,-1,2870,2871,2872,-1,2872,2871,2873,-1,2872,2873,2874,-1,2874,2873,2875,-1,2874,2875,2876,-1,2876,2875,2877,-1,2876,2877,2878,-1,2878,2877,2879,-1,2878,2879,2880,-1,2880,2879,2881,-1,2880,2881,2882,-1,2882,2881,2883,-1,2882,2883,2884,-1,2884,2883,2885,-1,2884,2885,2886,-1,2886,2885,2887,-1,2886,2887,2888,-1,2888,2887,2889,-1,2888,2889,2842,-1,2842,2889,2843,-1,2886,2888,2890,-1,2890,2888,2842,-1,2890,2842,2844,-1,2880,2882,2890,-1,2890,2882,2884,-1,2890,2884,2886,-1,2874,2876,2890,-1,2890,2876,2878,-1,2890,2878,2880,-1,2868,2870,2890,-1,2890,2870,2872,-1,2890,2872,2874,-1,2862,2864,2890,-1,2890,2864,2866,-1,2890,2866,2868,-1,2856,2858,2890,-1,2890,2858,2860,-1,2890,2860,2862,-1,2850,2852,2890,-1,2890,2852,2854,-1,2890,2854,2856,-1,2844,2846,2890,-1,2890,2846,2848,-1,2890,2848,2850,-1,2891,2892,2893,-1,2893,2892,2894,-1,2893,2894,2895,-1,2895,2894,2896,-1,2895,2896,2897,-1,2897,2896,2898,-1,2897,2898,2899,-1,2899,2898,2900,-1,2899,2900,2901,-1,2901,2900,2902,-1,2901,2902,2903,-1,2903,2902,2904,-1,2903,2904,2905,-1,2905,2904,2906,-1,2905,2906,2907,-1,2907,2906,2908,-1,2907,2908,2909,-1,2909,2908,2910,-1,2909,2910,2911,-1,2911,2910,2912,-1,2911,2912,2913,-1,2913,2912,2914,-1,2913,2914,2915,-1,2915,2914,2916,-1,2915,2916,2917,-1,2917,2916,2918,-1,2917,2918,2919,-1,2919,2918,2920,-1,2919,2920,2921,-1,2921,2920,2922,-1,2921,2922,2923,-1,2923,2922,2924,-1,2923,2924,2925,-1,2925,2924,2926,-1,2925,2926,2927,-1,2927,2926,2928,-1,2927,2928,2929,-1,2929,2928,2930,-1,2929,2930,2931,-1,2931,2930,2932,-1,2931,2932,2933,-1,2933,2932,2934,-1,2933,2934,2935,-1,2935,2934,2936,-1,2935,2936,2937,-1,2937,2936,2938,-1,2937,2938,2891,-1,2891,2938,2892,-1,2935,2937,2939,-1,2939,2937,2891,-1,2939,2891,2893,-1,2929,2931,2939,-1,2939,2931,2933,-1,2939,2933,2935,-1,2923,2925,2939,-1,2939,2925,2927,-1,2939,2927,2929,-1,2917,2919,2939,-1,2939,2919,2921,-1,2939,2921,2923,-1,2911,2913,2939,-1,2939,2913,2915,-1,2939,2915,2917,-1,2905,2907,2939,-1,2939,2907,2909,-1,2939,2909,2911,-1,2899,2901,2939,-1,2939,2901,2903,-1,2939,2903,2905,-1,2893,2895,2939,-1,2939,2895,2897,-1,2939,2897,2899,-1,2940,2941,2942,-1,2942,2941,2943,-1,2942,2943,2944,-1,2944,2943,2945,-1,2944,2945,2946,-1,2946,2945,2947,-1,2946,2947,2948,-1,2948,2947,2949,-1,2948,2949,2950,-1,2950,2949,2951,-1,2950,2951,2952,-1,2952,2951,2953,-1,2952,2953,2954,-1,2954,2953,2955,-1,2954,2955,2956,-1,2956,2955,2957,-1,2956,2957,2958,-1,2958,2957,2959,-1,2958,2959,2960,-1,2960,2959,2961,-1,2960,2961,2962,-1,2962,2961,2963,-1,2962,2963,2964,-1,2964,2963,2965,-1,2964,2965,2966,-1,2966,2965,2967,-1,2966,2967,2968,-1,2968,2967,2969,-1,2968,2969,2970,-1,2970,2969,2971,-1,2970,2971,2972,-1,2972,2971,2973,-1,2972,2973,2974,-1,2974,2973,2975,-1,2974,2975,2976,-1,2976,2975,2977,-1,2976,2977,2978,-1,2978,2977,2979,-1,2978,2979,2980,-1,2980,2979,2981,-1,2980,2981,2982,-1,2982,2981,2983,-1,2982,2983,2984,-1,2984,2983,2985,-1,2984,2985,2986,-1,2986,2985,2987,-1,2986,2987,2940,-1,2940,2987,2941,-1,2984,2986,2988,-1,2988,2986,2940,-1,2988,2940,2942,-1,2978,2980,2988,-1,2988,2980,2982,-1,2988,2982,2984,-1,2972,2974,2988,-1,2988,2974,2976,-1,2988,2976,2978,-1,2966,2968,2988,-1,2988,2968,2970,-1,2988,2970,2972,-1,2960,2962,2988,-1,2988,2962,2964,-1,2988,2964,2966,-1,2954,2956,2988,-1,2988,2956,2958,-1,2988,2958,2960,-1,2948,2950,2988,-1,2988,2950,2952,-1,2988,2952,2954,-1,2942,2944,2988,-1,2988,2944,2946,-1,2988,2946,2948,-1,2989,2990,2991,-1,2991,2990,2992,-1,2991,2992,2993,-1,2993,2992,2994,-1,2993,2994,2995,-1,2995,2994,2996,-1,2995,2996,2997,-1,2997,2996,2998,-1,2997,2998,2999,-1,2999,2998,3000,-1,2999,3000,3001,-1,3001,3000,3002,-1,3001,3002,3003,-1,3003,3002,3004,-1,3003,3004,3005,-1,3005,3004,3006,-1,3005,3006,3007,-1,3007,3006,3008,-1,3007,3008,3009,-1,3009,3008,3010,-1,3009,3010,3011,-1,3011,3010,3012,-1,3011,3012,3013,-1,3013,3012,3014,-1,3013,3014,3015,-1,3015,3014,3016,-1,3015,3016,3017,-1,3017,3016,3018,-1,3017,3018,3019,-1,3019,3018,3020,-1,3019,3020,3021,-1,3021,3020,3022,-1,3021,3022,3023,-1,3023,3022,3024,-1,3023,3024,3025,-1,3025,3024,3026,-1,3025,3026,3027,-1,3027,3026,3028,-1,3027,3028,3029,-1,3029,3028,3030,-1,3029,3030,3031,-1,3031,3030,3032,-1,3031,3032,3033,-1,3033,3032,3034,-1,3033,3034,3035,-1,3035,3034,3036,-1,3035,3036,2989,-1,2989,3036,2990,-1,3033,3035,3037,-1,3037,3035,2989,-1,3037,2989,2991,-1,3027,3029,3037,-1,3037,3029,3031,-1,3037,3031,3033,-1,3021,3023,3037,-1,3037,3023,3025,-1,3037,3025,3027,-1,3015,3017,3037,-1,3037,3017,3019,-1,3037,3019,3021,-1,3009,3011,3037,-1,3037,3011,3013,-1,3037,3013,3015,-1,3003,3005,3037,-1,3037,3005,3007,-1,3037,3007,3009,-1,2997,2999,3037,-1,3037,2999,3001,-1,3037,3001,3003,-1,2991,2993,3037,-1,3037,2993,2995,-1,3037,2995,2997,-1,3038,3039,3040,-1,3040,3039,3041,-1,3040,3041,3042,-1,3042,3041,3043,-1,3042,3043,3044,-1,3044,3043,3045,-1,3044,3045,3046,-1,3046,3045,3047,-1,3046,3047,3048,-1,3048,3047,3049,-1,3048,3049,3050,-1,3050,3049,3051,-1,3050,3051,3052,-1,3052,3051,3053,-1,3052,3053,3054,-1,3054,3053,3055,-1,3054,3055,3056,-1,3056,3055,3057,-1,3056,3057,3058,-1,3058,3057,3059,-1,3058,3059,3060,-1,3060,3059,3061,-1,3060,3061,3062,-1,3062,3061,3063,-1,3062,3063,3064,-1,3064,3063,3065,-1,3064,3065,3066,-1,3066,3065,3067,-1,3066,3067,3068,-1,3068,3067,3069,-1,3068,3069,3070,-1,3070,3069,3071,-1,3070,3071,3072,-1,3072,3071,3073,-1,3072,3073,3074,-1,3074,3073,3075,-1,3074,3075,3076,-1,3076,3075,3077,-1,3076,3077,3078,-1,3078,3077,3079,-1,3078,3079,3080,-1,3080,3079,3081,-1,3080,3081,3082,-1,3082,3081,3083,-1,3082,3083,3084,-1,3084,3083,3085,-1,3084,3085,3038,-1,3038,3085,3039,-1,3082,3084,3086,-1,3086,3084,3038,-1,3086,3038,3040,-1,3076,3078,3086,-1,3086,3078,3080,-1,3086,3080,3082,-1,3070,3072,3086,-1,3086,3072,3074,-1,3086,3074,3076,-1,3064,3066,3086,-1,3086,3066,3068,-1,3086,3068,3070,-1,3058,3060,3086,-1,3086,3060,3062,-1,3086,3062,3064,-1,3052,3054,3086,-1,3086,3054,3056,-1,3086,3056,3058,-1,3046,3048,3086,-1,3086,3048,3050,-1,3086,3050,3052,-1,3040,3042,3086,-1,3086,3042,3044,-1,3086,3044,3046,-1,3087,3088,3089,-1,3089,3088,3090,-1,3089,3090,3091,-1,3091,3090,3092,-1,3091,3092,3093,-1,3093,3092,3094,-1,3093,3094,3095,-1,3095,3094,3096,-1,3095,3096,3097,-1,3097,3096,3098,-1,3097,3098,3099,-1,3099,3098,3100,-1,3099,3100,3101,-1,3101,3100,3102,-1,3101,3102,3103,-1,3103,3102,3104,-1,3103,3104,3105,-1,3105,3104,3106,-1,3105,3106,3107,-1,3107,3106,3108,-1,3107,3108,3109,-1,3109,3108,3110,-1,3109,3110,3111,-1,3111,3110,3112,-1,3111,3112,3113,-1,3113,3112,3114,-1,3113,3114,3115,-1,3115,3114,3116,-1,3115,3116,3117,-1,3117,3116,3118,-1,3117,3118,3119,-1,3119,3118,3120,-1,3119,3120,3121,-1,3121,3120,3122,-1,3121,3122,3123,-1,3123,3122,3124,-1,3123,3124,3125,-1,3125,3124,3126,-1,3125,3126,3127,-1,3127,3126,3128,-1,3127,3128,3129,-1,3129,3128,3130,-1,3129,3130,3131,-1,3131,3130,3132,-1,3131,3132,3133,-1,3133,3132,3134,-1,3133,3134,3087,-1,3087,3134,3088,-1,3131,3133,3135,-1,3135,3133,3087,-1,3135,3087,3089,-1,3125,3127,3135,-1,3135,3127,3129,-1,3135,3129,3131,-1,3119,3121,3135,-1,3135,3121,3123,-1,3135,3123,3125,-1,3113,3115,3135,-1,3135,3115,3117,-1,3135,3117,3119,-1,3107,3109,3135,-1,3135,3109,3111,-1,3135,3111,3113,-1,3101,3103,3135,-1,3135,3103,3105,-1,3135,3105,3107,-1,3095,3097,3135,-1,3135,3097,3099,-1,3135,3099,3101,-1,3089,3091,3135,-1,3135,3091,3093,-1,3135,3093,3095,-1,3136,3137,3138,-1,3138,3137,3139,-1,3138,3139,3140,-1,3140,3139,3141,-1,3140,3141,3142,-1,3142,3141,3143,-1,3142,3143,3144,-1,3144,3143,3145,-1,3144,3145,3146,-1,3146,3145,3147,-1,3146,3147,3148,-1,3148,3147,3149,-1,3148,3149,3150,-1,3150,3149,3151,-1,3150,3151,3152,-1,3152,3151,3153,-1,3152,3153,3154,-1,3154,3153,3155,-1,3154,3155,3156,-1,3156,3155,3157,-1,3156,3157,3158,-1,3158,3157,3159,-1,3158,3159,3160,-1,3160,3159,3161,-1,3160,3161,3162,-1,3162,3161,3163,-1,3162,3163,3164,-1,3164,3163,3165,-1,3164,3165,3166,-1,3166,3165,3167,-1,3166,3167,3168,-1,3168,3167,3169,-1,3168,3169,3170,-1,3170,3169,3171,-1,3170,3171,3172,-1,3172,3171,3173,-1,3172,3173,3174,-1,3174,3173,3175,-1,3174,3175,3176,-1,3176,3175,3177,-1,3176,3177,3178,-1,3178,3177,3179,-1,3178,3179,3180,-1,3180,3179,3181,-1,3180,3181,3182,-1,3182,3181,3183,-1,3182,3183,3136,-1,3136,3183,3137,-1,3139,3137,3184,-1,3184,3137,3183,-1,3184,3183,3181,-1,3145,3143,3184,-1,3184,3143,3141,-1,3184,3141,3139,-1,3151,3149,3184,-1,3184,3149,3147,-1,3184,3147,3145,-1,3157,3155,3184,-1,3184,3155,3153,-1,3184,3153,3151,-1,3163,3161,3184,-1,3184,3161,3159,-1,3184,3159,3157,-1,3169,3167,3184,-1,3184,3167,3165,-1,3184,3165,3163,-1,3175,3173,3184,-1,3184,3173,3171,-1,3184,3171,3169,-1,3181,3179,3184,-1,3184,3179,3177,-1,3184,3177,3175,-1,3185,3186,3187,-1,3187,3186,3188,-1,3187,3188,3189,-1,3189,3188,3190,-1,3189,3190,3191,-1,3191,3190,3192,-1,3191,3192,3193,-1,3193,3192,3194,-1,3193,3194,3195,-1,3195,3194,3196,-1,3195,3196,3197,-1,3197,3196,3198,-1,3197,3198,3199,-1,3199,3198,3200,-1,3199,3200,3201,-1,3201,3200,3202,-1,3201,3202,3203,-1,3203,3202,3204,-1,3203,3204,3205,-1,3205,3204,3206,-1,3205,3206,3207,-1,3207,3206,3208,-1,3207,3208,3209,-1,3209,3208,3210,-1,3209,3210,3211,-1,3211,3210,3212,-1,3211,3212,3213,-1,3213,3212,3214,-1,3213,3214,3215,-1,3215,3214,3216,-1,3215,3216,3217,-1,3217,3216,3218,-1,3217,3218,3219,-1,3219,3218,3220,-1,3219,3220,3221,-1,3221,3220,3222,-1,3221,3222,3223,-1,3223,3222,3224,-1,3223,3224,3225,-1,3225,3224,3226,-1,3225,3226,3227,-1,3227,3226,3228,-1,3227,3228,3229,-1,3229,3228,3230,-1,3229,3230,3231,-1,3231,3230,3232,-1,3231,3232,3185,-1,3185,3232,3186,-1,3188,3186,3233,-1,3233,3186,3232,-1,3233,3232,3230,-1,3194,3192,3233,-1,3233,3192,3190,-1,3233,3190,3188,-1,3200,3198,3233,-1,3233,3198,3196,-1,3233,3196,3194,-1,3206,3204,3233,-1,3233,3204,3202,-1,3233,3202,3200,-1,3212,3210,3233,-1,3233,3210,3208,-1,3233,3208,3206,-1,3218,3216,3233,-1,3233,3216,3214,-1,3233,3214,3212,-1,3224,3222,3233,-1,3233,3222,3220,-1,3233,3220,3218,-1,3230,3228,3233,-1,3233,3228,3226,-1,3233,3226,3224,-1,
        ]
    }
}
Shape{
    appearance Appearance {
        material  Material 	{
            diffuseColor 0.0 0.0 0.0
            specularColor 0.0 0.0 0.0
            ambientIntensity 0.0
            transparency 0.0
            shininess 0.5
        }
    }
    geometry IndexedFaceSet {
        ccw TRUE
        solid FALSE
        coord DEF co Coordinate {
            point [
                -0.1343 3.9764 1.1367, -0.1342 3.9764 1.1184, -0.1343 3.9764 1.1367, -0.1342 3.9764 1.1184, -0.0705 3.9764 1.1371, -0.0705 3.9764 1.1371, -0.0715 3.9764 1.279, -0.0715 3.9764 1.279, -0.0715 3.9764 1.2783, -0.0509 3.9764 1.2791, -0.0509 3.9764 1.2791, -0.0497 3.9764 1.119, -0.0497 3.9764 1.119, -0.0509 3.9764 1.2783, -0.2607 3.9764 1.1241, -0.2607 3.9764 1.1241, -0.2579 3.9764 1.1228, -0.2163 3.9764 1.1151, -0.2163 3.9764 1.1151, -0.2213 3.9764 1.1156, -0.2407 3.9764 1.1173, -0.2407 3.9764 1.1173, -0.2537 3.9764 1.1215, -0.2579 3.9764 1.1228, -0.2608 3.9764 1.144, -0.2608 3.9764 1.144, -0.2537 3.9764 1.1407, -0.2466 3.9764 1.1375, -0.2466 3.9764 1.1375, -0.2287 3.9764 1.1339, -0.2287 3.9764 1.1339, -0.2194 3.9764 1.1335, -0.2194 3.9764 1.1335, -0.204 3.9764 1.1354, -0.204 3.9764 1.1354, -0.1925 3.9764 1.1398, -0.1925 3.9764 1.1398, -0.182 3.9764 1.1471, -0.182 3.9764 1.1471, -0.1784 3.9764 1.1507, -0.1784 3.9764 1.1507, -0.1705 3.9764 1.1619, -0.1705 3.9764 1.1619, -0.1655 3.9764 1.1749, -0.1655 3.9764 1.1749, -0.163 3.9764 1.1943, -0.163 3.9764 1.1943, -0.163 3.9764 1.1965, -0.163 3.9764 1.1965, -0.1657 3.9764 1.2182, -0.1657 3.9764 1.2182, -0.1711 3.9764 1.2321, -0.1711 3.9764 1.2321, -0.1789 3.9764 1.2432, -0.1789 3.9764 1.2432, -0.1801 3.9764 1.2445, -0.1801 3.9764 1.2445, -0.1912 3.9764 1.2535, -0.1912 3.9764 1.2535, -0.2039 3.9764 1.2592, -0.2039 3.9764 1.2592, -0.2178 3.9764 1.2618, -0.2178 3.9764 1.2618, -0.2239 3.9764 1.262, -0.2239 3.9764 1.262, -0.2616 3.9764 1.2522, -0.2616 3.9764 1.2522, -0.2577 3.9764 1.2542, -0.2412 3.9764 1.26, -0.2412 3.9764 1.26, -0.2537 3.9764 1.2556, -0.2577 3.9764 1.2542, -0.2617 3.9764 1.2738, -0.2617 3.9764 1.2738, -0.2474 3.9764 1.2783, -0.2471 3.9764 1.2784, -0.2537 3.9764 1.2763, -0.2471 3.9764 1.2784, -0.2266 3.9764 1.2806, -0.2266 3.9764 1.2806, -0.2238 3.9764 1.2806, -0.2238 3.9764 1.2806, -0.2008 3.9764 1.278, -0.2032 3.9764 1.2783, -0.2008 3.9764 1.278, -0.184 3.9764 1.2717, -0.184 3.9764 1.2717, -0.1684 3.9764 1.2609, -0.1684 3.9764 1.2609, -0.1648 3.9764 1.2575, -0.1648 3.9764 1.2575, -0.1544 3.9764 1.2445, -0.1544 3.9764 1.2445, -0.1473 3.9764 1.2295, -0.1462 3.9764 1.2271, -0.1462 3.9764 1.2271, -0.1419 3.9764 1.2068, -0.1419 3.9764 1.2068, -0.1413 3.9764 1.1954, -0.1413 3.9764 1.1954, -0.1442 3.9764 1.1696, -0.1442 3.9764 1.1696, -0.1473 3.9764 1.1613, -0.1505 3.9764 1.1528, -0.1505 3.9764 1.1528, -0.16 3.9764 1.139, -0.16 3.9764 1.139, -0.1614 3.9764 1.1374, -0.1614 3.9764 1.1374, -0.2091 3.9764 1.1156, -0.2052 3.9764 1.1158, -0.2052 3.9764 1.1158, -0.1881 3.9764 1.1198, -0.1881 3.9764 1.1198, -0.1732 3.9764 1.1272, -0.1732 3.9764 1.1272, -0.3789 3.9764 1.1349, -0.3788 3.9764 1.1167, -0.3789 3.9764 1.1349, -0.3788 3.9764 1.1167, -0.3135 3.9764 1.1354, -0.3135 3.9764 1.1354, -0.3553 3.9764 1.1351, -0.3139 3.9764 1.1893, -0.3139 3.9764 1.1893, -0.3711 3.9764 1.1889, -0.3711 3.9764 1.1889, -0.3553 3.9764 1.189, -0.3713 3.9764 1.2072, -0.3713 3.9764 1.2072, -0.314 3.9764 1.2076, -0.314 3.9764 1.2076, -0.3553 3.9764 1.2073, -0.3144 3.9764 1.2589, -0.3144 3.9764 1.2589, -0.3762 3.9764 1.2584, -0.3762 3.9764 1.2584, -0.3553 3.9764 1.2586, -0.3763 3.9764 1.2768, -0.3763 3.9764 1.2768, -0.2938 3.9764 1.2774, -0.2938 3.9764 1.2774, -0.3553 3.9764 1.277, -0.2927 3.9764 1.1173, -0.2927 3.9764 1.1173, -0.3553 3.9764 1.1168, -0.4755 3.9764 1.2554, -0.4594 3.9764 1.2762, -0.4549 3.9764 1.2579, -0.4559 3.9764 1.2763, -0.4307 3.9764 1.258, -0.4102 3.9764 1.2766, -0.4299 3.9764 1.1346, -0.4091 3.9764 1.1165, -0.4531 3.9764 1.1344, -0.4531 3.9764 1.1162, -0.475 3.9764 1.1368, -0.4801 3.9764 1.1192, -0.4884 3.9764 1.1418, -0.4984 3.9764 1.1262, -0.4988 3.9764 1.1489, -0.5154 3.9764 1.1381, -0.5008 3.9764 1.1508, -0.5092 3.9764 1.1611, -0.5263 3.9764 1.1505, -0.5147 3.9764 1.1731, -0.5347 3.9764 1.1667, -0.5178 3.9764 1.188, -0.5392 3.9764 1.1851, -0.5183 3.9764 1.1972, -0.54 3.9764 1.1977, -0.5166 3.9764 1.2149, -0.5375 3.9764 1.2195, -0.5125 3.9764 1.2273, -0.5318 3.9764 1.2349, -0.5066 3.9764 1.2366, -0.522 3.9764 1.249, -0.501 3.9764 1.2425, -0.5163 3.9764 1.2546, -0.4894 3.9764 1.2503, -0.5023 3.9764 1.2647, -0.4835 3.9764 1.2726, -0.4531 3.9764 1.1162, -0.4091 3.9764 1.1165, -0.4801 3.9764 1.1192, -0.4984 3.9764 1.1262, -0.5154 3.9764 1.1381, -0.5263 3.9764 1.1505, -0.5347 3.9764 1.1667, -0.5392 3.9764 1.1851, -0.54 3.9764 1.1977, -0.5375 3.9764 1.2195, -0.5318 3.9764 1.2349, -0.522 3.9764 1.249, -0.5163 3.9764 1.2546, -0.5023 3.9764 1.2647, -0.4835 3.9764 1.2726, -0.4594 3.9764 1.2762, -0.4559 3.9764 1.2763, -0.4102 3.9764 1.2766, -0.4549 3.9764 1.2579, -0.4307 3.9764 1.258, -0.4299 3.9764 1.1346, -0.4531 3.9764 1.1344, -0.5008 3.9764 1.1508, -0.4988 3.9764 1.1489, -0.4884 3.9764 1.1418, -0.475 3.9764 1.1368, -0.5183 3.9764 1.1972, -0.5178 3.9764 1.188, -0.5147 3.9764 1.1731, -0.5092 3.9764 1.1611, -0.501 3.9764 1.2425, -0.5066 3.9764 1.2366, -0.5125 3.9764 1.2273, -0.5166 3.9764 1.2149, -0.4755 3.9764 1.2554, -0.4894 3.9764 1.2503
            ]
        }
        coordIndex [
            0,1,2,-1,2,1,3,-1,4,0,5,-1,5,0,2,-1,6,7,8,-1,8,7,4,-1,8,4,5,-1,9,7,10,-1,10,7,6,-1,11,12,13,-1,13,12,9,-1,13,9,10,-1,1,12,3,-1,3,12,11,-1,7,9,4,-1,4,9,12,-1,4,12,0,-1,0,12,1,-1,14,15,16,-1,17,18,19,-1,17,19,20,-1,19,21,20,-1,20,21,22,-1,20,22,16,-1,16,22,23,-1,16,23,14,-1,24,15,25,-1,25,15,14,-1,24,25,26,-1,24,26,27,-1,26,28,27,-1,27,28,29,-1,27,29,30,-1,30,29,31,-1,30,31,32,-1,32,31,33,-1,32,33,34,-1,34,33,35,-1,34,35,36,-1,36,35,37,-1,36,37,38,-1,38,37,39,-1,38,39,40,-1,40,39,41,-1,40,41,42,-1,42,41,43,-1,42,43,44,-1,44,43,45,-1,44,45,46,-1,46,45,47,-1,46,47,48,-1,48,47,49,-1,48,49,50,-1,50,49,51,-1,50,51,52,-1,52,51,53,-1,52,53,54,-1,54,53,55,-1,54,55,56,-1,56,55,57,-1,56,57,58,-1,58,57,59,-1,58,59,60,-1,60,59,61,-1,60,61,62,-1,62,61,63,-1,62,63,64,-1,65,66,67,-1,64,63,68,-1,64,68,69,-1,69,68,70,-1,69,70,67,-1,67,70,71,-1,67,71,65,-1,72,66,73,-1,73,66,65,-1,74,75,76,-1,76,75,72,-1,76,72,73,-1,74,77,75,-1,75,77,78,-1,75,78,79,-1,79,78,80,-1,79,80,81,-1,82,81,83,-1,83,81,80,-1,83,84,82,-1,82,84,85,-1,82,85,86,-1,86,85,87,-1,86,87,88,-1,88,87,89,-1,88,89,90,-1,90,89,91,-1,90,91,92,-1,92,91,93,-1,92,93,94,-1,93,95,94,-1,94,95,96,-1,94,96,97,-1,97,96,98,-1,97,98,99,-1,99,98,100,-1,99,100,101,-1,101,100,102,-1,101,102,103,-1,102,104,103,-1,103,104,105,-1,103,105,106,-1,106,105,107,-1,106,107,108,-1,18,17,109,-1,109,17,110,-1,109,110,111,-1,111,110,112,-1,111,112,113,-1,113,112,114,-1,113,114,115,-1,115,114,108,-1,115,108,107,-1,67,66,72,-1,58,60,82,-1,50,52,92,-1,82,60,81,-1,92,52,90,-1,67,72,69,-1,82,86,58,-1,58,86,88,-1,58,88,56,-1,56,88,90,-1,56,90,54,-1,54,90,52,-1,60,62,81,-1,81,62,64,-1,81,64,79,-1,79,64,69,-1,79,69,75,-1,75,69,72,-1,99,48,97,-1,97,48,50,-1,97,50,94,-1,94,50,92,-1,15,24,16,-1,16,24,27,-1,16,27,20,-1,20,27,30,-1,20,30,17,-1,17,30,32,-1,17,32,110,-1,110,32,34,-1,110,34,112,-1,112,34,36,-1,112,36,114,-1,114,36,38,-1,114,38,108,-1,108,38,40,-1,108,40,106,-1,106,40,42,-1,106,42,103,-1,103,42,101,-1,101,42,44,-1,101,44,99,-1,99,44,46,-1,99,46,48,-1,116,117,118,-1,118,117,119,-1,120,121,122,-1,122,121,116,-1,122,116,118,-1,123,121,124,-1,124,121,120,-1,125,126,127,-1,127,126,123,-1,127,123,124,-1,128,126,129,-1,129,126,125,-1,130,131,132,-1,132,131,128,-1,132,128,129,-1,133,131,134,-1,134,131,130,-1,135,136,137,-1,137,136,133,-1,137,133,134,-1,138,136,139,-1,139,136,135,-1,140,141,142,-1,142,141,138,-1,142,138,139,-1,143,141,144,-1,144,141,140,-1,119,117,145,-1,145,117,143,-1,145,143,144,-1,143,117,116,-1,116,121,143,-1,143,121,123,-1,143,123,141,-1,136,138,133,-1,133,138,141,-1,133,141,131,-1,131,141,123,-1,131,123,128,-1,128,123,126,-1,146,147,148,-1,148,147,149,-1,148,149,150,-1,150,149,151,-1,150,151,152,-1,152,151,153,-1,152,153,154,-1,154,153,155,-1,154,155,156,-1,156,155,157,-1,156,157,158,-1,158,157,159,-1,158,159,160,-1,160,159,161,-1,160,161,162,-1,162,161,163,-1,163,161,164,-1,163,164,165,-1,165,164,166,-1,165,166,167,-1,167,166,168,-1,167,168,169,-1,169,168,170,-1,169,170,171,-1,171,170,172,-1,171,172,173,-1,173,172,174,-1,173,174,175,-1,175,174,176,-1,175,176,177,-1,177,176,178,-1,177,178,179,-1,179,178,180,-1,179,180,146,-1,146,180,181,-1,146,181,147,-1,155,153,182,-1,182,153,183,-1,155,182,184,-1,155,184,157,-1,157,184,185,-1,157,185,159,-1,159,185,186,-1,159,186,161,-1,161,186,187,-1,161,187,164,-1,164,187,188,-1,164,188,166,-1,166,188,189,-1,166,189,168,-1,168,189,190,-1,168,190,170,-1,170,190,191,-1,170,191,172,-1,172,191,192,-1,172,192,174,-1,174,192,193,-1,174,193,176,-1,176,193,194,-1,176,194,178,-1,178,194,195,-1,178,195,180,-1,180,195,196,-1,180,196,181,-1,181,196,197,-1,181,197,147,-1,147,197,198,-1,147,198,149,-1,151,149,199,-1,199,149,198,-1,153,151,183,-1,183,151,199,-1,148,150,200,-1,200,150,201,-1,150,152,201,-1,201,152,202,-1,152,154,202,-1,202,154,203,-1,162,204,205,-1,162,205,160,-1,160,205,206,-1,160,206,158,-1,158,206,207,-1,158,207,156,-1,156,207,203,-1,156,203,154,-1,169,208,209,-1,169,209,167,-1,167,209,210,-1,167,210,165,-1,165,210,211,-1,165,211,163,-1,163,211,204,-1,163,204,162,-1,177,212,213,-1,177,213,175,-1,175,213,214,-1,175,214,173,-1,173,214,215,-1,173,215,171,-1,171,215,208,-1,171,208,169,-1,148,200,216,-1,148,216,146,-1,146,216,217,-1,146,217,179,-1,179,217,212,-1,179,212,177,-1,
        ]
    }
}
Shape{
    appearance Appearance {
        material  Material 	{
            diffuseColor 1.0 1.0 1.0
            specularColor 0.5019607843137255 0.5019607843137255 0.5019607843137255
            ambientIntensity 1.0
            transparency 0.0
            shininess 0.5
        }
    }
    geometry IndexedFaceSet {
        ccw TRUE
        solid FALSE
        coord DEF co Coordinate {
            point [
                -0.4307 3.9764 1.258, -0.4299 3.9764 1.1346, -0.4549 3.9764 1.2579, -0.4531 3.9764 1.1344, -0.475 3.9764 1.1368, -0.4884 3.9764 1.1418, -0.4988 3.9764 1.1489, -0.5008 3.9764 1.1508, -0.5178 3.9764 1.188, -0.5183 3.9764 1.1972, -0.5166 3.9764 1.2149, -0.5125 3.9764 1.2273, -0.5066 3.9764 1.2366, -0.501 3.9764 1.2425, -0.4755 3.9764 1.2554, -0.4894 3.9764 1.2503, -0.5092 3.9764 1.1611, -0.5147 3.9764 1.1731
            ]
        }
        coordIndex [
            0,1,2,-1,2,1,3,-1,2,3,4,-1,4,5,2,-1,2,5,6,-1,2,6,7,-1,8,9,2,-1,2,9,10,-1,2,10,11,-1,11,12,2,-1,2,12,13,-1,2,13,14,-1,14,13,15,-1,7,16,2,-1,2,16,17,-1,2,17,8,-1,
        ]
    }
}
Shape{
    appearance Appearance {
        material  Material 	{
            diffuseColor 0.0 0.0 0.0
            specularColor 0.0 0.0 0.0
            ambientIntensity 0.0
            transparency 0.0
            shininess 0.5
        }
    }
    geometry IndexedFaceSet {
        ccw TRUE
        solid FALSE
        coord DEF co Coordinate {
            point [
                -0.5935 3.9764 1.1771, -0.618 3.9764 1.2434, -0.6104 3.9764 1.2752, -0.5483 3.9764 1.1155, -0.5712 3.9764 1.1153, -0.5869 3.9764 1.159, -0.6194 3.9764 1.2482, -0.6207 3.9764 1.2546, -0.6325 3.9764 1.275, -0.6211 3.9764 1.2546, -0.6224 3.9764 1.2478, -0.6236 3.9764 1.2434, -0.6473 3.9764 1.1767, -0.6924 3.9764 1.1145, -0.6696 3.9764 1.1146, -0.6535 3.9764 1.1585, -0.6325 3.9764 1.275, -0.692 3.9764 1.1156, -0.6924 3.9764 1.1145, -0.6104 3.9764 1.2752, -0.5483 3.9764 1.1156, -0.5483 3.9764 1.1155, -0.5927 3.9764 1.2296, -0.5712 3.9764 1.1153, -0.5869 3.9764 1.159, -0.5712 3.9764 1.1156, -0.6535 3.9764 1.1585, -0.5927 3.9764 1.159, -0.6696 3.9764 1.1146, -0.6692 3.9764 1.1156, -0.5935 3.9764 1.1771, -0.6473 3.9764 1.1767, -0.6236 3.9764 1.2434, -0.6211 3.9764 1.2546, -0.6224 3.9764 1.2478, -0.6207 3.9764 1.2546, -0.618 3.9764 1.2434, -0.6194 3.9764 1.2482
            ]
        }
        coordIndex [
            0,1,2,-1,3,4,5,-1,1,6,2,-1,2,6,7,-1,2,7,8,-1,8,7,9,-1,8,9,10,-1,10,11,8,-1,8,11,12,-1,8,12,13,-1,14,13,15,-1,15,13,12,-1,15,12,5,-1,5,12,0,-1,5,0,3,-1,3,0,2,-1,16,8,17,-1,17,8,13,-1,17,13,18,-1,2,8,19,-1,19,8,16,-1,20,21,3,-1,20,3,22,-1,22,3,2,-1,22,2,19,-1,4,3,23,-1,23,3,21,-1,24,5,25,-1,25,5,4,-1,25,4,23,-1,26,15,27,-1,27,15,5,-1,27,5,24,-1,28,14,29,-1,29,14,15,-1,29,15,26,-1,13,14,18,-1,18,14,28,-1,0,12,30,-1,30,12,31,-1,12,11,31,-1,31,11,32,-1,9,33,34,-1,9,34,10,-1,10,34,32,-1,10,32,11,-1,9,7,33,-1,33,7,35,-1,1,36,37,-1,1,37,6,-1,6,37,35,-1,6,35,7,-1,1,0,36,-1,36,0,30,-1,
        ]
    }
}
Shape{
    appearance Appearance {
        material  Material 	{
            diffuseColor 1.0 1.0 1.0
            specularColor 0.5019607843137255 0.5019607843137255 0.5019607843137255
            ambientIntensity 1.0
            transparency 0.0
            shininess 0.5
        }
    }
    geometry IndexedFaceSet {
        ccw TRUE
        solid FALSE
        coord DEF co Coordinate {
            point [
                -0.6211 3.9764 1.2546, -0.6207 3.9764 1.2546, -0.6224 3.9764 1.2478, -0.6194 3.9764 1.2482, -0.6236 3.9764 1.2434, -0.618 3.9764 1.2434, -0.6473 3.9764 1.1767, -0.5935 3.9764 1.1771
            ]
        }
        coordIndex [
            0,1,2,-1,2,1,3,-1,2,3,4,-1,4,3,5,-1,4,5,6,-1,6,5,7,-1,
        ]
    }
}
Shape{
    appearance Appearance {
        material  Material 	{
            diffuseColor 0.0 0.0 0.0
            specularColor 0.0 0.0 0.0
            ambientIntensity 0.0
            transparency 0.0
            shininess 0.5
        }
    }
    geometry IndexedFaceSet {
        ccw TRUE
        solid FALSE
        coord DEF co Coordinate {
            point [
                -0.1342 3.9764 0.8826, -0.1341 3.9764 0.8644, -0.1342 3.9764 0.8826, -0.1341 3.9764 0.8644, -0.0687 3.9764 0.8831, -0.0687 3.9764 0.8831, -0.0691 3.9764 0.937, -0.0691 3.9764 0.937, -0.1264 3.9764 0.9365, -0.1264 3.9764 0.9365, -0.1265 3.9764 0.9549, -0.1265 3.9764 0.9549, -0.0692 3.9764 0.9553, -0.0692 3.9764 0.9553, -0.0696 3.9764 1.0065, -0.0696 3.9764 1.0065, -0.1314 3.9764 1.0061, -0.1314 3.9764 1.0061, -0.1315 3.9764 1.0245, -0.1315 3.9764 1.0245, -0.0491 3.9764 1.0251, -0.0491 3.9764 1.0251, -0.0479 3.9764 0.865, -0.0479 3.9764 0.865, -0.2251 3.9764 0.8637, -0.2452 3.9764 0.8636, -0.2252 3.9764 0.8814, -0.2457 3.9764 0.9372, -0.2256 3.9764 0.9364, -0.1819 3.9764 0.9128, -0.1868 3.9764 0.915, -0.2247 3.9764 0.8814, -0.2141 3.9764 0.8844, -0.2215 3.9764 0.8767, -0.2084 3.9764 0.8806, -0.1987 3.9764 0.9177, -0.2255 3.9764 0.9211, -0.2254 3.9764 0.9101, -0.2254 3.9764 0.9088, -0.224 3.9764 0.8999, -0.221 3.9764 0.8927, -0.2167 3.9764 0.8869, -0.225 3.9764 0.9453, -0.244 3.9764 0.9533, -0.223 3.9764 0.9524, -0.2408 3.9764 0.9622, -0.2206 3.9764 0.9566, -0.2367 3.9764 0.9685, -0.2176 3.9764 0.9598, -0.2317 3.9764 0.9732, -0.2141 3.9764 0.9622, -0.2251 3.9764 0.9771, -0.2094 3.9764 0.9638, -0.2167 3.9764 0.9797, -0.2026 3.9764 0.9646, -0.2046 3.9764 0.9809, -0.1908 3.9764 0.9634, -0.1871 3.9764 0.9792, -0.1782 3.9764 0.9593, -0.1717 3.9764 0.9741, -0.165 3.9764 0.951, -0.1652 3.9764 0.9705, -0.1779 3.9764 0.8847, -0.1631 3.9764 0.8705, -0.1795 3.9764 0.883, -0.1698 3.9764 0.8657, -0.1835 3.9764 0.8802, -0.1775 3.9764 0.8627, -0.188 3.9764 0.8785, -0.1895 3.9764 0.8613, -0.1948 3.9764 0.8777, -0.1999 3.9764 0.8623, -0.2023 3.9764 0.8785, -0.208 3.9764 0.8652, -0.2151 3.9764 0.8699, -0.1917 3.9764 0.9319, -0.1758 3.9764 0.928, -0.1793 3.9764 0.9108, -0.1675 3.9764 0.9237, -0.1768 3.9764 0.9078, -0.1614 3.9764 0.9183, -0.175 3.9764 0.9041, -0.1571 3.9764 0.9119, -0.174 3.9764 0.8995, -0.1546 3.9764 0.9046, -0.1738 3.9764 0.8963, -0.1535 3.9764 0.8948, -0.1743 3.9764 0.8917, -0.1544 3.9764 0.8857, -0.1756 3.9764 0.8881, -0.1568 3.9764 0.8789, -0.1609 3.9764 0.8727, -0.2046 3.9764 0.9809, -0.1871 3.9764 0.9792, -0.1717 3.9764 0.9741, -0.1652 3.9764 0.9705, -0.165 3.9764 0.951, -0.1782 3.9764 0.9593, -0.1908 3.9764 0.9634, -0.2026 3.9764 0.9646, -0.2094 3.9764 0.9638, -0.2141 3.9764 0.9622, -0.2176 3.9764 0.9598, -0.2206 3.9764 0.9566, -0.223 3.9764 0.9524, -0.225 3.9764 0.9453, -0.2256 3.9764 0.9364, -0.1917 3.9764 0.9319, -0.1758 3.9764 0.928, -0.1675 3.9764 0.9237, -0.1614 3.9764 0.9183, -0.1571 3.9764 0.9119, -0.1546 3.9764 0.9046, -0.1535 3.9764 0.8948, -0.1544 3.9764 0.8857, -0.1568 3.9764 0.8789, -0.1609 3.9764 0.8727, -0.1631 3.9764 0.8705, -0.1698 3.9764 0.8657, -0.1775 3.9764 0.8627, -0.1895 3.9764 0.8613, -0.1999 3.9764 0.8623, -0.208 3.9764 0.8652, -0.2151 3.9764 0.8699, -0.2215 3.9764 0.8767, -0.2247 3.9764 0.8814, -0.2252 3.9764 0.8814, -0.2251 3.9764 0.8637, -0.2452 3.9764 0.8636, -0.2457 3.9764 0.9372, -0.244 3.9764 0.9533, -0.2408 3.9764 0.9622, -0.2367 3.9764 0.9685, -0.2317 3.9764 0.9732, -0.2251 3.9764 0.9771, -0.2167 3.9764 0.9797, -0.1793 3.9764 0.9108, -0.1819 3.9764 0.9128, -0.1868 3.9764 0.915, -0.1987 3.9764 0.9177, -0.1738 3.9764 0.8963, -0.174 3.9764 0.8995, -0.175 3.9764 0.9041, -0.1768 3.9764 0.9078, -0.1795 3.9764 0.883, -0.1779 3.9764 0.8847, -0.1756 3.9764 0.8881, -0.1743 3.9764 0.8917, -0.1948 3.9764 0.8777, -0.188 3.9764 0.8785, -0.1835 3.9764 0.8802, -0.2167 3.9764 0.8869, -0.2141 3.9764 0.8844, -0.2084 3.9764 0.8806, -0.2023 3.9764 0.8785, -0.2254 3.9764 0.9101, -0.2254 3.9764 0.9088, -0.224 3.9764 0.8999, -0.221 3.9764 0.8927, -0.2255 3.9764 0.9211
            ]
        }
        coordIndex [
            0,1,2,-1,2,1,3,-1,4,0,5,-1,5,0,2,-1,6,4,7,-1,7,4,5,-1,8,6,9,-1,9,6,7,-1,10,8,11,-1,11,8,9,-1,12,10,13,-1,13,10,11,-1,14,12,15,-1,15,12,13,-1,16,14,17,-1,17,14,15,-1,18,16,19,-1,19,16,17,-1,20,18,21,-1,21,18,19,-1,22,20,23,-1,23,20,21,-1,1,22,3,-1,3,22,23,-1,22,1,0,-1,0,4,22,-1,22,4,6,-1,22,6,20,-1,16,18,14,-1,14,18,20,-1,14,20,12,-1,12,20,6,-1,12,6,10,-1,10,6,8,-1,24,25,26,-1,26,25,27,-1,28,29,30,-1,31,32,33,-1,33,32,34,-1,35,36,27,-1,27,36,37,-1,37,38,27,-1,27,38,39,-1,27,39,26,-1,26,39,40,-1,26,40,31,-1,31,40,41,-1,31,41,32,-1,30,35,28,-1,28,35,27,-1,28,27,42,-1,42,27,43,-1,42,43,44,-1,44,43,45,-1,44,45,46,-1,46,45,47,-1,46,47,48,-1,48,47,49,-1,48,49,50,-1,50,49,51,-1,50,51,52,-1,52,51,53,-1,52,53,54,-1,54,53,55,-1,54,55,56,-1,56,55,57,-1,56,57,58,-1,58,57,59,-1,58,59,60,-1,60,59,61,-1,62,63,64,-1,64,63,65,-1,64,65,66,-1,66,65,67,-1,66,67,68,-1,68,67,69,-1,68,69,70,-1,70,69,71,-1,70,71,72,-1,72,71,73,-1,72,73,34,-1,34,73,74,-1,34,74,33,-1,28,75,29,-1,29,75,76,-1,29,76,77,-1,77,76,78,-1,77,78,79,-1,79,78,80,-1,79,80,81,-1,81,80,82,-1,81,82,83,-1,83,82,84,-1,83,84,85,-1,85,84,86,-1,85,86,87,-1,87,86,88,-1,87,88,89,-1,89,88,90,-1,89,90,62,-1,62,90,91,-1,62,91,63,-1,55,92,93,-1,55,93,57,-1,57,93,94,-1,57,94,59,-1,59,94,95,-1,59,95,61,-1,60,61,96,-1,96,61,95,-1,60,96,97,-1,60,97,58,-1,58,97,98,-1,58,98,56,-1,56,98,99,-1,56,99,54,-1,54,99,100,-1,54,100,52,-1,52,100,101,-1,52,101,50,-1,50,101,102,-1,50,102,48,-1,48,102,103,-1,48,103,46,-1,46,103,104,-1,46,104,44,-1,44,104,105,-1,44,105,42,-1,42,105,106,-1,42,106,28,-1,75,28,107,-1,107,28,106,-1,75,107,108,-1,75,108,76,-1,76,108,109,-1,76,109,78,-1,78,109,110,-1,78,110,80,-1,80,110,111,-1,80,111,82,-1,82,111,112,-1,82,112,84,-1,84,112,113,-1,84,113,86,-1,86,113,114,-1,86,114,88,-1,88,114,115,-1,88,115,90,-1,90,115,116,-1,90,116,91,-1,91,116,117,-1,91,117,63,-1,63,117,118,-1,63,118,65,-1,65,118,119,-1,65,119,67,-1,67,119,120,-1,67,120,69,-1,69,120,121,-1,69,121,71,-1,71,121,122,-1,71,122,73,-1,73,122,123,-1,73,123,74,-1,74,123,124,-1,74,124,33,-1,33,124,125,-1,33,125,31,-1,26,31,126,-1,126,31,125,-1,24,26,127,-1,127,26,126,-1,25,24,128,-1,128,24,127,-1,27,25,129,-1,129,25,128,-1,27,129,130,-1,27,130,43,-1,43,130,131,-1,43,131,45,-1,45,131,132,-1,45,132,47,-1,47,132,133,-1,47,133,49,-1,49,133,134,-1,49,134,51,-1,51,134,135,-1,51,135,53,-1,53,135,92,-1,53,92,55,-1,77,136,137,-1,77,137,29,-1,29,137,138,-1,29,138,30,-1,30,138,139,-1,30,139,35,-1,85,140,141,-1,85,141,83,-1,83,141,142,-1,83,142,81,-1,81,142,143,-1,81,143,79,-1,79,143,136,-1,79,136,77,-1,64,144,145,-1,64,145,62,-1,62,145,146,-1,62,146,89,-1,89,146,147,-1,89,147,87,-1,87,147,140,-1,87,140,85,-1,70,148,149,-1,70,149,68,-1,68,149,150,-1,68,150,66,-1,66,150,144,-1,66,144,64,-1,41,151,152,-1,41,152,32,-1,32,152,153,-1,32,153,34,-1,34,153,154,-1,34,154,72,-1,72,154,148,-1,72,148,70,-1,37,155,156,-1,37,156,38,-1,38,156,157,-1,38,157,39,-1,39,157,158,-1,39,158,40,-1,40,158,151,-1,40,151,41,-1,37,36,155,-1,155,36,159,-1,36,35,159,-1,159,35,139,-1,
        ]
    }
}
Shape{
    appearance Appearance {
        material  Material 	{
            diffuseColor 1.0 1.0 1.0
            specularColor 0.5019607843137255 0.5019607843137255 0.5019607843137255
            ambientIntensity 1.0
            transparency 0.0
            shininess 0.5
        }
    }
    geometry IndexedFaceSet {
        ccw TRUE
        solid FALSE
        coord DEF co Coordinate {
            point [
                -0.2254 3.9764 0.9088, -0.2254 3.9764 0.9101, -0.1793 3.9764 0.9108, -0.2255 3.9764 0.9211, -0.1987 3.9764 0.9177, -0.1868 3.9764 0.915, -0.1819 3.9764 0.9128, -0.224 3.9764 0.8999, -0.1768 3.9764 0.9078, -0.221 3.9764 0.8927, -0.1779 3.9764 0.8847, -0.1795 3.9764 0.883, -0.2141 3.9764 0.8844, -0.1756 3.9764 0.8881, -0.2084 3.9764 0.8806, -0.2023 3.9764 0.8785, -0.1948 3.9764 0.8777, -0.175 3.9764 0.9041, -0.174 3.9764 0.8995, -0.2167 3.9764 0.8869, -0.1738 3.9764 0.8963, -0.1743 3.9764 0.8917, -0.1835 3.9764 0.8802, -0.188 3.9764 0.8785
            ]
        }
        coordIndex [
            0,1,2,-1,1,3,4,-1,4,5,1,-1,1,5,6,-1,1,6,2,-1,0,2,7,-1,7,2,8,-1,7,8,9,-1,10,11,12,-1,10,12,13,-1,14,12,15,-1,15,12,16,-1,8,17,9,-1,9,17,18,-1,9,18,19,-1,19,18,20,-1,19,20,12,-1,12,20,21,-1,12,21,13,-1,11,22,12,-1,12,22,23,-1,12,23,16,-1,
        ]
    }
}
Shape{
    appearance Appearance {
        material  Material 	{
            diffuseColor 0.0 0.0 0.0
            specularColor 0.0 0.0 0.0
            ambientIntensity 0.0
            transparency 0.0
            shininess 0.5
        }
    }
    geometry IndexedFaceSet {
        ccw TRUE
        solid FALSE
        coord DEF co Coordinate {
            point [
                -0.2725 3.9764 0.8881, -0.2725 3.9764 0.8881, -0.2793 3.9764 0.8837, -0.3054 3.9764 0.8768, -0.3054 3.9764 0.8768, -0.2918 3.9764 0.8787, -0.2918 3.9764 0.8787, -0.2825 3.9764 0.8824, -0.2793 3.9764 0.8837, -0.2724 3.9764 0.8674, -0.2724 3.9764 0.8674, -0.2859 3.9764 0.8625, -0.2825 3.9764 0.8637, -0.2859 3.9764 0.8625, -0.3029 3.9764 0.8605, -0.3033 3.9764 0.8605, -0.3033 3.9764 0.8605, -0.3039 3.9764 0.8605, -0.32 3.9764 0.8621, -0.32 3.9764 0.8621, -0.3309 3.9764 0.8659, -0.3309 3.9764 0.8659, -0.3367 3.9764 0.8693, -0.3367 3.9764 0.8693, -0.3425 3.9764 0.8743, -0.3425 3.9764 0.8743, -0.3463 3.9764 0.8796, -0.3463 3.9764 0.8796, -0.3488 3.9764 0.8859, -0.3488 3.9764 0.8859, -0.3498 3.9764 0.8939, -0.3498 3.9764 0.8939, -0.349 3.9764 0.9014, -0.349 3.9764 0.9014, -0.3469 3.9764 0.9074, -0.3469 3.9764 0.9074, -0.3432 3.9764 0.9129, -0.3432 3.9764 0.9129, -0.3385 3.9764 0.9172, -0.3385 3.9764 0.9172, -0.3252 3.9764 0.9247, -0.3252 3.9764 0.9247, -0.3175 3.9764 0.9279, -0.3175 3.9764 0.9279, -0.3051 3.9764 0.9334, -0.3051 3.9764 0.9334, -0.298 3.9764 0.9379, -0.298 3.9764 0.9379, -0.2961 3.9764 0.94, -0.2961 3.9764 0.94, -0.2947 3.9764 0.9427, -0.2947 3.9764 0.9427, -0.2939 3.9764 0.9459, -0.2939 3.9764 0.9459, -0.2937 3.9764 0.9485, -0.2937 3.9764 0.9485, -0.2941 3.9764 0.9517, -0.2941 3.9764 0.9517, -0.2951 3.9764 0.9544, -0.2951 3.9764 0.9544, -0.2969 3.9764 0.957, -0.2969 3.9764 0.957, -0.2999 3.9764 0.9596, -0.2999 3.9764 0.9596, -0.3044 3.9764 0.962, -0.3044 3.9764 0.962, -0.3098 3.9764 0.9634, -0.3098 3.9764 0.9634, -0.3157 3.9764 0.9638, -0.3157 3.9764 0.9638, -0.3299 3.9764 0.9619, -0.3299 3.9764 0.9619, -0.3412 3.9764 0.9574, -0.3412 3.9764 0.9574, -0.3447 3.9764 0.9553, -0.3447 3.9764 0.9553, -0.3449 3.9764 0.9748, -0.3449 3.9764 0.9748, -0.3305 3.9764 0.979, -0.3305 3.9764 0.979, -0.3178 3.9764 0.9801, -0.3178 3.9764 0.9801, -0.3024 3.9764 0.9784, -0.3024 3.9764 0.9784, -0.2915 3.9764 0.9744, -0.2915 3.9764 0.9744, -0.2861 3.9764 0.9712, -0.2861 3.9764 0.9712, -0.2801 3.9764 0.9659, -0.2825 3.9764 0.968, -0.2801 3.9764 0.9659, -0.2763 3.9764 0.9605, -0.2763 3.9764 0.9605, -0.2739 3.9764 0.9541, -0.2739 3.9764 0.9541, -0.273 3.9764 0.9469, -0.273 3.9764 0.9469, -0.2739 3.9764 0.9391, -0.2739 3.9764 0.9391, -0.276 3.9764 0.933, -0.276 3.9764 0.933, -0.2786 3.9764 0.9288, -0.2786 3.9764 0.9288, -0.3032 3.9764 0.9134, -0.3032 3.9764 0.9134, -0.2913 3.9764 0.919, -0.2819 3.9764 0.9253, -0.2819 3.9764 0.9253, -0.2825 3.9764 0.9249, -0.2913 3.9764 0.919, -0.3163 3.9764 0.9078, -0.3163 3.9764 0.9078, -0.3241 3.9764 0.903, -0.3241 3.9764 0.903, -0.3266 3.9764 0.9004, -0.3266 3.9764 0.9004, -0.3281 3.9764 0.8978, -0.3281 3.9764 0.8978, -0.329 3.9764 0.8946, -0.329 3.9764 0.8946, -0.3292 3.9764 0.8921, -0.3292 3.9764 0.8921, -0.3287 3.9764 0.8883, -0.3287 3.9764 0.8883, -0.3277 3.9764 0.8855, -0.3277 3.9764 0.8855, -0.3259 3.9764 0.8829, -0.3259 3.9764 0.8829, -0.3236 3.9764 0.8809, -0.3236 3.9764 0.8809, -0.3218 3.9764 0.8798, -0.3218 3.9764 0.8798, -0.3166 3.9764 0.8779, -0.3166 3.9764 0.8779, -0.3063 3.9764 0.8768, -0.3063 3.9764 0.8768, -0.4498 3.9764 0.9765, -0.4706 3.9764 0.9764, -0.4498 3.9764 0.9765, -0.4706 3.9764 0.9764, -0.418 3.9764 0.8906, -0.418 3.9764 0.8906, -0.4164 3.9764 0.8853, -0.4164 3.9764 0.8853, -0.4154 3.9764 0.8814, -0.4154 3.9764 0.8814, -0.4149 3.9764 0.8814, -0.4149 3.9764 0.8814, -0.4125 3.9764 0.8908, -0.4125 3.9764 0.8908, -0.3833 3.9764 0.977, -0.3833 3.9764 0.977, -0.394 3.9764 0.9454, -0.3608 3.9764 0.9771, -0.3608 3.9764 0.9771, -0.4049 3.9764 0.8627, -0.4049 3.9764 0.8627, -0.394 3.9764 0.891, -0.3959 3.9764 0.842, -0.3959 3.9764 0.842, -0.4039 3.9764 0.8605, -0.394 3.9764 0.8385, -0.392 3.9764 0.8348, -0.392 3.9764 0.8348, -0.3911 3.9764 0.8339, -0.3882 3.9764 0.8306, -0.3882 3.9764 0.8306, -0.3845 3.9764 0.8281, -0.3845 3.9764 0.8281, -0.3801 3.9764 0.8265, -0.3801 3.9764 0.8265, -0.3753 3.9764 0.826, -0.3753 3.9764 0.826, -0.368 3.9764 0.827, -0.368 3.9764 0.827, -0.3639 3.9764 0.8283, -0.3639 3.9764 0.8283, -0.3638 3.9764 0.8105, -0.3638 3.9764 0.8105, -0.3723 3.9764 0.809, -0.3723 3.9764 0.809, -0.3767 3.9764 0.8088, -0.3767 3.9764 0.8088, -0.3848 3.9764 0.8096, -0.3848 3.9764 0.8096, -0.3927 3.9764 0.8126, -0.3927 3.9764 0.8126, -0.394 3.9764 0.8135, -0.3998 3.9764 0.8174, -0.4178 3.9764 0.8451, -0.4178 3.9764 0.8451, -0.4119 3.9764 0.8339, -0.4086 3.9764 0.8275, -0.4086 3.9764 0.8275, -0.4012 3.9764 0.8187, -0.4012 3.9764 0.8187, -0.3998 3.9764 0.8174, -0.424 3.9764 0.8605, -0.5777 3.9764 0.8795, -0.5775 3.9764 0.8612, -0.5777 3.9764 0.8795, -0.5775 3.9764 0.8612, -0.5122 3.9764 0.8799, -0.5122 3.9764 0.8799, -0.5442 3.9764 0.8797, -0.5126 3.9764 0.9338, -0.5126 3.9764 0.9338, -0.5699 3.9764 0.9334, -0.5699 3.9764 0.9334, -0.5442 3.9764 0.9336, -0.57 3.9764 0.9517, -0.57 3.9764 0.9517, -0.5127 3.9764 0.9521, -0.5127 3.9764 0.9521, -0.5442 3.9764 0.9519, -0.5131 3.9764 1.0034, -0.5131 3.9764 1.0034, -0.5749 3.9764 1.003, -0.5749 3.9764 1.003, -0.5442 3.9764 1.0032, -0.575 3.9764 1.0214, -0.575 3.9764 1.0214, -0.4925 3.9764 1.022, -0.4925 3.9764 1.022, -0.5442 3.9764 1.0216, -0.4914 3.9764 0.8618, -0.4914 3.9764 0.8618, -0.5442 3.9764 0.8615, -0.6743 3.9764 1.0, -0.6582 3.9764 1.0207, -0.6537 3.9764 1.0024, -0.6546 3.9764 1.0208, -0.6295 3.9764 1.0026, -0.6089 3.9764 1.0211, -0.6286 3.9764 0.8791, -0.6078 3.9764 0.861, -0.6518 3.9764 0.8789, -0.6518 3.9764 0.8607, -0.6738 3.9764 0.8814, -0.6788 3.9764 0.8637, -0.6871 3.9764 0.8864, -0.6972 3.9764 0.8707, -0.6975 3.9764 0.8934, -0.7142 3.9764 0.8827, -0.6996 3.9764 0.8953, -0.7079 3.9764 0.9057, -0.725 3.9764 0.895, -0.7134 3.9764 0.9177, -0.7335 3.9764 0.9113, -0.7165 3.9764 0.9325, -0.7379 3.9764 0.9296, -0.717 3.9764 0.9418, -0.7387 3.9764 0.9422, -0.7153 3.9764 0.9594, -0.7363 3.9764 0.9641, -0.7112 3.9764 0.9718, -0.7305 3.9764 0.9794, -0.7054 3.9764 0.9812, -0.7207 3.9764 0.9935, -0.6998 3.9764 0.987, -0.715 3.9764 0.9992, -0.6881 3.9764 0.9949, -0.7011 3.9764 1.0092, -0.6822 3.9764 1.0171, -0.6518 3.9764 0.8607, -0.6078 3.9764 0.861, -0.6788 3.9764 0.8637, -0.6972 3.9764 0.8707, -0.7142 3.9764 0.8827, -0.725 3.9764 0.895, -0.7335 3.9764 0.9113, -0.7379 3.9764 0.9296, -0.7387 3.9764 0.9422, -0.7363 3.9764 0.9641, -0.7305 3.9764 0.9794, -0.7207 3.9764 0.9935, -0.715 3.9764 0.9992, -0.7011 3.9764 1.0092, -0.6822 3.9764 1.0171, -0.6582 3.9764 1.0207, -0.6546 3.9764 1.0208, -0.6089 3.9764 1.0211, -0.6537 3.9764 1.0024, -0.6295 3.9764 1.0026, -0.6286 3.9764 0.8791, -0.6518 3.9764 0.8789, -0.6996 3.9764 0.8953, -0.6975 3.9764 0.8934, -0.6871 3.9764 0.8864, -0.6738 3.9764 0.8814, -0.717 3.9764 0.9418, -0.7165 3.9764 0.9325, -0.7134 3.9764 0.9177, -0.7079 3.9764 0.9057, -0.6998 3.9764 0.987, -0.7054 3.9764 0.9812, -0.7112 3.9764 0.9718, -0.7153 3.9764 0.9594, -0.6743 3.9764 1.0, -0.6881 3.9764 0.9949
            ]
        }
        coordIndex [
            0,1,2,-1,3,4,5,-1,3,5,6,-1,6,5,7,-1,6,7,2,-1,2,7,8,-1,2,8,0,-1,9,1,10,-1,10,1,0,-1,11,9,12,-1,12,9,10,-1,12,13,11,-1,11,13,14,-1,11,14,15,-1,15,14,16,-1,15,16,17,-1,15,17,18,-1,17,19,18,-1,18,19,20,-1,18,20,21,-1,21,20,22,-1,21,22,23,-1,23,22,24,-1,23,24,25,-1,25,24,26,-1,25,26,27,-1,27,26,28,-1,27,28,29,-1,29,28,30,-1,29,30,31,-1,31,30,32,-1,31,32,33,-1,33,32,34,-1,33,34,35,-1,35,34,36,-1,35,36,37,-1,37,36,38,-1,37,38,39,-1,39,38,40,-1,39,40,41,-1,41,40,42,-1,41,42,43,-1,43,42,44,-1,43,44,45,-1,45,44,46,-1,45,46,47,-1,47,46,48,-1,47,48,49,-1,49,48,50,-1,49,50,51,-1,51,50,52,-1,51,52,53,-1,53,52,54,-1,53,54,55,-1,55,54,56,-1,55,56,57,-1,57,56,58,-1,57,58,59,-1,59,58,60,-1,59,60,61,-1,61,60,62,-1,61,62,63,-1,63,62,64,-1,63,64,65,-1,65,64,66,-1,65,66,67,-1,67,66,68,-1,67,68,69,-1,69,68,70,-1,69,70,71,-1,71,70,72,-1,71,72,73,-1,73,72,74,-1,73,74,75,-1,76,75,77,-1,77,75,74,-1,76,77,78,-1,76,78,79,-1,79,78,80,-1,79,80,81,-1,81,80,82,-1,81,82,83,-1,83,82,84,-1,83,84,85,-1,85,84,86,-1,85,86,87,-1,88,87,89,-1,89,87,86,-1,89,90,88,-1,88,90,91,-1,88,91,92,-1,92,91,93,-1,92,93,94,-1,94,93,95,-1,94,95,96,-1,96,95,97,-1,96,97,98,-1,98,97,99,-1,98,99,100,-1,100,99,101,-1,100,101,102,-1,103,104,105,-1,102,101,106,-1,102,106,107,-1,107,106,108,-1,107,108,105,-1,105,108,109,-1,105,109,103,-1,104,103,110,-1,104,110,111,-1,111,110,112,-1,111,112,113,-1,113,112,114,-1,113,114,115,-1,115,114,116,-1,115,116,117,-1,117,116,118,-1,117,118,119,-1,119,118,120,-1,119,120,121,-1,121,120,122,-1,121,122,123,-1,123,122,124,-1,123,124,125,-1,125,124,126,-1,125,126,127,-1,127,126,128,-1,127,128,129,-1,129,128,130,-1,129,130,131,-1,131,130,132,-1,131,132,133,-1,133,132,134,-1,133,134,135,-1,135,134,4,-1,135,4,3,-1,61,63,85,-1,85,63,83,-1,111,43,104,-1,104,43,45,-1,15,3,11,-1,11,3,6,-1,11,6,9,-1,9,6,2,-1,9,2,1,-1,63,65,83,-1,83,65,67,-1,83,67,81,-1,81,67,69,-1,81,69,79,-1,79,69,71,-1,79,71,76,-1,76,71,73,-1,76,73,75,-1,21,23,127,-1,127,23,25,-1,127,25,125,-1,125,25,27,-1,125,27,123,-1,123,27,29,-1,123,29,121,-1,121,29,31,-1,121,31,119,-1,119,31,33,-1,119,33,117,-1,117,33,35,-1,117,35,115,-1,115,35,37,-1,115,37,113,-1,113,37,39,-1,113,39,111,-1,111,39,41,-1,111,41,43,-1,127,129,21,-1,21,129,131,-1,21,131,18,-1,18,131,133,-1,18,133,15,-1,15,133,135,-1,15,135,3,-1,85,87,61,-1,61,87,88,-1,61,88,59,-1,59,88,92,-1,59,92,57,-1,57,92,94,-1,57,94,55,-1,55,94,96,-1,55,96,53,-1,53,96,98,-1,53,98,51,-1,51,98,100,-1,51,100,49,-1,49,100,102,-1,49,102,47,-1,47,102,107,-1,47,107,45,-1,45,107,105,-1,45,105,104,-1,136,137,138,-1,138,137,139,-1,140,136,141,-1,141,136,138,-1,140,141,142,-1,140,142,143,-1,143,142,144,-1,143,144,145,-1,146,145,147,-1,147,145,144,-1,148,146,149,-1,149,146,147,-1,150,151,152,-1,152,151,148,-1,152,148,149,-1,153,151,154,-1,154,151,150,-1,155,156,157,-1,157,156,153,-1,157,153,154,-1,158,159,160,-1,160,159,156,-1,160,156,155,-1,159,158,161,-1,159,161,162,-1,161,163,162,-1,162,163,164,-1,162,164,165,-1,164,166,165,-1,165,166,167,-1,165,167,168,-1,168,167,169,-1,168,169,170,-1,170,169,171,-1,170,171,172,-1,172,171,173,-1,172,173,174,-1,174,173,175,-1,174,175,176,-1,177,176,178,-1,178,176,175,-1,177,178,179,-1,177,179,180,-1,180,179,181,-1,180,181,182,-1,182,181,183,-1,182,183,184,-1,184,183,185,-1,184,185,186,-1,186,185,187,-1,186,187,188,-1,189,190,191,-1,191,190,192,-1,191,192,193,-1,193,192,194,-1,193,194,195,-1,195,194,188,-1,195,188,196,-1,196,188,187,-1,139,137,197,-1,197,137,190,-1,197,190,189,-1,143,145,190,-1,137,136,190,-1,190,136,140,-1,190,140,143,-1,151,153,148,-1,148,153,156,-1,148,156,146,-1,192,162,194,-1,194,162,165,-1,176,177,174,-1,174,177,180,-1,174,180,172,-1,172,180,182,-1,172,182,170,-1,170,182,184,-1,170,184,168,-1,168,184,186,-1,168,186,165,-1,165,186,188,-1,165,188,194,-1,145,146,190,-1,190,146,156,-1,190,156,192,-1,192,156,159,-1,192,159,162,-1,198,199,200,-1,200,199,201,-1,202,203,204,-1,204,203,198,-1,204,198,200,-1,205,203,206,-1,206,203,202,-1,207,208,209,-1,209,208,205,-1,209,205,206,-1,210,208,211,-1,211,208,207,-1,212,213,214,-1,214,213,210,-1,214,210,211,-1,215,213,216,-1,216,213,212,-1,217,218,219,-1,219,218,215,-1,219,215,216,-1,220,218,221,-1,221,218,217,-1,222,223,224,-1,224,223,220,-1,224,220,221,-1,225,223,226,-1,226,223,222,-1,201,199,227,-1,227,199,225,-1,227,225,226,-1,225,199,198,-1,198,203,225,-1,225,203,205,-1,225,205,223,-1,218,220,215,-1,215,220,223,-1,215,223,213,-1,213,223,205,-1,213,205,210,-1,210,205,208,-1,228,229,230,-1,230,229,231,-1,230,231,232,-1,232,231,233,-1,232,233,234,-1,234,233,235,-1,234,235,236,-1,236,235,237,-1,236,237,238,-1,238,237,239,-1,238,239,240,-1,240,239,241,-1,240,241,242,-1,242,241,243,-1,242,243,244,-1,244,243,245,-1,245,243,246,-1,245,246,247,-1,247,246,248,-1,247,248,249,-1,249,248,250,-1,249,250,251,-1,251,250,252,-1,251,252,253,-1,253,252,254,-1,253,254,255,-1,255,254,256,-1,255,256,257,-1,257,256,258,-1,257,258,259,-1,259,258,260,-1,259,260,261,-1,261,260,262,-1,261,262,228,-1,228,262,263,-1,228,263,229,-1,237,235,264,-1,264,235,265,-1,237,264,266,-1,237,266,239,-1,239,266,267,-1,239,267,241,-1,241,267,268,-1,241,268,243,-1,243,268,269,-1,243,269,246,-1,246,269,270,-1,246,270,248,-1,248,270,271,-1,248,271,250,-1,250,271,272,-1,250,272,252,-1,252,272,273,-1,252,273,254,-1,254,273,274,-1,254,274,256,-1,256,274,275,-1,256,275,258,-1,258,275,276,-1,258,276,260,-1,260,276,277,-1,260,277,262,-1,262,277,278,-1,262,278,263,-1,263,278,279,-1,263,279,229,-1,229,279,280,-1,229,280,231,-1,233,231,281,-1,281,231,280,-1,235,233,265,-1,265,233,281,-1,230,232,282,-1,282,232,283,-1,232,234,283,-1,283,234,284,-1,234,236,284,-1,284,236,285,-1,244,286,287,-1,244,287,242,-1,242,287,288,-1,242,288,240,-1,240,288,289,-1,240,289,238,-1,238,289,285,-1,238,285,236,-1,251,290,291,-1,251,291,249,-1,249,291,292,-1,249,292,247,-1,247,292,293,-1,247,293,245,-1,245,293,286,-1,245,286,244,-1,259,294,295,-1,259,295,257,-1,257,295,296,-1,257,296,255,-1,255,296,297,-1,255,297,253,-1,253,297,290,-1,253,290,251,-1,230,282,298,-1,230,298,228,-1,228,298,299,-1,228,299,261,-1,261,299,294,-1,261,294,259,-1,
        ]
    }
}
Shape{
    appearance Appearance {
        material  Material 	{
            diffuseColor 1.0 1.0 1.0
            specularColor 0.5019607843137255 0.5019607843137255 0.5019607843137255
            ambientIntensity 1.0
            transparency 0.0
            shininess 0.5
        }
    }
    geometry IndexedFaceSet {
        ccw TRUE
        solid FALSE
        coord DEF co Coordinate {
            point [
                -0.6295 3.9764 1.0026, -0.6286 3.9764 0.8791, -0.6537 3.9764 1.0024, -0.6518 3.9764 0.8789, -0.6738 3.9764 0.8814, -0.6871 3.9764 0.8864, -0.6975 3.9764 0.8934, -0.6996 3.9764 0.8953, -0.7165 3.9764 0.9325, -0.717 3.9764 0.9418, -0.7153 3.9764 0.9594, -0.7112 3.9764 0.9718, -0.7054 3.9764 0.9812, -0.6998 3.9764 0.987, -0.6743 3.9764 1.0, -0.6881 3.9764 0.9949, -0.7079 3.9764 0.9057, -0.7134 3.9764 0.9177
            ]
        }
        coordIndex [
            0,1,2,-1,2,1,3,-1,2,3,4,-1,4,5,2,-1,2,5,6,-1,2,6,7,-1,8,9,2,-1,2,9,10,-1,2,10,11,-1,11,12,2,-1,2,12,13,-1,2,13,14,-1,14,13,15,-1,7,16,2,-1,2,16,17,-1,2,17,8,-1,
        ]
    }
}
Shape{
    appearance Appearance {
        material  Material 	{
            diffuseColor 0.0 0.0 0.0
            specularColor 0.0 0.0 0.0
            ambientIntensity 0.0
            transparency 0.0
            shininess 0.5
        }
    }
    geometry IndexedFaceSet {
        ccw TRUE
        solid FALSE
        coord DEF co Coordinate {
            point [
                -0.7923 3.9764 0.9216, -0.8167 3.9764 0.988, -0.8092 3.9764 1.0197, -0.747 3.9764 0.86, -0.7699 3.9764 0.8599, -0.7856 3.9764 0.9035, -0.8181 3.9764 0.9927, -0.8194 3.9764 0.9992, -0.8313 3.9764 1.0196, -0.8199 3.9764 0.9992, -0.8211 3.9764 0.9924, -0.8223 3.9764 0.9879, -0.846 3.9764 0.9212, -0.8911 3.9764 0.859, -0.8683 3.9764 0.8592, -0.8523 3.9764 0.9031, -0.8313 3.9764 1.0196, -0.8906 3.9764 0.8605, -0.8911 3.9764 0.859, -0.8092 3.9764 1.0197, -0.747 3.9764 0.86, -0.7472 3.9764 0.8605, -0.7699 3.9764 0.8599, -0.7856 3.9764 0.9035, -0.7701 3.9764 0.8605, -0.8523 3.9764 0.9031, -0.8683 3.9764 0.8592, -0.8678 3.9764 0.8605, -0.7923 3.9764 0.9216, -0.846 3.9764 0.9212, -0.8223 3.9764 0.9879, -0.8199 3.9764 0.9992, -0.8211 3.9764 0.9924, -0.8194 3.9764 0.9992, -0.8167 3.9764 0.988, -0.8181 3.9764 0.9927
            ]
        }
        coordIndex [
            0,1,2,-1,3,4,5,-1,1,6,2,-1,2,6,7,-1,2,7,8,-1,8,7,9,-1,8,9,10,-1,10,11,8,-1,8,11,12,-1,8,12,13,-1,14,13,15,-1,15,13,12,-1,15,12,5,-1,5,12,0,-1,5,0,3,-1,3,0,2,-1,16,8,17,-1,17,8,13,-1,17,13,18,-1,2,8,19,-1,19,8,16,-1,20,3,21,-1,21,3,2,-1,21,2,19,-1,4,3,22,-1,22,3,20,-1,23,5,24,-1,24,5,4,-1,24,4,22,-1,15,5,25,-1,25,5,23,-1,26,14,27,-1,27,14,15,-1,27,15,25,-1,13,14,18,-1,18,14,26,-1,0,12,28,-1,28,12,29,-1,12,11,29,-1,29,11,30,-1,9,31,32,-1,9,32,10,-1,10,32,30,-1,10,30,11,-1,9,7,31,-1,31,7,33,-1,1,34,35,-1,1,35,6,-1,6,35,33,-1,6,33,7,-1,1,0,34,-1,34,0,28,-1,
        ]
    }
}
Shape{
    appearance Appearance {
        material  Material 	{
            diffuseColor 1.0 1.0 1.0
            specularColor 0.5019607843137255 0.5019607843137255 0.5019607843137255
            ambientIntensity 1.0
            transparency 0.0
            shininess 0.5
        }
    }
    geometry IndexedFaceSet {
        ccw TRUE
        solid FALSE
        coord DEF co Coordinate {
            point [
                -0.8199 3.9764 0.9992, -0.8194 3.9764 0.9992, -0.8211 3.9764 0.9924, -0.8181 3.9764 0.9927, -0.8223 3.9764 0.9879, -0.8167 3.9764 0.988, -0.846 3.9764 0.9212, -0.7923 3.9764 0.9216
            ]
        }
        coordIndex [
            0,1,2,-1,2,1,3,-1,2,3,4,-1,4,3,5,-1,4,5,6,-1,6,5,7,-1,
        ]
    }
}
Shape{
    appearance Appearance {
        material  Material 	{
            diffuseColor 0.0 0.0 0.0
            specularColor 0.0 0.0 0.0
            ambientIntensity 0.0
            transparency 0.0
            shininess 0.5
        }
    }
    geometry IndexedFaceSet {
        ccw TRUE
        solid FALSE
        coord DEF co Coordinate {
            point [
                0.6594 3.9764 0.8472, 0.6426 3.9764 0.8262, 0.669 3.9764 0.9481, 0.2883 3.9764 1.0012, 0.3232 3.9764 1.0618, 0.4763 3.9764 0.9831, 0.5536 3.9764 0.9496, 0.5431 3.9764 0.9458, 0.6875 3.9764 1.146, 0.6621 3.9764 1.1593, 0.6675 3.9764 1.2294, 0.5964 3.9764 1.2322, 0.5617 3.9764 1.1488, 0.544 3.9764 1.1848, 0.6937 3.9764 0.9635, 0.6851 3.9764 0.8762, 0.6707 3.9764 0.8718, 0.6226 3.9764 1.2347, 0.534 3.9764 0.9395, 0.5267 3.9764 0.9313, 0.4483 3.9764 0.918, 0.5743 3.9764 0.9494, 0.5887 3.9764 1.0193, 0.5842 3.9764 0.9455, 0.6139 3.9764 1.0098, 0.5932 3.9764 0.9393, 0.6373 3.9764 0.9938, 0.5977 3.9764 0.9345, 0.6563 3.9764 0.9724, 0.6037 3.9764 0.9252, 0.6071 3.9764 0.9145, 0.6077 3.9764 0.9034, 0.5202 3.9764 1.0145, 0.5477 3.9764 1.0215, 0.5615 3.9764 1.0225, 0.25 3.9764 1.1136, 0.2409 3.9764 1.1135, 0.1937 3.9764 1.1747, 0.2192 3.9764 1.1107, 0.1882 3.9764 1.1728, 0.1994 3.9764 1.1029, 0.1545 3.9764 1.1557, 0.1238 3.9764 1.1294, 0.5729 3.9764 1.2592, 0.5183 3.9764 1.2151, 0.546 3.9764 1.2819, 0.4876 3.9764 1.2371, 0.518 3.9764 1.299, 0.6339 3.9764 1.1658, 0.6219 3.9764 1.1663, 0.6095 3.9764 1.2339, 0.5951 3.9764 1.1628, 0.5696 3.9764 1.1533, 0.5218 3.9764 0.9219, 0.5193 3.9764 0.9113, 0.4484 3.9764 0.9066, 0.5193 3.9764 0.9009, 0.4491 3.9764 0.8947, 0.125 3.9764 0.9169, 0.1777 3.9764 0.9625, 0.1561 3.9764 0.8909, 0.1946 3.9764 0.9489, 0.191 3.9764 0.8741, 0.2147 3.9764 0.9397, 0.229 3.9764 0.8664, 0.2353 3.9764 0.9359, 0.2961 3.9764 0.8669, 0.2865 3.9764 0.9362, 0.3025 3.9764 0.8679, 0.5631 3.9764 0.9507, 0.4961 3.9764 1.0014, 0.1818 3.9764 1.0904, 0.1689 3.9764 1.0758, 0.1007 3.9764 1.0969, 0.1584 3.9764 1.0561, 0.087 3.9764 1.062, 0.1532 3.9764 1.0342, 0.0821 3.9764 1.0247, 0.1527 3.9764 1.0241, 0.0876 3.9764 0.9842, 0.1556 3.9764 1.0019, 0.1021 3.9764 0.9482, 0.1636 3.9764 0.9817, 0.1762 3.9764 0.964, 0.2546 3.9764 1.2651, 0.2996 3.9764 1.2131, 0.2171 3.9764 1.221, 0.2741 3.9764 1.1823, 0.2568 3.9764 1.1455, 0.733 3.9764 1.0809, 0.8079 3.9764 1.0624, 0.7366 3.9764 1.0533, 0.8083 3.9764 1.0515, 0.7353 3.9764 1.0356, 0.8031 3.9764 1.0069, 0.7273 3.9764 1.0077, 0.7871 3.9764 0.9644, 0.714 3.9764 0.9847, 0.7614 3.9764 0.9271, 0.7261 3.9764 0.8965, 0.6057 3.9764 0.8927, 0.6013 3.9764 0.8831, 0.4654 3.9764 1.3188, 0.4503 3.9764 1.2519, 0.409 3.9764 1.3254, 0.4084 3.9764 1.2571, 0.361 3.9764 1.3199, 0.3697 3.9764 1.252, 0.3041 3.9764 1.2991, 0.3341 3.9764 1.2381, 0.3023 3.9764 1.2156, 0.7098 3.9764 1.2134, 0.7462 3.9764 1.1882, 0.7071 3.9764 1.1288, 0.7539 3.9764 1.1809, 0.723 3.9764 1.1062, 0.7815 3.9764 1.146, 0.8 3.9764 1.1052, 0.456 3.9764 0.8666, 0.5221 3.9764 0.89, 0.4697 3.9764 0.8414, 0.5275 3.9764 0.8803, 0.4872 3.9764 0.822, 0.5337 3.9764 0.8733, 0.51 3.9764 0.8064, 0.5424 3.9764 0.8672, 0.5355 3.9764 0.7968, 0.5523 3.9764 0.8633, 0.5631 3.9764 0.7936, 0.5637 3.9764 0.8619, 0.5674 3.9764 0.7937, 0.5657 3.9764 0.862, 0.5943 3.9764 0.7981, 0.5759 3.9764 0.8637, 0.6205 3.9764 0.8093, 0.5861 3.9764 0.8682, 0.5948 3.9764 0.875, 0.2922 3.9764 0.9373, 0.32 3.9764 0.879, 0.3174 3.9764 0.8763, 0.2888 3.9764 0.9366, 0.31 3.9764 0.871, 0.3289 3.9764 0.9024, 0.3279 3.9764 0.8939, 0.3249 3.9764 0.8862, 0.3022 3.9764 0.9364, 0.31 3.9764 0.9333, 0.3286 3.9764 0.9069, 0.3171 3.9764 0.9284, 0.3218 3.9764 0.9233, 0.3262 3.9764 0.9155, 0.2934 3.9764 0.9374, 0.0821 3.9764 1.0247, 0.087 3.9764 1.062, 0.0901 3.9764 1.0698, 0.1007 3.9764 1.0969, 0.114 3.9764 1.1156, 0.1238 3.9764 1.1294, 0.1545 3.9764 1.1557, 0.1882 3.9764 1.1728, 0.1937 3.9764 1.1747, 0.2171 3.9764 1.221, 0.2546 3.9764 1.2651, 0.2739 3.9764 1.2783, 0.3041 3.9764 1.2991, 0.361 3.9764 1.3199, 0.409 3.9764 1.3254, 0.4654 3.9764 1.3188, 0.518 3.9764 1.299, 0.546 3.9764 1.2819, 0.5964 3.9764 1.2322, 0.5503 3.9764 1.2783, 0.5729 3.9764 1.2592, 0.6095 3.9764 1.2339, 0.6226 3.9764 1.2347, 0.6675 3.9764 1.2294, 0.7098 3.9764 1.2134, 0.7462 3.9764 1.1882, 0.7539 3.9764 1.1809, 0.8083 3.9764 1.0515, 0.7815 3.9764 1.146, 0.7953 3.9764 1.1156, 0.8 3.9764 1.1052, 0.8066 3.9764 1.0698, 0.8079 3.9764 1.0624, 0.8031 3.9764 1.0069, 0.7871 3.9764 0.9644, 0.7614 3.9764 0.9271, 0.7261 3.9764 0.8965, 0.6851 3.9764 0.8762, 0.6707 3.9764 0.8718, 0.6655 3.9764 0.8605, 0.6594 3.9764 0.8472, 0.6487 3.9764 0.8339, 0.6426 3.9764 0.8262, 0.6205 3.9764 0.8093, 0.5943 3.9764 0.7981, 0.5674 3.9764 0.7937, 0.5631 3.9764 0.7936, 0.5355 3.9764 0.7968, 0.4593 3.9764 0.8605, 0.51 3.9764 0.8064, 0.4872 3.9764 0.822, 0.4765 3.9764 0.8339, 0.4697 3.9764 0.8414, 0.456 3.9764 0.8666, 0.4491 3.9764 0.8947, 0.4484 3.9764 0.9066, 0.4483 3.9764 0.918, 0.2883 3.9764 1.0012, 0.3232 3.9764 1.0618, 0.4763 3.9764 0.9831, 0.4961 3.9764 1.0014, 0.5202 3.9764 1.0145, 0.5477 3.9764 1.0215, 0.5615 3.9764 1.0225, 0.5887 3.9764 1.0193, 0.6139 3.9764 1.0098, 0.6373 3.9764 0.9938, 0.6563 3.9764 0.9724, 0.669 3.9764 0.9481, 0.6937 3.9764 0.9635, 0.714 3.9764 0.9847, 0.7273 3.9764 1.0077, 0.7353 3.9764 1.0356, 0.7366 3.9764 1.0533, 0.7344 3.9764 1.0698, 0.733 3.9764 1.0809, 0.723 3.9764 1.1062, 0.7164 3.9764 1.1156, 0.7071 3.9764 1.1288, 0.6875 3.9764 1.146, 0.6621 3.9764 1.1593, 0.6339 3.9764 1.1658, 0.6219 3.9764 1.1663, 0.5951 3.9764 1.1628, 0.5696 3.9764 1.1533, 0.5617 3.9764 1.1488, 0.544 3.9764 1.1848, 0.5183 3.9764 1.2151, 0.4876 3.9764 1.2371, 0.4503 3.9764 1.2519, 0.4084 3.9764 1.2571, 0.25 3.9764 1.1136, 0.2504 3.9764 1.1156, 0.2568 3.9764 1.1455, 0.2741 3.9764 1.1823, 0.2996 3.9764 1.2131, 0.3023 3.9764 1.2156, 0.3341 3.9764 1.2381, 0.3697 3.9764 1.252, 0.2409 3.9764 1.1135, 0.2192 3.9764 1.1107, 0.1994 3.9764 1.1029, 0.1818 3.9764 1.0904, 0.1689 3.9764 1.0758, 0.1657 3.9764 1.0698, 0.1584 3.9764 1.0561, 0.1532 3.9764 1.0342, 0.1527 3.9764 1.0241, 0.1556 3.9764 1.0019, 0.1636 3.9764 0.9817, 0.1762 3.9764 0.964, 0.1777 3.9764 0.9625, 0.1946 3.9764 0.9489, 0.2147 3.9764 0.9397, 0.2353 3.9764 0.9359, 0.2865 3.9764 0.9362, 0.2888 3.9764 0.9366, 0.2922 3.9764 0.9373, 0.2934 3.9764 0.9374, 0.3022 3.9764 0.9364, 0.31 3.9764 0.9333, 0.3171 3.9764 0.9284, 0.3218 3.9764 0.9233, 0.3262 3.9764 0.9155, 0.3286 3.9764 0.9069, 0.3289 3.9764 0.9024, 0.3279 3.9764 0.8939, 0.3249 3.9764 0.8862, 0.32 3.9764 0.879, 0.3174 3.9764 0.8763, 0.31 3.9764 0.871, 0.3025 3.9764 0.8679, 0.2961 3.9764 0.8669, 0.229 3.9764 0.8664, 0.191 3.9764 0.8741, 0.1561 3.9764 0.8909, 0.125 3.9764 0.9169, 0.1021 3.9764 0.9482, 0.0876 3.9764 0.9842, 0.5631 3.9764 0.9507, 0.5536 3.9764 0.9496, 0.5431 3.9764 0.9458, 0.534 3.9764 0.9395, 0.5267 3.9764 0.9313, 0.5218 3.9764 0.9219, 0.5193 3.9764 0.9113, 0.5193 3.9764 0.9009, 0.5221 3.9764 0.89, 0.5275 3.9764 0.8803, 0.5337 3.9764 0.8733, 0.5424 3.9764 0.8672, 0.5523 3.9764 0.8633, 0.5637 3.9764 0.8619, 0.5657 3.9764 0.862, 0.5759 3.9764 0.8637, 0.5861 3.9764 0.8682, 0.5948 3.9764 0.875, 0.6013 3.9764 0.8831, 0.6057 3.9764 0.8927, 0.6077 3.9764 0.9034, 0.6071 3.9764 0.9145, 0.6037 3.9764 0.9252, 0.5977 3.9764 0.9345, 0.5932 3.9764 0.9393, 0.5842 3.9764 0.9455, 0.5743 3.9764 0.9494
            ]
        }
        coordIndex [
            0,1,2,-1,3,4,5,-1,6,7,3,-1,8,9,10,-1,11,12,13,-1,14,15,2,-1,2,15,16,-1,2,16,0,-1,10,9,17,-1,7,18,3,-1,3,18,19,-1,3,19,20,-1,21,22,23,-1,23,22,24,-1,23,24,25,-1,25,24,26,-1,25,26,27,-1,27,26,28,-1,27,28,29,-1,29,28,2,-1,29,2,30,-1,30,2,31,-1,32,33,21,-1,21,33,34,-1,21,34,22,-1,35,36,37,-1,37,36,38,-1,37,38,39,-1,39,38,40,-1,39,40,41,-1,41,40,42,-1,11,13,43,-1,43,13,44,-1,43,44,45,-1,45,44,46,-1,45,46,47,-1,9,48,17,-1,17,48,49,-1,17,49,50,-1,50,49,51,-1,50,51,11,-1,11,51,52,-1,11,52,12,-1,19,53,20,-1,20,53,54,-1,20,54,55,-1,55,54,56,-1,55,56,57,-1,58,59,60,-1,60,59,61,-1,60,61,62,-1,62,61,63,-1,62,63,64,-1,64,63,65,-1,64,65,66,-1,66,65,67,-1,66,67,68,-1,6,3,69,-1,69,3,5,-1,69,5,21,-1,21,5,70,-1,21,70,32,-1,40,71,42,-1,42,71,72,-1,42,72,73,-1,73,72,74,-1,73,74,75,-1,75,74,76,-1,75,76,77,-1,77,76,78,-1,77,78,79,-1,79,78,80,-1,79,80,81,-1,81,80,82,-1,81,82,58,-1,58,82,83,-1,58,83,59,-1,84,85,86,-1,86,85,87,-1,86,87,37,-1,37,87,88,-1,37,88,35,-1,89,90,91,-1,91,90,92,-1,91,92,93,-1,93,92,94,-1,93,94,95,-1,95,94,96,-1,95,96,97,-1,97,96,98,-1,97,98,14,-1,14,98,99,-1,14,99,15,-1,31,2,100,-1,100,2,1,-1,100,1,101,-1,47,46,102,-1,102,46,103,-1,102,103,104,-1,104,103,105,-1,104,105,106,-1,106,105,107,-1,106,107,108,-1,108,107,109,-1,108,109,84,-1,84,109,110,-1,84,110,85,-1,10,111,8,-1,8,111,112,-1,8,112,113,-1,113,112,114,-1,113,114,115,-1,115,114,116,-1,115,116,89,-1,89,116,117,-1,89,117,90,-1,57,56,118,-1,118,56,119,-1,118,119,120,-1,120,119,121,-1,120,121,122,-1,122,121,123,-1,122,123,124,-1,124,123,125,-1,124,125,126,-1,126,125,127,-1,126,127,128,-1,128,127,129,-1,128,129,130,-1,130,129,131,-1,130,131,132,-1,132,131,133,-1,132,133,134,-1,134,133,135,-1,134,135,1,-1,1,135,136,-1,1,136,101,-1,137,138,139,-1,67,140,68,-1,68,140,137,-1,68,137,141,-1,141,137,139,-1,142,143,137,-1,137,143,144,-1,137,144,138,-1,145,146,147,-1,146,148,147,-1,147,148,149,-1,147,149,150,-1,142,137,147,-1,147,137,151,-1,147,151,145,-1,77,152,153,-1,77,153,75,-1,75,153,154,-1,75,154,73,-1,154,155,73,-1,73,155,156,-1,73,156,42,-1,156,157,42,-1,42,157,158,-1,42,158,41,-1,41,158,159,-1,41,159,39,-1,39,159,160,-1,39,160,37,-1,37,160,161,-1,37,161,86,-1,86,161,162,-1,86,162,84,-1,84,162,163,-1,84,163,108,-1,163,164,108,-1,108,164,165,-1,108,165,106,-1,106,165,166,-1,106,166,104,-1,104,166,167,-1,104,167,102,-1,102,167,168,-1,102,168,47,-1,47,168,169,-1,47,169,45,-1,170,11,43,-1,45,169,171,-1,45,171,43,-1,43,171,172,-1,43,172,170,-1,11,170,173,-1,11,173,50,-1,50,173,174,-1,50,174,17,-1,17,174,175,-1,17,175,10,-1,10,175,176,-1,10,176,111,-1,111,176,177,-1,111,177,112,-1,112,177,178,-1,112,178,114,-1,179,92,90,-1,114,178,180,-1,114,180,116,-1,116,180,181,-1,116,181,117,-1,181,182,117,-1,117,182,183,-1,117,183,90,-1,90,183,184,-1,90,184,179,-1,92,179,185,-1,92,185,94,-1,94,185,186,-1,94,186,96,-1,96,186,187,-1,96,187,98,-1,98,187,188,-1,98,188,99,-1,99,188,189,-1,99,189,15,-1,15,189,190,-1,15,190,16,-1,16,190,191,-1,16,191,0,-1,191,192,0,-1,0,192,193,-1,0,193,1,-1,193,194,1,-1,1,194,195,-1,1,195,134,-1,134,195,196,-1,134,196,132,-1,132,196,197,-1,132,197,130,-1,130,197,198,-1,130,198,128,-1,128,198,199,-1,200,118,120,-1,128,199,126,-1,126,199,201,-1,126,201,124,-1,124,201,202,-1,124,202,122,-1,122,202,203,-1,122,203,120,-1,120,203,204,-1,120,204,200,-1,200,205,118,-1,118,205,206,-1,118,206,57,-1,57,206,207,-1,57,207,55,-1,20,55,208,-1,208,55,207,-1,3,20,209,-1,209,20,208,-1,4,3,210,-1,210,3,209,-1,5,4,211,-1,211,4,210,-1,5,211,212,-1,5,212,70,-1,70,212,213,-1,70,213,32,-1,32,213,214,-1,32,214,33,-1,33,214,215,-1,33,215,34,-1,34,215,216,-1,34,216,22,-1,22,216,217,-1,22,217,24,-1,24,217,218,-1,24,218,26,-1,26,218,219,-1,26,219,28,-1,28,219,220,-1,28,220,2,-1,2,220,221,-1,2,221,14,-1,14,221,222,-1,14,222,97,-1,97,222,223,-1,97,223,95,-1,95,223,224,-1,95,224,93,-1,93,224,225,-1,93,225,91,-1,91,225,226,-1,91,226,89,-1,226,227,89,-1,89,227,228,-1,89,228,115,-1,115,228,229,-1,115,229,113,-1,229,230,113,-1,113,230,231,-1,113,231,8,-1,8,231,232,-1,8,232,9,-1,9,232,233,-1,9,233,48,-1,48,233,234,-1,48,234,49,-1,49,234,235,-1,49,235,51,-1,51,235,236,-1,51,236,52,-1,52,236,237,-1,52,237,12,-1,12,237,238,-1,12,238,13,-1,13,238,239,-1,13,239,44,-1,44,239,240,-1,44,240,46,-1,46,240,241,-1,46,241,103,-1,103,241,242,-1,103,242,105,-1,243,35,244,-1,244,35,88,-1,244,88,245,-1,245,88,87,-1,245,87,246,-1,246,87,85,-1,246,85,247,-1,247,85,110,-1,247,110,248,-1,248,110,109,-1,248,109,249,-1,249,109,107,-1,249,107,250,-1,250,107,105,-1,250,105,242,-1,36,35,251,-1,251,35,243,-1,36,251,252,-1,36,252,38,-1,38,252,253,-1,38,253,40,-1,40,253,254,-1,40,254,71,-1,71,254,255,-1,71,255,72,-1,72,255,256,-1,72,256,74,-1,256,257,74,-1,74,257,258,-1,74,258,76,-1,76,258,259,-1,76,259,78,-1,78,259,260,-1,78,260,80,-1,80,260,261,-1,80,261,82,-1,82,261,262,-1,82,262,83,-1,83,262,263,-1,83,263,59,-1,59,263,264,-1,59,264,61,-1,61,264,265,-1,61,265,63,-1,63,265,266,-1,63,266,65,-1,67,65,267,-1,267,65,266,-1,67,267,268,-1,67,268,140,-1,140,268,269,-1,140,269,137,-1,137,269,270,-1,137,270,151,-1,151,270,271,-1,151,271,145,-1,145,271,272,-1,145,272,146,-1,146,272,273,-1,146,273,148,-1,148,273,274,-1,148,274,149,-1,149,274,275,-1,149,275,150,-1,150,275,276,-1,150,276,147,-1,147,276,277,-1,147,277,142,-1,142,277,278,-1,142,278,143,-1,143,278,279,-1,143,279,144,-1,144,279,280,-1,144,280,138,-1,138,280,281,-1,138,281,139,-1,139,281,282,-1,139,282,141,-1,141,282,283,-1,141,283,68,-1,68,283,284,-1,68,284,66,-1,64,66,285,-1,285,66,284,-1,64,285,286,-1,64,286,62,-1,62,286,287,-1,62,287,60,-1,60,287,288,-1,60,288,58,-1,58,288,289,-1,58,289,81,-1,81,289,290,-1,81,290,79,-1,79,290,152,-1,79,152,77,-1,69,291,292,-1,69,292,6,-1,6,292,293,-1,6,293,7,-1,7,293,294,-1,7,294,18,-1,18,294,295,-1,18,295,19,-1,19,295,296,-1,19,296,53,-1,53,296,297,-1,53,297,54,-1,54,297,298,-1,54,298,56,-1,56,298,299,-1,56,299,119,-1,119,299,300,-1,119,300,121,-1,121,300,301,-1,121,301,123,-1,123,301,302,-1,123,302,125,-1,125,302,303,-1,125,303,127,-1,127,303,304,-1,127,304,129,-1,129,304,305,-1,129,305,131,-1,131,305,306,-1,131,306,133,-1,133,306,307,-1,133,307,135,-1,135,307,308,-1,135,308,136,-1,136,308,309,-1,136,309,101,-1,101,309,310,-1,101,310,100,-1,100,310,311,-1,100,311,31,-1,31,311,312,-1,31,312,30,-1,30,312,313,-1,30,313,29,-1,29,313,314,-1,29,314,27,-1,27,314,315,-1,27,315,25,-1,25,315,316,-1,25,316,23,-1,23,316,317,-1,23,317,21,-1,21,317,291,-1,21,291,69,-1,
        ]
    }
}
Shape{
    appearance Appearance {
        material  Material 	{
            diffuseColor 1.0 1.0 1.0
            specularColor 0.5019607843137255 0.5019607843137255 0.5019607843137255
            ambientIntensity 1.0
            transparency 0.0
            shininess 0.5
        }
    }
    geometry IndexedFaceSet {
        ccw TRUE
        solid FALSE
        coord DEF co Coordinate {
            point [
                0.5657 3.9764 0.862, 0.5932 3.9764 0.9393, 0.5977 3.9764 0.9345, 0.5523 3.9764 0.8633, 0.5424 3.9764 0.8672, 0.5536 3.9764 0.9496, 0.5631 3.9764 0.9507, 0.5743 3.9764 0.9494, 0.5842 3.9764 0.9455, 0.6057 3.9764 0.8927, 0.6013 3.9764 0.8831, 0.5948 3.9764 0.875, 0.5637 3.9764 0.8619, 0.6037 3.9764 0.9252, 0.6071 3.9764 0.9145, 0.6077 3.9764 0.9034, 0.5861 3.9764 0.8682, 0.5759 3.9764 0.8637, 0.5337 3.9764 0.8733, 0.5275 3.9764 0.8803, 0.5221 3.9764 0.89, 0.5193 3.9764 0.9009, 0.5193 3.9764 0.9113, 0.5218 3.9764 0.9219, 0.5267 3.9764 0.9313, 0.534 3.9764 0.9395, 0.5431 3.9764 0.9458
            ]
        }
        coordIndex [
            0,1,2,-1,3,4,5,-1,6,7,0,-1,0,7,8,-1,0,8,1,-1,9,10,2,-1,2,10,11,-1,6,0,5,-1,5,0,12,-1,5,12,3,-1,13,14,2,-1,2,14,15,-1,2,15,9,-1,11,16,2,-1,2,16,17,-1,2,17,0,-1,4,18,5,-1,5,18,19,-1,5,19,20,-1,20,21,5,-1,5,21,22,-1,5,22,23,-1,23,24,5,-1,5,24,25,-1,5,25,26,-1,
        ]
    }
}