#VRML V2.0 utf8
# 3D model generated by easyeda2kicad.py (https://github.com/uPesy/easyeda2kicad.py)

Shape{
    appearance Appearance {
        material  Material 	{
            diffuseColor 1.0 1.0 0.5019607843137255
            specularColor 0.5019607843137255 0.5019607843137255 0.25098039215686274
            ambientIntensity 0.9432
            transparency 0.0
            shininess 0.5
        }
    }
    geometry IndexedFaceSet {
        ccw TRUE
        solid FALSE
        coord DEF co Coordinate {
            point [
                -0.3543 -1.6126 0.7598, -0.3543 -0.7465 0.7598, -0.2362 -1.6126 0.7598, -0.2362 -0.7465 0.7598, -0.2362 -0.7465 0.7992, -0.3543 -0.7465 0.7992, -0.2362 -1.6126 0.7992, -0.3543 -1.6126 0.7992, -1.25 0.7516 0.0483, -1.25 0.7161 0.0483, -1.1713 0.7516 0.0483, -1.1713 0.7161 0.0483, -1.25 0.7516 0.0276, -1.1713 0.7516 0.0276, -1.25 1.0508 0.0276, -1.1713 1.0508 0.0276, -1.25 1.0508 -0.0079, -1.1713 1.0508 -0.0079, -1.25 0.7358 -0.0079, -1.1713 0.7358 -0.0079, -1.1713 0.7307 -0.0072, -1.25 0.7307 -0.0072, -1.1713 0.726 -0.0052, -1.25 0.726 -0.0052, -1.1713 0.7219 -0.0021, -1.25 0.7219 -0.0021, -1.1713 0.7188 0.002, -1.25 0.7188 0.002, -1.1713 0.7168 0.0067, -1.25 0.7168 0.0067, -1.1713 0.7161 0.0118, -1.25 0.7161 0.0118, 0.1378 0.7516 0.0276, 0.1378 1.0508 0.0276, 0.0591 0.7516 0.0276, 0.0591 1.0508 0.0276, 0.1378 1.0508 -0.0079, 0.0591 1.0508 -0.0079, 0.1378 0.7358 -0.0079, 0.0591 0.7358 -0.0079, 0.1378 0.7161 0.0118, 0.0591 0.7161 0.0118, 0.0591 0.7168 0.0067, 0.1378 0.7168 0.0067, 0.0591 0.7188 0.002, 0.1378 0.7188 0.002, 0.0591 0.7219 -0.0021, 0.1378 0.7219 -0.0021, 0.0591 0.726 -0.0052, 0.1378 0.726 -0.0052, 0.0591 0.7307 -0.0072, 0.1378 0.7307 -0.0072, 0.1378 0.7161 0.0483, 0.0591 0.7161 0.0483, 0.1378 0.7516 0.0483, 0.0591 0.7516 0.0483, -0.2362 -0.7465 0.563, -0.2362 -0.7465 0.5236, -0.3543 -0.7465 0.563, -0.3543 -0.7465 0.5236, -0.2362 -1.6717 0.563, -0.3543 -1.6717 0.563, -0.2362 -1.6717 0.5236, -0.3543 -1.6717 0.5236, 0.8563 0.7516 0.0276, 0.8563 0.7516 0.0483, 0.935 0.7516 0.0276, 0.935 0.7516 0.0483, 0.8563 0.7161 0.0483, 0.935 0.7161 0.0483, 0.8563 0.7161 0.0118, 0.935 0.7161 0.0118, 0.8563 0.7358 -0.0079, 0.935 0.7358 -0.0079, 0.935 0.7307 -0.0072, 0.8563 0.7307 -0.0072, 0.935 0.726 -0.0052, 0.8563 0.726 -0.0052, 0.935 0.7219 -0.0021, 0.8563 0.7219 -0.0021, 0.935 0.7188 0.002, 0.8563 0.7188 0.002, 0.935 0.7168 0.0067, 0.8563 0.7168 0.0067, 0.8563 1.0508 -0.0079, 0.935 1.0508 -0.0079, 0.8563 1.0508 0.0276, 0.935 1.0508 0.0276, -1.3484 0.7516 0.0483, -1.3484 0.7161 0.0483, -1.2697 0.7516 0.0483, -1.2697 0.7161 0.0483, -1.3484 0.7516 0.0276, -1.2697 0.7516 0.0276, -1.3484 1.0508 0.0276, -1.2697 1.0508 0.0276, -1.3484 1.0508 -0.0079, -1.2697 1.0508 -0.0079, -1.3484 0.7358 -0.0079, -1.2697 0.7358 -0.0079, -1.2697 0.7307 -0.0072, -1.3484 0.7307 -0.0072, -1.2697 0.726 -0.0052, -1.3484 0.726 -0.0052, -1.2697 0.7219 -0.0021, -1.3484 0.7219 -0.0021, -1.2697 0.7188 0.002, -1.3484 0.7188 0.002, -1.2697 0.7168 0.0067, -1.3484 0.7168 0.0067, -1.2697 0.7161 0.0118, -1.3484 0.7161 0.0118, -0.1772 -1.6126 0.7598, -0.1772 -0.7465 0.7598, -0.0591 -1.6126 0.7598, -0.0591 -0.7465 0.7598, -0.0591 -0.7465 0.7992, -0.1772 -0.7465 0.7992, -0.0591 -1.6126 0.7992, -0.1772 -1.6126 0.7992, -0.7283 1.0508 0.0276, -0.7283 0.7516 0.0276, -0.6496 1.0508 0.0276, -0.6496 0.7516 0.0276, -0.7283 1.0508 -0.0079, -0.6496 1.0508 -0.0079, -0.7283 0.7358 -0.0079, -0.6496 0.7358 -0.0079, -0.6496 0.7307 -0.0072, -0.7283 0.7307 -0.0072, -0.6496 0.726 -0.0052, -0.7283 0.726 -0.0052, -0.6496 0.7219 -0.0021, -0.7283 0.7219 -0.0021, -0.6496 0.7188 0.002, -0.7283 0.7188 0.002, -0.6496 0.7168 0.0067, -0.7283 0.7168 0.0067, -0.6496 0.7161 0.0118, -0.7283 0.7161 0.0118, -0.7283 0.7161 0.0483, -0.6496 0.7161 0.0483, -0.7283 0.7516 0.0483, -0.6496 0.7516 0.0483, -0.0591 -0.7465 0.563, -0.0591 -0.7465 0.5236, -0.1772 -0.7465 0.563, -0.1772 -0.7465 0.5236, -0.0591 -1.6717 0.563, -0.1772 -1.6717 0.563, -0.0591 -1.6717 0.5236, -0.1772 -1.6717 0.5236, -0.8563 0.7516 0.0483, -0.8563 0.7516 0.0276, -0.935 0.7516 0.0483, -0.935 0.7516 0.0276, -0.8563 0.7161 0.0483, -0.935 0.7161 0.0483, -0.8563 0.7161 0.0118, -0.935 0.7161 0.0118, -0.935 0.7168 0.0067, -0.8563 0.7168 0.0067, -0.935 0.7188 0.002, -0.8563 0.7188 0.002, -0.935 0.7219 -0.0021, -0.8563 0.7219 -0.0021, -0.935 0.726 -0.0052, -0.8563 0.726 -0.0052, -0.935 0.7307 -0.0072, -0.8563 0.7307 -0.0072, -0.935 0.7358 -0.0079, -0.8563 0.7358 -0.0079, -0.8563 1.0508 -0.0079, -0.935 1.0508 -0.0079, -0.8563 1.0508 0.0276, -0.935 1.0508 0.0276, -0.5315 1.0508 0.0276, -0.5315 0.7516 0.0276, -0.4528 1.0508 0.0276, -0.4528 0.7516 0.0276, -0.5315 1.0508 -0.0079, -0.4528 1.0508 -0.0079, -0.5315 0.7358 -0.0079, -0.4528 0.7358 -0.0079, -0.4528 0.7307 -0.0072, -0.5315 0.7307 -0.0072, -0.4528 0.726 -0.0052, -0.5315 0.726 -0.0052, -0.4528 0.7219 -0.0021, -0.5315 0.7219 -0.0021, -0.4528 0.7188 0.002, -0.5315 0.7188 0.002, -0.4528 0.7168 0.0067, -0.5315 0.7168 0.0067, -0.4528 0.7161 0.0118, -0.5315 0.7161 0.0118, -0.5315 0.7161 0.0483, -0.4528 0.7161 0.0483, -0.5315 0.7516 0.0483, -0.4528 0.7516 0.0483, 0.9547 0.7516 0.0276, 0.9547 0.7516 0.0483, 1.0335 0.7516 0.0276, 1.0335 0.7516 0.0483, 0.9547 0.7161 0.0483, 1.0335 0.7161 0.0483, 0.9547 0.7161 0.0118, 1.0335 0.7161 0.0118, 0.9547 0.7358 -0.0079, 1.0335 0.7358 -0.0079, 1.0335 0.7307 -0.0072, 0.9547 0.7307 -0.0072, 1.0335 0.726 -0.0052, 0.9547 0.726 -0.0052, 1.0335 0.7219 -0.0021, 0.9547 0.7219 -0.0021, 1.0335 0.7188 0.002, 0.9547 0.7188 0.002, 1.0335 0.7168 0.0067, 0.9547 0.7168 0.0067, 0.9547 1.0508 -0.0079, 1.0335 1.0508 -0.0079, 0.9547 1.0508 0.0276, 1.0335 1.0508 0.0276, 0.1772 -0.7465 0.5236, 0.0591 -0.7465 0.5236, 0.1772 -0.7465 0.563, 0.0591 -0.7465 0.563, 0.1772 -1.6717 0.5236, 0.1772 -1.6717 0.563, 0.0591 -1.6717 0.5236, 0.0591 -1.6717 0.563, 0.3346 0.7516 0.0276, 0.3346 1.0508 0.0276, 0.2559 0.7516 0.0276, 0.2559 1.0508 0.0276, 0.3346 1.0508 -0.0079, 0.2559 1.0508 -0.0079, 0.3346 0.7358 -0.0079, 0.2559 0.7358 -0.0079, 0.3346 0.7161 0.0118, 0.2559 0.7161 0.0118, 0.2559 0.7168 0.0067, 0.3346 0.7168 0.0067, 0.2559 0.7188 0.002, 0.3346 0.7188 0.002, 0.2559 0.7219 -0.0021, 0.3346 0.7219 -0.0021, 0.2559 0.726 -0.0052, 0.3346 0.726 -0.0052, 0.2559 0.7307 -0.0072, 0.3346 0.7307 -0.0072, 0.3346 0.7161 0.0483, 0.2559 0.7161 0.0483, 0.3346 0.7516 0.0483, 0.2559 0.7516 0.0483, 0.7283 0.7516 0.0276, 0.7283 1.0508 0.0276, 0.6496 0.7516 0.0276, 0.6496 1.0508 0.0276, 0.7283 1.0508 -0.0079, 0.6496 1.0508 -0.0079, 0.7283 0.7358 -0.0079, 0.6496 0.7358 -0.0079, 0.7283 0.7161 0.0118, 0.6496 0.7161 0.0118, 0.6496 0.7168 0.0067, 0.7283 0.7168 0.0067, 0.6496 0.7188 0.002, 0.7283 0.7188 0.002, 0.6496 0.7219 -0.0021, 0.7283 0.7219 -0.0021, 0.6496 0.726 -0.0052, 0.7283 0.726 -0.0052, 0.6496 0.7307 -0.0072, 0.7283 0.7307 -0.0072, 0.7283 0.7161 0.0483, 0.6496 0.7161 0.0483, 0.7283 0.7516 0.0483, 0.6496 0.7516 0.0483, -0.9547 0.7516 0.0483, -0.9547 0.7516 0.0276, -1.0335 0.7516 0.0483, -1.0335 0.7516 0.0276, -0.9547 0.7161 0.0483, -1.0335 0.7161 0.0483, -0.9547 0.7161 0.0118, -1.0335 0.7161 0.0118, -1.0335 0.7168 0.0067, -0.9547 0.7168 0.0067, -1.0335 0.7188 0.002, -0.9547 0.7188 0.002, -1.0335 0.7219 -0.0021, -0.9547 0.7219 -0.0021, -1.0335 0.726 -0.0052, -0.9547 0.726 -0.0052, -1.0335 0.7307 -0.0072, -0.9547 0.7307 -0.0072, -1.0335 0.7358 -0.0079, -0.9547 0.7358 -0.0079, -0.9547 1.0508 -0.0079, -1.0335 1.0508 -0.0079, -0.9547 1.0508 0.0276, -1.0335 1.0508 0.0276, 0.2362 -0.7465 0.563, 0.3543 -0.7465 0.563, 0.2362 -0.7465 0.5236, 0.3543 -0.7465 0.5236, 0.2362 -1.6717 0.563, 0.2362 -1.6717 0.5236, 0.3543 -1.6717 0.563, 0.3543 -1.6717 0.5236, -0.1378 1.0508 0.0276, -0.1378 0.7516 0.0276, -0.0591 1.0508 0.0276, -0.0591 0.7516 0.0276, -0.1378 1.0508 -0.0079, -0.0591 1.0508 -0.0079, -0.1378 0.7358 -0.0079, -0.0591 0.7358 -0.0079, -0.0591 0.7307 -0.0072, -0.1378 0.7307 -0.0072, -0.0591 0.726 -0.0052, -0.1378 0.726 -0.0052, -0.0591 0.7219 -0.0021, -0.1378 0.7219 -0.0021, -0.0591 0.7188 0.002, -0.1378 0.7188 0.002, -0.0591 0.7168 0.0067, -0.1378 0.7168 0.0067, -0.0591 0.7161 0.0118, -0.1378 0.7161 0.0118, -0.1378 0.7161 0.0483, -0.0591 0.7161 0.0483, -0.1378 0.7516 0.0483, -0.0591 0.7516 0.0483, -0.9843 -0.7465 0.563, -0.9843 -0.7465 0.5236, -1.1024 -0.7465 0.563, -1.1024 -0.7465 0.5236, -0.9843 -1.6717 0.563, -1.1024 -1.6717 0.563, -0.9843 -1.6717 0.5236, -1.1024 -1.6717 0.5236, 1.3484 0.7161 0.0483, 1.3484 0.7516 0.0483, 1.2697 0.7161 0.0483, 1.2697 0.7516 0.0483, 1.3484 0.7516 0.0276, 1.2697 0.7516 0.0276, 1.3484 1.0508 0.0276, 1.2697 1.0508 0.0276, 1.3484 1.0508 -0.0079, 1.2697 1.0508 -0.0079, 1.3484 0.7358 -0.0079, 1.2697 0.7358 -0.0079, 1.3484 0.7161 0.0118, 1.2697 0.7161 0.0118, 1.2697 0.7168 0.0067, 1.3484 0.7168 0.0067, 1.2697 0.7188 0.002, 1.3484 0.7188 0.002, 1.2697 0.7219 -0.0021, 1.3484 0.7219 -0.0021, 1.2697 0.726 -0.0052, 1.3484 0.726 -0.0052, 1.2697 0.7307 -0.0072, 1.3484 0.7307 -0.0072, -0.3346 1.0508 0.0276, -0.3346 0.7516 0.0276, -0.2559 1.0508 0.0276, -0.2559 0.7516 0.0276, -0.3346 1.0508 -0.0079, -0.2559 1.0508 -0.0079, -0.3346 0.7358 -0.0079, -0.2559 0.7358 -0.0079, -0.2559 0.7307 -0.0072, -0.3346 0.7307 -0.0072, -0.2559 0.726 -0.0052, -0.3346 0.726 -0.0052, -0.2559 0.7219 -0.0021, -0.3346 0.7219 -0.0021, -0.2559 0.7188 0.002, -0.3346 0.7188 0.002, -0.2559 0.7168 0.0067, -0.3346 0.7168 0.0067, -0.2559 0.7161 0.0118, -0.3346 0.7161 0.0118, -0.3346 0.7161 0.0483, -0.2559 0.7161 0.0483, -0.3346 0.7516 0.0483, -0.2559 0.7516 0.0483, 0.4134 -0.7465 0.563, 0.5315 -0.7465 0.563, 0.4134 -0.7465 0.5236, 0.5315 -0.7465 0.5236, 0.4134 -1.6717 0.563, 0.4134 -1.6717 0.5236, 0.5315 -1.6717 0.563, 0.5315 -1.6717 0.5236, -0.4134 -0.7465 0.563, -0.4134 -0.7465 0.5236, -0.5315 -0.7465 0.563, -0.5315 -0.7465 0.5236, -0.4134 -1.6717 0.563, -0.5315 -1.6717 0.563, -0.4134 -1.6717 0.5236, -0.5315 -1.6717 0.5236, 1.25 0.7161 0.0483, 1.25 0.7516 0.0483, 1.1713 0.7161 0.0483, 1.1713 0.7516 0.0483, 1.25 0.7516 0.0276, 1.1713 0.7516 0.0276, 1.25 1.0508 0.0276, 1.1713 1.0508 0.0276, 1.25 1.0508 -0.0079, 1.1713 1.0508 -0.0079, 1.25 0.7358 -0.0079, 1.1713 0.7358 -0.0079, 1.25 0.7161 0.0118, 1.1713 0.7161 0.0118, 1.1713 0.7168 0.0067, 1.25 0.7168 0.0067, 1.1713 0.7188 0.002, 1.25 0.7188 0.002, 1.1713 0.7219 -0.0021, 1.25 0.7219 -0.0021, 1.1713 0.726 -0.0052, 1.25 0.726 -0.0052, 1.1713 0.7307 -0.0072, 1.25 0.7307 -0.0072, 0.5315 0.7516 0.0276, 0.5315 1.0508 0.0276, 0.4528 0.7516 0.0276, 0.4528 1.0508 0.0276, 0.5315 1.0508 -0.0079, 0.4528 1.0508 -0.0079, 0.5315 0.7358 -0.0079, 0.4528 0.7358 -0.0079, 0.5315 0.7161 0.0118, 0.4528 0.7161 0.0118, 0.4528 0.7168 0.0067, 0.5315 0.7168 0.0067, 0.4528 0.7188 0.002, 0.5315 0.7188 0.002, 0.4528 0.7219 -0.0021, 0.5315 0.7219 -0.0021, 0.4528 0.726 -0.0052, 0.5315 0.726 -0.0052, 0.4528 0.7307 -0.0072, 0.5315 0.7307 -0.0072, 0.5315 0.7161 0.0483, 0.4528 0.7161 0.0483, 0.5315 0.7516 0.0483, 0.4528 0.7516 0.0483, -0.5315 -1.6717 0.7598, -0.5315 -0.7465 0.7598, -0.4134 -1.6717 0.7598, -0.4134 -0.7465 0.7598, -0.4134 -0.7465 0.7992, -0.5315 -0.7465 0.7992, -0.4134 -1.6717 0.7992, -0.5315 -1.6717 0.7992, 0.9843 -0.7465 0.563, 1.1024 -0.7465 0.563, 0.9843 -0.7465 0.5236, 1.1024 -0.7465 0.5236, 0.9843 -1.6717 0.563, 0.9843 -1.6717 0.5236, 1.1024 -1.6717 0.563, 1.1024 -1.6717 0.5236
            ]
        }
        coordIndex [
            0,1,2,-1,2,1,3,-1,4,5,6,-1,6,5,7,-1,1,5,3,-1,3,5,4,-1,7,5,0,-1,0,5,1,-1,3,4,2,-1,2,4,6,-1,7,0,6,-1,6,0,2,-1,8,9,10,-1,10,9,11,-1,12,8,13,-1,13,8,10,-1,14,12,15,-1,15,12,13,-1,16,14,17,-1,17,14,15,-1,18,16,19,-1,19,16,17,-1,18,19,20,-1,18,20,21,-1,21,20,22,-1,21,22,23,-1,23,22,24,-1,23,24,25,-1,25,24,26,-1,25,26,27,-1,27,26,28,-1,27,28,29,-1,29,28,30,-1,29,30,31,-1,9,31,11,-1,11,31,30,-1,12,25,27,-1,14,16,12,-1,12,16,18,-1,9,8,31,-1,31,8,12,-1,31,12,29,-1,29,12,27,-1,18,21,12,-1,12,21,23,-1,12,23,25,-1,13,24,22,-1,10,11,13,-1,13,11,30,-1,17,15,19,-1,19,15,13,-1,19,13,20,-1,20,13,22,-1,30,28,13,-1,13,28,26,-1,13,26,24,-1,32,33,34,-1,34,33,35,-1,33,36,35,-1,35,36,37,-1,36,38,37,-1,37,38,39,-1,40,41,42,-1,40,42,43,-1,43,42,44,-1,43,44,45,-1,45,44,46,-1,45,46,47,-1,47,46,48,-1,47,48,49,-1,49,48,50,-1,49,50,51,-1,51,50,39,-1,51,39,38,-1,40,52,41,-1,41,52,53,-1,52,54,53,-1,53,54,55,-1,54,32,55,-1,55,32,34,-1,32,47,49,-1,54,52,32,-1,32,52,40,-1,36,33,38,-1,38,33,32,-1,38,32,51,-1,51,32,49,-1,40,43,32,-1,32,43,45,-1,32,45,47,-1,53,55,41,-1,41,55,34,-1,35,37,34,-1,34,37,39,-1,46,44,34,-1,34,44,42,-1,34,42,41,-1,39,50,34,-1,34,50,48,-1,34,48,46,-1,56,57,58,-1,58,57,59,-1,60,56,61,-1,61,56,58,-1,62,57,60,-1,60,57,56,-1,63,59,62,-1,62,59,57,-1,61,58,63,-1,63,58,59,-1,60,61,62,-1,62,61,63,-1,64,65,66,-1,66,65,67,-1,65,68,67,-1,67,68,69,-1,68,70,69,-1,69,70,71,-1,72,73,74,-1,72,74,75,-1,75,74,76,-1,75,76,77,-1,77,76,78,-1,77,78,79,-1,79,78,80,-1,79,80,81,-1,81,80,82,-1,81,82,83,-1,83,82,71,-1,83,71,70,-1,72,84,73,-1,73,84,85,-1,84,86,85,-1,85,86,87,-1,86,64,87,-1,87,64,66,-1,64,79,81,-1,86,84,64,-1,64,84,72,-1,68,65,70,-1,70,65,64,-1,70,64,83,-1,83,64,81,-1,72,75,64,-1,64,75,77,-1,64,77,79,-1,66,78,76,-1,67,69,66,-1,66,69,71,-1,85,87,73,-1,73,87,66,-1,73,66,74,-1,74,66,76,-1,71,82,66,-1,66,82,80,-1,66,80,78,-1,88,89,90,-1,90,89,91,-1,92,88,93,-1,93,88,90,-1,94,92,95,-1,95,92,93,-1,96,94,97,-1,97,94,95,-1,98,96,99,-1,99,96,97,-1,98,99,100,-1,98,100,101,-1,101,100,102,-1,101,102,103,-1,103,102,104,-1,103,104,105,-1,105,104,106,-1,105,106,107,-1,107,106,108,-1,107,108,109,-1,109,108,110,-1,109,110,111,-1,89,111,91,-1,91,111,110,-1,92,105,107,-1,94,96,92,-1,92,96,98,-1,89,88,111,-1,111,88,92,-1,111,92,109,-1,109,92,107,-1,98,101,92,-1,92,101,103,-1,92,103,105,-1,93,104,102,-1,90,91,93,-1,93,91,110,-1,97,95,99,-1,99,95,93,-1,99,93,100,-1,100,93,102,-1,110,108,93,-1,93,108,106,-1,93,106,104,-1,112,113,114,-1,114,113,115,-1,116,117,118,-1,118,117,119,-1,113,117,115,-1,115,117,116,-1,119,117,112,-1,112,117,113,-1,115,116,114,-1,114,116,118,-1,119,112,118,-1,118,112,114,-1,120,121,122,-1,122,121,123,-1,124,120,125,-1,125,120,122,-1,126,124,127,-1,127,124,125,-1,126,127,128,-1,126,128,129,-1,129,128,130,-1,129,130,131,-1,131,130,132,-1,131,132,133,-1,133,132,134,-1,133,134,135,-1,135,134,136,-1,135,136,137,-1,137,136,138,-1,137,138,139,-1,140,139,141,-1,141,139,138,-1,142,140,143,-1,143,140,141,-1,121,142,123,-1,123,142,143,-1,121,133,135,-1,120,124,121,-1,121,124,126,-1,140,142,139,-1,139,142,121,-1,139,121,137,-1,137,121,135,-1,126,129,121,-1,121,129,131,-1,121,131,133,-1,123,132,130,-1,143,141,123,-1,123,141,138,-1,125,122,127,-1,127,122,123,-1,127,123,128,-1,128,123,130,-1,138,136,123,-1,123,136,134,-1,123,134,132,-1,144,145,146,-1,146,145,147,-1,148,144,149,-1,149,144,146,-1,150,145,148,-1,148,145,144,-1,151,147,150,-1,150,147,145,-1,149,146,151,-1,151,146,147,-1,148,149,150,-1,150,149,151,-1,152,153,154,-1,154,153,155,-1,156,152,157,-1,157,152,154,-1,158,156,159,-1,159,156,157,-1,158,159,160,-1,158,160,161,-1,161,160,162,-1,161,162,163,-1,163,162,164,-1,163,164,165,-1,165,164,166,-1,165,166,167,-1,167,166,168,-1,167,168,169,-1,169,168,170,-1,169,170,171,-1,172,171,173,-1,173,171,170,-1,174,172,175,-1,175,172,173,-1,153,174,155,-1,155,174,175,-1,153,165,167,-1,152,156,153,-1,153,156,158,-1,172,174,171,-1,171,174,153,-1,171,153,169,-1,169,153,167,-1,158,161,153,-1,153,161,163,-1,153,163,165,-1,155,164,162,-1,175,173,155,-1,155,173,170,-1,157,154,159,-1,159,154,155,-1,159,155,160,-1,160,155,162,-1,170,168,155,-1,155,168,166,-1,155,166,164,-1,176,177,178,-1,178,177,179,-1,180,176,181,-1,181,176,178,-1,182,180,183,-1,183,180,181,-1,182,183,184,-1,182,184,185,-1,185,184,186,-1,185,186,187,-1,187,186,188,-1,187,188,189,-1,189,188,190,-1,189,190,191,-1,191,190,192,-1,191,192,193,-1,193,192,194,-1,193,194,195,-1,196,195,197,-1,197,195,194,-1,198,196,199,-1,199,196,197,-1,177,198,179,-1,179,198,199,-1,177,189,191,-1,176,180,177,-1,177,180,182,-1,196,198,195,-1,195,198,177,-1,195,177,193,-1,193,177,191,-1,182,185,177,-1,177,185,187,-1,177,187,189,-1,179,188,186,-1,199,197,179,-1,179,197,194,-1,181,178,183,-1,183,178,179,-1,183,179,184,-1,184,179,186,-1,194,192,179,-1,179,192,190,-1,179,190,188,-1,200,201,202,-1,202,201,203,-1,201,204,203,-1,203,204,205,-1,204,206,205,-1,205,206,207,-1,208,209,210,-1,208,210,211,-1,211,210,212,-1,211,212,213,-1,213,212,214,-1,213,214,215,-1,215,214,216,-1,215,216,217,-1,217,216,218,-1,217,218,219,-1,219,218,207,-1,219,207,206,-1,208,220,209,-1,209,220,221,-1,220,222,221,-1,221,222,223,-1,222,200,223,-1,223,200,202,-1,200,215,217,-1,222,220,200,-1,200,220,208,-1,204,201,206,-1,206,201,200,-1,206,200,219,-1,219,200,217,-1,208,211,200,-1,200,211,213,-1,200,213,215,-1,202,214,212,-1,203,205,202,-1,202,205,207,-1,221,223,209,-1,209,223,202,-1,209,202,210,-1,210,202,212,-1,207,218,202,-1,202,218,216,-1,202,216,214,-1,224,225,226,-1,226,225,227,-1,228,224,229,-1,229,224,226,-1,230,225,228,-1,228,225,224,-1,231,227,230,-1,230,227,225,-1,229,226,231,-1,231,226,227,-1,228,229,230,-1,230,229,231,-1,232,233,234,-1,234,233,235,-1,233,236,235,-1,235,236,237,-1,236,238,237,-1,237,238,239,-1,240,241,242,-1,240,242,243,-1,243,242,244,-1,243,244,245,-1,245,244,246,-1,245,246,247,-1,247,246,248,-1,247,248,249,-1,249,248,250,-1,249,250,251,-1,251,250,239,-1,251,239,238,-1,240,252,241,-1,241,252,253,-1,252,254,253,-1,253,254,255,-1,254,232,255,-1,255,232,234,-1,232,247,249,-1,254,252,232,-1,232,252,240,-1,236,233,238,-1,238,233,232,-1,238,232,251,-1,251,232,249,-1,240,243,232,-1,232,243,245,-1,232,245,247,-1,253,255,241,-1,241,255,234,-1,235,237,234,-1,234,237,239,-1,246,244,234,-1,234,244,242,-1,234,242,241,-1,239,250,234,-1,234,250,248,-1,234,248,246,-1,256,257,258,-1,258,257,259,-1,257,260,259,-1,259,260,261,-1,260,262,261,-1,261,262,263,-1,264,265,266,-1,264,266,267,-1,267,266,268,-1,267,268,269,-1,269,268,270,-1,269,270,271,-1,271,270,272,-1,271,272,273,-1,273,272,274,-1,273,274,275,-1,275,274,263,-1,275,263,262,-1,264,276,265,-1,265,276,277,-1,276,278,277,-1,277,278,279,-1,278,256,279,-1,279,256,258,-1,256,271,273,-1,278,276,256,-1,256,276,264,-1,260,257,262,-1,262,257,256,-1,262,256,275,-1,275,256,273,-1,264,267,256,-1,256,267,269,-1,256,269,271,-1,258,270,268,-1,259,261,258,-1,258,261,263,-1,277,279,265,-1,265,279,258,-1,265,258,266,-1,266,258,268,-1,263,274,258,-1,258,274,272,-1,258,272,270,-1,280,281,282,-1,282,281,283,-1,284,280,285,-1,285,280,282,-1,286,284,287,-1,287,284,285,-1,286,287,288,-1,286,288,289,-1,289,288,290,-1,289,290,291,-1,291,290,292,-1,291,292,293,-1,293,292,294,-1,293,294,295,-1,295,294,296,-1,295,296,297,-1,297,296,298,-1,297,298,299,-1,300,299,301,-1,301,299,298,-1,302,300,303,-1,303,300,301,-1,281,302,283,-1,283,302,303,-1,281,293,295,-1,280,284,281,-1,281,284,286,-1,300,302,299,-1,299,302,281,-1,299,281,297,-1,297,281,295,-1,286,289,281,-1,281,289,291,-1,281,291,293,-1,283,292,290,-1,303,301,283,-1,283,301,298,-1,285,282,287,-1,287,282,283,-1,287,283,288,-1,288,283,290,-1,298,296,283,-1,283,296,294,-1,283,294,292,-1,304,305,306,-1,306,305,307,-1,308,304,309,-1,309,304,306,-1,310,305,308,-1,308,305,304,-1,311,307,310,-1,310,307,305,-1,309,306,311,-1,311,306,307,-1,308,309,310,-1,310,309,311,-1,312,313,314,-1,314,313,315,-1,316,312,317,-1,317,312,314,-1,318,316,319,-1,319,316,317,-1,318,319,320,-1,318,320,321,-1,321,320,322,-1,321,322,323,-1,323,322,324,-1,323,324,325,-1,325,324,326,-1,325,326,327,-1,327,326,328,-1,327,328,329,-1,329,328,330,-1,329,330,331,-1,332,331,333,-1,333,331,330,-1,334,332,335,-1,335,332,333,-1,313,334,315,-1,315,334,335,-1,313,325,327,-1,312,316,313,-1,313,316,318,-1,332,334,331,-1,331,334,313,-1,331,313,329,-1,329,313,327,-1,318,321,313,-1,313,321,323,-1,313,323,325,-1,315,324,322,-1,335,333,315,-1,315,333,330,-1,317,314,319,-1,319,314,315,-1,319,315,320,-1,320,315,322,-1,330,328,315,-1,315,328,326,-1,315,326,324,-1,336,337,338,-1,338,337,339,-1,340,336,341,-1,341,336,338,-1,342,337,340,-1,340,337,336,-1,343,339,342,-1,342,339,337,-1,341,338,343,-1,343,338,339,-1,340,341,342,-1,342,341,343,-1,344,345,346,-1,346,345,347,-1,345,348,347,-1,347,348,349,-1,348,350,349,-1,349,350,351,-1,350,352,351,-1,351,352,353,-1,352,354,353,-1,353,354,355,-1,356,357,358,-1,356,358,359,-1,359,358,360,-1,359,360,361,-1,361,360,362,-1,361,362,363,-1,363,362,364,-1,363,364,365,-1,365,364,366,-1,365,366,367,-1,367,366,355,-1,367,355,354,-1,356,344,357,-1,357,344,346,-1,348,363,365,-1,345,344,348,-1,348,344,356,-1,352,350,354,-1,354,350,348,-1,354,348,367,-1,367,348,365,-1,356,359,348,-1,348,359,361,-1,348,361,363,-1,349,362,360,-1,351,353,349,-1,349,353,355,-1,346,347,357,-1,357,347,349,-1,357,349,358,-1,358,349,360,-1,355,366,349,-1,349,366,364,-1,349,364,362,-1,368,369,370,-1,370,369,371,-1,372,368,373,-1,373,368,370,-1,374,372,375,-1,375,372,373,-1,374,375,376,-1,374,376,377,-1,377,376,378,-1,377,378,379,-1,379,378,380,-1,379,380,381,-1,381,380,382,-1,381,382,383,-1,383,382,384,-1,383,384,385,-1,385,384,386,-1,385,386,387,-1,388,387,389,-1,389,387,386,-1,390,388,391,-1,391,388,389,-1,369,390,371,-1,371,390,391,-1,369,381,383,-1,368,372,369,-1,369,372,374,-1,388,390,387,-1,387,390,369,-1,387,369,385,-1,385,369,383,-1,374,377,369,-1,369,377,379,-1,369,379,381,-1,371,380,378,-1,391,389,371,-1,371,389,386,-1,373,370,375,-1,375,370,371,-1,375,371,376,-1,376,371,378,-1,386,384,371,-1,371,384,382,-1,371,382,380,-1,392,393,394,-1,394,393,395,-1,396,392,397,-1,397,392,394,-1,398,393,396,-1,396,393,392,-1,399,395,398,-1,398,395,393,-1,397,394,399,-1,399,394,395,-1,396,397,398,-1,398,397,399,-1,400,401,402,-1,402,401,403,-1,404,400,405,-1,405,400,402,-1,406,401,404,-1,404,401,400,-1,407,403,406,-1,406,403,401,-1,405,402,407,-1,407,402,403,-1,404,405,406,-1,406,405,407,-1,408,409,410,-1,410,409,411,-1,409,412,411,-1,411,412,413,-1,412,414,413,-1,413,414,415,-1,414,416,415,-1,415,416,417,-1,416,418,417,-1,417,418,419,-1,420,421,422,-1,420,422,423,-1,423,422,424,-1,423,424,425,-1,425,424,426,-1,425,426,427,-1,427,426,428,-1,427,428,429,-1,429,428,430,-1,429,430,431,-1,431,430,419,-1,431,419,418,-1,420,408,421,-1,421,408,410,-1,412,427,429,-1,409,408,412,-1,412,408,420,-1,416,414,418,-1,418,414,412,-1,418,412,431,-1,431,412,429,-1,420,423,412,-1,412,423,425,-1,412,425,427,-1,413,426,424,-1,415,417,413,-1,413,417,419,-1,410,411,421,-1,421,411,413,-1,421,413,422,-1,422,413,424,-1,419,430,413,-1,413,430,428,-1,413,428,426,-1,432,433,434,-1,434,433,435,-1,433,436,435,-1,435,436,437,-1,436,438,437,-1,437,438,439,-1,440,441,442,-1,440,442,443,-1,443,442,444,-1,443,444,445,-1,445,444,446,-1,445,446,447,-1,447,446,448,-1,447,448,449,-1,449,448,450,-1,449,450,451,-1,451,450,439,-1,451,439,438,-1,440,452,441,-1,441,452,453,-1,452,454,453,-1,453,454,455,-1,454,432,455,-1,455,432,434,-1,432,447,449,-1,454,452,432,-1,432,452,440,-1,436,433,438,-1,438,433,432,-1,438,432,451,-1,451,432,449,-1,440,443,432,-1,432,443,445,-1,432,445,447,-1,434,446,444,-1,435,437,434,-1,434,437,439,-1,453,455,441,-1,441,455,434,-1,441,434,442,-1,442,434,444,-1,439,450,434,-1,434,450,448,-1,434,448,446,-1,456,457,458,-1,458,457,459,-1,460,461,462,-1,462,461,463,-1,457,461,459,-1,459,461,460,-1,463,461,456,-1,456,461,457,-1,459,460,458,-1,458,460,462,-1,463,456,462,-1,462,456,458,-1,464,465,466,-1,466,465,467,-1,468,464,469,-1,469,464,466,-1,470,465,468,-1,468,465,464,-1,471,467,470,-1,470,467,465,-1,469,466,471,-1,471,466,467,-1,468,469,470,-1,470,469,471,-1,
        ]
    }
}
Shape{
    appearance Appearance {
        material  Material 	{
            diffuseColor 0.25098039215686274 0.25098039215686274 0.25098039215686274
            specularColor 0.12549019607843137 0.12549019607843137 0.12549019607843137
            ambientIntensity 0.251
            transparency 0.0
            shininess 0.5
        }
    }
    geometry IndexedFaceSet {
        ccw TRUE
        solid FALSE
        coord DEF co Coordinate {
            point [
                1.6417 0.9248 0.8898, 1.6417 0.9327 0.8898, 1.6323 0.9327 0.9611, 1.6323 0.9248 0.9611, 1.6048 0.9327 1.0276, 1.6048 0.9248 1.0276, 1.561 0.9327 1.0846, 1.561 0.9248 1.0846, 1.5039 0.9327 1.1284, 1.5039 0.9248 1.1284, 1.4375 0.9327 1.156, 1.4375 0.9248 1.156, 1.3661 0.9327 1.1654, 1.3661 0.9248 1.1654, -1.3661 0.2043 1.1654, -1.3661 0.6669 1.1654, -1.4375 0.6669 1.156, -1.4375 0.2043 1.156, -1.5039 0.6669 1.1284, -1.5039 0.2043 1.1284, -1.561 0.6669 1.0846, -1.561 0.2043 1.0846, -1.6048 0.6669 1.0276, -1.6048 0.2043 1.0276, -1.6323 0.6669 0.9611, -1.6323 0.2043 0.9611, -1.6417 0.6669 0.8898, -1.6417 0.2043 0.8898, -0.5512 -0.8587 0.5236, -0.5512 -1.8035 0.5236, -0.9646 -0.8587 0.5236, -0.9646 -1.8035 0.5236, -1.3189 -1.6067 0.5236, -1.3189 -1.4886 0.5236, -1.2345 -1.8035 0.5236, -1.2883 -1.4846 0.5236, -1.122 -1.8035 0.5236, -1.2598 -1.4728 0.5236, -1.2354 -1.454 0.5236, -1.2166 -1.4295 0.5236, -1.2008 -0.8587 0.5236, -1.122 -0.8587 0.5236, -1.2008 -1.3705 0.5236, -1.2048 -1.401 0.5236, -0.3937 -1.8035 0.5236, -0.3937 -0.8587 0.5236, -0.374 -1.8035 0.5236, -0.374 -0.8587 0.5236, -0.1969 -0.8587 0.5236, -0.1969 -1.8035 0.5236, -0.2165 -0.8587 0.5236, -0.2165 -1.8035 0.5236, -0.9646 -1.8823 0.6024, -0.5512 -1.8823 0.6024, -1.122 -1.8538 0.5739, -1.2318 -1.8099 0.53, -0.374 -1.8823 0.6024, -0.3937 -1.8823 0.6024, -0.2165 -1.8823 0.6024, -0.1969 -1.8823 0.6024, -1.2318 -1.8099 0.7928, -1.122 -1.8538 0.6024, -1.122 -1.8538 0.7489, -1.122 -1.8538 0.7205, -1.0509 -1.8823 0.7205, -1.0509 -1.8823 0.6024, -0.0394 -1.8035 0.5236, -0.0394 -0.8587 0.5236, 0.0394 -1.8035 0.5236, 0.0394 -0.8587 0.5236, 0.2165 -0.8587 0.5236, 0.2165 -1.8035 0.5236, 0.1969 -0.8587 0.5236, 0.1969 -1.8035 0.5236, 1.2048 -1.401 0.5236, 1.2166 -1.4295 0.5236, 1.122 -1.8035 0.5236, 1.2008 -1.3705 0.5236, 1.122 -0.8587 0.5236, 1.2008 -0.8587 0.5236, 1.3189 -1.4886 0.5236, 1.3189 -1.6067 0.5236, 1.2883 -1.4846 0.5236, 1.2345 -1.8035 0.5236, 1.2598 -1.4728 0.5236, 1.2354 -1.454 0.5236, 0.5512 -1.8035 0.5236, 0.5512 -0.8587 0.5236, 0.9646 -1.8035 0.5236, 0.9646 -0.8587 0.5236, 0.374 -1.8035 0.5236, 0.374 -0.8587 0.5236, 0.3937 -1.8035 0.5236, 0.3937 -0.8587 0.5236, 0.0394 -1.8823 0.6024, -0.0394 -1.8823 0.6024, 0.1969 -1.8823 0.6024, 0.2165 -1.8823 0.6024, 1.122 -1.8538 0.5739, 1.2318 -1.8099 0.53, 0.9646 -1.8823 0.6024, 0.5512 -1.8823 0.6024, 0.3937 -1.8823 0.6024, 0.374 -1.8823 0.6024, 1.122 -1.8538 0.6024, 1.2318 -1.8099 0.7928, 1.122 -1.8538 0.7489, 1.122 -1.8538 0.7205, 1.0509 -1.8823 0.7205, 1.0509 -1.8823 0.6024, -0.2833 0.6098 1.1654, -0.2833 0.9327 1.1654, -0.677 0.6098 0.9381, -0.677 0.9327 0.9381, 0.0591 -0.8587 0.7992, 0.0394 -0.8587 0.7992, 0.0591 -0.8587 0.7598, 0.0394 -0.8587 0.7205, 0.1772 -0.8587 0.7598, 0.1969 -0.8587 0.7205, 0.1772 -0.8587 0.7992, 0.1969 -0.8587 0.7992, 0.4134 -0.8587 0.7992, 0.3937 -0.8587 0.7992, 0.4134 -0.8587 0.7598, 0.3937 -0.8587 0.7205, 0.5315 -0.8587 0.7598, 0.5512 -0.8587 0.7205, 0.5315 -0.8587 0.7992, 0.5512 -0.8587 0.7992, 0.2362 -0.8587 0.7992, 0.2165 -0.8587 0.7992, 0.2362 -0.8587 0.7598, 0.2165 -0.8587 0.7205, 0.3543 -0.8587 0.7598, 0.374 -0.8587 0.7205, 0.3543 -0.8587 0.7992, 0.374 -0.8587 0.7992, -1.1024 -0.8587 0.7992, -1.122 -0.8587 0.7992, -1.1024 -0.8587 0.7598, -1.122 -0.8587 0.7205, -0.9843 -0.8587 0.7598, -0.9646 -0.8587 0.7205, -0.9843 -0.8587 0.7992, -0.9646 -0.8587 0.7992, -1.2048 -1.401 0.7992, -1.2166 -1.4295 0.7992, -1.122 -1.8035 0.7992, -1.3189 -1.4886 0.7992, -1.3189 -1.6067 0.7992, -1.2883 -1.4846 0.7992, -1.2345 -1.8035 0.7992, -1.2598 -1.4728 0.7992, -1.2354 -1.454 0.7992, -1.2008 -1.3705 0.7992, -1.2008 -0.8587 0.7992, -0.5512 -1.8035 0.7992, -0.5512 -0.8587 0.7992, -0.9646 -1.8035 0.7992, -0.9646 -1.8823 0.7205, -0.5512 -1.8823 0.7205, -0.3937 -0.8587 0.7992, -0.3937 -1.8035 0.7992, -0.374 -0.8587 0.7992, -0.374 -1.8035 0.7992, -0.374 -1.8823 0.7205, -0.3937 -1.8823 0.7205, -0.2165 -1.8035 0.7992, -0.1969 -1.8035 0.7992, -0.2165 -0.8587 0.7992, -0.1969 -0.8587 0.7992, -0.1969 -1.8823 0.7205, -0.2165 -1.8823 0.7205, 1.6323 0.2043 0.9611, 1.6048 0.2043 1.0276, 1.3976 0.2043 0.878, 1.561 0.2043 1.0846, 1.5039 0.2043 1.1284, -1.3976 0.2043 0.878, -1.3976 0.2043 0.4449, -1.6417 0.2043 0.0394, 1.3976 0.2043 0.4449, 1.6417 0.2043 0.0394, 1.6417 0.2043 0.8898, 1.4375 0.2043 1.156, 1.3661 0.2043 1.1654, -1.6417 0.9327 0.0394, -1.6417 0.9327 0.8898, -0.8661 0.9327 0.9147, -1.3661 0.9327 1.1654, -0.8661 0.9327 1.1654, -1.561 0.9327 1.0846, -1.6048 0.9327 1.0276, -1.6323 0.9327 0.9611, 1.6417 0.9327 0.0394, -0.677 0.9327 0.9147, 0.677 0.9327 0.9147, 0.8661 0.9327 0.9147, 0.8661 0.9327 1.1654, -1.5039 0.9327 1.1284, -1.4375 0.9327 1.156, 0.2833 0.9327 1.1654, 0.677 0.9327 0.9381, -1.6417 0.9248 0.8898, -1.6417 0.9248 0.7717, -1.6417 0.6669 0.7717, -1.3661 0.9248 1.1654, -1.4375 0.9248 1.156, -1.5039 0.9248 1.1284, -1.561 0.9248 1.0846, -1.6048 0.9248 1.0276, -1.6323 0.9248 0.9611, 0.8661 0.6098 1.1654, 1.3661 0.6669 1.1654, 1.7598 0.6669 1.1654, 1.7598 0.9248 1.1654, 0.2833 0.6098 1.1654, -0.8661 0.6098 1.1654, -1.7598 0.9248 1.1654, -1.7598 0.6669 1.1654, -1.187 0.5967 0.0394, -1.2074 0.581 0.0394, 1.0526 0.4622 0.0394, 1.0682 0.4418 0.0394, -1.223 0.4622 0.0394, -1.2074 0.4418 0.0394, -1.0886 0.4262 0.0394, -1.0682 0.4418 0.0394, 1.0394 0.5114 0.0394, -1.0526 0.4622 0.0394, -1.2329 0.4859 0.0394, 1.2329 0.4859 0.0394, 1.2362 0.5114 0.0394, 1.223 0.5606 0.0394, 1.2074 0.581 0.0394, 1.187 0.5967 0.0394, 1.1633 0.6065 0.0394, 1.0886 0.5967 0.0394, -1.0682 0.581 0.0394, -1.0886 0.5967 0.0394, -1.1123 0.6065 0.0394, -1.1378 0.6098 0.0394, -1.1633 0.6065 0.0394, -1.223 0.5606 0.0394, -1.2329 0.5369 0.0394, -1.2362 0.5114 0.0394, -1.187 0.4262 0.0394, -1.1633 0.4163 0.0394, -1.1378 0.413 0.0394, 1.0886 0.4262 0.0394, 1.1123 0.4163 0.0394, 1.1378 0.413 0.0394, 1.1633 0.4163 0.0394, 1.187 0.4262 0.0394, 1.2329 0.5369 0.0394, 1.0682 0.581 0.0394, -1.0427 0.5369 0.0394, -1.0526 0.5606 0.0394, 1.1378 0.6098 0.0394, 1.1123 0.6065 0.0394, 1.0427 0.4859 0.0394, -1.1123 0.4163 0.0394, 1.2074 0.4418 0.0394, 1.223 0.4622 0.0394, 1.0526 0.5606 0.0394, 1.0427 0.5369 0.0394, -1.0394 0.5114 0.0394, -1.0427 0.4859 0.0394, 1.2795 -0.7799 0.878, 1.3976 -0.7799 0.878, -1.2795 -0.7799 0.878, -1.3976 -0.7799 0.878, -1.3976 -0.7799 0.4449, -1.2795 -0.7799 0.4449, 1.2795 -0.7799 0.4449, 1.3976 -0.7799 0.4449, -0.0394 -1.8035 0.7992, 0.0394 -1.8035 0.7992, -0.0394 -0.8587 0.7992, -0.0394 -1.8823 0.7205, 0.0394 -1.8823 0.7205, 0.1969 -1.8823 0.7205, 0.2165 -1.8823 0.7205, 0.374 -1.8823 0.7205, 0.3937 -1.8823 0.7205, 0.5512 -1.8823 0.7205, 0.9646 -1.8823 0.7205, 0.9843 -0.8587 0.7992, 1.1024 -0.8587 0.7992, 1.122 -0.8587 0.7992, 1.2008 -0.8587 0.7992, 0.9646 -0.8587 0.7992, -0.1969 -0.8587 0.7205, -0.0394 -0.8587 0.7205, -0.3937 -0.8587 0.7205, -0.5512 -0.8587 0.7205, -0.374 -0.8587 0.7205, -0.2165 -0.8587 0.7205
            ]
        }
        coordIndex [
            0,1,2,-1,0,2,3,-1,3,2,4,-1,3,4,5,-1,5,4,6,-1,5,6,7,-1,7,6,8,-1,7,8,9,-1,9,8,10,-1,9,10,11,-1,11,10,12,-1,11,12,13,-1,14,15,16,-1,14,16,17,-1,17,16,18,-1,17,18,19,-1,19,18,20,-1,19,20,21,-1,21,20,22,-1,21,22,23,-1,23,22,24,-1,23,24,25,-1,25,24,26,-1,25,26,27,-1,28,29,30,-1,30,29,31,-1,32,33,34,-1,34,33,35,-1,34,35,36,-1,35,37,36,-1,36,37,38,-1,36,38,39,-1,40,41,42,-1,42,41,36,-1,42,36,43,-1,43,36,39,-1,44,45,46,-1,46,45,47,-1,48,49,50,-1,50,49,51,-1,31,29,52,-1,52,29,53,-1,54,55,36,-1,36,55,34,-1,56,57,46,-1,46,57,44,-1,51,49,58,-1,58,49,59,-1,55,54,60,-1,60,54,61,-1,62,60,63,-1,63,60,61,-1,63,61,64,-1,64,61,65,-1,66,67,68,-1,68,67,69,-1,70,71,72,-1,72,71,73,-1,74,75,76,-1,74,76,77,-1,77,76,78,-1,77,78,79,-1,80,81,82,-1,82,81,83,-1,82,83,84,-1,84,83,76,-1,84,76,85,-1,85,76,75,-1,86,87,88,-1,88,87,89,-1,90,91,92,-1,92,91,93,-1,94,95,68,-1,68,95,66,-1,73,71,96,-1,96,71,97,-1,76,83,98,-1,98,83,99,-1,100,101,88,-1,88,101,86,-1,102,103,92,-1,92,103,90,-1,104,98,99,-1,105,106,107,-1,108,109,107,-1,107,109,104,-1,107,104,105,-1,105,104,99,-1,110,111,112,-1,112,111,113,-1,114,115,116,-1,116,115,117,-1,116,117,118,-1,118,117,119,-1,118,119,120,-1,120,119,121,-1,122,123,124,-1,124,123,125,-1,124,125,126,-1,126,125,127,-1,126,127,128,-1,128,127,129,-1,130,131,132,-1,132,131,133,-1,132,133,134,-1,134,133,135,-1,134,135,136,-1,136,135,137,-1,138,139,140,-1,140,139,141,-1,140,141,142,-1,142,141,143,-1,142,143,144,-1,144,143,145,-1,146,147,148,-1,149,150,151,-1,151,150,152,-1,151,152,153,-1,153,152,148,-1,153,148,154,-1,154,148,147,-1,146,148,155,-1,155,148,139,-1,155,139,156,-1,157,158,159,-1,159,158,145,-1,148,152,62,-1,62,152,60,-1,160,161,159,-1,159,161,157,-1,162,163,164,-1,164,163,165,-1,165,163,166,-1,166,163,167,-1,168,169,170,-1,170,169,171,-1,172,169,173,-1,173,169,168,-1,174,175,176,-1,176,175,177,-1,176,177,178,-1,23,25,179,-1,179,25,27,-1,179,27,180,-1,180,27,181,-1,180,181,182,-1,182,181,183,-1,182,183,176,-1,176,183,184,-1,176,184,174,-1,17,19,179,-1,179,19,21,-1,179,21,23,-1,178,185,176,-1,176,185,186,-1,176,186,179,-1,179,186,14,-1,179,14,17,-1,187,188,189,-1,189,188,190,-1,189,190,191,-1,192,188,193,-1,193,188,194,-1,187,189,195,-1,195,189,196,-1,195,196,197,-1,197,198,195,-1,195,198,199,-1,195,199,12,-1,192,200,188,-1,188,200,201,-1,188,201,190,-1,202,203,111,-1,111,203,197,-1,111,197,113,-1,113,197,196,-1,10,8,6,-1,6,4,10,-1,10,4,2,-1,10,2,12,-1,12,2,1,-1,12,1,195,-1,204,188,205,-1,205,188,187,-1,205,187,206,-1,206,187,181,-1,206,181,26,-1,26,181,27,-1,207,190,201,-1,207,201,208,-1,208,201,200,-1,208,200,209,-1,209,200,192,-1,209,192,210,-1,210,192,193,-1,210,193,211,-1,211,193,194,-1,211,194,212,-1,212,194,188,-1,212,188,204,-1,13,12,199,-1,213,186,214,-1,215,216,214,-1,214,216,13,-1,214,13,213,-1,213,13,199,-1,202,111,217,-1,217,111,110,-1,213,217,186,-1,186,217,110,-1,186,110,14,-1,14,110,218,-1,14,218,15,-1,191,190,207,-1,219,220,207,-1,207,220,15,-1,207,15,191,-1,191,15,218,-1,221,222,187,-1,223,224,181,-1,225,226,181,-1,227,228,229,-1,229,228,230,-1,225,181,231,-1,183,232,233,-1,234,235,195,-1,195,235,236,-1,195,236,237,-1,238,239,240,-1,241,242,187,-1,187,242,243,-1,187,243,221,-1,222,244,187,-1,187,244,245,-1,187,245,181,-1,181,245,246,-1,181,246,231,-1,226,247,181,-1,181,247,248,-1,181,248,249,-1,224,250,181,-1,181,250,251,-1,181,251,183,-1,251,252,183,-1,183,252,253,-1,183,253,254,-1,183,233,195,-1,195,233,255,-1,195,255,234,-1,256,257,238,-1,238,257,258,-1,238,258,239,-1,237,259,195,-1,195,259,260,-1,195,260,187,-1,187,260,238,-1,187,238,241,-1,241,238,240,-1,223,181,261,-1,261,181,249,-1,261,249,229,-1,229,249,262,-1,229,262,227,-1,254,263,183,-1,183,263,264,-1,183,264,232,-1,256,265,257,-1,257,265,266,-1,257,266,267,-1,267,266,229,-1,267,229,268,-1,268,229,230,-1,269,270,176,-1,269,176,271,-1,271,176,179,-1,271,179,272,-1,273,272,180,-1,180,272,179,-1,273,180,274,-1,274,180,182,-1,274,182,275,-1,275,182,276,-1,271,272,274,-1,274,272,273,-1,150,149,32,-1,32,149,33,-1,277,278,279,-1,279,278,115,-1,64,65,160,-1,160,65,52,-1,160,52,161,-1,161,52,53,-1,161,53,167,-1,167,53,57,-1,167,57,166,-1,166,57,56,-1,166,56,173,-1,173,56,58,-1,173,58,172,-1,172,58,59,-1,172,59,280,-1,280,59,95,-1,280,95,281,-1,281,95,94,-1,281,94,282,-1,282,94,96,-1,282,96,283,-1,283,96,97,-1,283,97,284,-1,284,97,103,-1,284,103,285,-1,285,103,102,-1,285,102,286,-1,286,102,101,-1,286,101,287,-1,287,101,100,-1,287,100,108,-1,108,100,109,-1,40,42,156,-1,156,42,155,-1,155,42,146,-1,146,42,43,-1,146,43,147,-1,147,43,39,-1,147,39,154,-1,154,39,38,-1,154,38,153,-1,153,38,37,-1,153,37,151,-1,151,37,35,-1,151,35,149,-1,149,35,33,-1,150,32,34,-1,55,60,34,-1,34,60,152,-1,34,152,150,-1,281,278,280,-1,280,278,277,-1,274,40,271,-1,271,40,156,-1,50,47,274,-1,274,47,45,-1,274,45,28,-1,275,79,78,-1,93,91,275,-1,275,91,70,-1,275,70,72,-1,72,69,275,-1,275,69,67,-1,275,67,274,-1,274,67,48,-1,274,48,50,-1,28,30,274,-1,274,30,41,-1,274,41,40,-1,78,89,275,-1,275,89,87,-1,275,87,93,-1,271,156,139,-1,121,131,269,-1,121,269,120,-1,137,123,269,-1,269,123,122,-1,269,122,128,-1,288,289,269,-1,269,289,290,-1,269,290,291,-1,162,271,158,-1,158,271,145,-1,162,164,271,-1,271,164,170,-1,271,170,171,-1,131,130,269,-1,269,130,136,-1,269,136,137,-1,128,129,269,-1,269,129,292,-1,269,292,288,-1,139,138,271,-1,271,138,144,-1,271,144,145,-1,171,279,271,-1,271,279,115,-1,271,115,269,-1,269,115,114,-1,269,114,120,-1,172,280,293,-1,293,280,294,-1,293,294,171,-1,171,294,279,-1,171,169,293,-1,293,169,172,-1,279,294,277,-1,277,294,280,-1,295,296,167,-1,167,296,161,-1,296,295,158,-1,158,295,162,-1,158,157,296,-1,296,157,161,-1,162,295,163,-1,163,295,167,-1,166,173,297,-1,297,173,298,-1,297,298,164,-1,164,298,170,-1,164,165,297,-1,297,165,166,-1,170,298,168,-1,168,298,173,-1,160,143,64,-1,64,143,141,-1,64,141,63,-1,139,148,141,-1,141,148,62,-1,141,62,63,-1,143,160,145,-1,145,160,159,-1,
        ]
    }
}
Shape{
    appearance Appearance {
        material  Material 	{
            diffuseColor 1.0 1.0 0.5019607843137255
            specularColor 0.5019607843137255 0.5019607843137255 0.25098039215686274
            ambientIntensity 0.9432
            transparency 0.0
            shininess 0.5
        }
    }
    geometry IndexedFaceSet {
        ccw TRUE
        solid FALSE
        coord DEF co Coordinate {
            point [
                -1.1024 -1.7839 0.7992, -1.1024 -0.8587 0.7992, -1.1024 -1.7839 0.7598, -1.1024 -0.8587 0.7598, -0.9843 -1.7839 0.7598, -0.9843 -0.8587 0.7598, -0.9843 -1.7839 0.7992, -0.9843 -0.8587 0.7992
            ]
        }
        coordIndex [
            0,1,2,-1,2,1,3,-1,2,3,4,-1,4,3,5,-1,4,5,6,-1,6,5,7,-1,6,7,0,-1,0,7,1,-1,0,2,6,-1,6,2,4,-1,
        ]
    }
}
Shape{
    appearance Appearance {
        material  Material 	{
            diffuseColor 0.25098039215686274 0.25098039215686274 0.25098039215686274
            specularColor 0.12549019607843137 0.12549019607843137 0.12549019607843137
            ambientIntensity 0.251
            transparency 0.0
            shininess 0.5
        }
    }
    geometry IndexedFaceSet {
        ccw TRUE
        solid FALSE
        coord DEF co Coordinate {
            point [
                0.9843 -0.8587 0.7992, 0.9646 -0.8587 0.7992, 0.9843 -0.8587 0.7598, 0.9646 -0.8587 0.7205, 1.1024 -0.8587 0.7598, 1.122 -0.8587 0.7205, 1.1024 -0.8587 0.7992, 1.122 -0.8587 0.7992, 1.2354 -1.454 0.7992, 1.2166 -1.4295 0.7992, 1.122 -1.8035 0.7992, 1.3189 -1.6067 0.7992, 1.3189 -1.4886 0.7992, 1.2345 -1.8035 0.7992, 1.2883 -1.4846 0.7992, 1.2598 -1.4728 0.7992, 1.2008 -0.8587 0.7992, 1.2008 -1.3705 0.7992, 1.2048 -1.401 0.7992, 0.5512 -0.8587 0.7992, 0.5512 -1.8035 0.7992, 0.9646 -1.8035 0.7992, 1.2318 -1.8099 0.7928, 1.122 -1.8538 0.7489, 0.5512 -1.8823 0.7205, 0.9646 -1.8823 0.7205, 0.3937 -1.8035 0.7992, 0.3937 -0.8587 0.7992, 0.374 -1.8035 0.7992, 0.374 -0.8587 0.7992, 0.3937 -1.8823 0.7205, 0.374 -1.8823 0.7205, 0.1969 -1.8035 0.7992, 0.2165 -1.8035 0.7992, 0.1969 -0.8587 0.7992, 0.2165 -0.8587 0.7992, 0.1969 -1.8823 0.7205, 0.2165 -1.8823 0.7205, 1.6417 0.9327 0.8898, 1.6417 0.9248 0.8898, 1.6417 0.9248 0.7717, 1.6417 0.6669 0.8898, 1.6417 0.2043 0.8898, 1.6417 0.6669 0.7717, 1.6417 0.2043 0.0394, 1.6417 0.9327 0.0394, 1.6323 0.6669 0.9611, 1.6323 0.2043 0.9611, 1.6048 0.6669 1.0276, 1.6048 0.2043 1.0276, 1.561 0.6669 1.0846, 1.561 0.2043 1.0846, 1.5039 0.6669 1.1284, 1.5039 0.2043 1.1284, 1.4375 0.6669 1.156, 1.4375 0.2043 1.156, 1.3661 0.6669 1.1654, 1.3661 0.2043 1.1654, 0.677 0.9327 0.9381, 0.2833 0.9327 1.1654, 0.677 0.6098 0.9381, 0.2833 0.6098 1.1654, 1.3976 -0.7799 0.878, 1.3976 -0.7799 0.4449, 1.3976 0.2043 0.878, 1.3976 0.2043 0.4449, 1.2795 -0.7799 0.878, 1.2795 -0.7799 0.4449, 1.3189 -1.4886 0.5236, 1.3189 -1.6067 0.5236, 1.2008 -1.3705 0.5236, 1.2008 -0.8587 0.5236, 1.2883 -1.4846 0.5236, 1.2598 -1.4728 0.5236, 1.2354 -1.454 0.5236, 1.2166 -1.4295 0.5236, 1.2048 -1.401 0.5236, 1.2318 -1.8099 0.53, 1.2345 -1.8035 0.5236, 0.0394 -1.8823 0.7205, 0.0394 -0.8587 0.7205, 0.1969 -0.8587 0.7205, 0.0394 -0.8587 0.7992, 0.0394 -1.8035 0.7992, 0.5512 -0.8587 0.7205, 0.3937 -0.8587 0.7205, 0.2165 -0.8587 0.7205, 0.374 -0.8587 0.7205, 1.122 -1.8538 0.7205, 1.0509 -1.8823 0.7205
            ]
        }
        coordIndex [
            0,1,2,-1,2,1,3,-1,2,3,4,-1,4,3,5,-1,4,5,6,-1,6,5,7,-1,8,9,10,-1,11,12,13,-1,13,12,14,-1,13,14,10,-1,10,14,15,-1,10,15,8,-1,16,7,17,-1,17,7,10,-1,17,10,18,-1,18,10,9,-1,19,20,1,-1,1,20,21,-1,13,10,22,-1,22,10,23,-1,24,25,20,-1,20,25,21,-1,26,27,28,-1,28,27,29,-1,26,28,30,-1,30,28,31,-1,32,33,34,-1,34,33,35,-1,32,36,33,-1,33,36,37,-1,38,39,40,-1,41,42,43,-1,43,42,44,-1,43,44,40,-1,40,44,45,-1,40,45,38,-1,42,41,46,-1,42,46,47,-1,47,46,48,-1,47,48,49,-1,49,48,50,-1,49,50,51,-1,51,50,52,-1,51,52,53,-1,53,52,54,-1,53,54,55,-1,55,54,56,-1,55,56,57,-1,58,59,60,-1,60,59,61,-1,62,63,64,-1,64,63,65,-1,62,66,63,-1,63,66,67,-1,12,11,68,-1,68,11,69,-1,70,71,17,-1,17,71,16,-1,12,68,14,-1,14,68,72,-1,14,72,15,-1,15,72,73,-1,15,73,8,-1,8,73,74,-1,8,74,9,-1,9,74,75,-1,9,75,18,-1,18,75,76,-1,18,76,17,-1,17,76,70,-1,22,77,13,-1,13,77,78,-1,13,78,11,-1,11,78,69,-1,71,67,16,-1,16,67,66,-1,79,36,80,-1,80,36,81,-1,32,34,36,-1,36,34,81,-1,80,82,79,-1,79,82,83,-1,84,85,24,-1,24,85,30,-1,20,19,24,-1,24,19,84,-1,85,27,30,-1,30,27,26,-1,37,31,86,-1,86,31,87,-1,28,29,31,-1,31,29,87,-1,86,35,37,-1,37,35,33,-1,88,5,89,-1,89,5,3,-1,89,3,25,-1,10,7,23,-1,23,7,5,-1,23,5,88,-1,25,3,21,-1,21,3,1,-1,
        ]
    }
}
Shape{
    appearance Appearance {
        material  Material 	{
            diffuseColor 1.0 1.0 0.5019607843137255
            specularColor 0.5019607843137255 0.5019607843137255 0.25098039215686274
            ambientIntensity 0.9432
            transparency 0.0
            shininess 0.5
        }
    }
    geometry IndexedFaceSet {
        ccw TRUE
        solid FALSE
        coord DEF co Coordinate {
            point [
                1.1024 -0.8587 0.7992, 1.1024 -1.7839 0.7992, 1.1024 -0.8587 0.7598, 1.1024 -1.7839 0.7598, 0.9843 -0.8587 0.7598, 0.9843 -1.7839 0.7598, 0.9843 -0.8587 0.7992, 0.9843 -1.7839 0.7992, 0.3543 -1.7248 0.7992, 0.2362 -1.7248 0.7992, 0.3543 -1.7248 0.7598, 0.2362 -1.7248 0.7598, 0.3543 -0.8587 0.7598, 0.2362 -0.8587 0.7598, 0.3543 -0.8587 0.7992, 0.2362 -0.8587 0.7992, 0.5315 -1.7839 0.7992, 0.4134 -1.7839 0.7992, 0.5315 -1.7839 0.7598, 0.4134 -1.7839 0.7598, 0.5315 -0.8587 0.7598, 0.4134 -0.8587 0.7598, 0.5315 -0.8587 0.7992, 0.4134 -0.8587 0.7992, 0.1772 -1.7248 0.7992, 0.0591 -1.7248 0.7992, 0.1772 -1.7248 0.7598, 0.0591 -1.7248 0.7598, 0.1772 -0.8587 0.7598, 0.0591 -0.8587 0.7598, 0.1772 -0.8587 0.7992, 0.0591 -0.8587 0.7992
            ]
        }
        coordIndex [
            0,1,2,-1,2,1,3,-1,2,3,4,-1,4,3,5,-1,4,5,6,-1,6,5,7,-1,6,7,0,-1,0,7,1,-1,3,1,5,-1,5,1,7,-1,8,9,10,-1,10,9,11,-1,12,10,13,-1,13,10,11,-1,14,15,8,-1,8,15,9,-1,14,8,12,-1,12,8,10,-1,15,13,9,-1,9,13,11,-1,16,17,18,-1,18,17,19,-1,20,18,21,-1,21,18,19,-1,22,23,16,-1,16,23,17,-1,22,16,20,-1,20,16,18,-1,23,21,17,-1,17,21,19,-1,24,25,26,-1,26,25,27,-1,28,26,29,-1,29,26,27,-1,30,31,24,-1,24,31,25,-1,30,24,28,-1,28,24,26,-1,31,29,25,-1,25,29,27,-1,
        ]
    }
}
Shape{
    appearance Appearance {
        material  Material 	{
            diffuseColor 0.25098039215686274 0.25098039215686274 0.25098039215686274
            specularColor 0.12549019607843137 0.12549019607843137 0.12549019607843137
            ambientIntensity 0.251
            transparency 0.0
            shininess 0.5
        }
    }
    geometry IndexedFaceSet {
        ccw TRUE
        solid FALSE
        coord DEF co Coordinate {
            point [
                0.8661 0.6098 0.9147, 0.677 0.6098 0.9147, 0.8661 0.6098 1.1654, 0.677 0.6098 0.9381, 0.2833 0.6098 1.1654, 0.8661 0.9327 0.9147, 0.677 0.9327 0.9147, 0.8661 0.9327 1.1654, 0.677 0.9327 0.9381, -0.677 0.6098 0.9147, -0.8661 0.6098 0.9147, -0.677 0.6098 0.9381, -0.8661 0.6098 1.1654, -0.2833 0.6098 1.1654, -0.677 0.9327 0.9147, -0.8661 0.9327 0.9147, -0.8661 0.9327 1.1654, -0.677 0.9327 0.9381, -1.2362 0.5114 0.0394, -1.2329 0.4859 -0.189, -1.2329 0.4859 0.0394, -1.223 0.4622 -0.189, -1.223 0.4622 0.0394, -1.2074 0.4418 -0.189, -1.2074 0.4418 0.0394, -1.187 0.4262 -0.189, -1.187 0.4262 0.0394, -1.1633 0.4163 -0.189, -1.1633 0.4163 0.0394, -1.1378 0.413 -0.189, -1.1378 0.413 0.0394, -1.1123 0.4163 -0.189, -1.1123 0.4163 0.0394, -1.0886 0.4262 -0.189, -1.0886 0.4262 0.0394, -1.0682 0.4418 -0.189, -1.0682 0.4418 0.0394, -1.0526 0.4622 -0.189, -1.0526 0.4622 0.0394, -1.0427 0.4859 -0.189, -1.0427 0.4859 0.0394, -1.0394 0.5114 -0.189, -1.0394 0.5114 0.0394, -1.0427 0.5369 -0.189, -1.0427 0.5369 0.0394, -1.0526 0.5606 -0.189, -1.0526 0.5606 0.0394, -1.0682 0.581 -0.189, -1.0682 0.581 0.0394, -1.0886 0.5967 -0.189, -1.0886 0.5967 0.0394, -1.1123 0.6065 -0.189, -1.1123 0.6065 0.0394, -1.1378 0.6098 -0.189, -1.1378 0.6098 0.0394, -1.1633 0.6065 -0.189, -1.1633 0.6065 0.0394, -1.187 0.5967 -0.189, -1.187 0.5967 0.0394, -1.2074 0.581 -0.189, -1.2074 0.581 0.0394, -1.223 0.5606 -0.189, -1.223 0.5606 0.0394, -1.2329 0.5369 -0.189, -1.2329 0.5369 0.0394, -1.2362 0.5114 -0.189, -1.0867 0.5409 -0.2283, -1.0808 0.5267 -0.2283, -1.1378 0.5114 -0.2283, -1.0787 0.5114 -0.2283, -1.0808 0.4961 -0.2283, -1.1225 0.5685 -0.2283, -1.1083 0.5626 -0.2283, -1.096 0.5532 -0.2283, -1.1673 0.5626 -0.2283, -1.1531 0.5685 -0.2283, -1.1378 0.5705 -0.2283, -1.1948 0.5267 -0.2283, -1.1889 0.5409 -0.2283, -1.1796 0.5532 -0.2283, -1.1889 0.4819 -0.2283, -1.1948 0.4961 -0.2283, -1.1969 0.5114 -0.2283, -1.1531 0.4544 -0.2283, -1.1673 0.4603 -0.2283, -1.1796 0.4697 -0.2283, -1.1083 0.4603 -0.2283, -1.1225 0.4544 -0.2283, -1.1378 0.4524 -0.2283, -1.0867 0.4819 -0.2283, -1.096 0.4697 -0.2283, 1.0394 0.5114 0.0394, 1.0427 0.4859 -0.189, 1.0427 0.4859 0.0394, 1.0526 0.4622 -0.189, 1.0526 0.4622 0.0394, 1.0682 0.4418 -0.189, 1.0682 0.4418 0.0394, 1.0886 0.4262 -0.189, 1.0886 0.4262 0.0394, 1.1123 0.4163 -0.189, 1.1123 0.4163 0.0394, 1.1378 0.413 -0.189, 1.1378 0.413 0.0394, 1.1633 0.4163 -0.189, 1.1633 0.4163 0.0394, 1.187 0.4262 -0.189, 1.187 0.4262 0.0394, 1.2074 0.4418 -0.189, 1.2074 0.4418 0.0394, 1.223 0.4622 -0.189, 1.223 0.4622 0.0394, 1.2329 0.4859 -0.189, 1.2329 0.4859 0.0394, 1.2362 0.5114 -0.189, 1.2362 0.5114 0.0394, 1.2329 0.5369 -0.189, 1.2329 0.5369 0.0394, 1.223 0.5606 -0.189, 1.223 0.5606 0.0394, 1.2074 0.581 -0.189, 1.2074 0.581 0.0394, 1.187 0.5967 -0.189, 1.187 0.5967 0.0394, 1.1633 0.6065 -0.189, 1.1633 0.6065 0.0394, 1.1378 0.6098 -0.189, 1.1378 0.6098 0.0394, 1.1123 0.6065 -0.189, 1.1123 0.6065 0.0394, 1.0886 0.5967 -0.189, 1.0886 0.5967 0.0394, 1.0682 0.581 -0.189, 1.0682 0.581 0.0394, 1.0526 0.5606 -0.189, 1.0526 0.5606 0.0394, 1.0427 0.5369 -0.189, 1.0427 0.5369 0.0394, 1.0394 0.5114 -0.189, 1.0867 0.4819 -0.2283, 1.0808 0.4961 -0.2283, 1.1378 0.5114 -0.2283, 1.0787 0.5114 -0.2283, 1.0808 0.5267 -0.2283, 1.1225 0.4544 -0.2283, 1.1083 0.4603 -0.2283, 1.096 0.4697 -0.2283, 1.1673 0.4603 -0.2283, 1.1531 0.4544 -0.2283, 1.1378 0.4524 -0.2283, 1.1948 0.4961 -0.2283, 1.1889 0.4819 -0.2283, 1.1796 0.4697 -0.2283, 1.1889 0.5409 -0.2283, 1.1948 0.5267 -0.2283, 1.1969 0.5114 -0.2283, 1.1531 0.5685 -0.2283, 1.1673 0.5626 -0.2283, 1.1796 0.5532 -0.2283, 1.1083 0.5626 -0.2283, 1.1225 0.5685 -0.2283, 1.1378 0.5705 -0.2283, 1.0867 0.5409 -0.2283, 1.096 0.5532 -0.2283, -0.0394 -0.8587 0.6024, -0.0394 -0.8587 0.5236, -0.0394 -1.8823 0.6024, -0.0394 -1.8035 0.5236, -0.1969 -1.8823 0.6024, -0.1969 -0.8587 0.6024, -0.1969 -0.8587 0.5236, -0.1969 -1.8035 0.5236, 1.122 -0.8587 0.6024, 1.122 -0.8587 0.5236, 1.122 -1.8538 0.6024, 1.122 -1.8035 0.5236, 1.122 -1.8538 0.5739, 0.9646 -1.8823 0.6024, 0.9646 -0.8587 0.6024, 1.0509 -1.8823 0.6024, 0.9646 -0.8587 0.5236, 0.9646 -1.8035 0.5236, -0.5512 -0.8587 0.6024, -0.3937 -0.8587 0.6024, -0.5512 -1.8823 0.6024, -0.3937 -1.8823 0.6024, -0.5512 -0.8587 0.5236, -0.5512 -1.8035 0.5236, -0.3937 -0.8587 0.5236, -0.3937 -1.8035 0.5236, -0.374 -0.8587 0.6024, -0.2165 -0.8587 0.6024, -0.374 -1.8823 0.6024, -0.2165 -1.8823 0.6024, -0.374 -0.8587 0.5236, -0.374 -1.8035 0.5236, -0.2165 -0.8587 0.5236, -0.2165 -1.8035 0.5236, 0.2165 -0.8587 0.6024, 0.2165 -1.8823 0.6024, 0.2165 -0.8587 0.5236, 0.2165 -1.8035 0.5236, 0.374 -0.8587 0.5236, 0.374 -1.8035 0.5236, 0.374 -0.8587 0.6024, 0.374 -1.8823 0.6024, 0.3937 -0.8587 0.6024, 0.3937 -1.8823 0.6024, 0.3937 -0.8587 0.5236, 0.3937 -1.8035 0.5236, 0.5512 -0.8587 0.5236, 0.5512 -1.8035 0.5236, 0.5512 -0.8587 0.6024, 0.5512 -1.8823 0.6024, 0.1969 -0.8587 0.6024, 0.1969 -1.8823 0.6024, 0.0394 -0.8587 0.6024, 0.0394 -1.8823 0.6024, 0.0394 -0.8587 0.5236, 0.0394 -1.8035 0.5236, 0.1969 -0.8587 0.5236, 0.1969 -1.8035 0.5236, -0.9646 -0.8587 0.5236, -0.9646 -1.8035 0.5236, -0.9646 -0.8587 0.6024, -0.9646 -1.8823 0.6024, -1.122 -1.8538 0.6024, -1.122 -0.8587 0.6024, -1.0509 -1.8823 0.6024, -1.122 -0.8587 0.5236, -1.122 -1.8035 0.5236, -1.122 -1.8538 0.5739, -1.6323 0.6669 0.9611, -1.6048 0.6669 1.0276, -1.7598 0.6669 1.1654, -1.561 0.6669 1.0846, -1.5039 0.6669 1.1284, -1.4375 0.6669 1.156, -1.3661 0.6669 1.1654, -1.6417 0.6669 0.8898, -1.7598 0.6669 0.7717, -1.6417 0.6669 0.7717, -1.7598 0.9248 0.7717, -1.7598 0.9248 1.1654, -1.3661 0.9248 1.1654, -1.4375 0.9248 1.156, -1.5039 0.9248 1.1284, -1.561 0.9248 1.0846, -1.6048 0.9248 1.0276, -1.6323 0.9248 0.9611, -1.6417 0.9248 0.8898, -1.6417 0.9248 0.7717, 1.7598 0.9248 0.7717, 1.6417 0.9248 0.7717, 1.6417 0.9248 0.8898, 1.6048 0.9248 1.0276, 1.561 0.9248 1.0846, 1.7598 0.9248 1.1654, 1.6323 0.9248 0.9611, 1.5039 0.9248 1.1284, 1.4375 0.9248 1.156, 1.3661 0.9248 1.1654, 1.7598 0.6669 0.7717, 1.7598 0.6669 1.1654, 1.3661 0.6669 1.1654, 1.4375 0.6669 1.156, 1.5039 0.6669 1.1284, 1.561 0.6669 1.0846, 1.6048 0.6669 1.0276, 1.6323 0.6669 0.9611, 1.6417 0.6669 0.8898, 1.6417 0.6669 0.7717
            ]
        }
        coordIndex [
            0,1,2,-1,2,1,3,-1,2,3,4,-1,5,6,0,-1,0,6,1,-1,5,0,7,-1,7,0,2,-1,1,6,3,-1,3,6,8,-1,9,10,11,-1,11,10,12,-1,11,12,13,-1,14,15,9,-1,9,15,10,-1,10,15,12,-1,12,15,16,-1,14,9,17,-1,17,9,11,-1,18,19,20,-1,20,19,21,-1,20,21,22,-1,22,21,23,-1,22,23,24,-1,24,23,25,-1,24,25,26,-1,26,25,27,-1,26,27,28,-1,28,27,29,-1,28,29,30,-1,30,29,31,-1,30,31,32,-1,32,31,33,-1,32,33,34,-1,34,33,35,-1,34,35,36,-1,36,35,37,-1,36,37,38,-1,38,37,39,-1,38,39,40,-1,40,39,41,-1,40,41,42,-1,42,41,43,-1,42,43,44,-1,44,43,45,-1,44,45,46,-1,46,45,47,-1,46,47,48,-1,48,47,49,-1,48,49,50,-1,50,49,51,-1,50,51,52,-1,52,51,53,-1,52,53,54,-1,54,53,55,-1,54,55,56,-1,56,55,57,-1,56,57,58,-1,58,57,59,-1,58,59,60,-1,60,59,61,-1,60,61,62,-1,62,61,63,-1,62,63,64,-1,64,63,65,-1,64,65,18,-1,18,65,19,-1,66,67,68,-1,68,67,69,-1,68,69,70,-1,71,72,68,-1,68,72,73,-1,68,73,66,-1,74,75,68,-1,68,75,76,-1,68,76,71,-1,77,78,68,-1,68,78,79,-1,68,79,74,-1,80,81,68,-1,68,81,82,-1,68,82,77,-1,83,84,68,-1,68,84,85,-1,68,85,80,-1,86,87,68,-1,68,87,88,-1,68,88,83,-1,70,89,68,-1,68,89,90,-1,68,90,86,-1,91,92,93,-1,93,92,94,-1,93,94,95,-1,95,94,96,-1,95,96,97,-1,97,96,98,-1,97,98,99,-1,99,98,100,-1,99,100,101,-1,101,100,102,-1,101,102,103,-1,103,102,104,-1,103,104,105,-1,105,104,106,-1,105,106,107,-1,107,106,108,-1,107,108,109,-1,109,108,110,-1,109,110,111,-1,111,110,112,-1,111,112,113,-1,113,112,114,-1,113,114,115,-1,115,114,116,-1,115,116,117,-1,117,116,118,-1,117,118,119,-1,119,118,120,-1,119,120,121,-1,121,120,122,-1,121,122,123,-1,123,122,124,-1,123,124,125,-1,125,124,126,-1,125,126,127,-1,127,126,128,-1,127,128,129,-1,129,128,130,-1,129,130,131,-1,131,130,132,-1,131,132,133,-1,133,132,134,-1,133,134,135,-1,135,134,136,-1,135,136,137,-1,137,136,138,-1,137,138,91,-1,91,138,92,-1,139,140,141,-1,141,140,142,-1,141,142,143,-1,144,145,141,-1,141,145,146,-1,141,146,139,-1,147,148,141,-1,141,148,149,-1,141,149,144,-1,150,151,141,-1,141,151,152,-1,141,152,147,-1,153,154,141,-1,141,154,155,-1,141,155,150,-1,156,157,141,-1,141,157,158,-1,141,158,153,-1,159,160,141,-1,141,160,161,-1,141,161,156,-1,143,162,141,-1,141,162,163,-1,141,163,159,-1,65,81,19,-1,19,81,80,-1,19,80,21,-1,21,80,85,-1,21,85,23,-1,23,85,84,-1,23,84,25,-1,25,84,83,-1,25,83,27,-1,27,83,88,-1,27,88,29,-1,29,88,87,-1,29,87,31,-1,31,87,86,-1,31,86,33,-1,33,86,90,-1,33,90,35,-1,35,90,89,-1,35,89,37,-1,37,89,70,-1,37,70,39,-1,39,70,69,-1,39,69,41,-1,41,69,67,-1,41,67,43,-1,43,67,66,-1,43,66,45,-1,45,66,73,-1,45,73,47,-1,47,73,72,-1,47,72,49,-1,49,72,71,-1,49,71,51,-1,51,71,76,-1,51,76,53,-1,53,76,75,-1,53,75,55,-1,55,75,74,-1,55,74,57,-1,57,74,79,-1,57,79,59,-1,59,79,78,-1,59,78,61,-1,61,78,77,-1,61,77,63,-1,63,77,82,-1,63,82,65,-1,65,82,81,-1,138,140,92,-1,92,140,139,-1,92,139,94,-1,94,139,146,-1,94,146,96,-1,96,146,145,-1,96,145,98,-1,98,145,144,-1,98,144,100,-1,100,144,149,-1,100,149,102,-1,102,149,148,-1,102,148,104,-1,104,148,147,-1,104,147,106,-1,106,147,152,-1,106,152,108,-1,108,152,151,-1,108,151,110,-1,110,151,150,-1,110,150,112,-1,112,150,155,-1,112,155,114,-1,114,155,154,-1,114,154,116,-1,116,154,153,-1,116,153,118,-1,118,153,158,-1,118,158,120,-1,120,158,157,-1,120,157,122,-1,122,157,156,-1,122,156,124,-1,124,156,161,-1,124,161,126,-1,126,161,160,-1,126,160,128,-1,128,160,159,-1,128,159,130,-1,130,159,163,-1,130,163,132,-1,132,163,162,-1,132,162,134,-1,134,162,143,-1,134,143,136,-1,136,143,142,-1,136,142,138,-1,138,142,140,-1,164,165,166,-1,166,165,167,-1,166,168,164,-1,164,168,169,-1,164,169,165,-1,165,169,170,-1,171,170,168,-1,168,170,169,-1,172,173,174,-1,174,173,175,-1,174,175,176,-1,177,178,179,-1,179,178,172,-1,179,172,174,-1,178,177,180,-1,180,177,181,-1,172,178,173,-1,173,178,180,-1,182,183,184,-1,184,183,185,-1,182,184,186,-1,186,184,187,-1,188,189,183,-1,183,189,185,-1,186,188,182,-1,182,188,183,-1,190,191,192,-1,192,191,193,-1,190,192,194,-1,194,192,195,-1,196,197,191,-1,191,197,193,-1,194,196,190,-1,190,196,191,-1,198,199,200,-1,200,199,201,-1,202,203,204,-1,204,203,205,-1,204,205,198,-1,198,205,199,-1,202,204,200,-1,200,204,198,-1,206,207,208,-1,208,207,209,-1,210,211,212,-1,212,211,213,-1,212,213,206,-1,206,213,207,-1,210,212,208,-1,208,212,206,-1,214,215,216,-1,216,215,217,-1,216,217,218,-1,218,217,219,-1,220,221,214,-1,214,221,215,-1,218,220,216,-1,216,220,214,-1,222,223,224,-1,224,223,225,-1,226,227,228,-1,228,227,224,-1,228,224,225,-1,229,227,230,-1,230,227,226,-1,230,226,231,-1,227,229,224,-1,224,229,222,-1,232,233,234,-1,234,233,235,-1,235,236,234,-1,234,236,237,-1,234,237,238,-1,232,234,239,-1,239,234,240,-1,239,240,241,-1,242,240,243,-1,243,240,234,-1,244,245,243,-1,243,245,246,-1,243,246,247,-1,247,248,243,-1,243,248,249,-1,243,249,242,-1,242,249,250,-1,242,250,251,-1,240,242,241,-1,241,242,251,-1,252,253,254,-1,255,256,257,-1,252,254,257,-1,257,254,258,-1,257,258,255,-1,256,259,257,-1,257,259,260,-1,257,260,261,-1,262,252,263,-1,263,252,257,-1,264,265,263,-1,263,265,266,-1,263,266,267,-1,267,268,263,-1,263,268,269,-1,263,269,262,-1,262,269,270,-1,262,270,271,-1,253,252,271,-1,271,252,262,-1,
        ]
    }
}
Shape{
    appearance Appearance {
        material  Material 	{
            diffuseColor 0.7529411764705882 0.7529411764705882 0.7529411764705882
            specularColor 0.3764705882352941 0.3764705882352941 0.3764705882352941
            ambientIntensity 0.7529
            transparency 0.0
            shininess 0.5
        }
    }
    geometry IndexedFaceSet {
        ccw TRUE
        solid FALSE
        coord DEF co Coordinate {
            point [
                0.2221 0.3732 1.2835, 0.2235 0.3622 1.2835, 0.2257 0.4019 1.2835, -0.0111 0.4012 1.2835, -0.0111 0.3302 1.2835, 0.0208 0.3302 1.2835, 0.0874 0.0976 1.2835, 0.0874 -1.9413 1.2835, 0.132 -1.9413 1.2835, 0.2107 0.2634 1.2835, 0.2107 0.2393 1.2835, 0.2257 0.2393 1.2835, 0.2107 0.2302 1.2835, 0.2107 0.2032 1.2835, 0.2257 0.2032 1.2835, 0.1459 0.2513 1.2835, 0.1507 0.2374 1.2835, 0.1507 0.2634 1.2835, 0.1153 0.1938 1.2835, 0.1121 0.1934 1.2835, 0.132 0.1934 1.2835, 0.3937 0.6492 1.2835, 0.3937 0.9248 1.2835, 0.3118 0.9248 1.2835, 0.0535 0.4011 1.2835, 0.0595 0.4019 1.2835, 0.0229 0.4019 1.2835, 0.0756 0.4017 1.2835, 0.0806 0.4003 1.2835, 0.0806 0.4019 1.2835, 0.1104 0.3572 1.2835, 0.1104 0.3302 1.2835, 0.132 0.3302 1.2835, 0.2585 0.1941 1.2835, 0.2585 0.2634 1.2835, 0.251 0.2634 1.2835, -0.2939 0.2604 1.2835, -0.2839 0.2513 1.2835, -0.2608 0.2634 1.2835, -0.1867 0.4019 1.2835, -0.1741 0.3931 1.2835, -0.0542 0.4019 1.2835, -0.1544 0.37 1.2835, -0.1236 0.3387 1.2835, -0.1081 0.3257 1.2835, -0.0965 0.3095 1.2835, -0.0542 0.297 1.2835, -0.1433 0.3481 1.2835, -0.1405 0.3472 1.2835, -0.2772 0.4198 1.2835, -0.2515 0.4227 1.2835, -0.4052 0.582 1.2835, -0.395 0.5997 1.2835, -0.399 0.5902 1.2835, -0.3175 0.4019 1.2835, -0.4134 0.5757 1.2835, -0.4229 0.5718 1.2835, -0.3937 0.6098 1.2835, -0.0542 0.9248 1.2835, -0.3937 0.9248 1.2835, -0.3937 0.6492 1.2835, -0.2245 0.4194 1.2835, -0.1963 0.4085 1.2835, -0.3036 0.4103 1.2835, -0.5204 0.4019 1.2835, -0.3804 0.3738 1.2835, -0.3579 0.3766 1.2835, -0.5204 0.297 1.2835, -0.4462 0.3112 1.2835, -0.4371 0.3317 1.2835, -0.4234 0.3492 1.2835, -0.4331 0.5705 1.2835, -0.3198 0.4005 1.2835, -0.3332 0.389 1.2835, -0.3514 0.3762 1.2835, -0.3449 0.3754 1.2835, -0.4196 0.3529 1.2835, -0.4015 0.3656 1.2835, -0.5204 0.2634 1.2835, -0.4476 0.2634 1.2835, -0.4502 0.2843 1.2835, -0.45 0.2898 1.2835, -0.4487 0.297 1.2835, -0.3879 0.1971 1.2835, -0.4085 0.2071 1.2835, -0.5204 0.1934 1.2835, -0.3807 0.195 1.2835, -0.4263 0.2223 1.2835, -0.4393 0.2409 1.2835, -0.4474 0.2621 1.2835, -0.3423 0.1584 1.2835, -0.3554 0.1639 1.2835, -0.5204 0.0976 1.2835, -0.3665 0.1723 1.2835, -0.375 0.1827 1.2835, -0.38 0.1934 1.2835, -0.2733 0.1932 1.2835, -0.2801 0.1805 1.2835, -0.0542 0.0976 1.2835, -0.2888 0.1707 1.2835, -0.3002 0.1628 1.2835, -0.3129 0.1579 1.2835, -0.3266 0.1562 1.2835, -0.3288 0.1563 1.2835, -0.0542 0.2634 1.2835, -0.0883 0.2634 1.2835, -0.0896 0.2532 1.2835, -0.2006 0.227 1.2835, -0.1967 0.2285 1.2835, -0.19 0.261 1.2835, -0.108 0.2194 1.2835, -0.1235 0.2063 1.2835, -0.0542 0.1934 1.2835, -0.2041 0.2245 1.2835, -0.1923 0.2291 1.2835, -0.1917 0.2291 1.2835, -0.19 0.2287 1.2835, -0.0967 0.2352 1.2835, -0.2099 0.2115 1.2835, -0.2098 0.2137 1.2835, -0.2697 0.2189 1.2835, -0.2086 0.218 1.2835, -0.2065 0.2219 1.2835, -0.1338 0.2428 1.2835, -0.1276 0.2517 1.2835, -0.1966 0.1943 1.2835, -0.2004 0.1958 1.2835, -0.2733 0.1934 1.2835, -0.2041 0.1984 1.2835, -0.2054 0.1998 1.2835, -0.2079 0.2034 1.2835, -0.2094 0.2072 1.2835, -0.27 0.2073 1.2835, -0.2697 0.2132 1.2835, -0.1409 0.1978 1.2835, -0.1598 0.1938 1.2835, -0.1934 0.1938 1.2835, -0.1889 0.2285 1.2835, -0.1633 0.2285 1.2835, -0.153 0.2305 1.2835, -0.143 0.2352 1.2835, -0.1346 0.242 1.2835, -0.1236 0.2619 1.2835, -0.1234 0.2634 1.2835, -0.1914 0.2634 1.2835, -0.1223 0.2729 1.2835, -0.3528 0.2642 1.2835, -0.3402 0.269 1.2835, -0.4129 0.297 1.2835, -0.1225 0.2779 1.2835, -0.1252 0.2889 1.2835, -0.2077 0.2912 1.2835, -0.3266 0.2707 1.2835, -0.1296 0.297 1.2835, -0.4097 0.2634 1.2835, -0.354 0.2634 1.2835, -0.4136 0.2767 1.2835, -0.4143 0.2855 1.2835, -0.3197 0.2703 1.2835, -0.306 0.2668 1.2835, -0.2995 0.2634 1.2835, -0.4095 0.2628 1.2835, -0.3739 0.2453 1.2835, -0.3644 0.2561 1.2835, -0.4028 0.2512 1.2835, -0.3926 0.2407 1.2835, -0.3802 0.2331 1.2835, -0.1835 0.3515 1.2835, -0.1963 0.3669 1.2835, -0.3272 0.3339 1.2835, -0.1978 0.3682 1.2835, -0.2138 0.3793 1.2835, -0.3185 0.3519 1.2835, -0.3313 0.3361 1.2835, -0.344 0.3408 1.2835, -0.1305 0.2987 1.2835, -0.1371 0.306 1.2835, -0.1667 0.3174 1.2835, -0.1459 0.3122 1.2835, -0.1558 0.316 1.2835, -0.1712 0.3174 1.2835, -0.1747 0.3332 1.2835, -0.3773 0.3388 1.2835, -0.39 0.332 1.2835, -0.3633 0.3421 1.2835, -0.3998 0.3233 1.2835, -0.4077 0.3119 1.2835, -0.3057 0.3671 1.2835, -0.2316 0.3861 1.2835, -0.2905 0.3783 1.2835, -0.2509 0.3885 1.2835, -0.2719 0.3858 1.2835, -0.3574 0.3424 1.2835, -0.4126 0.2993 1.2835, -0.0915 0.297 1.2835, -0.0896 0.2921 1.2835, -0.087 0.2735 1.2835, 0.3118 0.1934 1.2835, 0.3117 0.2053 1.2835, 0.3033 0.1993 1.2835, 0.2941 0.1957 1.2835, 0.2806 0.1941 1.2835, 0.251 0.1934 1.2835, 0.3396 0.1941 1.2835, 0.3282 0.1941 1.2835, 0.3888 0.1941 1.2835, 0.3806 0.216 1.2835, 0.3473 0.216 1.2835, 0.3194 0.2538 1.2835, 0.3224 0.2462 1.2835, 0.3546 0.2634 1.2835, 0.3176 0.2124 1.2835, 0.3118 0.2055 1.2835, 0.4002 0.1941 1.2835, 0.4954 0.1934 1.2835, 0.3738 0.2634 1.2835, 0.4954 0.2634 1.2835, 0.3697 0.2742 1.2835, 0.3237 0.2352 1.2835, 0.3235 0.23 1.2835, 0.3216 0.2207 1.2835, 0.2936 0.2728 1.2835, 0.3033 0.2693 1.2835, 0.3118 0.297 1.2835, 0.251 0.297 1.2835, 0.2585 0.2742 1.2835, 0.2814 0.2742 1.2835, -0.0111 0.2634 1.2835, -0.0111 0.2393 1.2835, 0.0213 0.2634 1.2835, 0.0176 0.2393 1.2835, 0.0176 0.2302 1.2835, -0.0111 0.265 1.2835, 0.0198 0.265 1.2835, 0.0198 0.2742 1.2835, 0.0213 0.297 1.2835, -0.0214 0.2742 1.2835, -0.0214 0.2634 1.2835, -0.0214 0.1941 1.2835, 0.0213 0.1934 1.2835, 0.0229 0.1934 1.2835, 0.0217 0.1941 1.2835, 0.0213 0.1941 1.2835, 0.0213 0.2032 1.2835, 0.0217 0.2032 1.2835, 0.0229 0.2634 1.2835, 0.251 0.3817 1.2835, 0.2584 0.4012 1.2835, 0.251 0.4019 1.2835, 0.2695 0.4012 1.2835, 0.3118 0.4019 1.2835, 0.2999 0.3211 1.2835, 0.2279 0.3211 1.2835, 0.2257 0.297 1.2835, 0.2393 0.3211 1.2835, 0.247 0.343 1.2835, 0.251 0.343 1.2835, 0.1413 0.392 1.2835, 0.1507 0.4019 1.2835, 0.1413 0.4012 1.2835, 0.132 0.4019 1.2835, 0.132 0.4012 1.2835, 0.1431 0.3302 1.2835, 0.1391 0.3572 1.2835, 0.132 0.3572 1.2835, 0.132 0.3664 1.2835, 0.1391 0.3664 1.2835, 0.132 0.392 1.2835, 0.1104 0.392 1.2835, 0.1104 0.3664 1.2835, 0.132 0.3211 1.2835, 0.1001 0.3211 1.2835, 0.0874 0.297 1.2835, 0.1001 0.4012 1.2835, 0.0874 0.4019 1.2835, 0.0841 0.3993 1.2835, 0.0841 0.3885 1.2835, 0.0841 0.3343 1.2835, 0.0841 0.3244 1.2835, 0.0652 0.3932 1.2835, 0.0614 0.393 1.2835, 0.0806 0.3328 1.2835, 0.075 0.392 1.2835, 0.0832 0.3889 1.2835, 0.0806 0.3899 1.2835, 0.0545 0.3915 1.2835, 0.0483 0.3885 1.2835, 0.0434 0.3843 1.2835, 0.0428 0.3837 1.2835, 0.039 0.3782 1.2835, 0.0363 0.3712 1.2835, 0.035 0.3603 1.2835, 0.0351 0.3566 1.2835, 0.0762 0.3308 1.2835, 0.0671 0.3291 1.2835, 0.0634 0.329 1.2835, 0.0365 0.3488 1.2835, 0.0392 0.3424 1.2835, 0.0428 0.3374 1.2835, 0.0451 0.3352 1.2835, 0.0564 0.3297 1.2835, 0.0505 0.3317 1.2835, 0.0806 0.9248 1.2835, 0.0651 0.4025 1.2835, 0.0737 0.4019 1.2835, 0.0229 0.9248 1.2835, 0.0827 0.3238 1.2835, 0.0806 0.3231 1.2835, 0.0806 0.297 1.2835, 0.0741 0.3209 1.2835, 0.0619 0.3198 1.2835, 0.057 0.32 1.2835, 0.0229 0.297 1.2835, 0.0484 0.3218 1.2835, 0.0408 0.3254 1.2835, 0.0344 0.3307 1.2835, 0.0337 0.3314 1.2835, 0.0289 0.3383 1.2835, 0.0261 0.3743 1.2835, 0.0299 0.3832 1.2835, 0.0357 0.3908 1.2835, 0.0257 0.3466 1.2835, 0.0241 0.3596 1.2835, 0.0242 0.3638 1.2835, 0.0377 0.3926 1.2835, 0.0452 0.3979 1.2835, -0.9002 0.5902 1.2835, -1.3661 0.4019 1.2835, -0.894 0.582 1.2835, -0.8858 0.5757 1.2835, -0.5204 0.5705 1.2835, -0.8661 0.5705 1.2835, -0.8763 0.5718 1.2835, -0.9042 0.5997 1.2835, -0.9055 0.6098 1.2835, -1.3661 0.9248 1.2835, -0.9055 0.8854 1.2835, -0.9449 0.9248 1.2835, -0.9347 0.9235 1.2835, -0.9108 0.9051 1.2835, -0.917 0.9133 1.2835, -0.9252 0.9195 1.2835, -0.9069 0.8956 1.2835, 0.4134 0.5757 1.2835, 0.4052 0.582 1.2835, 0.399 0.5902 1.2835, 0.395 0.5997 1.2835, 0.3937 0.6098 1.2835, 0.8661 0.5705 1.2835, 0.4954 0.5705 1.2835, 0.4954 0.4019 1.2835, 0.4331 0.5705 1.2835, 0.4229 0.5718 1.2835, 0.9042 0.5997 1.2835, 0.9002 0.5902 1.2835, 1.1752 0.4019 1.2835, 0.894 0.582 1.2835, 0.8858 0.5757 1.2835, 0.8763 0.5718 1.2835, 0.9055 0.8854 1.2835, 0.9055 0.6098 1.2835, 0.9449 0.9248 1.2835, 1.1752 0.9248 1.2835, 0.917 0.9133 1.2835, 0.9252 0.9195 1.2835, 0.9347 0.9235 1.2835, 0.9108 0.9051 1.2835, 0.9069 0.8956 1.2835, 0.0672 0.1941 1.2835, 0.0549 0.1934 1.2835, 0.0806 0.1934 1.2835, 0.0436 0.1934 1.2835, 0.0434 0.1934 1.2835, 0.0396 0.1949 1.2835, 0.0362 0.1972 1.2835, 0.0351 0.1984 1.2835, 0.0369 0.2375 1.2835, 0.0672 0.2029 1.2835, 0.0669 0.2029 1.2835, 0.0643 0.1993 1.2835, 0.061 0.1962 1.2835, 0.0369 0.2473 1.2835, 0.0389 0.2485 1.2835, 0.0464 0.2514 1.2835, 0.0591 0.195 1.2835, 0.0551 0.1935 1.2835, 0.033 0.2014 1.2835, 0.0318 0.2048 1.2835, 0.0313 0.2094 1.2835, 0.0313 0.2109 1.2835, 0.032 0.2152 1.2835, 0.0334 0.2187 1.2835, 0.0355 0.2215 1.2835, 0.0386 0.2242 1.2835, 0.043 0.2263 1.2835, 0.0427 0.2414 1.2835, 0.0502 0.2281 1.2835, 0.059 0.2441 1.2835, 0.0556 0.2444 1.2835, 0.049 0.2437 1.2835, 0.0703 0.2488 1.2835, 0.0729 0.2462 1.2835, 0.0806 0.2634 1.2835, 0.075 0.2429 1.2835, 0.0565 0.2526 1.2835, 0.0628 0.252 1.2835, 0.067 0.2507 1.2835, 0.0672 0.2304 1.2835, 0.0668 0.2349 1.2835, 0.0658 0.2385 1.2835, 0.0646 0.2405 1.2835, 0.0765 0.2383 1.2835, 0.0772 0.2309 1.2835, 0.0772 0.1941 1.2835, 0.0631 0.2421 1.2835, 0.0613 0.2433 1.2835, 0.0229 0.0976 1.2835, 0.0494 0.1927 1.2835, 0.0806 0.0976 1.2835, 0.0969 0.1939 1.2835, 0.0908 0.1961 1.2835, 0.0874 0.1934 1.2835, 0.0908 0.2065 1.2835, 0.0874 0.2634 1.2835, 0.132 0.2634 1.2835, 0.1267 0.2403 1.2835, 0.1267 0.2501 1.2835, 0.129 0.2056 1.2835, 0.1277 0.2024 1.2835, 0.1259 0.1998 1.2835, 0.1261 0.2191 1.2835, 0.1279 0.2163 1.2835, 0.129 0.2134 1.2835, 0.1294 0.2097 1.2835, 0.0937 0.2268 1.2835, 0.0924 0.2289 1.2835, 0.0913 0.232 1.2835, 0.0909 0.2359 1.2835, 0.0913 0.2394 1.2835, 0.0925 0.2427 1.2835, 0.0943 0.2454 1.2835, 0.0973 0.248 1.2835, 0.1006 0.25 1.2835, 0.123 0.1973 1.2835, 0.1206 0.1958 1.2835, 0.1061 0.2519 1.2835, 0.1131 0.2526 1.2835, 0.1202 0.252 1.2835, 0.1011 0.2016 1.2835, 0.1061 0.2192 1.2835, 0.0948 0.204 1.2835, 0.1001 0.222 1.2835, 0.0954 0.2251 1.2835, 0.1122 0.2444 1.2835, 0.1092 0.2442 1.2835, 0.1012 0.2368 1.2835, 0.1065 0.2435 1.2835, 0.1043 0.2423 1.2835, 0.1013 0.2354 1.2835, 0.1017 0.2339 1.2835, 0.1024 0.2325 1.2835, 0.1073 0.2009 1.2835, 0.1078 0.2009 1.2835, 0.1126 0.2165 1.2835, 0.1129 0.2015 1.2835, 0.1191 0.2087 1.2835, 0.119 0.2099 1.2835, 0.1034 0.2314 1.2835, 0.1069 0.2292 1.2835, 0.1186 0.2437 1.2835, 0.1131 0.2265 1.2835, 0.1242 0.2417 1.2835, 0.117 0.2249 1.2835, 0.1237 0.2212 1.2835, 0.1155 0.2025 1.2835, 0.1164 0.203 1.2835, 0.1175 0.204 1.2835, 0.1027 0.241 1.2835, 0.1019 0.2397 1.2835, 0.1014 0.2384 1.2835, 0.1184 0.2053 1.2835, 0.1189 0.2068 1.2835, 0.1186 0.2115 1.2835, 0.1178 0.2128 1.2835, 0.1166 0.2141 1.2835, 0.1006 0.1934 1.2835, 0.1063 0.1927 1.2835, 0.132 0.0976 1.2835, 0.1791 0.2513 1.2835, 0.1895 0.2513 1.2835, 0.2004 0.2634 1.2835, 0.2257 0.1934 1.2835, 0.2257 0.1941 1.2835, 0.2004 0.1941 1.2835, 0.1667 0.1934 1.2835, 0.1608 0.2083 1.2835, 0.162 0.2036 1.2835, 0.1623 0.2036 1.2835, 0.1347 0.2513 1.2835, 0.1567 0.1934 1.2835, 0.1571 0.1942 1.2835, 0.1507 0.2104 1.2835, 0.1507 0.0976 1.2835, 0.1472 0.1676 1.2835, 0.1432 0.1672 1.2835, 0.1488 0.1781 1.2835, 0.1507 0.1802 1.2835, 0.1507 0.1934 1.2835, 0.1507 0.1802 1.2835, 0.1527 0.1838 1.2835, 0.141 0.1672 1.2835, 0.1367 0.168 1.2835, 0.1367 0.1769 1.2835, 0.1388 0.1762 1.2835, 0.1424 0.1758 1.2835, 0.1449 0.1761 1.2835, 0.1471 0.1769 1.2835, 0.1636 0.1855 1.2835, 0.2257 0.0976 1.2835, 0.1591 0.1766 1.2835, 0.1554 0.1722 1.2835, 0.1547 0.1716 1.2835, 0.1512 0.1691 1.2835, 0.1507 0.1689 1.2835, 0.2393 0.2302 1.2835, 0.2434 0.1941 1.2835, 0.2434 0.2032 1.2835, 0.2257 0.2302 1.2835, 0.2107 0.265 1.2835, 0.2257 0.2634 1.2835, 0.2393 0.2393 1.2835, 0.1628 0.2056 1.2835, 0.1635 0.2082 1.2835, 0.1507 0.297 1.2835, 0.2004 0.2742 1.2835, 0.2257 0.2742 1.2835, 0.2416 0.2742 1.2835, 0.2416 0.265 1.2835, 0.2257 0.265 1.2835, 0.3117 0.2636 1.2835, 0.3118 0.2634 1.2835, 0.3145 0.2608 1.2835, 0.3587 0.2742 1.2835, 0.4954 0.297 1.2835, -0.9829 0.0098 1.2835, -0.979 0.0193 1.2835, -1.3661 0.0976 1.2835, -0.5919 -0.1287 1.2835, -0.5958 -0.1382 1.2835, -0.5204 -1.9413 1.2835, -0.6021 -0.1463 1.2835, -0.6102 -0.1526 1.2835, -0.9551 -0.1565 1.2835, -0.9646 -0.1526 1.2835, -1.3661 -1.9413 1.2835, -0.9727 -0.1463 1.2835, -0.979 -0.1382 1.2835, -0.9829 -0.1287 1.2835, -0.6102 0.0337 1.2835, -0.6021 0.0274 1.2835, -0.5958 0.0193 1.2835, -0.5919 0.0098 1.2835, -0.5906 -0.0004 1.2835, -0.5906 -0.1185 1.2835, -0.9843 -0.1185 1.2835, -0.9843 -0.0004 1.2835, -0.9727 0.0274 1.2835, -0.9646 0.0337 1.2835, -0.9551 0.0376 1.2835, -0.9449 0.039 1.2835, -0.6299 0.039 1.2835, -0.6197 0.0376 1.2835, -0.6197 -0.1565 1.2835, -0.6299 -0.1579 1.2835, -0.9449 -0.1579 1.2835, -0.0542 -1.9413 1.2835, 0.0213 -1.9413 1.2835, 0.0213 0.0976 1.2835, 0.0229 -1.9413 1.2835, 0.0806 -1.9413 1.2835, 0.1507 -1.9413 1.2835, 0.2257 -1.9413 1.2835, 0.251 -1.9413 1.2835, 0.251 0.0976 1.2835, 0.3118 -1.9413 1.2835, 0.3118 0.0976 1.2835, 0.4954 -1.9413 1.2835, 0.4954 0.0976 1.2835, 0.9727 -0.1463 1.2835, 0.9646 -0.1526 1.2835, 1.1752 -1.9413 1.2835, 0.979 -0.1382 1.2835, 1.1752 0.0976 1.2835, 0.9727 0.0274 1.2835, 0.979 0.0193 1.2835, 0.9829 -0.1287 1.2835, 0.9843 -0.1185 1.2835, 0.6102 -0.1526 1.2835, 0.6021 -0.1463 1.2835, 0.9829 0.0098 1.2835, 0.9843 -0.0004 1.2835, 0.6197 -0.1565 1.2835, 0.5906 -0.0004 1.2835, 0.5919 0.0098 1.2835, 0.5958 0.0193 1.2835, 0.6021 0.0274 1.2835, 0.5958 -0.1382 1.2835, 0.5919 -0.1287 1.2835, 0.5906 -0.1185 1.2835, 0.9449 0.039 1.2835, 0.9551 0.0376 1.2835, 0.9646 0.0337 1.2835, 0.9551 -0.1565 1.2835, 0.9449 -0.1579 1.2835, 0.6299 -0.1579 1.2835, 0.6102 0.0337 1.2835, 0.6197 0.0376 1.2835, 0.6299 0.039 1.2835, 0.132 0.297 1.2835, 0.1431 0.3211 1.2835, -1.3661 0.1934 1.2835, -1.3661 0.2634 1.2835, -1.3661 0.297 1.2835, -0.0214 0.4012 1.2835, 0.0213 0.4019 1.2835, 0.0208 0.3211 1.2835, -0.0214 0.3211 1.2835, 0.2192 0.3808 1.2835, 0.1583 0.3211 1.2835, 0.2232 0.3571 1.2835, 0.2213 0.3477 1.2835, 0.2173 0.3394 1.2835, 0.2114 0.3323 1.2835, 0.203 0.3263 1.2835, 0.1939 0.3228 1.2835, 0.1803 0.3211 1.2835, 0.1583 0.4012 1.2835, 0.1811 0.4012 1.2835, 0.1933 0.3998 1.2835, 0.203 0.3963 1.2835, 0.2114 0.3906 1.2835, 0.2142 0.3878 1.2835, 0.2804 0.343 1.2835, 0.2885 0.3211 1.2835, 1.1752 0.1934 1.2835, 1.1752 0.2634 1.2835, 1.1752 0.297 1.2835, 0.0213 0.9248 1.2835, -0.0111 0.2302 1.2835, -0.0111 0.2032 1.2835, 0.251 0.9248 1.2835, 0.2257 0.9248 1.2835, 0.1507 0.9248 1.2835, 0.132 0.9248 1.2835, 0.0874 0.9248 1.2835, 1.3661 -1.9413 1.2835, 1.3661 0.0976 1.2835, 1.3661 0.1934 1.2835, 1.3661 0.2634 1.2835, 1.3661 0.297 1.2835, 1.3661 0.4019 1.2835, 1.3661 0.9248 1.2835, -0.3621 0.9248 1.1654, 0.3621 0.9248 1.1654, -0.3621 0.6886 1.1654, 0.3621 0.6886 1.1654, 1.4449 0.9248 1.1654, 1.4449 0.6492 1.1654, 0.9449 0.9248 1.1654, 1.3661 0.6492 1.1654, 0.9347 0.9235 1.1654, -1.4449 0.6492 1.1654, -1.4449 0.9248 1.1654, -1.3661 0.6492 1.1654, -0.9449 0.9248 1.1654, 0.9002 0.5902 1.1654, 0.9042 0.5997 1.1654, 0.9055 0.6098 1.1654, -0.9055 0.8854 1.1654, -0.9055 0.6098 1.1654, 0.4331 0.6886 1.1654, 0.4229 0.6872 1.1654, -0.8858 0.5757 1.1654, -0.8763 0.5718 1.1654, -1.3661 -1.9413 1.1654, -0.8661 0.5705 1.1654, -0.4331 0.5705 1.1654, -0.4229 0.5718 1.1654, -0.4134 0.5757 1.1654, -0.4052 0.582 1.1654, 0.4134 0.6833 1.1654, 0.4052 0.677 1.1654, 0.399 0.6689 1.1654, 0.8661 0.5705 1.1654, 0.8763 0.5718 1.1654, 1.3661 -1.9413 1.1654, 0.8858 0.5757 1.1654, 0.894 0.582 1.1654, 0.9055 0.8854 1.1654, 0.9069 0.8956 1.1654, 0.9108 0.9051 1.1654, -0.9042 0.5997 1.1654, -0.9002 0.5902 1.1654, -0.894 0.582 1.1654, -0.399 0.5902 1.1654, -0.395 0.5997 1.1654, -0.3937 0.6098 1.1654, -0.4052 0.677 1.1654, -0.4134 0.6833 1.1654, -0.4229 0.6872 1.1654, -0.4331 0.6886 1.1654, 0.395 0.5997 1.1654, 0.399 0.5902 1.1654, 0.4052 0.582 1.1654, -0.3937 0.6492 1.1654, -0.395 0.6594 1.1654, -0.399 0.6689 1.1654, 0.917 0.9133 1.1654, 0.9252 0.9195 1.1654, -0.917 0.9133 1.1654, -0.9108 0.9051 1.1654, -0.9069 0.8956 1.1654, 0.395 0.6594 1.1654, 0.3937 0.6492 1.1654, 0.3937 0.6098 1.1654, 0.4134 0.5757 1.1654, 0.4229 0.5718 1.1654, 0.4331 0.5705 1.1654, -0.9347 0.9235 1.1654, -0.9252 0.9195 1.1654, -1.4449 0.9248 1.2755, -1.7598 0.3343 0.5354, -1.7598 0.3343 0.4331, -1.7598 -0.4177 0.4331, -1.7598 -1.2228 0.8023, -1.7598 -1.2346 0.7863, -1.7598 -1.9413 0.8898, -1.7598 0.3573 0.5911, -1.7598 0.3448 0.5748, -1.7598 -0.4204 0.7684, -1.7598 0.3369 0.5558, -1.7598 -1.1697 0.8267, -1.7598 -1.1893 0.8232, -1.7598 -1.2074 0.8149, -1.7598 -1.2445 0.4331, -1.7598 -1.9413 0.4331, -1.7598 -1.2445 0.748, -1.7598 -1.242 0.7678, -1.7598 0.489 0.5558, -1.7598 0.9221 0.6739, -1.7598 0.4917 0.5354, -1.7598 0.9248 0.6535, -1.7598 0.4917 -0.315, -1.7598 0.9248 -0.315, -1.7598 0.5705 -0.3937, -1.7598 0.8461 -0.3937, -1.7598 0.4524 0.6036, -1.7598 0.4334 0.6115, -1.7598 0.6492 0.8898, -1.7598 -0.5779 0.0584, -1.7598 -0.5857 0.0394, -1.7598 -0.5752 0.0787, -1.7598 -0.5752 0.748, -1.7598 -0.7694 -0.0394, -1.7598 -0.5725 0.7684, -1.7598 -0.7569 -0.0231, -1.7598 -0.7406 -0.0105, -1.7598 -0.4283 0.7874, -1.7598 -0.4408 0.8037, -1.7598 -0.4571 0.8162, -1.7598 -0.7799 -0.0787, -1.7598 -0.7799 -0.315, -1.7598 -0.8587 -0.3937, -1.7598 -0.4177 0.748, -1.7598 -0.5358 0.8162, -1.7598 -0.5521 0.8037, -1.7598 -0.5646 0.7874, -1.7598 -0.5983 0.0231, -1.7598 -0.6146 0.0106, -1.7598 -0.6336 0.0027, -1.7598 -0.4761 0.8241, -1.7598 -0.4965 0.8268, -1.7598 -0.5168 0.8241, -1.7598 0.6886 0.7428, -1.7598 0.6723 0.7553, -1.7598 0.4812 0.5748, -1.7598 0.6598 0.7717, -1.7598 0.4687 0.5911, -1.7598 0.6519 0.7906, -1.7598 0.6492 0.811, -1.7598 0.413 0.6142, -1.7598 0.3926 0.6115, -1.7598 0.3736 0.6036, -1.7598 0.7076 0.735, -1.7598 0.728 0.7323, -1.7598 0.8461 0.7323, -1.7598 0.8664 0.7296, -1.7598 0.8854 0.7217, -1.7598 0.9017 0.7092, -1.7598 0.9143 0.6929, -1.7598 -0.6539 0.0, -1.7598 -0.7012 0.0, -1.7598 -0.7216 -0.0027, -1.7598 -1.0949 -0.315, -1.7598 -1.0949 0.748, -1.7598 -0.7772 -0.0584, -1.7598 -1.1048 0.7863, -1.7598 -1.1166 0.8023, -1.7598 -1.0161 -0.3937, -1.7598 -1.132 0.8149, -1.7598 -1.1501 0.8232, -1.7598 -1.0974 0.7678, -1.6417 0.2043 0.4331, -1.6417 0.2043 0.1519, -1.6417 0.3343 0.1519, -1.6417 0.3448 0.5748, -1.6417 0.3573 0.5911, -1.6417 0.3343 0.5354, -1.6417 0.3369 0.5558, -1.6417 -1.9413 0.4331, -1.6417 -1.2445 0.4331, -1.6417 -1.9413 0.8898, -1.6417 -1.2445 0.748, -1.6417 -1.242 0.7678, -1.6417 -1.1697 0.8267, -1.6417 -1.1893 0.8232, -1.6417 -1.2074 0.8149, -1.6417 -1.0949 -0.315, -1.6417 -1.0161 -0.3937, -1.6417 -0.8587 -0.3937, -1.6417 0.728 0.7323, -1.6417 0.7076 0.735, -1.6417 0.4917 -0.315, -1.6417 -1.2346 0.7863, -1.6417 -1.2228 0.8023, -1.6417 -0.4408 0.8037, -1.6417 0.3736 0.6036, -1.6417 -0.4571 0.8162, -1.6417 -0.4761 0.8241, -1.6417 0.4917 0.5354, -1.6417 -0.5521 0.8037, -1.6417 -0.5358 0.8162, -1.6417 -0.4177 0.4331, -1.6417 -0.4177 0.748, -1.6417 -0.4204 0.7684, -1.6417 -0.4283 0.7874, -1.6417 0.9248 -0.315, -1.6417 0.9248 0.6535, -1.6417 0.8461 -0.3937, -1.6417 0.5705 -0.3937, -1.6417 0.8854 0.7217, -1.6417 0.8664 0.7296, -1.6417 0.8461 0.7323, -1.6417 0.3926 0.6115, -1.6417 0.413 0.6142, -1.6417 0.6492 0.8898, -1.6417 0.9017 0.7092, -1.6417 0.9221 0.6739, -1.6417 0.9143 0.6929, -1.6417 -0.7799 -0.315, -1.6417 -0.7799 -0.0787, -1.6417 -1.0949 0.748, -1.6417 -0.7772 -0.0584, -1.6417 -1.0974 0.7678, -1.6417 -0.7694 -0.0394, -1.6417 -0.7569 -0.0231, -1.6417 -0.7406 -0.0105, -1.6417 -0.7216 -0.0027, -1.6417 -1.1048 0.7863, -1.6417 -1.132 0.8149, -1.6417 -1.1166 0.8023, -1.6417 -0.5725 0.7684, -1.6417 0.4334 0.6115, -1.6417 0.4524 0.6036, -1.6417 0.6492 0.811, -1.6417 -0.5646 0.7874, -1.6417 -1.1501 0.8232, -1.6417 -0.5168 0.8241, -1.6417 -0.4965 0.8268, -1.6417 -0.7012 0.0, -1.6417 -0.5752 0.748, -1.6417 0.489 0.5558, -1.6417 0.6886 0.7428, -1.6417 0.4812 0.5748, -1.6417 0.6723 0.7553, -1.6417 0.4687 0.5911, -1.6417 0.6598 0.7717, -1.6417 0.6519 0.7906, -1.6417 -0.5752 0.0787, -1.6417 -0.6539 0.0, -1.6417 -0.6336 0.0027, -1.6417 -0.6146 0.0106, -1.6417 -0.5983 0.0231, -1.6417 -0.5779 0.0584, -1.6417 -0.5857 0.0394, -1.3661 0.2043 0.0394, -1.3661 -0.4177 0.0394, -1.4537 -0.4177 0.0492, -1.4537 0.2043 0.0492, -1.537 -0.4177 0.0784, -1.537 0.2043 0.0784, -1.6116 -0.4177 0.1253, -1.6116 0.2043 0.1253, -1.6739 0.3343 0.1876, -1.6739 -0.4177 0.1876, -1.7209 -0.4177 0.2623, -1.7209 0.3343 0.2623, -1.75 -0.4177 0.3455, -1.75 0.3343 0.3455, -1.75 -1.9413 0.9774, -1.4537 0.6492 1.2736, -1.4537 -1.9413 1.2736, -1.75 0.6492 0.9774, -1.7209 -1.9413 1.0606, -1.7209 0.6492 1.0606, -1.6739 -1.9413 1.1352, -1.6739 0.6492 1.1352, -1.6116 -1.9413 1.1976, -1.6116 0.6492 1.1976, -1.537 -1.9413 1.2445, -1.537 0.6492 1.2445, -1.4449 0.6492 1.2755, -0.677 0.9248 1.0022, -0.677 0.9248 1.1199, 0.677 0.9248 1.0022, 0.6689 0.9248 0.9882, 0.677 0.9248 1.1199, -0.6689 0.9248 0.9882, -1.3661 -1.2445 0.0394, -1.3661 -1.9413 0.0394, -1.4537 -1.9413 0.0492, -1.4537 -1.2445 0.0492, -1.537 -1.9413 0.0784, -1.537 -1.2445 0.0784, -1.6116 -1.9413 0.1253, -1.6116 -1.2445 0.1253, -1.6739 -1.9413 0.1876, -1.6739 -1.2445 0.1876, -1.7209 -1.9413 0.2623, -1.7209 -1.2445 0.2623, -1.75 -1.9413 0.3455, -1.75 -1.2445 0.3455, -1.6323 -1.2445 0.3617, -1.6323 -1.9413 0.3617, -1.6048 -1.2445 0.2953, -1.6048 -1.9413 0.2953, -1.561 -1.2445 0.2382, -1.561 -1.9413 0.2382, -1.5039 -1.2445 0.1944, -1.5039 -1.9413 0.1944, -1.4375 -1.2445 0.1669, -1.4375 -1.9413 0.1669, -1.3661 -1.2445 0.1575, -1.3661 -1.9413 0.1575, 1.5749 -1.961 0.2243, 1.6586 -1.961 0.1999, 1.6219 -1.961 0.2854, 1.7031 -1.961 0.2708, 1.6514 -1.961 0.3566, 1.7308 -1.961 0.3498, 1.6614 -1.961 0.4331, 1.7402 -1.961 0.4331, 1.6614 -1.961 0.8898, 1.7402 -1.961 0.8898, 1.6514 -1.961 0.9662, 1.7308 -1.961 0.973, 1.6219 -1.961 1.0374, 1.7031 -1.961 1.052, 1.5749 -1.961 1.0986, 1.6586 -1.961 1.123, 1.5993 -1.961 1.1822, 1.5138 -1.961 1.1455, 1.5284 -1.961 1.2267, 1.4426 -1.961 1.175, 1.4494 -1.961 1.2544, 1.3661 -1.961 1.185, 1.3661 -1.961 1.2638, -1.3661 -1.961 1.185, -1.3661 -1.961 1.2638, -1.4426 -1.961 1.175, -1.4494 -1.961 1.2544, -1.5138 -1.961 1.1455, -1.5284 -1.961 1.2267, -1.5993 -1.961 1.1822, -1.5749 -1.961 1.0986, -1.6586 -1.961 1.123, -1.6219 -1.961 1.0374, -1.7031 -1.961 1.052, -1.6514 -1.961 0.9662, -1.7308 -1.961 0.973, -1.6614 -1.961 0.8898, -1.7402 -1.961 0.8898, -1.6614 -1.961 0.4331, -1.7402 -1.961 0.4331, -1.6514 -1.961 0.3566, -1.7308 -1.961 0.3498, -1.6219 -1.961 0.2854, -1.7031 -1.961 0.2708, -1.5749 -1.961 0.2243, -1.6586 -1.961 0.1999, -1.5993 -1.961 0.1407, -1.5138 -1.961 0.1774, -1.5284 -1.961 0.0961, -1.4426 -1.961 0.1479, -1.4494 -1.961 0.0684, -1.3661 -1.961 0.1378, -1.3661 -1.961 0.0591, 1.3661 -1.961 0.1378, 1.3661 -1.961 0.0591, 1.4426 -1.961 0.1479, 1.4494 -1.961 0.0684, 1.5138 -1.961 0.1774, 1.5284 -1.961 0.0961, 1.5993 -1.961 0.1407, 1.3661 -1.9413 0.0394, -0.9724 -1.2445 0.0394, 0.9724 -1.2445 0.0394, 1.3661 -1.2445 0.0394, 0.9727 -0.1463 0.0394, 0.979 -0.1382 0.0394, 1.3661 -0.4177 0.0394, -0.9724 -0.4177 0.0394, -0.9449 -0.1579 0.0394, -0.6299 -0.1579 0.0394, 0.5958 -0.1382 0.0394, 0.6021 -0.1463 0.0394, 0.6102 -0.1526 0.0394, -0.9646 -0.1526 0.0394, -0.9551 -0.1565 0.0394, -0.979 0.0193 0.0394, -0.9829 0.0098 0.0394, -0.9843 -0.0004 0.0394, -0.9843 -0.1185 0.0394, -0.9829 -0.1287 0.0394, 0.9724 -0.4177 0.0394, 0.6197 -0.1565 0.0394, 0.6299 -0.1579 0.0394, -0.979 -0.1382 0.0394, -0.9727 -0.1463 0.0394, 0.9449 -0.1579 0.0394, 0.9551 -0.1565 0.0394, 0.9646 -0.1526 0.0394, -0.6197 -0.1565 0.0394, 0.5906 -0.0004 0.0394, 0.5906 -0.1185 0.0394, -0.6102 0.0337 0.0394, 1.3661 0.2043 0.0394, -0.6021 0.0274 0.0394, -0.5958 0.0193 0.0394, -0.9551 0.0376 0.0394, -0.9646 0.0337 0.0394, -0.9727 0.0274 0.0394, 0.6102 0.0337 0.0394, 0.6021 0.0274 0.0394, 0.5919 -0.1287 0.0394, -0.6021 -0.1463 0.0394, -0.5958 -0.1382 0.0394, 0.5919 0.0098 0.0394, -0.5919 -0.1287 0.0394, 0.9829 0.0098 0.0394, 0.979 0.0193 0.0394, 0.5958 0.0193 0.0394, -0.5919 0.0098 0.0394, -0.6102 -0.1526 0.0394, -0.6197 0.0376 0.0394, -0.6299 0.039 0.0394, -0.9449 0.039 0.0394, 0.9829 -0.1287 0.0394, 0.9843 -0.1185 0.0394, 0.9843 -0.0004 0.0394, 0.9727 0.0274 0.0394, 0.9646 0.0337 0.0394, 0.9551 0.0376 0.0394, -0.5906 -0.1185 0.0394, -0.5906 -0.0004 0.0394, 0.9449 0.039 0.0394, 0.6299 0.039 0.0394, 0.6197 0.0376 0.0394, 1.3661 -1.9413 0.1575, 0.9724 -1.2445 0.1575, 1.3661 -1.2445 0.1575, 1.3661 0.2043 0.1575, -1.3661 0.2043 0.1575, -0.9724 -0.4177 0.1575, -1.3661 -0.4177 0.1575, 1.3661 -0.4177 0.1575, 0.9724 -0.4177 0.1575, -0.9724 -1.2445 0.1575, -1.6323 0.2043 0.3617, -1.6323 -0.4177 0.3617, -1.6048 0.2043 0.2953, -1.6048 -0.4177 0.2953, -1.561 0.2043 0.2382, -1.561 -0.4177 0.2382, -1.5039 0.2043 0.1944, -1.5039 -0.4177 0.1944, -1.4375 0.2043 0.1669, -1.4375 -0.4177 0.1669, -1.4375 0.6492 1.156, -1.4375 -1.9413 1.156, -1.5039 0.6492 1.1284, -1.5039 -1.9413 1.1284, -1.561 0.6492 1.0846, -1.561 -1.9413 1.0846, -1.6048 0.6492 1.0276, -1.6048 -1.9413 1.0276, -1.6323 0.6492 0.9611, -1.6323 -1.9413 0.9611, -0.6693 -0.0398 0.1181, -0.6693 -0.0791 0.1181, -0.9055 -0.0398 0.1181, -0.9055 -0.0791 0.1181, -0.6592 -0.0993 0.1144, -0.9156 -0.0993 0.1144, -0.9195 -0.107 0.113, -0.6553 -0.107 0.113, -0.9249 -0.118 0.1067, -0.6499 -0.118 0.1067, -0.6444 -0.1289 0.1004, -0.9304 -0.1289 0.1004, -0.6417 -0.1343 0.0946, -0.9331 -0.1343 0.0946, -0.9377 -0.1434 0.0848, -0.6371 -0.1434 0.0848, -0.9394 -0.1469 0.0785, -0.6314 -0.1548 0.0596, -0.942 -0.152 0.0691, -0.6328 -0.152 0.0691, -0.6354 -0.1469 0.0785, -0.6306 -0.1565 0.054, -0.9442 -0.1565 0.054, -0.9434 -0.1548 0.0596, -0.954 -0.1549 0.0556, -0.9446 -0.1404 0.0876, -0.9352 -0.1258 0.1023, -0.929 -0.0979 0.1141, -0.9312 -0.0955 0.1137, -0.9243 -0.1026 0.1141, -0.9267 -0.1003 0.1142, -0.9219 -0.1049 0.1137, -0.9334 -0.0931 0.113, -0.9257 -0.0892 0.1144, -0.9521 -0.1088 0.1023, -0.9553 -0.104 0.1004, -0.9444 -0.0986 0.1067, -0.9399 -0.1221 0.1036, -0.9443 -0.118 0.104, -0.9485 -0.1135 0.1036, -0.9668 -0.1182 0.0876, -0.9698 -0.1113 0.0848, -0.9607 -0.1067 0.0946, -0.9513 -0.1362 0.0894, -0.9573 -0.131 0.0899, -0.9626 -0.1249 0.0894, -0.9761 -0.1243 0.0717, -0.9784 -0.1156 0.0691, -0.9733 -0.113 0.0785, -0.9506 -0.1498 0.0717, -0.9588 -0.1456 0.0734, -0.9661 -0.1397 0.0739, -0.972 -0.1325 0.0734, -0.9813 -0.1276 0.0556, -0.9829 -0.1178 0.054, -0.9812 -0.117 0.0596, -0.9632 -0.1509 0.0566, -0.9711 -0.1447 0.0569, -0.9773 -0.1368 0.0566, -0.5936 -0.117 0.0596, -0.5919 -0.1178 0.054, -0.5935 -0.1276 0.0556, -0.6141 -0.1067 0.0946, -0.605 -0.1113 0.0848, -0.608 -0.1182 0.0876, -0.6304 -0.0986 0.1067, -0.6195 -0.104 0.1004, -0.6227 -0.1088 0.1023, -0.6505 -0.1026 0.1141, -0.6529 -0.1049 0.1137, -0.6458 -0.0979 0.1141, -0.6481 -0.1003 0.1142, -0.6414 -0.0931 0.113, -0.6436 -0.0955 0.1137, -0.6491 -0.0892 0.1144, -0.6396 -0.1258 0.1023, -0.6264 -0.1135 0.1036, -0.6305 -0.118 0.104, -0.6349 -0.1221 0.1036, -0.6302 -0.1404 0.0876, -0.6122 -0.1249 0.0894, -0.6175 -0.131 0.0899, -0.6235 -0.1362 0.0894, -0.6242 -0.1498 0.0717, -0.5987 -0.1243 0.0717, -0.6029 -0.1325 0.0734, -0.6087 -0.1397 0.0739, -0.616 -0.1456 0.0734, -0.6015 -0.113 0.0785, -0.5964 -0.1156 0.0691, -0.6208 -0.1549 0.0556, -0.5975 -0.1368 0.0566, -0.6037 -0.1447 0.0569, -0.6116 -0.1509 0.0566, -0.9733 -0.0059 0.0785, -0.9698 -0.0076 0.0848, -0.9607 -0.0122 0.0946, -0.9553 -0.0149 0.1004, -0.9444 -0.0203 0.1067, -0.9334 -0.0258 0.113, -0.9257 -0.0297 0.1144, -0.9784 -0.0033 0.0691, -0.9812 -0.0019 0.0596, -0.9829 -0.0011 0.054, -0.5919 -0.0011 0.054, -0.5936 -0.0019 0.0596, -0.5964 -0.0033 0.0691, -0.6015 -0.0059 0.0785, -0.605 -0.0076 0.0848, -0.6141 -0.0122 0.0946, -0.6195 -0.0149 0.1004, -0.6304 -0.0203 0.1067, -0.6414 -0.0258 0.113, -0.6491 -0.0297 0.1144, -0.9813 0.0087 0.0556, -0.9668 -0.0007 0.0876, -0.9521 -0.0101 0.1023, -0.9243 -0.0163 0.1141, -0.9219 -0.014 0.1137, -0.929 -0.021 0.1141, -0.9267 -0.0186 0.1142, -0.9312 -0.0234 0.1137, -0.9195 -0.0119 0.113, -0.9156 -0.0196 0.1144, -0.9352 0.0069 0.1023, -0.9304 0.01 0.1004, -0.9249 -0.0009 0.1067, -0.9485 -0.0054 0.1036, -0.9443 -0.0009 0.104, -0.9399 0.0032 0.1036, -0.9446 0.0215 0.0876, -0.9377 0.0245 0.0848, -0.9331 0.0154 0.0946, -0.9626 0.006 0.0894, -0.9573 0.0121 0.0899, -0.9513 0.0173 0.0894, -0.9506 0.0309 0.0717, -0.942 0.0331 0.0691, -0.9394 0.028 0.0785, -0.9761 0.0054 0.0717, -0.972 0.0136 0.0734, -0.9661 0.0208 0.0739, -0.9588 0.0267 0.0734, -0.954 0.036 0.0556, -0.9442 0.0376 0.054, -0.9434 0.0359 0.0596, -0.9773 0.0179 0.0566, -0.9711 0.0258 0.0569, -0.9632 0.032 0.0566, -0.6314 0.0359 0.0596, -0.6306 0.0376 0.054, -0.6208 0.036 0.0556, -0.6417 0.0154 0.0946, -0.6371 0.0245 0.0848, -0.6302 0.0215 0.0876, -0.6499 -0.0009 0.1067, -0.6444 0.01 0.1004, -0.6396 0.0069 0.1023, -0.6458 -0.021 0.1141, -0.6436 -0.0234 0.1137, -0.6505 -0.0163 0.1141, -0.6481 -0.0186 0.1142, -0.6553 -0.0119 0.113, -0.6529 -0.014 0.1137, -0.6592 -0.0196 0.1144, -0.6227 -0.0101 0.1023, -0.6349 0.0032 0.1036, -0.6305 -0.0009 0.104, -0.6264 -0.0054 0.1036, -0.608 -0.0007 0.0876, -0.6235 0.0173 0.0894, -0.6175 0.0121 0.0899, -0.6122 0.006 0.0894, -0.5987 0.0054 0.0717, -0.6242 0.0309 0.0717, -0.616 0.0267 0.0734, -0.6087 0.0208 0.0739, -0.6029 0.0136 0.0734, -0.6354 0.028 0.0785, -0.6328 0.0331 0.0691, -0.5935 0.0087 0.0556, -0.6116 0.032 0.0566, -0.6037 0.0258 0.0569, -0.5975 0.0179 0.0566
            ]
        }
        coordIndex [
            0,1,2,-1,3,4,5,-1,6,7,8,-1,9,10,11,-1,12,13,14,-1,15,16,17,-1,18,19,20,-1,21,22,23,-1,24,25,26,-1,27,28,29,-1,30,31,32,-1,33,34,35,-1,36,37,38,-1,39,40,41,-1,41,40,42,-1,43,44,41,-1,41,44,45,-1,41,45,46,-1,42,47,41,-1,41,47,48,-1,41,48,43,-1,49,50,51,-1,52,53,41,-1,54,55,56,-1,52,41,57,-1,58,59,41,-1,41,59,60,-1,41,60,57,-1,51,50,53,-1,53,50,61,-1,53,61,41,-1,41,61,62,-1,41,62,39,-1,55,54,51,-1,51,54,63,-1,51,63,49,-1,64,65,66,-1,67,68,64,-1,64,68,69,-1,64,69,70,-1,56,71,54,-1,54,71,64,-1,54,64,72,-1,72,64,66,-1,72,66,73,-1,73,66,74,-1,73,74,75,-1,70,76,64,-1,64,76,77,-1,64,77,65,-1,78,79,67,-1,67,79,80,-1,80,81,67,-1,67,81,82,-1,67,82,68,-1,83,84,85,-1,83,85,86,-1,84,87,85,-1,85,87,88,-1,85,88,78,-1,78,88,89,-1,78,89,79,-1,90,91,92,-1,91,93,92,-1,92,93,94,-1,92,94,85,-1,85,94,95,-1,85,95,86,-1,96,97,98,-1,98,97,99,-1,98,99,100,-1,100,101,98,-1,98,101,102,-1,98,102,92,-1,92,102,103,-1,92,103,90,-1,104,105,106,-1,107,108,109,-1,110,111,112,-1,107,109,113,-1,108,114,109,-1,109,114,115,-1,109,115,116,-1,104,106,112,-1,112,106,117,-1,112,117,110,-1,118,119,120,-1,120,119,121,-1,120,121,109,-1,109,121,122,-1,109,122,113,-1,109,123,124,-1,125,126,127,-1,127,126,128,-1,127,128,129,-1,129,130,127,-1,127,130,131,-1,127,131,132,-1,132,131,118,-1,132,118,133,-1,133,118,120,-1,111,134,112,-1,112,134,135,-1,112,135,127,-1,127,135,136,-1,127,136,125,-1,116,137,109,-1,109,137,138,-1,109,138,139,-1,139,140,109,-1,109,140,141,-1,109,141,123,-1,124,142,109,-1,109,142,143,-1,109,143,144,-1,144,143,145,-1,146,147,148,-1,145,149,144,-1,144,149,150,-1,144,150,151,-1,147,152,148,-1,148,152,151,-1,148,151,153,-1,153,151,150,-1,154,155,156,-1,156,155,146,-1,156,146,157,-1,157,146,148,-1,152,158,151,-1,151,158,159,-1,151,159,38,-1,38,159,160,-1,38,160,36,-1,161,162,154,-1,154,162,163,-1,154,163,155,-1,161,164,162,-1,162,164,165,-1,162,165,166,-1,167,168,169,-1,168,170,169,-1,169,170,171,-1,169,171,172,-1,153,169,148,-1,148,169,173,-1,148,173,174,-1,175,176,177,-1,177,176,178,-1,177,178,179,-1,175,177,153,-1,153,177,180,-1,153,180,169,-1,169,180,181,-1,169,181,167,-1,182,183,184,-1,184,183,185,-1,184,185,186,-1,172,171,187,-1,187,171,188,-1,187,188,189,-1,189,188,190,-1,189,190,191,-1,174,192,148,-1,148,192,184,-1,148,184,193,-1,193,184,186,-1,45,194,46,-1,46,194,195,-1,46,195,104,-1,104,195,196,-1,104,196,105,-1,197,198,199,-1,199,200,197,-1,197,200,201,-1,197,201,202,-1,203,204,197,-1,205,206,207,-1,208,209,210,-1,204,211,197,-1,197,211,212,-1,197,212,198,-1,207,203,205,-1,205,203,197,-1,205,197,213,-1,213,197,214,-1,213,214,215,-1,215,214,216,-1,215,216,217,-1,209,218,210,-1,210,218,219,-1,210,219,204,-1,204,219,220,-1,204,220,211,-1,221,222,223,-1,35,34,224,-1,224,34,225,-1,224,225,223,-1,223,225,226,-1,223,226,221,-1,227,228,229,-1,229,228,230,-1,229,230,231,-1,232,227,233,-1,233,227,229,-1,233,229,234,-1,234,229,235,-1,234,235,236,-1,236,235,46,-1,236,46,237,-1,237,46,104,-1,237,104,238,-1,238,104,112,-1,238,112,239,-1,240,241,239,-1,239,241,242,-1,239,242,238,-1,243,244,245,-1,246,247,248,-1,248,247,249,-1,248,249,250,-1,250,249,251,-1,252,253,254,-1,254,253,224,-1,254,224,255,-1,255,224,256,-1,257,258,259,-1,259,258,260,-1,259,260,261,-1,262,263,32,-1,32,263,264,-1,32,264,30,-1,265,266,257,-1,257,267,265,-1,265,267,268,-1,265,268,269,-1,270,271,272,-1,261,260,273,-1,273,260,274,-1,273,274,271,-1,29,28,274,-1,274,28,275,-1,274,275,276,-1,277,278,272,-1,279,280,281,-1,279,281,282,-1,271,274,272,-1,272,274,276,-1,272,276,277,-1,277,276,283,-1,277,283,281,-1,281,283,284,-1,281,284,282,-1,280,285,281,-1,281,285,286,-1,281,286,287,-1,287,288,281,-1,281,288,289,-1,281,289,290,-1,290,291,281,-1,281,291,292,-1,281,292,293,-1,293,292,294,-1,294,292,295,-1,295,292,296,-1,295,296,297,-1,297,298,295,-1,295,298,299,-1,295,299,300,-1,300,299,301,-1,302,303,304,-1,303,302,25,-1,25,302,305,-1,25,305,26,-1,306,307,308,-1,308,307,309,-1,310,311,312,-1,312,311,313,-1,312,313,314,-1,314,315,312,-1,312,315,316,-1,312,316,317,-1,318,319,26,-1,26,319,320,-1,317,321,312,-1,312,321,322,-1,312,322,26,-1,26,322,323,-1,26,323,318,-1,320,324,26,-1,26,324,325,-1,26,325,24,-1,326,327,328,-1,328,327,329,-1,330,331,327,-1,327,331,332,-1,327,332,329,-1,326,333,327,-1,327,333,334,-1,327,334,335,-1,335,334,336,-1,335,336,337,-1,337,336,338,-1,339,340,341,-1,338,336,341,-1,341,336,342,-1,341,342,339,-1,343,344,250,-1,250,344,345,-1,345,346,250,-1,250,346,347,-1,250,347,21,-1,348,349,350,-1,350,349,351,-1,350,351,250,-1,250,351,352,-1,250,352,343,-1,353,354,355,-1,354,356,355,-1,355,356,357,-1,355,357,358,-1,359,360,361,-1,353,355,360,-1,360,355,362,-1,360,362,361,-1,363,361,364,-1,364,361,365,-1,363,366,361,-1,361,366,367,-1,361,367,359,-1,368,369,370,-1,240,371,372,-1,372,373,240,-1,240,373,374,-1,240,374,375,-1,376,245,240,-1,240,245,244,-1,240,244,241,-1,377,378,368,-1,368,378,379,-1,368,379,380,-1,376,381,245,-1,245,381,382,-1,245,382,383,-1,380,384,368,-1,368,384,385,-1,368,385,369,-1,375,386,240,-1,240,386,387,-1,240,387,388,-1,388,389,240,-1,240,389,390,-1,240,390,376,-1,376,390,391,-1,376,391,392,-1,392,393,376,-1,376,393,394,-1,376,394,395,-1,395,394,396,-1,397,398,396,-1,396,398,399,-1,396,399,395,-1,400,401,402,-1,402,401,403,-1,404,405,402,-1,402,405,406,-1,402,406,400,-1,407,408,396,-1,396,408,409,-1,396,409,410,-1,403,411,402,-1,402,411,412,-1,402,412,370,-1,370,412,413,-1,370,413,368,-1,410,414,396,-1,396,414,415,-1,396,415,397,-1,416,417,371,-1,417,416,369,-1,369,416,418,-1,369,418,370,-1,419,420,421,-1,421,420,422,-1,421,422,423,-1,20,424,425,-1,425,424,426,-1,427,428,20,-1,20,428,429,-1,430,431,425,-1,425,431,432,-1,425,432,20,-1,20,432,433,-1,20,433,427,-1,434,435,422,-1,435,436,422,-1,422,436,437,-1,422,437,423,-1,423,437,438,-1,423,438,439,-1,439,440,423,-1,423,440,441,-1,423,441,442,-1,429,443,20,-1,20,443,444,-1,20,444,18,-1,445,446,424,-1,424,446,447,-1,424,447,426,-1,448,449,450,-1,450,449,451,-1,450,451,422,-1,422,451,452,-1,422,452,434,-1,453,454,455,-1,455,454,456,-1,455,456,457,-1,455,458,453,-1,453,458,459,-1,453,459,460,-1,448,461,449,-1,449,461,462,-1,449,462,463,-1,463,462,464,-1,463,465,466,-1,460,467,453,-1,453,467,468,-1,453,468,469,-1,469,468,470,-1,469,470,471,-1,471,470,472,-1,471,472,425,-1,425,472,473,-1,425,473,430,-1,464,474,463,-1,463,474,475,-1,463,475,476,-1,477,478,457,-1,457,478,479,-1,457,479,455,-1,476,480,463,-1,463,480,481,-1,463,481,465,-1,466,482,463,-1,463,482,483,-1,463,483,484,-1,419,421,485,-1,485,421,6,-1,485,6,486,-1,486,6,19,-1,19,6,487,-1,19,487,20,-1,488,489,490,-1,491,492,493,-1,490,489,493,-1,493,489,494,-1,493,494,491,-1,495,496,497,-1,15,17,498,-1,499,500,501,-1,502,503,504,-1,505,506,507,-1,507,506,508,-1,507,508,509,-1,502,504,487,-1,504,510,487,-1,487,510,511,-1,487,511,20,-1,20,511,512,-1,20,512,507,-1,507,512,513,-1,507,513,514,-1,514,515,507,-1,507,515,516,-1,507,516,505,-1,494,517,518,-1,518,517,519,-1,518,519,520,-1,520,521,518,-1,518,521,522,-1,518,522,502,-1,502,522,523,-1,502,523,503,-1,201,33,202,-1,202,33,35,-1,202,35,524,-1,492,491,525,-1,525,491,202,-1,525,202,526,-1,526,202,524,-1,526,524,14,-1,14,524,527,-1,14,527,12,-1,528,9,529,-1,529,9,11,-1,529,11,35,-1,35,11,530,-1,35,530,524,-1,497,531,495,-1,495,531,532,-1,495,532,16,-1,16,532,488,-1,16,488,17,-1,17,488,490,-1,17,490,533,-1,533,490,534,-1,533,534,253,-1,253,534,535,-1,253,535,224,-1,224,535,536,-1,224,536,35,-1,35,536,537,-1,35,537,529,-1,529,537,538,-1,529,538,528,-1,222,539,223,-1,223,539,540,-1,223,540,210,-1,210,540,541,-1,210,541,208,-1,210,542,223,-1,223,542,217,-1,223,217,543,-1,543,217,216,-1,544,545,546,-1,547,548,549,-1,549,548,550,-1,549,550,551,-1,552,553,554,-1,554,553,555,-1,554,555,546,-1,546,555,556,-1,546,556,557,-1,558,559,92,-1,92,559,560,-1,92,560,561,-1,561,562,92,-1,92,562,563,-1,92,563,547,-1,557,564,546,-1,546,564,565,-1,546,565,544,-1,545,566,546,-1,546,566,567,-1,546,567,568,-1,569,570,92,-1,92,570,571,-1,92,571,558,-1,551,572,549,-1,549,572,573,-1,549,573,554,-1,554,573,574,-1,554,574,552,-1,547,549,92,-1,92,549,575,-1,92,575,98,-1,98,575,576,-1,98,576,577,-1,577,576,578,-1,577,578,416,-1,416,578,579,-1,416,579,418,-1,6,8,487,-1,487,8,580,-1,487,580,502,-1,502,580,581,-1,502,581,518,-1,518,581,582,-1,518,582,583,-1,583,582,584,-1,583,584,585,-1,585,584,586,-1,585,586,587,-1,588,589,590,-1,588,590,591,-1,592,593,594,-1,591,590,595,-1,595,590,592,-1,595,592,596,-1,597,598,586,-1,594,599,592,-1,592,599,600,-1,592,600,596,-1,597,586,601,-1,602,603,587,-1,587,603,604,-1,587,604,605,-1,598,606,586,-1,586,606,607,-1,586,607,587,-1,587,607,608,-1,587,608,602,-1,609,610,592,-1,592,610,611,-1,592,611,593,-1,589,612,590,-1,590,612,613,-1,590,613,586,-1,586,613,614,-1,586,614,601,-1,605,615,587,-1,587,615,616,-1,587,616,617,-1,371,240,416,-1,416,240,239,-1,416,239,577,-1,577,239,112,-1,577,112,98,-1,98,112,127,-1,98,127,96,-1,494,518,491,-1,491,518,583,-1,491,583,202,-1,202,583,585,-1,202,585,197,-1,197,585,587,-1,197,587,214,-1,383,404,245,-1,245,404,402,-1,245,402,312,-1,312,402,308,-1,312,308,310,-1,310,308,309,-1,579,7,418,-1,418,7,6,-1,418,6,370,-1,370,6,421,-1,370,421,402,-1,402,421,423,-1,402,423,308,-1,308,423,272,-1,308,272,306,-1,306,272,278,-1,442,445,423,-1,423,445,424,-1,423,424,272,-1,272,424,618,-1,272,618,270,-1,270,618,619,-1,509,499,507,-1,507,499,501,-1,507,501,20,-1,20,501,498,-1,20,498,424,-1,424,498,17,-1,424,17,618,-1,618,17,533,-1,618,533,619,-1,619,533,262,-1,568,569,546,-1,546,569,92,-1,546,92,620,-1,620,92,85,-1,620,85,621,-1,621,85,78,-1,621,78,622,-1,622,78,67,-1,622,67,327,-1,327,67,64,-1,327,64,330,-1,330,64,71,-1,623,3,624,-1,624,3,5,-1,624,5,235,-1,235,5,625,-1,235,625,46,-1,46,625,626,-1,46,626,41,-1,0,2,627,-1,628,258,533,-1,533,258,257,-1,533,257,262,-1,262,257,266,-1,262,266,263,-1,629,630,253,-1,253,630,631,-1,253,631,632,-1,246,248,252,-1,252,248,2,-1,252,2,253,-1,253,2,1,-1,253,1,629,-1,632,633,253,-1,253,633,634,-1,253,634,533,-1,533,634,635,-1,533,635,628,-1,628,636,258,-1,258,636,637,-1,258,637,2,-1,2,637,638,-1,2,638,639,-1,639,640,2,-1,2,640,641,-1,2,641,627,-1,642,256,643,-1,643,256,224,-1,643,224,251,-1,251,224,223,-1,251,223,250,-1,250,223,543,-1,250,543,350,-1,617,609,587,-1,587,609,592,-1,587,592,214,-1,214,592,644,-1,214,644,216,-1,216,644,645,-1,216,645,543,-1,543,645,646,-1,543,646,350,-1,350,646,355,-1,350,355,348,-1,348,355,358,-1,626,623,41,-1,41,623,624,-1,41,624,58,-1,58,624,647,-1,648,649,231,-1,231,649,243,-1,231,243,229,-1,229,243,245,-1,229,245,235,-1,235,245,312,-1,235,312,624,-1,624,312,26,-1,624,26,647,-1,647,26,305,-1,21,23,250,-1,250,23,650,-1,250,650,248,-1,248,650,651,-1,248,651,2,-1,2,651,652,-1,2,652,258,-1,258,652,653,-1,258,653,260,-1,260,653,654,-1,260,654,274,-1,274,654,302,-1,274,302,29,-1,29,302,304,-1,29,304,27,-1,590,655,592,-1,592,655,656,-1,592,656,644,-1,644,656,657,-1,644,657,645,-1,645,657,658,-1,645,658,646,-1,646,658,659,-1,646,659,355,-1,355,659,660,-1,355,660,362,-1,362,660,661,-1,662,663,664,-1,664,663,665,-1,666,667,668,-1,668,667,669,-1,668,669,670,-1,671,672,673,-1,673,672,674,-1,675,676,669,-1,669,676,677,-1,678,679,673,-1,665,680,681,-1,682,683,684,-1,684,683,685,-1,684,685,686,-1,686,687,684,-1,684,687,688,-1,684,688,665,-1,665,688,689,-1,681,690,665,-1,665,690,691,-1,665,691,692,-1,693,694,695,-1,695,694,696,-1,695,696,669,-1,669,696,697,-1,669,697,675,-1,677,698,669,-1,669,698,699,-1,669,699,700,-1,679,701,673,-1,673,701,702,-1,673,702,684,-1,684,702,703,-1,684,703,682,-1,689,704,665,-1,665,704,705,-1,665,705,706,-1,707,708,664,-1,664,708,709,-1,664,709,710,-1,711,712,684,-1,684,712,713,-1,706,714,665,-1,665,714,715,-1,665,715,664,-1,664,715,716,-1,664,716,707,-1,700,717,669,-1,669,717,718,-1,669,718,670,-1,719,720,673,-1,673,720,721,-1,673,721,678,-1,692,722,665,-1,665,722,723,-1,665,723,684,-1,684,723,724,-1,684,724,711,-1,713,725,684,-1,684,725,726,-1,684,726,695,-1,695,726,727,-1,695,727,693,-1,674,728,673,-1,673,728,729,-1,673,729,719,-1,714,706,60,-1,60,706,57,-1,337,674,335,-1,335,674,672,-1,335,672,730,-1,731,732,733,-1,734,735,736,-1,737,738,739,-1,739,738,740,-1,741,742,736,-1,736,742,743,-1,736,743,734,-1,744,745,746,-1,746,745,736,-1,746,736,747,-1,747,736,735,-1,748,749,750,-1,750,749,751,-1,750,751,752,-1,752,751,753,-1,752,753,754,-1,754,753,755,-1,756,757,758,-1,759,760,761,-1,761,760,762,-1,763,764,765,-1,765,764,766,-1,739,767,758,-1,758,767,768,-1,758,768,769,-1,770,771,772,-1,731,733,740,-1,740,733,773,-1,740,773,739,-1,774,775,736,-1,736,775,776,-1,736,776,741,-1,760,777,762,-1,762,777,778,-1,762,778,779,-1,769,780,758,-1,758,780,781,-1,758,781,736,-1,736,781,782,-1,736,782,774,-1,783,748,784,-1,784,748,785,-1,784,785,786,-1,786,785,787,-1,786,787,788,-1,788,787,756,-1,788,756,789,-1,789,756,758,-1,757,790,758,-1,758,790,791,-1,758,791,739,-1,739,791,792,-1,739,792,737,-1,783,793,748,-1,748,793,794,-1,748,794,749,-1,749,794,795,-1,749,795,796,-1,796,797,749,-1,749,797,798,-1,749,798,799,-1,779,800,762,-1,762,800,801,-1,762,801,764,-1,764,801,802,-1,764,802,766,-1,803,804,805,-1,776,806,807,-1,770,772,805,-1,805,772,808,-1,805,808,803,-1,807,809,776,-1,776,809,810,-1,776,810,741,-1,806,776,811,-1,811,776,764,-1,811,764,804,-1,804,764,763,-1,804,763,805,-1,812,813,814,-1,815,816,812,-1,814,817,812,-1,812,817,818,-1,812,818,815,-1,819,820,821,-1,821,820,822,-1,821,822,823,-1,824,821,825,-1,825,821,826,-1,827,828,829,-1,830,831,832,-1,823,833,821,-1,821,833,834,-1,821,834,826,-1,835,836,837,-1,837,836,838,-1,832,831,839,-1,840,841,821,-1,842,812,843,-1,843,812,816,-1,843,816,844,-1,844,816,836,-1,844,836,845,-1,845,836,835,-1,846,847,848,-1,848,847,830,-1,848,830,849,-1,849,830,832,-1,850,851,847,-1,847,851,852,-1,847,852,830,-1,853,854,855,-1,850,847,856,-1,856,847,857,-1,856,857,858,-1,829,859,827,-1,827,859,860,-1,827,860,861,-1,861,860,862,-1,861,862,863,-1,863,862,864,-1,863,864,865,-1,865,866,863,-1,863,866,867,-1,863,867,868,-1,869,870,871,-1,871,870,868,-1,854,872,855,-1,855,872,873,-1,855,873,874,-1,840,821,875,-1,875,821,824,-1,875,824,871,-1,871,824,876,-1,871,876,869,-1,841,877,821,-1,821,877,878,-1,821,878,855,-1,855,878,838,-1,855,838,853,-1,853,838,836,-1,868,867,871,-1,871,867,879,-1,871,879,880,-1,839,831,881,-1,881,831,882,-1,881,882,883,-1,883,882,884,-1,883,884,885,-1,885,884,886,-1,885,886,873,-1,873,886,887,-1,873,887,874,-1,880,879,888,-1,888,879,889,-1,888,889,890,-1,890,891,888,-1,888,891,892,-1,888,892,893,-1,893,892,894,-1,895,896,897,-1,895,897,898,-1,898,897,899,-1,898,899,900,-1,900,899,901,-1,900,901,902,-1,903,814,813,-1,902,901,813,-1,813,901,904,-1,813,904,903,-1,903,904,905,-1,903,905,906,-1,906,905,907,-1,906,907,908,-1,908,907,733,-1,908,733,732,-1,847,846,751,-1,751,846,753,-1,758,736,909,-1,620,621,910,-1,911,554,546,-1,758,909,912,-1,912,909,913,-1,912,913,914,-1,914,913,915,-1,914,915,916,-1,916,915,917,-1,916,917,918,-1,918,917,919,-1,918,919,920,-1,920,919,911,-1,920,911,910,-1,910,911,546,-1,910,546,620,-1,621,622,910,-1,910,622,327,-1,910,327,921,-1,921,327,335,-1,921,335,730,-1,922,923,59,-1,924,925,663,-1,924,663,926,-1,662,927,922,-1,922,59,662,-1,662,59,58,-1,662,58,663,-1,663,58,647,-1,663,647,305,-1,305,302,663,-1,663,302,654,-1,663,654,653,-1,653,652,663,-1,663,652,651,-1,663,651,650,-1,650,23,663,-1,663,23,22,-1,663,22,926,-1,928,929,930,-1,928,930,931,-1,931,930,932,-1,931,932,933,-1,933,932,934,-1,933,934,935,-1,935,934,936,-1,935,936,937,-1,937,936,938,-1,937,938,939,-1,939,938,940,-1,939,940,941,-1,941,940,745,-1,941,745,744,-1,820,819,942,-1,942,819,943,-1,942,943,944,-1,944,943,945,-1,944,945,946,-1,946,945,947,-1,946,947,948,-1,948,947,949,-1,948,949,950,-1,950,949,951,-1,950,951,952,-1,952,951,953,-1,954,955,956,-1,956,955,957,-1,956,957,958,-1,958,957,959,-1,958,959,960,-1,960,959,961,-1,960,961,962,-1,962,961,963,-1,962,963,964,-1,964,963,965,-1,964,965,966,-1,966,965,967,-1,966,967,968,-1,967,969,968,-1,968,969,970,-1,968,970,971,-1,971,970,972,-1,971,972,973,-1,973,972,974,-1,973,974,975,-1,975,974,976,-1,975,976,977,-1,977,976,978,-1,977,978,979,-1,979,978,980,-1,979,980,981,-1,980,982,981,-1,981,982,983,-1,981,983,984,-1,984,983,985,-1,984,985,986,-1,986,985,987,-1,986,987,988,-1,988,987,989,-1,988,989,990,-1,990,989,991,-1,990,991,992,-1,992,991,993,-1,992,993,994,-1,994,993,995,-1,994,995,996,-1,996,995,997,-1,996,997,998,-1,997,999,998,-1,998,999,1000,-1,998,1000,1001,-1,1001,1000,1002,-1,1001,1002,1003,-1,1003,1002,1004,-1,1003,1004,1005,-1,1005,1004,1006,-1,1005,1006,1007,-1,1007,1006,1008,-1,1007,1008,1009,-1,1009,1008,1010,-1,1009,1010,1011,-1,1011,1010,1012,-1,1011,1012,954,-1,954,1012,1013,-1,954,1013,955,-1,1014,929,1015,-1,1015,929,928,-1,1016,1017,1014,-1,1018,1019,1020,-1,1021,1022,1023,-1,1024,1025,1015,-1,1015,1025,1026,-1,896,1027,1021,-1,1021,1027,1028,-1,1021,1028,1022,-1,1029,1030,895,-1,895,1030,1031,-1,895,1031,896,-1,896,1031,1032,-1,896,1032,1033,-1,1014,1015,1016,-1,1016,1015,1026,-1,1016,1026,1034,-1,1034,1026,1035,-1,1034,1035,1036,-1,1033,1037,896,-1,896,1037,1038,-1,896,1038,1027,-1,1036,1039,1034,-1,1034,1039,1040,-1,1034,1040,1020,-1,1020,1040,1041,-1,1020,1041,1018,-1,1042,1043,1044,-1,1045,1046,1047,-1,1047,1046,1048,-1,1049,1050,895,-1,895,1050,1051,-1,895,1051,1029,-1,1048,1052,1053,-1,1024,1015,1054,-1,1054,1015,1021,-1,1054,1021,1044,-1,1044,1021,1023,-1,1044,1023,1042,-1,1055,1056,1057,-1,1057,1056,1058,-1,1046,1059,1060,-1,1053,1061,1048,-1,1048,1061,1057,-1,1048,1057,1062,-1,1043,1042,1057,-1,1057,1042,1063,-1,1057,1063,1055,-1,1045,1064,1046,-1,1046,1064,1065,-1,1046,1065,895,-1,895,1065,1066,-1,895,1066,1049,-1,1019,1067,1020,-1,1020,1067,1068,-1,1020,1068,1046,-1,1046,1068,1069,-1,1046,1069,1059,-1,1060,1070,1046,-1,1046,1070,1071,-1,1046,1071,1072,-1,1058,1073,1057,-1,1057,1073,1074,-1,1057,1074,1062,-1,1072,1075,1046,-1,1046,1075,1076,-1,1046,1076,1048,-1,1048,1076,1077,-1,1048,1077,1052,-1,953,1078,1079,-1,1079,1078,1080,-1,1081,1082,1083,-1,1083,1082,1084,-1,1085,1081,1086,-1,1086,1081,1083,-1,1086,1083,1079,-1,1079,1083,1087,-1,1079,1087,953,-1,953,1087,952,-1,812,842,1088,-1,1088,842,1089,-1,1088,1089,1090,-1,1090,1089,1091,-1,1090,1091,1092,-1,1092,1091,1093,-1,1092,1093,1094,-1,1094,1093,1095,-1,1094,1095,1096,-1,1096,1095,1097,-1,1096,1097,1082,-1,1082,1097,1084,-1,673,684,1098,-1,1098,684,1099,-1,1098,1099,1100,-1,1100,1099,1101,-1,1100,1101,1102,-1,1102,1101,1103,-1,1102,1103,1104,-1,1104,1103,1105,-1,1104,1105,1106,-1,1106,1105,1107,-1,1106,1107,855,-1,855,1107,821,-1,1015,1087,1021,-1,1021,1087,1083,-1,1087,1015,952,-1,952,1015,928,-1,952,928,950,-1,950,928,931,-1,950,931,948,-1,948,931,933,-1,948,933,946,-1,746,822,744,-1,744,822,820,-1,744,820,941,-1,941,820,942,-1,941,942,939,-1,939,942,944,-1,939,944,937,-1,937,944,946,-1,937,946,935,-1,935,946,933,-1,843,773,842,-1,842,773,733,-1,842,733,1089,-1,1089,733,907,-1,1089,907,1091,-1,907,905,1091,-1,1091,905,904,-1,1091,904,1093,-1,1093,904,901,-1,1093,901,1095,-1,1095,901,899,-1,1095,899,1097,-1,1097,899,897,-1,1097,897,1084,-1,1084,897,896,-1,1084,896,1083,-1,1083,896,1021,-1,808,772,828,-1,828,772,829,-1,827,861,803,-1,803,861,804,-1,860,859,770,-1,770,859,771,-1,1108,1109,1110,-1,1110,1109,1111,-1,889,879,800,-1,800,879,801,-1,761,762,888,-1,888,762,880,-1,1109,1112,1111,-1,1111,1112,1113,-1,1113,1112,1114,-1,1114,1112,1115,-1,1114,1115,1116,-1,1115,1117,1116,-1,1116,1117,1118,-1,1116,1118,1119,-1,1119,1118,1120,-1,1119,1120,1121,-1,1121,1120,1122,-1,1122,1120,1123,-1,1122,1123,1124,-1,1125,1126,1127,-1,1127,1126,1124,-1,1127,1124,1128,-1,1128,1124,1123,-1,1023,1022,1129,-1,1129,1022,1130,-1,1129,1130,1125,-1,1125,1130,1131,-1,1125,1131,1126,-1,1131,1130,1132,-1,1121,1122,1133,-1,1116,1119,1134,-1,1135,1136,1111,-1,1137,1138,1111,-1,1114,1139,1113,-1,1113,1139,1111,-1,1137,1111,1139,-1,1140,1141,1136,-1,1136,1141,1111,-1,1138,1135,1111,-1,1116,1134,1114,-1,1142,1143,1144,-1,1114,1134,1139,-1,1139,1134,1145,-1,1139,1145,1137,-1,1137,1145,1146,-1,1137,1146,1138,-1,1138,1146,1147,-1,1138,1147,1135,-1,1135,1147,1142,-1,1135,1142,1136,-1,1136,1142,1144,-1,1136,1144,1140,-1,1121,1133,1119,-1,1148,1149,1150,-1,1119,1133,1134,-1,1134,1133,1151,-1,1134,1151,1145,-1,1145,1151,1152,-1,1145,1152,1146,-1,1146,1152,1153,-1,1146,1153,1147,-1,1147,1153,1148,-1,1147,1148,1142,-1,1142,1148,1150,-1,1142,1150,1143,-1,1154,1155,1156,-1,1122,1157,1133,-1,1133,1157,1158,-1,1133,1158,1151,-1,1151,1158,1159,-1,1151,1159,1152,-1,1152,1159,1160,-1,1152,1160,1153,-1,1153,1160,1154,-1,1153,1154,1148,-1,1148,1154,1156,-1,1148,1156,1149,-1,1122,1124,1157,-1,1157,1124,1126,-1,1157,1126,1131,-1,1161,1162,1163,-1,1131,1132,1157,-1,1157,1132,1164,-1,1157,1164,1158,-1,1158,1164,1165,-1,1158,1165,1159,-1,1159,1165,1166,-1,1159,1166,1160,-1,1160,1166,1161,-1,1160,1161,1154,-1,1154,1161,1163,-1,1154,1163,1155,-1,1032,1162,1033,-1,1033,1162,1161,-1,1033,1161,1037,-1,1037,1161,1166,-1,1037,1166,1038,-1,1038,1166,1165,-1,1038,1165,1027,-1,1027,1165,1164,-1,1027,1164,1028,-1,1028,1164,1132,-1,1028,1132,1022,-1,1022,1132,1130,-1,1167,1168,1169,-1,1170,1171,1172,-1,1173,1174,1175,-1,1176,1177,1109,-1,1178,1179,1109,-1,1180,1181,1182,-1,1182,1181,1109,-1,1178,1109,1181,-1,1115,1112,1177,-1,1177,1112,1109,-1,1179,1176,1109,-1,1173,1175,1180,-1,1183,1118,1117,-1,1180,1175,1181,-1,1181,1175,1184,-1,1181,1184,1178,-1,1178,1184,1185,-1,1178,1185,1179,-1,1179,1185,1186,-1,1179,1186,1176,-1,1176,1186,1183,-1,1176,1183,1177,-1,1177,1183,1117,-1,1177,1117,1115,-1,1170,1172,1174,-1,1187,1123,1120,-1,1174,1172,1175,-1,1175,1172,1188,-1,1175,1188,1184,-1,1184,1188,1189,-1,1184,1189,1185,-1,1185,1189,1190,-1,1185,1190,1186,-1,1186,1190,1187,-1,1186,1187,1183,-1,1183,1187,1120,-1,1183,1120,1118,-1,1191,1127,1128,-1,1171,1192,1172,-1,1172,1192,1193,-1,1172,1193,1188,-1,1188,1193,1194,-1,1188,1194,1189,-1,1189,1194,1195,-1,1189,1195,1190,-1,1190,1195,1191,-1,1190,1191,1187,-1,1187,1191,1128,-1,1187,1128,1123,-1,1171,1196,1192,-1,1192,1196,1197,-1,1192,1197,1167,-1,1198,1129,1125,-1,1167,1169,1192,-1,1192,1169,1199,-1,1192,1199,1193,-1,1193,1199,1200,-1,1193,1200,1194,-1,1194,1200,1201,-1,1194,1201,1195,-1,1195,1201,1198,-1,1195,1198,1191,-1,1191,1198,1125,-1,1191,1125,1127,-1,1023,1129,1042,-1,1042,1129,1198,-1,1042,1198,1063,-1,1063,1198,1201,-1,1063,1201,1055,-1,1055,1201,1200,-1,1055,1200,1056,-1,1056,1200,1199,-1,1056,1199,1058,-1,1058,1199,1169,-1,1058,1169,1073,-1,1073,1169,1168,-1,1156,1202,1203,-1,1156,1203,1149,-1,1149,1203,1204,-1,1149,1204,1150,-1,1150,1204,1205,-1,1150,1205,1143,-1,1143,1205,1206,-1,1143,1206,1144,-1,1144,1206,1207,-1,1144,1207,1140,-1,1140,1207,1208,-1,1140,1208,1141,-1,1141,1208,1110,-1,1141,1110,1111,-1,1202,1156,1209,-1,1209,1156,1155,-1,1209,1155,1210,-1,1155,1163,1210,-1,1210,1163,1162,-1,1210,1162,1211,-1,1211,1162,1032,-1,1211,1032,1031,-1,1074,1073,1212,-1,1212,1073,1168,-1,1212,1168,1213,-1,1168,1167,1213,-1,1213,1167,1197,-1,1213,1197,1214,-1,1214,1197,1196,-1,1214,1196,1215,-1,1215,1196,1216,-1,1216,1196,1171,-1,1216,1171,1217,-1,1217,1171,1170,-1,1217,1170,1218,-1,1218,1170,1174,-1,1218,1174,1219,-1,1174,1173,1219,-1,1219,1173,1180,-1,1219,1180,1220,-1,1220,1180,1182,-1,1220,1182,1221,-1,1221,1182,1109,-1,1221,1109,1108,-1,1210,1211,1222,-1,1204,1203,1223,-1,1206,1205,1224,-1,1225,1226,1110,-1,1227,1228,1110,-1,1207,1229,1208,-1,1208,1229,1110,-1,1227,1110,1229,-1,1230,1231,1226,-1,1226,1231,1110,-1,1228,1225,1110,-1,1206,1224,1207,-1,1232,1233,1234,-1,1207,1224,1229,-1,1229,1224,1235,-1,1229,1235,1227,-1,1227,1235,1236,-1,1227,1236,1228,-1,1228,1236,1237,-1,1228,1237,1225,-1,1225,1237,1232,-1,1225,1232,1226,-1,1226,1232,1234,-1,1226,1234,1230,-1,1204,1223,1205,-1,1238,1239,1240,-1,1205,1223,1224,-1,1224,1223,1241,-1,1224,1241,1235,-1,1235,1241,1242,-1,1235,1242,1236,-1,1236,1242,1243,-1,1236,1243,1237,-1,1237,1243,1238,-1,1237,1238,1232,-1,1232,1238,1240,-1,1232,1240,1233,-1,1244,1245,1246,-1,1203,1247,1223,-1,1223,1247,1248,-1,1223,1248,1241,-1,1241,1248,1249,-1,1241,1249,1242,-1,1242,1249,1250,-1,1242,1250,1243,-1,1243,1250,1244,-1,1243,1244,1238,-1,1238,1244,1246,-1,1238,1246,1239,-1,1203,1202,1247,-1,1247,1202,1209,-1,1247,1209,1210,-1,1251,1252,1253,-1,1210,1222,1247,-1,1247,1222,1254,-1,1247,1254,1248,-1,1248,1254,1255,-1,1248,1255,1249,-1,1249,1255,1256,-1,1249,1256,1250,-1,1250,1256,1251,-1,1250,1251,1244,-1,1244,1251,1253,-1,1244,1253,1245,-1,1066,1252,1049,-1,1049,1252,1251,-1,1049,1251,1050,-1,1050,1251,1256,-1,1050,1256,1051,-1,1051,1256,1255,-1,1051,1255,1029,-1,1029,1255,1254,-1,1029,1254,1030,-1,1030,1254,1222,-1,1030,1222,1031,-1,1031,1222,1211,-1,1257,1258,1259,-1,1260,1261,1262,-1,1263,1264,1265,-1,1266,1267,1108,-1,1268,1269,1108,-1,1270,1271,1272,-1,1272,1271,1108,-1,1268,1108,1271,-1,1220,1221,1267,-1,1267,1221,1108,-1,1269,1266,1108,-1,1263,1265,1270,-1,1273,1218,1219,-1,1270,1265,1271,-1,1271,1265,1274,-1,1271,1274,1268,-1,1268,1274,1275,-1,1268,1275,1269,-1,1269,1275,1276,-1,1269,1276,1266,-1,1266,1276,1273,-1,1266,1273,1267,-1,1267,1273,1219,-1,1267,1219,1220,-1,1260,1262,1264,-1,1277,1216,1217,-1,1264,1262,1265,-1,1265,1262,1278,-1,1265,1278,1274,-1,1274,1278,1279,-1,1274,1279,1275,-1,1275,1279,1280,-1,1275,1280,1276,-1,1276,1280,1277,-1,1276,1277,1273,-1,1273,1277,1217,-1,1273,1217,1218,-1,1281,1214,1215,-1,1261,1282,1262,-1,1262,1282,1283,-1,1262,1283,1278,-1,1278,1283,1284,-1,1278,1284,1279,-1,1279,1284,1285,-1,1279,1285,1280,-1,1280,1285,1281,-1,1280,1281,1277,-1,1277,1281,1215,-1,1277,1215,1216,-1,1261,1286,1282,-1,1282,1286,1287,-1,1282,1287,1257,-1,1288,1212,1213,-1,1257,1259,1282,-1,1282,1259,1289,-1,1282,1289,1283,-1,1283,1289,1290,-1,1283,1290,1284,-1,1284,1290,1291,-1,1284,1291,1285,-1,1285,1291,1288,-1,1285,1288,1281,-1,1281,1288,1213,-1,1281,1213,1214,-1,1074,1212,1062,-1,1062,1212,1288,-1,1062,1288,1048,-1,1048,1288,1291,-1,1048,1291,1047,-1,1047,1291,1290,-1,1047,1290,1045,-1,1045,1290,1289,-1,1045,1289,1064,-1,1064,1289,1259,-1,1064,1259,1065,-1,1065,1259,1258,-1,1253,1287,1245,-1,1245,1287,1286,-1,1245,1286,1246,-1,1246,1286,1261,-1,1246,1261,1239,-1,1239,1261,1260,-1,1239,1260,1240,-1,1240,1260,1264,-1,1240,1264,1233,-1,1233,1264,1263,-1,1233,1263,1234,-1,1234,1263,1270,-1,1234,1270,1230,-1,1230,1270,1272,-1,1230,1272,1231,-1,1231,1272,1108,-1,1231,1108,1110,-1,1066,1065,1252,-1,1252,1065,1258,-1,1252,1258,1253,-1,1253,1258,1257,-1,1253,1257,1287,-1,
        ]
    }
}
Shape{
    appearance Appearance {
        material  Material 	{
            diffuseColor 0.25098039215686274 0.25098039215686274 0.25098039215686274
            specularColor 0.12549019607843137 0.12549019607843137 0.12549019607843137
            ambientIntensity 0.251
            transparency 0.0
            shininess 0.5
        }
    }
    geometry IndexedFaceSet {
        ccw TRUE
        solid FALSE
        coord DEF co Coordinate {
            point [
                1.6323 0.2043 0.3617, 1.6417 0.2043 0.4331, 1.6417 0.2043 0.1519, -1.6417 0.2043 0.1519, -1.6417 0.2043 0.4331, -1.6323 0.2043 0.3617, 1.6048 0.2043 0.2953, -1.6048 0.2043 0.2953, -1.561 0.2043 0.2382, -1.6116 0.2043 0.1253, -1.5039 0.2043 0.1944, 1.561 0.2043 0.2382, 1.6116 0.2043 0.1253, 1.5039 0.2043 0.1944, 1.537 0.2043 0.0784, 1.4375 0.2043 0.1669, 1.4537 0.2043 0.0492, 1.3661 0.2043 0.1575, 1.3661 0.2043 0.0394, -1.3661 0.2043 0.1575, -1.3661 0.2043 0.0394, -1.4375 0.2043 0.1669, -1.4537 0.2043 0.0492, -1.537 0.2043 0.0784
            ]
        }
        coordIndex [
            0,1,2,-1,3,4,5,-1,0,2,6,-1,5,7,3,-1,3,7,8,-1,3,8,9,-1,9,8,10,-1,6,2,11,-1,11,2,12,-1,11,12,13,-1,13,12,14,-1,13,14,15,-1,15,14,16,-1,15,16,17,-1,17,16,18,-1,17,18,19,-1,19,18,20,-1,19,20,21,-1,21,20,22,-1,21,22,10,-1,10,22,23,-1,10,23,9,-1,
        ]
    }
}
Shape{
    appearance Appearance {
        material  Material 	{
            diffuseColor 0.7529411764705882 0.7529411764705882 0.7529411764705882
            specularColor 0.3764705882352941 0.3764705882352941 0.3764705882352941
            ambientIntensity 0.7529
            transparency 0.0
            shininess 0.5
        }
    }
    geometry IndexedFaceSet {
        ccw TRUE
        solid FALSE
        coord DEF co Coordinate {
            point [
                -1.4449 0.9248 1.1654, -1.4449 0.6492 1.1654, -1.4449 0.9248 1.2755, -1.4449 0.6492 1.2755, -1.4537 0.6492 1.2736, -1.3661 0.6492 1.1654, -1.4375 0.6492 1.156, -1.5039 0.6492 1.1284, -1.6048 0.6492 1.0276, -1.6739 0.6492 1.1352, -1.561 0.6492 1.0846, -1.6116 0.6492 1.1976, -1.537 0.6492 1.2445, -1.6417 0.6492 0.811, -1.7598 0.6492 0.811, -1.6417 0.6492 0.8898, -1.7598 0.6492 0.8898, -1.6323 0.6492 0.9611, -1.75 0.6492 0.9774, -1.7209 0.6492 1.0606, -1.7598 0.8461 0.7323, -1.7598 0.728 0.7323, -1.6417 0.8461 0.7323, -1.6417 0.728 0.7323, -1.6417 0.3343 0.1519, -1.6739 0.3343 0.1876, -1.6417 0.3343 0.5354, -1.7209 0.3343 0.2623, -1.75 0.3343 0.3455, -1.7598 0.3343 0.4331, -1.7598 0.3343 0.5354, -1.7598 0.4917 0.5354, -1.7598 0.4917 -0.315, -1.6417 0.4917 0.5354, -1.6417 0.4917 -0.315, -1.7598 0.5705 -0.3937, -1.7598 0.8461 -0.3937, -1.6417 0.5705 -0.3937, -1.6417 0.8461 -0.3937, -1.7598 0.9248 -0.315, -1.6417 0.9248 -0.315, -1.6417 0.8664 0.7296, -1.7598 0.8664 0.7296, -1.6417 0.8854 0.7217, -1.7598 0.8854 0.7217, -1.6417 0.9017 0.7092, -1.7598 0.9017 0.7092, -1.6417 0.9143 0.6929, -1.7598 0.9143 0.6929, -1.6417 0.9221 0.6739, -1.7598 0.9221 0.6739, -1.6417 0.9248 0.6535, -1.7598 0.9248 0.6535, -1.6417 0.7076 0.735, -1.7598 0.7076 0.735, -1.6417 0.6886 0.7428, -1.7598 0.6886 0.7428, -1.6417 0.6723 0.7553, -1.7598 0.6723 0.7553, -1.6417 0.6598 0.7717, -1.7598 0.6598 0.7717, -1.6417 0.6519 0.7906, -1.7598 0.6519 0.7906, -1.7598 0.413 0.6142, -1.6417 0.413 0.6142, -1.7598 0.3926 0.6115, -1.6417 0.3926 0.6115, -1.7598 0.3736 0.6036, -1.6417 0.3736 0.6036, -1.7598 0.3573 0.5911, -1.6417 0.3573 0.5911, -1.7598 0.3448 0.5748, -1.6417 0.3448 0.5748, -1.7598 0.3369 0.5558, -1.6417 0.3369 0.5558, -1.7598 0.489 0.5558, -1.6417 0.489 0.5558, -1.7598 0.4812 0.5748, -1.6417 0.4812 0.5748, -1.7598 0.4687 0.5911, -1.6417 0.4687 0.5911, -1.7598 0.4524 0.6036, -1.6417 0.4524 0.6036, -1.7598 0.4334 0.6115, -1.6417 0.4334 0.6115, -1.7598 -1.0949 0.748, -1.6417 -1.0949 0.748, -1.7598 -1.0974 0.7678, -1.6417 -1.0974 0.7678, -1.7598 -1.1048 0.7863, -1.6417 -1.1048 0.7863, -1.7598 -1.1166 0.8023, -1.6417 -1.1166 0.8023, -1.7598 -1.132 0.8149, -1.6417 -1.132 0.8149, -1.7598 -1.1501 0.8232, -1.6417 -1.1501 0.8232, -1.7598 -1.1697 0.8267, -1.6417 -1.1697 0.8267, -1.6417 -1.2445 0.748, -1.7598 -1.2445 0.748, -1.6417 -1.242 0.7678, -1.7598 -1.242 0.7678, -1.6417 -1.2346 0.7863, -1.7598 -1.2346 0.7863, -1.6417 -1.2228 0.8023, -1.7598 -1.2228 0.8023, -1.6417 -1.2074 0.8149, -1.7598 -1.2074 0.8149, -1.6417 -1.1893 0.8232, -1.7598 -1.1893 0.8232, -1.7598 -0.4177 0.748, -1.6417 -0.4177 0.748, -1.7598 -0.4204 0.7684, -1.6417 -0.4204 0.7684, -1.7598 -0.4283 0.7874, -1.6417 -0.4283 0.7874, -1.7598 -0.4408 0.8037, -1.6417 -0.4408 0.8037, -1.7598 -0.4571 0.8162, -1.6417 -0.4571 0.8162, -1.7598 -0.4761 0.8241, -1.6417 -0.4761 0.8241, -1.7598 -0.4965 0.8268, -1.6417 -0.4965 0.8268, -1.7598 -0.5168 0.8241, -1.6417 -0.5168 0.8241, -1.7598 -0.5358 0.8162, -1.6417 -0.5358 0.8162, -1.7598 -0.5521 0.8037, -1.6417 -0.5521 0.8037, -1.7598 -0.5646 0.7874, -1.6417 -0.5646 0.7874, -1.7598 -0.5725 0.7684, -1.6417 -0.5725 0.7684, -1.7598 -0.5752 0.748, -1.6417 -0.5752 0.748, -0.8661 0.5705 1.1654, -0.8661 0.5705 1.2835, -0.4331 0.5705 1.1654, -0.5204 0.5705 1.2835, -0.4331 0.5705 1.2835, -0.9055 0.8854 1.2835, -0.9055 0.6098 1.2835, -0.9055 0.8854 1.1654, -0.9055 0.6098 1.1654, -0.4229 0.6872 1.2666, -0.4134 0.6833 1.2721, -0.3937 0.9248 1.2835, -0.4052 0.677 1.2768, -0.677 0.9248 1.1199, -0.677 0.6886 1.1199, -0.4331 0.6886 1.2607, -0.3967 0.6643 1.2817, -0.395 0.6594 1.2827, -0.394 0.6543 1.2833, -0.3937 0.6492 1.2835, -0.4018 0.6732 1.2788, -0.399 0.6689 1.2804, -0.677 0.6897 0.9835, -0.677 0.9237 0.9835, -0.6689 0.6886 0.9882, -0.6689 0.9248 0.9882, -0.3621 0.6886 1.1654, -0.3621 0.9248 1.1654, -0.4331 0.6886 1.1654, -0.677 0.6886 1.0022, -0.677 0.9248 1.0022, -0.9449 0.9248 1.1654, -0.9449 0.9248 1.2835, -0.9347 0.9235 1.2835, -0.9347 0.9235 1.1654, -0.9252 0.9195 1.2835, -0.9252 0.9195 1.1654, -0.917 0.9133 1.2835, -0.917 0.9133 1.1654, -0.9108 0.9051 1.2835, -0.9108 0.9051 1.1654, -0.9069 0.8956 1.2835, -0.9069 0.8956 1.1654, -0.8763 0.5718 1.2835, -0.8763 0.5718 1.1654, -0.8858 0.5757 1.2835, -0.8858 0.5757 1.1654, -0.894 0.582 1.2835, -0.894 0.582 1.1654, -0.9002 0.5902 1.2835, -0.9002 0.5902 1.1654, -0.9042 0.5997 1.2835, -0.9042 0.5997 1.1654, -0.4229 0.6872 1.1654, -0.4134 0.6833 1.1654, -0.4052 0.677 1.1654, -0.399 0.6689 1.1654, -0.395 0.6594 1.1654, -0.3937 0.6492 1.1654, -0.3937 0.6098 1.2835, -0.3937 0.6098 1.1654, -0.395 0.5997 1.2835, -0.395 0.5997 1.1654, -0.399 0.5902 1.2835, -0.399 0.5902 1.1654, -0.4052 0.582 1.2835, -0.4052 0.582 1.1654, -0.4134 0.5757 1.2835, -0.4134 0.5757 1.1654, -0.4229 0.5718 1.2835, -0.4229 0.5718 1.1654, -0.6693 -0.0398 1.2047, -0.9055 -0.0398 1.2047, -0.6693 -0.0791 1.2047, -0.9055 -0.0791 1.2047, -0.9243 -0.1026 1.2088, -0.9219 -0.1049 1.2092, -0.9352 -0.1258 1.2205, -0.9394 -0.1469 1.2443, -0.9377 -0.1434 1.238, -0.9446 -0.1404 1.2352, -0.9434 -0.1548 1.2632, -0.942 -0.152 1.2537, -0.9506 -0.1498 1.2511, -0.9813 -0.1276 1.2673, -0.9829 -0.1178 1.2688, -0.9843 -0.1185 1.2835, -0.9449 -0.1579 1.2835, -0.9442 -0.1565 1.2688, -0.9551 -0.1565 1.2835, -0.954 -0.1549 1.2673, -0.9646 -0.1526 1.2835, -0.9727 -0.1463 1.2835, -0.9632 -0.1509 1.2663, -0.9588 -0.1456 1.2495, -0.9812 -0.117 1.2632, -0.9761 -0.1243 1.2511, -0.9784 -0.1156 1.2537, -0.979 -0.1382 1.2835, -0.9711 -0.1447 1.2659, -0.9661 -0.1397 1.2489, -0.9573 -0.131 1.2329, -0.9829 -0.1287 1.2835, -0.9773 -0.1368 1.2663, -0.972 -0.1325 1.2495, -0.9626 -0.1249 1.2335, -0.9485 -0.1135 1.2193, -0.9668 -0.1182 1.2352, -0.9521 -0.1088 1.2205, -0.9553 -0.104 1.2225, -0.9607 -0.1067 1.2282, -0.9698 -0.1113 1.238, -0.9733 -0.113 1.2443, -0.9195 -0.107 1.2098, -0.9249 -0.118 1.2162, -0.9304 -0.1289 1.2225, -0.9331 -0.1343 1.2282, -0.9399 -0.1221 1.2193, -0.9267 -0.1003 1.2086, -0.9312 -0.0955 1.2092, -0.9156 -0.0993 1.2084, -0.9257 -0.0892 1.2084, -0.9334 -0.0931 1.2098, -0.9444 -0.0986 1.2162, -0.9513 -0.1362 1.2335, -0.9443 -0.118 1.2189, -0.929 -0.0979 1.2088, -0.6371 -0.1434 1.238, -0.6417 -0.1343 1.2282, -0.6444 -0.1289 1.2225, -0.6499 -0.118 1.2162, -0.6553 -0.107 1.2098, -0.6592 -0.0993 1.2084, -0.6299 -0.1579 1.2835, -0.6306 -0.1565 1.2688, -0.6314 -0.1548 1.2632, -0.6328 -0.152 1.2537, -0.6354 -0.1469 1.2443, -0.9843 -0.0004 1.2835, -0.9829 -0.0011 1.2688, -0.9812 -0.0019 1.2632, -0.9784 -0.0033 1.2537, -0.9733 -0.0059 1.2443, -0.9698 -0.0076 1.238, -0.9607 -0.0122 1.2282, -0.9553 -0.0149 1.2225, -0.9444 -0.0203 1.2162, -0.9334 -0.0258 1.2098, -0.9257 -0.0297 1.2084, -0.6458 -0.0979 1.2088, -0.6436 -0.0955 1.2092, -0.6227 -0.1088 1.2205, -0.6015 -0.113 1.2443, -0.605 -0.1113 1.238, -0.608 -0.1182 1.2352, -0.5936 -0.117 1.2632, -0.5964 -0.1156 1.2537, -0.5987 -0.1243 1.2511, -0.6208 -0.1549 1.2673, -0.5906 -0.1185 1.2835, -0.5919 -0.1178 1.2688, -0.5919 -0.1287 1.2835, -0.5935 -0.1276 1.2673, -0.5958 -0.1382 1.2835, -0.6021 -0.1463 1.2835, -0.5975 -0.1368 1.2663, -0.6029 -0.1325 1.2495, -0.6242 -0.1498 1.2511, -0.6102 -0.1526 1.2835, -0.6037 -0.1447 1.2659, -0.6087 -0.1397 1.2489, -0.6175 -0.131 1.2329, -0.6197 -0.1565 1.2835, -0.6116 -0.1509 1.2663, -0.616 -0.1456 1.2495, -0.6235 -0.1362 1.2335, -0.6349 -0.1221 1.2193, -0.6302 -0.1404 1.2352, -0.6396 -0.1258 1.2205, -0.6414 -0.0931 1.2098, -0.6304 -0.0986 1.2162, -0.6195 -0.104 1.2225, -0.6141 -0.1067 1.2282, -0.6264 -0.1135 1.2193, -0.6481 -0.1003 1.2086, -0.6529 -0.1049 1.2092, -0.6491 -0.0892 1.2084, -0.6122 -0.1249 1.2335, -0.6305 -0.118 1.2189, -0.6505 -0.1026 1.2088, -0.929 -0.021 1.2088, -0.9312 -0.0234 1.2092, -0.9521 -0.0101 1.2205, -0.9668 -0.0007 1.2352, -0.9761 0.0054 1.2511, -0.954 0.036 1.2673, -0.9442 0.0376 1.2688, -0.9449 0.039 1.2835, -0.9829 0.0098 1.2835, -0.9813 0.0087 1.2673, -0.979 0.0193 1.2835, -0.9727 0.0274 1.2835, -0.9773 0.0179 1.2663, -0.972 0.0136 1.2495, -0.9434 0.0359 1.2632, -0.9506 0.0309 1.2511, -0.942 0.0331 1.2537, -0.9646 0.0337 1.2835, -0.9711 0.0258 1.2659, -0.9661 0.0208 1.2489, -0.9573 0.0121 1.2329, -0.9551 0.0376 1.2835, -0.9632 0.032 1.2663, -0.9588 0.0267 1.2495, -0.9513 0.0173 1.2335, -0.9399 0.0032 1.2193, -0.9446 0.0215 1.2352, -0.9352 0.0069 1.2205, -0.9304 0.01 1.2225, -0.9331 0.0154 1.2282, -0.9377 0.0245 1.238, -0.9394 0.028 1.2443, -0.9485 -0.0054 1.2193, -0.9267 -0.0186 1.2086, -0.9219 -0.014 1.2092, -0.9156 -0.0196 1.2084, -0.9195 -0.0119 1.2098, -0.9249 -0.0009 1.2162, -0.9626 0.006 1.2335, -0.9443 -0.0009 1.2189, -0.9243 -0.0163 1.2088, -0.6491 -0.0297 1.2084, -0.6414 -0.0258 1.2098, -0.6304 -0.0203 1.2162, -0.6195 -0.0149 1.2225, -0.6141 -0.0122 1.2282, -0.605 -0.0076 1.238, -0.6015 -0.0059 1.2443, -0.5964 -0.0033 1.2537, -0.5906 -0.0004 1.2835, -0.5919 -0.0011 1.2688, -0.5936 -0.0019 1.2632, -0.6299 0.039 1.2835, -0.6306 0.0376 1.2688, -0.6314 0.0359 1.2632, -0.6328 0.0331 1.2537, -0.6354 0.028 1.2443, -0.6371 0.0245 1.238, -0.6417 0.0154 1.2282, -0.6444 0.01 1.2225, -0.6499 -0.0009 1.2162, -0.6553 -0.0119 1.2098, -0.6592 -0.0196 1.2084, -0.6505 -0.0163 1.2088, -0.6529 -0.014 1.2092, -0.6396 0.0069 1.2205, -0.6302 0.0215 1.2352, -0.6242 0.0309 1.2511, -0.5935 0.0087 1.2673, -0.6197 0.0376 1.2835, -0.6208 0.036 1.2673, -0.6102 0.0337 1.2835, -0.6021 0.0274 1.2835, -0.6116 0.032 1.2663, -0.616 0.0267 1.2495, -0.5987 0.0054 1.2511, -0.5958 0.0193 1.2835, -0.6037 0.0258 1.2659, -0.6087 0.0208 1.2489, -0.6175 0.0121 1.2329, -0.5919 0.0098 1.2835, -0.5975 0.0179 1.2663, -0.6029 0.0136 1.2495, -0.6122 0.006 1.2335, -0.6264 -0.0054 1.2193, -0.608 -0.0007 1.2352, -0.6227 -0.0101 1.2205, -0.6349 0.0032 1.2193, -0.6481 -0.0186 1.2086, -0.6436 -0.0234 1.2092, -0.6235 0.0173 1.2335, -0.6305 -0.0009 1.2189, -0.6458 -0.021 1.2088, 0.3937 0.6098 1.1654, 0.3937 0.6492 1.1654, 0.3937 0.6098 1.2835, 0.3937 0.6492 1.2835, 0.9449 0.9248 1.1654, 0.9449 0.9248 1.2835, 1.1752 0.9248 1.2835, 1.4449 0.9248 1.1654, 1.3661 0.9248 1.2835, 1.4449 0.9248 1.2755, 1.7598 -1.242 0.7678, 1.7598 -1.2346 0.7863, 1.7598 -1.9413 0.8898, 1.7598 -1.2228 0.8023, 1.7598 -1.9413 0.4331, 1.7598 -1.2445 0.4331, 1.7598 -1.2445 0.748, 1.7598 -1.2074 0.8149, 1.7598 -1.1893 0.8232, 1.7598 -1.1697 0.8267, 1.7598 0.9221 0.6739, 1.7598 0.489 0.5558, 1.7598 0.9248 0.6535, 1.7598 0.4917 0.5354, 1.7598 0.9248 -0.315, 1.7598 0.4917 -0.315, 1.7598 0.8461 -0.3937, 1.7598 0.5705 -0.3937, 1.7598 -1.0949 -0.315, 1.7598 -1.0161 -0.3937, 1.7598 -0.8587 -0.3937, 1.7598 -0.5521 0.8037, 1.7598 -0.5358 0.8162, 1.7598 0.7076 0.735, 1.7598 0.6886 0.7428, 1.7598 -0.7569 -0.0231, 1.7598 -1.1048 0.7863, 1.7598 -0.7694 -0.0394, 1.7598 -1.0974 0.7678, 1.7598 -0.7772 -0.0584, 1.7598 -1.0949 0.748, 1.7598 -0.7799 -0.0787, 1.7598 -0.7799 -0.315, 1.7598 -0.4571 0.8162, 1.7598 -0.4408 0.8037, 1.7598 0.6492 0.8898, 1.7598 -0.4283 0.7874, 1.7598 -0.4204 0.7684, 1.7598 0.3448 0.5748, 1.7598 0.3369 0.5558, 1.7598 -0.4177 0.748, 1.7598 0.3343 0.5354, 1.7598 -0.4177 0.4331, 1.7598 0.3343 0.4331, 1.7598 0.413 0.6142, 1.7598 0.4334 0.6115, 1.7598 0.4524 0.6036, 1.7598 0.6492 0.811, 1.7598 -0.5646 0.7874, 1.7598 -0.5725 0.7684, 1.7598 -1.1501 0.8232, 1.7598 -0.5752 0.748, 1.7598 -0.5168 0.8241, 1.7598 -0.4965 0.8268, 1.7598 -0.4761 0.8241, 1.7598 0.3573 0.5911, 1.7598 0.3736 0.6036, 1.7598 0.3926 0.6115, 1.7598 -1.132 0.8149, 1.7598 -1.1166 0.8023, 1.7598 0.4812 0.5748, 1.7598 0.6723 0.7553, 1.7598 0.4687 0.5911, 1.7598 0.6598 0.7717, 1.7598 0.6519 0.7906, 1.7598 0.8854 0.7217, 1.7598 0.9017 0.7092, 1.7598 0.9143 0.6929, 1.7598 0.8664 0.7296, 1.7598 0.8461 0.7323, 1.7598 0.728 0.7323, 1.7598 -0.6336 0.0027, 1.7598 -0.6146 0.0106, 1.7598 -0.5752 0.0787, 1.7598 -0.5983 0.0231, 1.7598 -0.5779 0.0584, 1.7598 -0.5857 0.0394, 1.7598 -0.7406 -0.0105, 1.7598 -0.7216 -0.0027, 1.7598 -0.7012 0.0, 1.7598 -0.6539 0.0, 1.6417 0.9248 0.6535, 1.6417 0.9248 -0.315, 1.6417 0.8461 -0.3937, 1.6417 0.3343 0.1519, 1.6417 0.2043 0.1519, 1.6417 0.3343 0.5354, 1.6417 0.2043 0.4331, 1.6417 0.3369 0.5558, 1.6417 -1.9413 0.8898, 1.6417 -1.2074 0.8149, 1.6417 -1.2228 0.8023, 1.6417 -1.2445 0.4331, 1.6417 -1.9413 0.4331, 1.6417 -1.2445 0.748, 1.6417 -0.5779 0.0584, 1.6417 -0.5857 0.0394, 1.6417 -0.5752 0.0787, 1.6417 -0.5752 0.748, 1.6417 -0.7694 -0.0394, 1.6417 -0.5725 0.7684, 1.6417 -0.7569 -0.0231, 1.6417 -0.7406 -0.0105, 1.6417 -1.2346 0.7863, 1.6417 -1.242 0.7678, 1.6417 0.4917 0.5354, 1.6417 0.489 0.5558, 1.6417 0.7076 0.735, 1.6417 0.4524 0.6036, 1.6417 0.4334 0.6115, 1.6417 0.6492 0.8898, 1.6417 -0.5358 0.8162, 1.6417 -0.5521 0.8037, 1.6417 -0.5646 0.7874, 1.6417 -0.4177 0.4331, 1.6417 0.3573 0.5911, 1.6417 0.3448 0.5748, 1.6417 -0.5983 0.0231, 1.6417 -0.6146 0.0106, 1.6417 -0.6336 0.0027, 1.6417 -0.7799 -0.0787, 1.6417 -0.7799 -0.315, 1.6417 -0.8587 -0.3937, 1.6417 -0.4177 0.748, 1.6417 -0.4204 0.7684, 1.6417 0.3736 0.6036, 1.6417 -0.4283 0.7874, 1.6417 -0.4408 0.8037, 1.6417 0.8664 0.7296, 1.6417 0.8461 0.7323, 1.6417 0.728 0.7323, 1.6417 0.5705 -0.3937, 1.6417 0.4917 -0.315, 1.6417 -0.6539 0.0, 1.6417 -0.7012 0.0, 1.6417 -0.7216 -0.0027, 1.6417 0.6492 0.811, 1.6417 0.6519 0.7906, 1.6417 0.4687 0.5911, 1.6417 0.6598 0.7717, 1.6417 0.4812 0.5748, 1.6417 0.6723 0.7553, 1.6417 0.6886 0.7428, 1.6417 0.8854 0.7217, 1.6417 0.9017 0.7092, 1.6417 0.9221 0.6739, 1.6417 0.9143 0.6929, 1.6417 0.413 0.6142, 1.6417 0.3926 0.6115, 1.6417 -1.1048 0.7863, 1.6417 -1.1166 0.8023, 1.6417 -1.132 0.8149, 1.6417 -1.1501 0.8232, 1.6417 -1.1697 0.8267, 1.6417 -1.1893 0.8232, 1.6417 -0.4571 0.8162, 1.6417 -0.4761 0.8241, 1.6417 -0.4965 0.8268, 1.6417 -0.5168 0.8241, 1.6417 -1.0949 -0.315, 1.6417 -1.0949 0.748, 1.6417 -0.7772 -0.0584, 1.6417 -1.0161 -0.3937, 1.6417 -1.0974 0.7678, 1.6739 0.3343 0.1876, 1.6116 0.2043 0.1253, 1.6739 -0.4177 0.1876, 1.6116 -0.4177 0.1253, 1.537 -0.4177 0.0784, 1.537 0.2043 0.0784, 1.4537 -0.4177 0.0492, 1.4537 0.2043 0.0492, 1.3661 -0.4177 0.0394, 1.3661 0.2043 0.0394, 1.7209 0.3343 0.2623, 1.7209 -0.4177 0.2623, 1.75 0.3343 0.3455, 1.75 -0.4177 0.3455, 1.3661 0.0976 1.2835, 1.3661 -1.9413 1.2835, 1.4537 -1.9413 1.2736, 1.4537 0.6492 1.2736, 1.3661 0.1934 1.2835, 1.3661 0.2634 1.2835, 1.4449 0.6492 1.2755, 1.3661 0.4019 1.2835, 1.3661 0.297 1.2835, 1.537 -1.9413 1.2445, 1.537 0.6492 1.2445, 1.6116 -1.9413 1.1976, 1.6116 0.6492 1.1976, 1.6739 -1.9413 1.1352, 1.6739 0.6492 1.1352, 1.7209 -1.9413 1.0606, 1.7209 0.6492 1.0606, 1.75 -1.9413 0.9774, 1.75 0.6492 0.9774, 1.75 -1.9413 0.3455, 1.75 -1.2445 0.3455, 1.7209 -1.9413 0.2623, 1.7209 -1.2445 0.2623, 1.6739 -1.9413 0.1876, 1.6739 -1.2445 0.1876, 1.6116 -1.9413 0.1253, 1.6116 -1.2445 0.1253, 1.537 -1.9413 0.0784, 1.537 -1.2445 0.0784, 1.4537 -1.9413 0.0492, 1.4537 -1.2445 0.0492, 1.3661 -1.9413 0.0394, 1.3661 -1.2445 0.0394, 1.3661 -1.2445 0.1575, 1.3661 -1.9413 0.1575, 1.4375 -1.2445 0.1669, 1.4375 -1.9413 0.1669, 1.5039 -1.2445 0.1944, 1.5039 -1.9413 0.1944, 1.561 -1.2445 0.2382, 1.561 -1.9413 0.2382, 1.6048 -1.2445 0.2953, 1.6048 -1.9413 0.2953, 1.6323 -1.2445 0.3617, 1.6323 -1.9413 0.3617, 1.3661 0.2043 0.1575, 1.3661 -0.4177 0.1575, 1.4375 0.2043 0.1669, 1.4375 -0.4177 0.1669, 1.5039 0.2043 0.1944, 1.5039 -0.4177 0.1944, 1.561 0.2043 0.2382, 1.561 -0.4177 0.2382, 1.6048 0.2043 0.2953, 1.6048 -0.4177 0.2953, 1.6323 0.2043 0.3617, 1.6323 -0.4177 0.3617, 1.6323 0.6492 0.9611, 1.6323 -1.9413 0.9611, 1.6048 0.6492 1.0276, 1.6048 -1.9413 1.0276, 1.561 0.6492 1.0846, 1.561 -1.9413 1.0846, 1.5039 0.6492 1.1284, 1.5039 -1.9413 1.1284, 1.4375 0.6492 1.156, 1.4375 -1.9413 1.156, 1.3661 0.6492 1.1654, 1.3661 -1.9413 1.1654, 0.9724 -1.2445 0.1575, 0.9724 -1.2445 0.0394, 0.9724 -0.4177 0.1575, 0.9724 -0.4177 0.0394, 0.6693 -0.0791 0.1181, 0.6693 -0.0398 0.1181, 0.9055 -0.0791 0.1181, 0.9055 -0.0398 0.1181, 0.9449 -0.1579 0.0394, 0.6299 -0.1579 0.0394, 0.9442 -0.1565 0.054, 0.6306 -0.1565 0.054, 0.9434 -0.1548 0.0596, 0.6314 -0.1548 0.0596, 0.6328 -0.152 0.0691, 0.942 -0.152 0.0691, 0.6354 -0.1469 0.0785, 0.9394 -0.1469 0.0785, 0.9377 -0.1434 0.0848, 0.6371 -0.1434 0.0848, 0.9331 -0.1343 0.0946, 0.6417 -0.1343 0.0946, 0.6444 -0.1289 0.1004, 0.9304 -0.1289 0.1004, 0.6499 -0.118 0.1067, 0.9249 -0.118 0.1067, 0.9195 -0.107 0.113, 0.6553 -0.107 0.113, 0.9156 -0.0993 0.1144, 0.6592 -0.0993 0.1144, 0.9812 -0.117 0.0596, 0.9829 -0.1178 0.054, 0.9813 -0.1276 0.0556, 0.9607 -0.1067 0.0946, 0.9698 -0.1113 0.0848, 0.9668 -0.1182 0.0876, 0.9444 -0.0986 0.1067, 0.9553 -0.104 0.1004, 0.9521 -0.1088 0.1023, 0.9243 -0.1026 0.1141, 0.9219 -0.1049 0.1137, 0.929 -0.0979 0.1141, 0.9267 -0.1003 0.1142, 0.9334 -0.0931 0.113, 0.9312 -0.0955 0.1137, 0.9257 -0.0892 0.1144, 0.9352 -0.1258 0.1023, 0.9485 -0.1135 0.1036, 0.9443 -0.118 0.104, 0.9399 -0.1221 0.1036, 0.9446 -0.1404 0.0876, 0.9626 -0.1249 0.0894, 0.9573 -0.131 0.0899, 0.9513 -0.1362 0.0894, 0.9506 -0.1498 0.0717, 0.9761 -0.1243 0.0717, 0.972 -0.1325 0.0734, 0.9661 -0.1397 0.0739, 0.9588 -0.1456 0.0734, 0.9733 -0.113 0.0785, 0.9784 -0.1156 0.0691, 0.954 -0.1549 0.0556, 0.9773 -0.1368 0.0566, 0.9711 -0.1447 0.0569, 0.9632 -0.1509 0.0566, 0.9551 -0.1565 0.0394, 0.9646 -0.1526 0.0394, 0.9727 -0.1463 0.0394, 0.979 -0.1382 0.0394, 0.9829 -0.1287 0.0394, 0.9843 -0.1185 0.0394, 0.6208 -0.1549 0.0556, 0.6302 -0.1404 0.0876, 0.6396 -0.1258 0.1023, 0.6458 -0.0979 0.1141, 0.6436 -0.0955 0.1137, 0.6505 -0.1026 0.1141, 0.6481 -0.1003 0.1142, 0.6529 -0.1049 0.1137, 0.6414 -0.0931 0.113, 0.6491 -0.0892 0.1144, 0.6227 -0.1088 0.1023, 0.6195 -0.104 0.1004, 0.6304 -0.0986 0.1067, 0.6349 -0.1221 0.1036, 0.6305 -0.118 0.104, 0.6264 -0.1135 0.1036, 0.608 -0.1182 0.0876, 0.605 -0.1113 0.0848, 0.6141 -0.1067 0.0946, 0.6235 -0.1362 0.0894, 0.6175 -0.131 0.0899, 0.6122 -0.1249 0.0894, 0.5987 -0.1243 0.0717, 0.5964 -0.1156 0.0691, 0.6015 -0.113 0.0785, 0.6242 -0.1498 0.0717, 0.616 -0.1456 0.0734, 0.6087 -0.1397 0.0739, 0.6029 -0.1325 0.0734, 0.5935 -0.1276 0.0556, 0.5919 -0.1178 0.054, 0.5936 -0.117 0.0596, 0.6116 -0.1509 0.0566, 0.6037 -0.1447 0.0569, 0.5975 -0.1368 0.0566, 0.5906 -0.1185 0.0394, 0.5919 -0.1287 0.0394, 0.5958 -0.1382 0.0394, 0.6021 -0.1463 0.0394, 0.6102 -0.1526 0.0394, 0.6197 -0.1565 0.0394, 0.9843 -0.0004 0.0394, 0.9829 -0.0011 0.054, 0.9812 -0.0019 0.0596, 0.9784 -0.0033 0.0691, 0.9733 -0.0059 0.0785, 0.9698 -0.0076 0.0848, 0.9607 -0.0122 0.0946, 0.9553 -0.0149 0.1004, 0.9444 -0.0203 0.1067, 0.9334 -0.0258 0.113, 0.9257 -0.0297 0.1144, 0.6304 -0.0203 0.1067, 0.6414 -0.0258 0.113, 0.6491 -0.0297 0.1144, 0.6195 -0.0149 0.1004, 0.6141 -0.0122 0.0946, 0.605 -0.0076 0.0848, 0.5906 -0.0004 0.0394, 0.5919 -0.0011 0.054, 0.5936 -0.0019 0.0596, 0.5964 -0.0033 0.0691, 0.6015 -0.0059 0.0785, 0.9434 0.0359 0.0596, 0.9442 0.0376 0.054, 0.954 0.036 0.0556, 0.9331 0.0154 0.0946, 0.9377 0.0245 0.0848, 0.9446 0.0215 0.0876, 0.9249 -0.0009 0.1067, 0.9304 0.01 0.1004, 0.9352 0.0069 0.1023, 0.929 -0.021 0.1141, 0.9312 -0.0234 0.1137, 0.9243 -0.0163 0.1141, 0.9267 -0.0186 0.1142, 0.9195 -0.0119 0.113, 0.9219 -0.014 0.1137, 0.9156 -0.0196 0.1144, 0.9521 -0.0101 0.1023, 0.9399 0.0032 0.1036, 0.9443 -0.0009 0.104, 0.9485 -0.0054 0.1036, 0.9668 -0.0007 0.0876, 0.9513 0.0173 0.0894, 0.9573 0.0121 0.0899, 0.9626 0.006 0.0894, 0.9761 0.0054 0.0717, 0.9506 0.0309 0.0717, 0.9588 0.0267 0.0734, 0.9661 0.0208 0.0739, 0.972 0.0136 0.0734, 0.9394 0.028 0.0785, 0.942 0.0331 0.0691, 0.9813 0.0087 0.0556, 0.9632 0.032 0.0566, 0.9711 0.0258 0.0569, 0.9773 0.0179 0.0566, 0.9829 0.0098 0.0394, 0.979 0.0193 0.0394, 0.9727 0.0274 0.0394, 0.9646 0.0337 0.0394, 0.9551 0.0376 0.0394, 0.9449 0.039 0.0394, 0.5935 0.0087 0.0556, 0.608 -0.0007 0.0876, 0.6227 -0.0101 0.1023, 0.6505 -0.0163 0.1141, 0.6529 -0.014 0.1137, 0.6458 -0.021 0.1141, 0.6481 -0.0186 0.1142, 0.6436 -0.0234 0.1137, 0.6553 -0.0119 0.113, 0.6592 -0.0196 0.1144, 0.6396 0.0069 0.1023, 0.6444 0.01 0.1004, 0.6499 -0.0009 0.1067, 0.6264 -0.0054 0.1036, 0.6305 -0.0009 0.104, 0.6349 0.0032 0.1036, 0.6302 0.0215 0.0876, 0.6371 0.0245 0.0848, 0.6417 0.0154 0.0946, 0.6122 0.006 0.0894, 0.6175 0.0121 0.0899, 0.6235 0.0173 0.0894, 0.6242 0.0309 0.0717, 0.6328 0.0331 0.0691, 0.6354 0.028 0.0785, 0.5987 0.0054 0.0717, 0.6029 0.0136 0.0734, 0.6087 0.0208 0.0739, 0.616 0.0267 0.0734, 0.6208 0.036 0.0556, 0.6306 0.0376 0.054, 0.6314 0.0359 0.0596, 0.5975 0.0179 0.0566, 0.6037 0.0258 0.0569, 0.6116 0.032 0.0566, 0.6299 0.039 0.0394, 0.6197 0.0376 0.0394, 0.6102 0.0337 0.0394, 0.6021 0.0274 0.0394, 0.5958 0.0193 0.0394, 0.5919 0.0098 0.0394, 1.4449 0.6492 1.1654, 0.8661 0.5705 1.2835, 0.8661 0.5705 1.1654, 0.4954 0.5705 1.2835, 0.4331 0.5705 1.1654, 0.4331 0.5705 1.2835, 0.9055 0.6098 1.2835, 0.9055 0.8854 1.2835, 0.9055 0.6098 1.1654, 0.9055 0.8854 1.1654, 0.3937 0.9248 1.2835, 0.394 0.6543 1.2833, 0.677 0.6886 1.1199, 0.677 0.9248 1.1199, 0.4331 0.6886 1.2607, 0.4229 0.6872 1.2666, 0.4134 0.6833 1.2721, 0.395 0.6594 1.2827, 0.3967 0.6643 1.2817, 0.399 0.6689 1.2804, 0.4018 0.6732 1.2788, 0.4052 0.677 1.2768, 0.677 0.9237 0.9835, 0.677 0.6897 0.9835, 0.6689 0.9248 0.9882, 0.6689 0.6886 0.9882, 0.3621 0.9248 1.1654, 0.3621 0.6886 1.1654, 0.677 0.6886 1.0022, 0.4331 0.6886 1.1654, 0.677 0.9248 1.0022, 0.9069 0.8956 1.2835, 0.9069 0.8956 1.1654, 0.9108 0.9051 1.2835, 0.9108 0.9051 1.1654, 0.917 0.9133 1.2835, 0.917 0.9133 1.1654, 0.9252 0.9195 1.2835, 0.9252 0.9195 1.1654, 0.9347 0.9235 1.2835, 0.9347 0.9235 1.1654, 0.9042 0.5997 1.2835, 0.9042 0.5997 1.1654, 0.9002 0.5902 1.2835, 0.9002 0.5902 1.1654, 0.894 0.582 1.2835, 0.894 0.582 1.1654, 0.8858 0.5757 1.2835, 0.8858 0.5757 1.1654, 0.8763 0.5718 1.2835, 0.8763 0.5718 1.1654, 0.395 0.6594 1.1654, 0.399 0.6689 1.1654, 0.4052 0.677 1.1654, 0.4134 0.6833 1.1654, 0.4229 0.6872 1.1654, 0.4229 0.5718 1.2835, 0.4229 0.5718 1.1654, 0.4134 0.5757 1.2835, 0.4134 0.5757 1.1654, 0.4052 0.582 1.2835, 0.4052 0.582 1.1654, 0.399 0.5902 1.2835, 0.399 0.5902 1.1654, 0.395 0.5997 1.2835, 0.395 0.5997 1.1654, 0.9055 -0.0398 1.2047, 0.6693 -0.0398 1.2047, 0.9055 -0.0791 1.2047, 0.6693 -0.0791 1.2047, 0.929 -0.0979 1.2088, 0.9312 -0.0955 1.2092, 0.9521 -0.1088 1.2205, 0.9733 -0.113 1.2443, 0.9698 -0.1113 1.238, 0.9668 -0.1182 1.2352, 0.9812 -0.117 1.2632, 0.9784 -0.1156 1.2537, 0.9761 -0.1243 1.2511, 0.954 -0.1549 1.2673, 0.9442 -0.1565 1.2688, 0.9449 -0.1579 1.2835, 0.9843 -0.1185 1.2835, 0.9829 -0.1178 1.2688, 0.9829 -0.1287 1.2835, 0.9813 -0.1276 1.2673, 0.979 -0.1382 1.2835, 0.9727 -0.1463 1.2835, 0.9773 -0.1368 1.2663, 0.972 -0.1325 1.2495, 0.9434 -0.1548 1.2632, 0.9506 -0.1498 1.2511, 0.942 -0.152 1.2537, 0.9646 -0.1526 1.2835, 0.9711 -0.1447 1.2659, 0.9661 -0.1397 1.2489, 0.9573 -0.131 1.2329, 0.9551 -0.1565 1.2835, 0.9632 -0.1509 1.2663, 0.9588 -0.1456 1.2495, 0.9513 -0.1362 1.2335, 0.9399 -0.1221 1.2193, 0.9446 -0.1404 1.2352, 0.9352 -0.1258 1.2205, 0.9304 -0.1289 1.2225, 0.9331 -0.1343 1.2282, 0.9377 -0.1434 1.238, 0.9394 -0.1469 1.2443, 0.9334 -0.0931 1.2098, 0.9444 -0.0986 1.2162, 0.9553 -0.104 1.2225, 0.9607 -0.1067 1.2282, 0.9485 -0.1135 1.2193, 0.9267 -0.1003 1.2086, 0.9219 -0.1049 1.2092, 0.9257 -0.0892 1.2084, 0.9156 -0.0993 1.2084, 0.9195 -0.107 1.2098, 0.9249 -0.118 1.2162, 0.9626 -0.1249 1.2335, 0.9443 -0.118 1.2189, 0.9243 -0.1026 1.2088, 0.6299 -0.1579 1.2835, 0.6306 -0.1565 1.2688, 0.6314 -0.1548 1.2632, 0.6328 -0.152 1.2537, 0.6354 -0.1469 1.2443, 0.6371 -0.1434 1.238, 0.6417 -0.1343 1.2282, 0.6444 -0.1289 1.2225, 0.6499 -0.118 1.2162, 0.6553 -0.107 1.2098, 0.6592 -0.0993 1.2084, 0.9257 -0.0297 1.2084, 0.9334 -0.0258 1.2098, 0.9444 -0.0203 1.2162, 0.9553 -0.0149 1.2225, 0.9607 -0.0122 1.2282, 0.9698 -0.0076 1.238, 0.9733 -0.0059 1.2443, 0.9784 -0.0033 1.2537, 0.9843 -0.0004 1.2835, 0.9829 -0.0011 1.2688, 0.9812 -0.0019 1.2632, 0.6505 -0.1026 1.2088, 0.6529 -0.1049 1.2092, 0.6396 -0.1258 1.2205, 0.6302 -0.1404 1.2352, 0.6242 -0.1498 1.2511, 0.5935 -0.1276 1.2673, 0.5919 -0.1178 1.2688, 0.5906 -0.1185 1.2835, 0.6197 -0.1565 1.2835, 0.6208 -0.1549 1.2673, 0.6102 -0.1526 1.2835, 0.6021 -0.1463 1.2835, 0.6116 -0.1509 1.2663, 0.616 -0.1456 1.2495, 0.5936 -0.117 1.2632, 0.5987 -0.1243 1.2511, 0.5964 -0.1156 1.2537, 0.5958 -0.1382 1.2835, 0.6037 -0.1447 1.2659, 0.6087 -0.1397 1.2489, 0.6175 -0.131 1.2329, 0.5919 -0.1287 1.2835, 0.5975 -0.1368 1.2663, 0.6029 -0.1325 1.2495, 0.6122 -0.1249 1.2335, 0.6264 -0.1135 1.2193, 0.608 -0.1182 1.2352, 0.6227 -0.1088 1.2205, 0.6195 -0.104 1.2225, 0.6141 -0.1067 1.2282, 0.605 -0.1113 1.238, 0.6015 -0.113 1.2443, 0.6349 -0.1221 1.2193, 0.6481 -0.1003 1.2086, 0.6436 -0.0955 1.2092, 0.6491 -0.0892 1.2084, 0.6414 -0.0931 1.2098, 0.6304 -0.0986 1.2162, 0.6235 -0.1362 1.2335, 0.6305 -0.118 1.2189, 0.6458 -0.0979 1.2088, 0.9243 -0.0163 1.2088, 0.9219 -0.014 1.2092, 0.9352 0.0069 1.2205, 0.9394 0.028 1.2443, 0.9377 0.0245 1.238, 0.9446 0.0215 1.2352, 0.9434 0.0359 1.2632, 0.942 0.0331 1.2537, 0.9506 0.0309 1.2511, 0.9813 0.0087 1.2673, 0.9449 0.039 1.2835, 0.9442 0.0376 1.2688, 0.9551 0.0376 1.2835, 0.954 0.036 1.2673, 0.9646 0.0337 1.2835, 0.9727 0.0274 1.2835, 0.9632 0.032 1.2663, 0.9588 0.0267 1.2495, 0.9761 0.0054 1.2511, 0.979 0.0193 1.2835, 0.9711 0.0258 1.2659, 0.9661 0.0208 1.2489, 0.9573 0.0121 1.2329, 0.9829 0.0098 1.2835, 0.9773 0.0179 1.2663, 0.972 0.0136 1.2495, 0.9626 0.006 1.2335, 0.9485 -0.0054 1.2193, 0.9668 -0.0007 1.2352, 0.9521 -0.0101 1.2205, 0.9195 -0.0119 1.2098, 0.9249 -0.0009 1.2162, 0.9304 0.01 1.2225, 0.9331 0.0154 1.2282, 0.9399 0.0032 1.2193, 0.9267 -0.0186 1.2086, 0.9312 -0.0234 1.2092, 0.9156 -0.0196 1.2084, 0.9513 0.0173 1.2335, 0.9443 -0.0009 1.2189, 0.929 -0.021 1.2088, 0.5906 -0.0004 1.2835, 0.5919 -0.0011 1.2688, 0.5936 -0.0019 1.2632, 0.5964 -0.0033 1.2537, 0.6015 -0.0059 1.2443, 0.605 -0.0076 1.238, 0.6141 -0.0122 1.2282, 0.6195 -0.0149 1.2225, 0.6304 -0.0203 1.2162, 0.6414 -0.0258 1.2098, 0.6491 -0.0297 1.2084, 0.6499 -0.0009 1.2162, 0.6553 -0.0119 1.2098, 0.6592 -0.0196 1.2084, 0.6444 0.01 1.2225, 0.6417 0.0154 1.2282, 0.6371 0.0245 1.238, 0.6354 0.028 1.2443, 0.6328 0.0331 1.2537, 0.6299 0.039 1.2835, 0.6306 0.0376 1.2688, 0.6314 0.0359 1.2632, 0.6458 -0.021 1.2088, 0.6436 -0.0234 1.2092, 0.6227 -0.0101 1.2205, 0.608 -0.0007 1.2352, 0.5987 0.0054 1.2511, 0.6208 0.036 1.2673, 0.5919 0.0098 1.2835, 0.5935 0.0087 1.2673, 0.5958 0.0193 1.2835, 0.6021 0.0274 1.2835, 0.5975 0.0179 1.2663, 0.6029 0.0136 1.2495, 0.6242 0.0309 1.2511, 0.6102 0.0337 1.2835, 0.6037 0.0258 1.2659, 0.6087 0.0208 1.2489, 0.6175 0.0121 1.2329, 0.6197 0.0376 1.2835, 0.6116 0.032 1.2663, 0.616 0.0267 1.2495, 0.6235 0.0173 1.2335, 0.6349 0.0032 1.2193, 0.6302 0.0215 1.2352, 0.6396 0.0069 1.2205, 0.6264 -0.0054 1.2193, 0.6481 -0.0186 1.2086, 0.6529 -0.014 1.2092, 0.6122 0.006 1.2335, 0.6305 -0.0009 1.2189, 0.6505 -0.0163 1.2088
            ]
        }
        coordIndex [
            0,1,2,-1,2,1,3,-1,4,3,1,-1,5,6,1,-1,1,6,7,-1,1,7,4,-1,8,9,10,-1,10,9,11,-1,10,11,7,-1,7,11,12,-1,7,12,4,-1,13,14,15,-1,15,14,16,-1,15,16,17,-1,17,16,18,-1,17,18,8,-1,8,18,19,-1,8,19,9,-1,20,21,22,-1,22,21,23,-1,24,25,26,-1,26,25,27,-1,27,28,26,-1,26,28,29,-1,26,29,30,-1,31,32,33,-1,33,32,34,-1,35,36,37,-1,37,36,38,-1,37,34,35,-1,35,34,32,-1,36,39,38,-1,38,39,40,-1,20,22,41,-1,20,41,42,-1,42,41,43,-1,42,43,44,-1,44,43,45,-1,44,45,46,-1,46,45,47,-1,46,47,48,-1,48,47,49,-1,48,49,50,-1,50,49,51,-1,50,51,52,-1,23,21,53,-1,53,21,54,-1,53,54,55,-1,55,54,56,-1,55,56,57,-1,57,56,58,-1,57,58,59,-1,59,58,60,-1,59,60,61,-1,61,60,62,-1,61,62,13,-1,13,62,14,-1,63,64,65,-1,65,64,66,-1,65,66,67,-1,67,66,68,-1,67,68,69,-1,69,68,70,-1,69,70,71,-1,71,70,72,-1,71,72,73,-1,73,72,74,-1,73,74,30,-1,30,74,26,-1,31,33,75,-1,75,33,76,-1,75,76,77,-1,77,76,78,-1,77,78,79,-1,79,78,80,-1,79,80,81,-1,81,80,82,-1,81,82,83,-1,83,82,84,-1,83,84,63,-1,63,84,64,-1,85,86,87,-1,87,86,88,-1,87,88,89,-1,89,88,90,-1,89,90,91,-1,91,90,92,-1,91,92,93,-1,93,92,94,-1,93,94,95,-1,95,94,96,-1,95,96,97,-1,97,96,98,-1,99,100,101,-1,101,100,102,-1,101,102,103,-1,103,102,104,-1,103,104,105,-1,105,104,106,-1,105,106,107,-1,107,106,108,-1,107,108,109,-1,109,108,110,-1,109,110,98,-1,98,110,97,-1,111,112,113,-1,113,112,114,-1,113,114,115,-1,115,114,116,-1,115,116,117,-1,117,116,118,-1,117,118,119,-1,119,118,120,-1,119,120,121,-1,121,120,122,-1,121,122,123,-1,123,122,124,-1,123,124,125,-1,125,124,126,-1,125,126,127,-1,127,126,128,-1,127,128,129,-1,129,128,130,-1,129,130,131,-1,131,130,132,-1,131,132,133,-1,133,132,134,-1,133,134,135,-1,135,134,136,-1,137,138,139,-1,139,138,140,-1,139,140,141,-1,142,143,144,-1,144,143,145,-1,146,147,148,-1,148,147,149,-1,150,151,148,-1,148,151,152,-1,148,152,146,-1,153,154,148,-1,148,154,155,-1,148,155,156,-1,149,157,148,-1,148,157,158,-1,148,158,153,-1,159,160,161,-1,161,160,162,-1,161,162,163,-1,163,162,164,-1,161,163,165,-1,152,151,165,-1,165,151,166,-1,165,166,161,-1,159,161,166,-1,167,162,160,-1,168,169,170,-1,168,170,171,-1,171,170,172,-1,171,172,173,-1,173,172,174,-1,173,174,175,-1,175,174,176,-1,175,176,177,-1,177,176,178,-1,177,178,179,-1,179,178,142,-1,179,142,144,-1,138,137,180,-1,180,137,181,-1,180,181,182,-1,182,181,183,-1,182,183,184,-1,184,183,185,-1,184,185,186,-1,186,185,187,-1,186,187,188,-1,188,187,189,-1,188,189,143,-1,143,189,145,-1,152,165,190,-1,152,190,146,-1,146,190,191,-1,146,191,147,-1,147,191,192,-1,147,192,149,-1,149,192,157,-1,157,192,193,-1,157,193,158,-1,158,193,153,-1,153,193,194,-1,153,194,154,-1,154,194,155,-1,155,194,195,-1,155,195,156,-1,196,197,198,-1,198,197,199,-1,198,199,200,-1,200,199,201,-1,200,201,202,-1,202,201,203,-1,202,203,204,-1,204,203,205,-1,204,205,206,-1,206,205,207,-1,206,207,141,-1,141,207,139,-1,208,209,210,-1,210,209,211,-1,211,212,213,-1,213,212,214,-1,215,216,217,-1,218,219,220,-1,221,222,223,-1,224,225,226,-1,226,225,227,-1,226,227,228,-1,229,228,230,-1,230,228,227,-1,230,227,231,-1,222,221,232,-1,232,221,233,-1,232,233,234,-1,235,229,236,-1,236,229,230,-1,236,230,237,-1,237,230,231,-1,237,231,238,-1,239,235,240,-1,240,235,236,-1,240,236,241,-1,241,236,237,-1,241,237,242,-1,242,237,238,-1,242,238,243,-1,244,245,246,-1,246,247,244,-1,244,247,248,-1,244,248,233,-1,233,248,249,-1,233,249,234,-1,250,213,251,-1,251,213,214,-1,251,214,252,-1,252,214,253,-1,216,253,217,-1,217,253,214,-1,217,214,254,-1,254,214,212,-1,254,212,255,-1,255,212,211,-1,223,239,221,-1,221,239,240,-1,221,240,233,-1,233,240,241,-1,233,241,244,-1,244,241,242,-1,244,242,245,-1,245,242,243,-1,245,243,256,-1,250,257,213,-1,213,257,211,-1,211,258,256,-1,256,258,259,-1,256,259,245,-1,245,259,260,-1,245,260,246,-1,225,218,227,-1,227,218,220,-1,227,220,231,-1,231,220,261,-1,231,261,238,-1,238,261,262,-1,238,262,243,-1,243,262,263,-1,243,263,256,-1,256,263,211,-1,219,215,220,-1,220,215,217,-1,220,217,261,-1,261,217,254,-1,261,254,262,-1,262,254,255,-1,262,255,263,-1,263,255,211,-1,215,264,216,-1,216,264,265,-1,216,265,253,-1,253,265,266,-1,253,266,252,-1,252,266,267,-1,252,267,251,-1,251,267,268,-1,251,268,250,-1,250,268,269,-1,250,269,257,-1,257,269,210,-1,257,210,211,-1,224,270,225,-1,225,270,271,-1,225,271,218,-1,218,271,272,-1,218,272,219,-1,219,272,273,-1,219,273,215,-1,215,273,274,-1,215,274,264,-1,275,223,222,-1,275,222,276,-1,276,222,232,-1,276,232,277,-1,277,232,278,-1,278,232,234,-1,278,234,279,-1,279,234,249,-1,279,249,280,-1,280,249,248,-1,280,248,281,-1,248,247,281,-1,281,247,246,-1,281,246,282,-1,282,246,260,-1,282,260,283,-1,283,260,259,-1,283,259,284,-1,284,259,258,-1,284,258,285,-1,285,258,211,-1,285,211,209,-1,210,286,287,-1,287,286,288,-1,289,290,291,-1,292,293,294,-1,295,271,270,-1,296,297,298,-1,298,297,299,-1,298,299,300,-1,301,300,302,-1,302,300,299,-1,302,299,303,-1,271,295,272,-1,272,295,304,-1,272,304,273,-1,305,301,306,-1,306,301,302,-1,306,302,307,-1,307,302,303,-1,307,303,308,-1,309,305,310,-1,310,305,306,-1,310,306,311,-1,311,306,307,-1,311,307,312,-1,312,307,308,-1,312,308,313,-1,314,315,266,-1,266,265,314,-1,314,265,264,-1,314,264,304,-1,304,264,274,-1,304,274,273,-1,316,287,317,-1,317,287,288,-1,317,288,318,-1,318,288,319,-1,290,319,291,-1,291,319,288,-1,291,288,320,-1,320,288,286,-1,320,286,321,-1,321,286,210,-1,270,309,295,-1,295,309,310,-1,295,310,304,-1,304,310,311,-1,304,311,314,-1,314,311,312,-1,314,312,315,-1,315,312,313,-1,315,313,322,-1,316,323,287,-1,287,323,210,-1,210,269,322,-1,322,269,268,-1,322,268,315,-1,315,268,267,-1,315,267,266,-1,297,292,299,-1,299,292,294,-1,299,294,303,-1,303,294,324,-1,303,324,308,-1,308,324,325,-1,308,325,313,-1,313,325,326,-1,313,326,322,-1,322,326,210,-1,293,289,294,-1,294,289,291,-1,294,291,324,-1,324,291,320,-1,324,320,325,-1,325,320,321,-1,325,321,326,-1,326,321,210,-1,209,327,328,-1,328,327,329,-1,279,280,330,-1,277,278,331,-1,332,333,334,-1,275,276,335,-1,335,276,336,-1,335,336,337,-1,338,337,339,-1,339,337,336,-1,339,336,340,-1,333,332,341,-1,341,332,342,-1,341,342,343,-1,344,338,345,-1,345,338,339,-1,345,339,346,-1,346,339,340,-1,346,340,347,-1,348,344,349,-1,349,344,345,-1,349,345,350,-1,350,345,346,-1,350,346,351,-1,351,346,347,-1,351,347,352,-1,353,354,355,-1,355,356,353,-1,353,356,357,-1,353,357,342,-1,342,357,358,-1,342,358,343,-1,284,328,283,-1,283,328,329,-1,283,329,282,-1,282,329,281,-1,280,281,330,-1,330,281,329,-1,330,329,359,-1,359,329,327,-1,359,327,360,-1,360,327,209,-1,334,348,332,-1,332,348,349,-1,332,349,342,-1,342,349,350,-1,342,350,353,-1,353,350,351,-1,353,351,354,-1,354,351,352,-1,354,352,361,-1,284,285,328,-1,328,285,209,-1,209,362,361,-1,361,362,363,-1,361,363,354,-1,354,363,364,-1,354,364,355,-1,276,277,336,-1,336,277,331,-1,336,331,340,-1,340,331,365,-1,340,365,347,-1,347,365,366,-1,347,366,352,-1,352,366,367,-1,352,367,361,-1,361,367,209,-1,278,279,331,-1,331,279,330,-1,331,330,365,-1,365,330,359,-1,365,359,366,-1,366,359,360,-1,366,360,367,-1,367,360,209,-1,210,323,208,-1,208,323,368,-1,368,323,369,-1,369,323,316,-1,369,316,370,-1,316,317,370,-1,370,317,318,-1,370,318,371,-1,371,318,319,-1,371,319,372,-1,372,319,373,-1,373,319,290,-1,373,290,374,-1,292,375,293,-1,293,375,374,-1,293,374,289,-1,289,374,290,-1,296,376,297,-1,297,376,377,-1,297,377,292,-1,292,377,378,-1,292,378,375,-1,379,334,333,-1,379,333,380,-1,380,333,341,-1,380,341,381,-1,381,341,343,-1,381,343,382,-1,382,343,358,-1,382,358,383,-1,383,358,357,-1,383,357,384,-1,384,357,356,-1,384,356,385,-1,385,356,355,-1,385,355,386,-1,386,355,364,-1,386,364,387,-1,387,364,388,-1,388,364,363,-1,388,363,389,-1,363,362,389,-1,389,362,209,-1,389,209,208,-1,208,390,391,-1,391,390,392,-1,383,384,393,-1,381,382,394,-1,395,377,376,-1,379,380,396,-1,396,380,397,-1,396,397,398,-1,399,398,400,-1,400,398,397,-1,400,397,401,-1,377,395,378,-1,378,395,402,-1,378,402,375,-1,403,399,404,-1,404,399,400,-1,404,400,405,-1,405,400,401,-1,405,401,406,-1,407,403,408,-1,408,403,404,-1,408,404,409,-1,409,404,405,-1,409,405,410,-1,410,405,406,-1,410,406,411,-1,412,413,371,-1,371,372,412,-1,412,372,373,-1,412,373,402,-1,402,373,374,-1,402,374,375,-1,388,391,387,-1,387,391,392,-1,387,392,386,-1,386,392,385,-1,384,385,393,-1,393,385,392,-1,393,392,414,-1,414,392,390,-1,414,390,415,-1,415,390,208,-1,376,407,395,-1,395,407,408,-1,395,408,402,-1,402,408,409,-1,402,409,412,-1,412,409,410,-1,412,410,413,-1,413,410,411,-1,413,411,416,-1,388,389,391,-1,391,389,208,-1,208,368,416,-1,416,368,369,-1,416,369,413,-1,413,369,370,-1,413,370,371,-1,380,381,397,-1,397,381,394,-1,397,394,401,-1,401,394,417,-1,401,417,406,-1,406,417,418,-1,406,418,411,-1,411,418,419,-1,411,419,416,-1,416,419,208,-1,382,383,394,-1,394,383,393,-1,394,393,417,-1,417,393,414,-1,417,414,418,-1,418,414,415,-1,418,415,419,-1,419,415,208,-1,420,421,422,-1,422,421,423,-1,424,425,426,-1,424,426,427,-1,427,426,428,-1,427,428,429,-1,430,431,432,-1,432,431,433,-1,434,435,432,-1,432,435,436,-1,432,436,430,-1,433,437,432,-1,432,437,438,-1,432,438,439,-1,440,441,442,-1,442,441,443,-1,442,443,444,-1,444,443,445,-1,444,445,446,-1,446,445,447,-1,448,449,450,-1,432,451,452,-1,453,454,441,-1,455,456,457,-1,457,456,458,-1,457,458,459,-1,459,458,460,-1,459,460,461,-1,461,460,448,-1,461,448,462,-1,462,448,450,-1,463,464,465,-1,465,464,466,-1,465,466,467,-1,468,467,469,-1,469,467,470,-1,469,470,471,-1,471,470,472,-1,471,472,473,-1,474,475,465,-1,465,475,476,-1,465,476,477,-1,451,432,478,-1,478,432,439,-1,478,439,479,-1,479,439,480,-1,479,480,481,-1,452,482,432,-1,432,482,483,-1,432,483,465,-1,465,483,484,-1,465,484,463,-1,468,485,467,-1,467,485,486,-1,467,486,465,-1,465,486,487,-1,465,487,474,-1,480,488,481,-1,481,488,489,-1,481,489,456,-1,441,454,490,-1,490,454,491,-1,490,491,492,-1,492,491,493,-1,492,493,476,-1,476,493,494,-1,476,494,477,-1,495,440,496,-1,496,440,497,-1,495,498,440,-1,440,498,499,-1,440,499,441,-1,441,499,500,-1,441,500,453,-1,501,502,503,-1,503,502,504,-1,503,504,505,-1,505,504,506,-1,455,507,456,-1,456,507,508,-1,456,508,481,-1,481,508,509,-1,481,509,503,-1,503,509,510,-1,503,510,501,-1,511,512,513,-1,514,515,516,-1,516,515,517,-1,516,517,518,-1,519,520,521,-1,522,523,524,-1,524,523,519,-1,525,526,527,-1,527,526,528,-1,529,530,531,-1,531,530,532,-1,521,533,519,-1,519,533,534,-1,519,534,524,-1,535,536,537,-1,538,539,540,-1,541,542,519,-1,519,542,543,-1,544,545,517,-1,517,545,546,-1,517,546,518,-1,526,547,528,-1,528,547,548,-1,528,548,549,-1,550,551,552,-1,544,553,545,-1,545,553,554,-1,545,554,555,-1,555,554,556,-1,555,556,557,-1,558,511,559,-1,559,511,513,-1,559,513,560,-1,560,513,561,-1,560,561,537,-1,537,561,562,-1,537,562,535,-1,549,563,528,-1,528,563,564,-1,528,564,530,-1,530,564,565,-1,530,565,532,-1,540,566,538,-1,538,566,567,-1,538,567,568,-1,568,567,569,-1,568,569,570,-1,570,569,571,-1,570,571,536,-1,536,571,572,-1,536,572,537,-1,558,573,511,-1,511,573,574,-1,511,574,575,-1,575,574,576,-1,539,577,540,-1,540,577,578,-1,540,578,555,-1,579,580,543,-1,543,580,581,-1,581,582,543,-1,543,582,583,-1,543,583,519,-1,519,583,584,-1,519,584,520,-1,557,585,555,-1,555,585,586,-1,555,586,540,-1,540,586,587,-1,540,587,519,-1,519,587,588,-1,519,588,541,-1,589,590,591,-1,550,552,591,-1,591,552,592,-1,591,592,589,-1,579,543,593,-1,593,543,530,-1,593,530,590,-1,590,530,529,-1,590,529,591,-1,515,514,594,-1,595,515,596,-1,596,597,595,-1,595,597,598,-1,595,598,599,-1,599,598,600,-1,599,600,601,-1,601,600,602,-1,601,602,603,-1,515,594,596,-1,596,594,604,-1,596,604,605,-1,605,604,606,-1,605,606,607,-1,607,606,473,-1,607,473,472,-1,512,511,444,-1,444,511,442,-1,608,609,610,-1,608,611,612,-1,612,611,613,-1,429,428,614,-1,614,428,615,-1,614,615,611,-1,611,615,616,-1,611,616,613,-1,608,610,611,-1,611,610,617,-1,611,617,618,-1,618,617,619,-1,618,619,620,-1,620,619,621,-1,620,621,622,-1,622,621,623,-1,622,623,624,-1,624,623,625,-1,624,625,626,-1,626,625,432,-1,626,432,465,-1,435,434,627,-1,435,627,628,-1,628,627,629,-1,628,629,630,-1,630,629,631,-1,630,631,632,-1,632,631,633,-1,632,633,634,-1,634,633,635,-1,634,635,636,-1,636,635,637,-1,636,637,638,-1,638,637,639,-1,638,639,640,-1,641,642,643,-1,643,642,644,-1,643,644,645,-1,645,644,646,-1,645,646,647,-1,647,646,648,-1,647,648,649,-1,649,648,650,-1,649,650,651,-1,651,650,652,-1,651,652,522,-1,522,652,523,-1,653,654,655,-1,655,654,656,-1,655,656,657,-1,657,656,658,-1,657,658,659,-1,659,658,660,-1,659,660,661,-1,661,660,662,-1,661,662,663,-1,663,662,664,-1,663,664,517,-1,517,664,544,-1,540,519,665,-1,665,519,666,-1,665,666,667,-1,667,666,668,-1,667,668,669,-1,669,668,670,-1,669,670,671,-1,671,670,672,-1,671,672,673,-1,673,672,674,-1,673,674,675,-1,675,674,676,-1,677,678,679,-1,679,678,680,-1,524,436,522,-1,522,436,435,-1,522,435,651,-1,651,435,628,-1,651,628,649,-1,678,677,640,-1,640,677,641,-1,640,641,638,-1,638,641,643,-1,638,643,636,-1,636,643,645,-1,636,645,634,-1,634,645,647,-1,634,647,632,-1,632,647,649,-1,632,649,630,-1,630,649,628,-1,679,680,654,-1,654,680,602,-1,654,602,656,-1,656,602,600,-1,656,600,658,-1,658,600,598,-1,658,598,660,-1,470,553,472,-1,472,553,544,-1,472,544,607,-1,607,544,664,-1,607,664,605,-1,605,664,662,-1,605,662,596,-1,596,662,660,-1,596,660,597,-1,597,660,598,-1,592,552,449,-1,449,552,450,-1,448,460,589,-1,589,460,590,-1,461,462,550,-1,550,462,551,-1,681,682,683,-1,683,682,684,-1,510,509,563,-1,563,509,564,-1,527,528,503,-1,503,528,481,-1,685,686,687,-1,687,686,688,-1,687,688,689,-1,688,690,689,-1,689,690,691,-1,689,691,692,-1,692,691,693,-1,692,693,694,-1,694,693,695,-1,695,693,696,-1,695,696,697,-1,696,698,697,-1,697,698,699,-1,697,699,700,-1,700,699,701,-1,700,701,702,-1,702,701,703,-1,703,701,704,-1,703,704,705,-1,704,706,705,-1,705,706,681,-1,705,681,683,-1,707,708,709,-1,710,711,712,-1,713,714,715,-1,716,717,683,-1,718,719,683,-1,720,721,722,-1,722,721,683,-1,718,683,721,-1,703,705,717,-1,717,705,683,-1,719,716,683,-1,713,715,720,-1,723,700,702,-1,720,715,721,-1,721,715,724,-1,721,724,718,-1,718,724,725,-1,718,725,719,-1,719,725,726,-1,719,726,716,-1,716,726,723,-1,716,723,717,-1,717,723,702,-1,717,702,703,-1,710,712,714,-1,727,695,697,-1,714,712,715,-1,715,712,728,-1,715,728,724,-1,724,728,729,-1,724,729,725,-1,725,729,730,-1,725,730,726,-1,726,730,727,-1,726,727,723,-1,723,727,697,-1,723,697,700,-1,731,692,694,-1,711,732,712,-1,712,732,733,-1,712,733,728,-1,728,733,734,-1,728,734,729,-1,729,734,735,-1,729,735,730,-1,730,735,731,-1,730,731,727,-1,727,731,694,-1,727,694,695,-1,711,736,732,-1,732,736,737,-1,732,737,707,-1,738,687,689,-1,707,709,732,-1,732,709,739,-1,732,739,733,-1,733,739,740,-1,733,740,734,-1,734,740,741,-1,734,741,735,-1,735,741,738,-1,735,738,731,-1,731,738,689,-1,731,689,692,-1,685,687,742,-1,742,687,738,-1,742,738,743,-1,743,738,741,-1,743,741,744,-1,744,741,740,-1,744,740,745,-1,745,740,739,-1,745,739,746,-1,746,739,709,-1,746,709,747,-1,747,709,708,-1,690,688,748,-1,698,696,749,-1,701,699,750,-1,751,752,681,-1,753,754,681,-1,704,755,706,-1,706,755,681,-1,753,681,755,-1,756,757,752,-1,752,757,681,-1,754,751,681,-1,701,750,704,-1,758,759,760,-1,704,750,755,-1,755,750,761,-1,755,761,753,-1,753,761,762,-1,753,762,754,-1,754,762,763,-1,754,763,751,-1,751,763,758,-1,751,758,752,-1,752,758,760,-1,752,760,756,-1,698,749,699,-1,764,765,766,-1,699,749,750,-1,750,749,767,-1,750,767,761,-1,761,767,768,-1,761,768,762,-1,762,768,769,-1,762,769,763,-1,763,769,764,-1,763,764,758,-1,758,764,766,-1,758,766,759,-1,770,771,772,-1,696,773,749,-1,749,773,774,-1,749,774,767,-1,767,774,775,-1,767,775,768,-1,768,775,776,-1,768,776,769,-1,769,776,770,-1,769,770,764,-1,764,770,772,-1,764,772,765,-1,696,693,773,-1,773,693,691,-1,773,691,690,-1,777,778,779,-1,690,748,773,-1,773,748,780,-1,773,780,774,-1,774,780,781,-1,774,781,775,-1,775,781,782,-1,775,782,776,-1,776,782,777,-1,776,777,770,-1,770,777,779,-1,770,779,771,-1,783,778,784,-1,784,778,777,-1,784,777,785,-1,785,777,782,-1,785,782,786,-1,786,782,781,-1,786,781,787,-1,787,781,780,-1,787,780,788,-1,788,780,748,-1,788,748,686,-1,686,748,688,-1,789,747,790,-1,790,747,708,-1,790,708,791,-1,791,708,707,-1,791,707,792,-1,792,707,737,-1,792,737,793,-1,737,736,793,-1,793,736,711,-1,793,711,794,-1,794,711,710,-1,794,710,795,-1,795,710,714,-1,795,714,796,-1,796,714,713,-1,796,713,797,-1,797,713,798,-1,798,713,720,-1,798,720,799,-1,720,722,799,-1,799,722,683,-1,799,683,684,-1,760,800,801,-1,760,801,756,-1,756,801,802,-1,756,802,757,-1,757,802,682,-1,757,682,681,-1,800,760,803,-1,803,760,759,-1,803,759,804,-1,772,805,765,-1,765,805,804,-1,765,804,766,-1,766,804,759,-1,783,806,778,-1,778,806,807,-1,778,807,779,-1,779,807,808,-1,779,808,771,-1,771,808,809,-1,771,809,772,-1,772,809,810,-1,772,810,805,-1,811,812,813,-1,814,815,816,-1,817,818,819,-1,820,821,684,-1,822,823,684,-1,824,825,826,-1,826,825,684,-1,822,684,825,-1,798,799,821,-1,821,799,684,-1,823,820,684,-1,817,819,824,-1,827,796,797,-1,824,819,825,-1,825,819,828,-1,825,828,822,-1,822,828,829,-1,822,829,823,-1,823,829,830,-1,823,830,820,-1,820,830,827,-1,820,827,821,-1,821,827,797,-1,821,797,798,-1,814,816,818,-1,831,794,795,-1,818,816,819,-1,819,816,832,-1,819,832,828,-1,828,832,833,-1,828,833,829,-1,829,833,834,-1,829,834,830,-1,830,834,831,-1,830,831,827,-1,827,831,795,-1,827,795,796,-1,835,792,793,-1,815,836,816,-1,816,836,837,-1,816,837,832,-1,832,837,838,-1,832,838,833,-1,833,838,839,-1,833,839,834,-1,834,839,835,-1,834,835,831,-1,831,835,793,-1,831,793,794,-1,815,840,836,-1,836,840,841,-1,836,841,811,-1,842,790,791,-1,811,813,836,-1,836,813,843,-1,836,843,837,-1,837,843,844,-1,837,844,838,-1,838,844,845,-1,838,845,839,-1,839,845,842,-1,839,842,835,-1,835,842,791,-1,835,791,792,-1,789,790,846,-1,846,790,842,-1,846,842,847,-1,847,842,845,-1,847,845,848,-1,848,845,844,-1,848,844,849,-1,849,844,843,-1,849,843,850,-1,850,843,813,-1,850,813,851,-1,851,813,812,-1,808,807,852,-1,804,805,853,-1,800,803,854,-1,855,856,682,-1,857,858,682,-1,801,859,802,-1,802,859,682,-1,857,682,859,-1,860,861,856,-1,856,861,682,-1,858,855,682,-1,800,854,801,-1,862,863,864,-1,801,854,859,-1,859,854,865,-1,859,865,857,-1,857,865,866,-1,857,866,858,-1,858,866,867,-1,858,867,855,-1,855,867,862,-1,855,862,856,-1,856,862,864,-1,856,864,860,-1,804,853,803,-1,868,869,870,-1,803,853,854,-1,854,853,871,-1,854,871,865,-1,865,871,872,-1,865,872,866,-1,866,872,873,-1,866,873,867,-1,867,873,868,-1,867,868,862,-1,862,868,870,-1,862,870,863,-1,874,875,876,-1,805,877,853,-1,853,877,878,-1,853,878,871,-1,871,878,879,-1,871,879,872,-1,872,879,880,-1,872,880,873,-1,873,880,874,-1,873,874,868,-1,868,874,876,-1,868,876,869,-1,805,810,877,-1,877,810,809,-1,877,809,808,-1,881,882,883,-1,808,852,877,-1,877,852,884,-1,877,884,878,-1,878,884,885,-1,878,885,879,-1,879,885,886,-1,879,886,880,-1,880,886,881,-1,880,881,874,-1,874,881,883,-1,874,883,875,-1,887,882,888,-1,888,882,881,-1,888,881,889,-1,889,881,886,-1,889,886,890,-1,890,886,885,-1,890,885,891,-1,891,885,884,-1,891,884,892,-1,892,884,852,-1,892,852,806,-1,806,852,807,-1,887,851,812,-1,887,812,882,-1,882,812,811,-1,882,811,883,-1,883,811,875,-1,875,811,841,-1,875,841,876,-1,876,841,840,-1,876,840,869,-1,869,840,815,-1,869,815,870,-1,815,814,870,-1,870,814,818,-1,870,818,863,-1,863,818,817,-1,863,817,864,-1,864,817,860,-1,860,817,824,-1,860,824,861,-1,824,826,861,-1,861,826,684,-1,861,684,682,-1,893,427,614,-1,614,427,429,-1,675,893,673,-1,673,893,671,-1,477,566,465,-1,465,566,540,-1,465,540,626,-1,626,540,665,-1,626,665,624,-1,624,665,667,-1,624,667,622,-1,622,667,669,-1,622,669,620,-1,620,669,618,-1,618,669,671,-1,618,671,611,-1,611,671,893,-1,611,893,614,-1,500,499,560,-1,560,499,559,-1,594,514,516,-1,516,471,473,-1,473,606,516,-1,516,606,604,-1,516,604,594,-1,445,443,562,-1,562,443,535,-1,446,447,513,-1,513,447,561,-1,562,561,445,-1,445,561,447,-1,444,446,512,-1,512,446,513,-1,442,511,575,-1,442,575,440,-1,440,575,576,-1,440,576,497,-1,497,576,574,-1,497,574,496,-1,496,574,573,-1,496,573,495,-1,495,573,558,-1,495,558,498,-1,498,558,559,-1,498,559,499,-1,566,477,567,-1,567,477,494,-1,567,494,569,-1,569,494,493,-1,569,493,571,-1,571,493,491,-1,571,491,572,-1,572,491,454,-1,572,454,537,-1,537,454,453,-1,537,453,560,-1,560,453,500,-1,471,516,469,-1,469,516,518,-1,469,518,468,-1,468,518,546,-1,468,546,485,-1,485,546,545,-1,485,545,486,-1,486,545,555,-1,486,555,487,-1,487,555,578,-1,487,578,474,-1,474,578,577,-1,474,577,475,-1,475,577,539,-1,475,539,476,-1,476,539,538,-1,476,538,492,-1,492,538,568,-1,492,568,490,-1,490,568,570,-1,490,570,441,-1,441,570,536,-1,441,536,443,-1,443,536,535,-1,439,583,480,-1,480,583,582,-1,480,582,488,-1,488,582,581,-1,488,581,489,-1,489,581,580,-1,489,580,456,-1,456,580,579,-1,456,579,458,-1,458,579,593,-1,458,593,460,-1,460,593,590,-1,583,439,584,-1,584,439,438,-1,584,438,520,-1,520,438,437,-1,520,437,521,-1,521,437,433,-1,521,433,533,-1,533,433,431,-1,533,431,534,-1,534,431,430,-1,534,430,524,-1,524,430,436,-1,483,587,484,-1,484,587,586,-1,484,586,463,-1,463,586,585,-1,463,585,464,-1,464,585,557,-1,464,557,466,-1,466,557,556,-1,466,556,467,-1,467,556,554,-1,467,554,470,-1,470,554,553,-1,481,528,479,-1,479,528,530,-1,479,530,478,-1,478,530,543,-1,478,543,451,-1,451,543,542,-1,451,542,452,-1,452,542,541,-1,452,541,482,-1,482,541,588,-1,482,588,483,-1,483,588,587,-1,894,895,896,-1,896,895,897,-1,896,897,898,-1,899,900,901,-1,901,900,902,-1,903,423,904,-1,905,906,907,-1,907,906,903,-1,907,903,908,-1,908,903,909,-1,904,910,903,-1,903,910,911,-1,903,911,912,-1,912,913,903,-1,903,913,914,-1,903,914,909,-1,915,916,917,-1,917,916,918,-1,917,918,919,-1,919,918,920,-1,905,907,921,-1,921,907,922,-1,921,922,918,-1,918,922,920,-1,921,918,916,-1,915,917,923,-1,902,900,924,-1,902,924,925,-1,925,924,926,-1,925,926,927,-1,927,926,928,-1,927,928,929,-1,929,928,930,-1,929,930,931,-1,931,930,932,-1,931,932,933,-1,933,932,425,-1,933,425,424,-1,899,901,934,-1,934,901,935,-1,934,935,936,-1,936,935,937,-1,936,937,938,-1,938,937,939,-1,938,939,940,-1,940,939,941,-1,940,941,942,-1,942,941,943,-1,942,943,894,-1,894,943,895,-1,423,421,904,-1,904,421,944,-1,904,944,910,-1,910,944,911,-1,911,944,945,-1,911,945,912,-1,912,945,913,-1,913,945,946,-1,913,946,914,-1,914,946,947,-1,914,947,909,-1,909,947,948,-1,909,948,908,-1,908,948,922,-1,908,922,907,-1,898,897,949,-1,949,897,950,-1,949,950,951,-1,951,950,952,-1,951,952,953,-1,953,952,954,-1,953,954,955,-1,955,954,956,-1,955,956,957,-1,957,956,958,-1,957,958,422,-1,422,958,420,-1,959,960,961,-1,961,960,962,-1,961,963,964,-1,964,963,965,-1,966,967,968,-1,969,970,971,-1,972,973,974,-1,975,976,977,-1,977,976,978,-1,977,978,979,-1,980,979,981,-1,981,979,978,-1,981,978,982,-1,973,972,983,-1,983,972,984,-1,983,984,985,-1,986,980,987,-1,987,980,981,-1,987,981,988,-1,988,981,982,-1,988,982,989,-1,990,986,991,-1,991,986,987,-1,991,987,992,-1,992,987,988,-1,992,988,993,-1,993,988,989,-1,993,989,994,-1,995,996,997,-1,997,998,995,-1,995,998,999,-1,995,999,984,-1,984,999,1000,-1,984,1000,985,-1,1001,964,1002,-1,1002,964,965,-1,1002,965,1003,-1,1003,965,1004,-1,967,1004,968,-1,968,1004,965,-1,968,965,1005,-1,1005,965,963,-1,1005,963,1006,-1,1006,963,961,-1,974,990,972,-1,972,990,991,-1,972,991,984,-1,984,991,992,-1,984,992,995,-1,995,992,993,-1,995,993,996,-1,996,993,994,-1,996,994,1007,-1,1001,1008,964,-1,964,1008,961,-1,961,1009,1007,-1,1007,1009,1010,-1,1007,1010,996,-1,996,1010,1011,-1,996,1011,997,-1,976,969,978,-1,978,969,971,-1,978,971,982,-1,982,971,1012,-1,982,1012,989,-1,989,1012,1013,-1,989,1013,994,-1,994,1013,1014,-1,994,1014,1007,-1,1007,1014,961,-1,970,966,971,-1,971,966,968,-1,971,968,1012,-1,1012,968,1005,-1,1012,1005,1013,-1,1013,1005,1006,-1,1013,1006,1014,-1,1014,1006,961,-1,1015,974,1016,-1,1016,974,973,-1,1016,973,1017,-1,973,983,1017,-1,1017,983,985,-1,1017,985,1018,-1,1018,985,1000,-1,1018,1000,1019,-1,1019,1000,999,-1,1019,999,1020,-1,1020,999,998,-1,1020,998,1021,-1,1021,998,1022,-1,1022,998,997,-1,1022,997,1023,-1,1023,997,1011,-1,1023,1011,1024,-1,1024,1011,1010,-1,1024,1010,1025,-1,1010,1009,1025,-1,1025,1009,961,-1,1025,961,962,-1,961,1008,959,-1,959,1008,1026,-1,1026,1008,1027,-1,1027,1008,1001,-1,1027,1001,1028,-1,1001,1002,1028,-1,1028,1002,1003,-1,1028,1003,1029,-1,1029,1003,1004,-1,1029,1004,1030,-1,1030,1004,1031,-1,1031,1004,967,-1,1031,967,1032,-1,969,1033,970,-1,970,1033,1032,-1,970,1032,966,-1,966,1032,967,-1,975,1034,976,-1,976,1034,1035,-1,976,1035,969,-1,969,1035,1036,-1,969,1036,1033,-1,962,1037,1038,-1,1038,1037,1039,-1,1019,1020,1040,-1,1017,1018,1041,-1,1042,1043,1044,-1,1015,1016,1045,-1,1045,1016,1046,-1,1045,1046,1047,-1,1048,1047,1049,-1,1049,1047,1046,-1,1049,1046,1050,-1,1043,1042,1051,-1,1051,1042,1052,-1,1051,1052,1053,-1,1054,1048,1055,-1,1055,1048,1049,-1,1055,1049,1056,-1,1056,1049,1050,-1,1056,1050,1057,-1,1058,1054,1059,-1,1059,1054,1055,-1,1059,1055,1060,-1,1060,1055,1056,-1,1060,1056,1061,-1,1061,1056,1057,-1,1061,1057,1062,-1,1063,1064,1065,-1,1065,1066,1063,-1,1063,1066,1067,-1,1063,1067,1052,-1,1052,1067,1068,-1,1052,1068,1053,-1,1024,1038,1023,-1,1023,1038,1039,-1,1023,1039,1022,-1,1022,1039,1021,-1,1020,1021,1040,-1,1040,1021,1039,-1,1040,1039,1069,-1,1069,1039,1037,-1,1069,1037,1070,-1,1070,1037,962,-1,1044,1058,1042,-1,1042,1058,1059,-1,1042,1059,1052,-1,1052,1059,1060,-1,1052,1060,1063,-1,1063,1060,1061,-1,1063,1061,1064,-1,1064,1061,1062,-1,1064,1062,1071,-1,1024,1025,1038,-1,1038,1025,962,-1,962,1072,1071,-1,1071,1072,1073,-1,1071,1073,1064,-1,1064,1073,1074,-1,1064,1074,1065,-1,1016,1017,1046,-1,1046,1017,1041,-1,1046,1041,1050,-1,1050,1041,1075,-1,1050,1075,1057,-1,1057,1075,1076,-1,1057,1076,1062,-1,1062,1076,1077,-1,1062,1077,1071,-1,1071,1077,962,-1,1018,1019,1041,-1,1041,1019,1040,-1,1041,1040,1075,-1,1075,1040,1069,-1,1075,1069,1076,-1,1076,1069,1070,-1,1076,1070,1077,-1,1077,1070,962,-1,959,1078,1079,-1,1079,1078,1080,-1,1081,1082,1083,-1,1084,1085,1086,-1,1087,1035,1034,-1,1088,1089,1090,-1,1090,1089,1091,-1,1090,1091,1092,-1,1093,1092,1094,-1,1094,1092,1091,-1,1094,1091,1095,-1,1035,1087,1036,-1,1036,1087,1096,-1,1036,1096,1033,-1,1097,1093,1098,-1,1098,1093,1094,-1,1098,1094,1099,-1,1099,1094,1095,-1,1099,1095,1100,-1,1101,1097,1102,-1,1102,1097,1098,-1,1102,1098,1103,-1,1103,1098,1099,-1,1103,1099,1104,-1,1104,1099,1100,-1,1104,1100,1105,-1,1106,1107,1029,-1,1029,1030,1106,-1,1106,1030,1031,-1,1106,1031,1096,-1,1096,1031,1032,-1,1096,1032,1033,-1,1108,1079,1109,-1,1109,1079,1080,-1,1109,1080,1110,-1,1110,1080,1111,-1,1082,1111,1083,-1,1083,1111,1080,-1,1083,1080,1112,-1,1112,1080,1078,-1,1112,1078,1113,-1,1113,1078,959,-1,1034,1101,1087,-1,1087,1101,1102,-1,1087,1102,1096,-1,1096,1102,1103,-1,1096,1103,1106,-1,1106,1103,1104,-1,1106,1104,1107,-1,1107,1104,1105,-1,1107,1105,1114,-1,1108,1115,1079,-1,1079,1115,959,-1,959,1026,1114,-1,1114,1026,1027,-1,1114,1027,1107,-1,1107,1027,1028,-1,1107,1028,1029,-1,1089,1084,1091,-1,1091,1084,1086,-1,1091,1086,1095,-1,1095,1086,1116,-1,1095,1116,1100,-1,1100,1116,1117,-1,1100,1117,1105,-1,1105,1117,1118,-1,1105,1118,1114,-1,1114,1118,959,-1,1085,1081,1086,-1,1086,1081,1083,-1,1086,1083,1116,-1,1116,1083,1112,-1,1116,1112,1117,-1,1117,1112,1113,-1,1117,1113,1118,-1,1118,1113,959,-1,1119,1044,1043,-1,1119,1043,1120,-1,1120,1043,1051,-1,1120,1051,1121,-1,1121,1051,1053,-1,1121,1053,1122,-1,1122,1053,1068,-1,1122,1068,1123,-1,1123,1068,1067,-1,1123,1067,1124,-1,1124,1067,1066,-1,1124,1066,1125,-1,1125,1066,1065,-1,1125,1065,1126,-1,1126,1065,1074,-1,1126,1074,1127,-1,1127,1074,1128,-1,1128,1074,1073,-1,1128,1073,1129,-1,1073,1072,1129,-1,1129,1072,962,-1,1129,962,960,-1,1109,1130,1131,-1,1109,1131,1108,-1,1108,1131,1132,-1,1108,1132,1115,-1,1115,1132,960,-1,1115,960,959,-1,1130,1109,1133,-1,1133,1109,1110,-1,1133,1110,1134,-1,1134,1110,1111,-1,1134,1111,1135,-1,1135,1111,1082,-1,1135,1082,1136,-1,1084,1137,1085,-1,1085,1137,1136,-1,1085,1136,1081,-1,1081,1136,1082,-1,1088,1138,1089,-1,1089,1138,1139,-1,1089,1139,1084,-1,1084,1139,1140,-1,1084,1140,1137,-1,960,1141,1142,-1,1142,1141,1143,-1,1123,1124,1144,-1,1121,1122,1145,-1,1146,1139,1138,-1,1119,1120,1147,-1,1147,1120,1148,-1,1147,1148,1149,-1,1150,1149,1151,-1,1151,1149,1148,-1,1151,1148,1152,-1,1139,1146,1140,-1,1140,1146,1153,-1,1140,1153,1137,-1,1154,1150,1155,-1,1155,1150,1151,-1,1155,1151,1156,-1,1156,1151,1152,-1,1156,1152,1157,-1,1158,1154,1159,-1,1159,1154,1155,-1,1159,1155,1160,-1,1160,1155,1156,-1,1160,1156,1161,-1,1161,1156,1157,-1,1161,1157,1162,-1,1163,1164,1133,-1,1133,1134,1163,-1,1163,1134,1135,-1,1163,1135,1153,-1,1153,1135,1136,-1,1153,1136,1137,-1,1128,1142,1127,-1,1127,1142,1143,-1,1127,1143,1126,-1,1126,1143,1125,-1,1124,1125,1144,-1,1144,1125,1143,-1,1144,1143,1165,-1,1165,1143,1141,-1,1165,1141,1166,-1,1166,1141,960,-1,1138,1158,1146,-1,1146,1158,1159,-1,1146,1159,1153,-1,1153,1159,1160,-1,1153,1160,1163,-1,1163,1160,1161,-1,1163,1161,1164,-1,1164,1161,1162,-1,1164,1162,1167,-1,1128,1129,1142,-1,1142,1129,960,-1,960,1132,1167,-1,1167,1132,1131,-1,1167,1131,1164,-1,1164,1131,1130,-1,1164,1130,1133,-1,1120,1121,1148,-1,1148,1121,1145,-1,1148,1145,1152,-1,1152,1145,1168,-1,1152,1168,1157,-1,1157,1168,1169,-1,1157,1169,1162,-1,1162,1169,1170,-1,1162,1170,1167,-1,1167,1170,960,-1,1122,1123,1145,-1,1145,1123,1144,-1,1145,1144,1168,-1,1168,1144,1165,-1,1168,1165,1169,-1,1169,1165,1166,-1,1169,1166,1170,-1,1170,1166,960,-1,
        ]
    }
}
Shape{
    appearance Appearance {
        material  Material 	{
            diffuseColor 0.25098039215686274 0.25098039215686274 0.25098039215686274
            specularColor 0.12549019607843137 0.12549019607843137 0.12549019607843137
            ambientIntensity 0.251
            transparency 0.0
            shininess 0.5
        }
    }
    geometry IndexedFaceSet {
        ccw TRUE
        solid FALSE
        coord DEF co Coordinate {
            point [
                0.677 0.6897 0.9835, 0.677 0.9237 0.9835, 0.677 0.6886 1.0022, 0.677 0.9248 1.0022, 0.677 0.6886 1.1199, 0.677 0.9248 1.1199, -0.677 0.6886 1.1199, -0.677 0.9248 1.1199, -0.677 0.6886 1.0022, -0.677 0.9248 1.0022, -0.677 0.6897 0.9835, -0.677 0.9237 0.9835
            ]
        }
        coordIndex [
            0,1,2,-1,2,1,3,-1,2,3,4,-1,4,3,5,-1,6,7,8,-1,8,7,9,-1,8,9,10,-1,10,9,11,-1,
        ]
    }
}
Shape{
    appearance Appearance {
        material  Material 	{
            diffuseColor 0.7529411764705882 0.7529411764705882 0.7529411764705882
            specularColor 0.3764705882352941 0.3764705882352941 0.3764705882352941
            ambientIntensity 0.7529
            transparency 0.0
            shininess 0.5
        }
    }
    geometry IndexedFaceSet {
        ccw TRUE
        solid FALSE
        coord DEF co Coordinate {
            point [
                1.7402 -1.961 0.8898, 1.7598 -1.9413 0.8898, 1.75 -1.9413 0.9774, 1.7308 -1.961 0.973, 1.7209 -1.9413 1.0606, 1.7031 -1.961 1.052, 1.6739 -1.9413 1.1352, 1.6586 -1.961 1.123, 1.6116 -1.9413 1.1976, 1.5993 -1.961 1.1822, 1.537 -1.9413 1.2445, 1.5284 -1.961 1.2267, 1.4537 -1.9413 1.2736, 1.4494 -1.961 1.2544, 1.3661 -1.9413 1.2835, 1.3661 -1.961 1.2638, -0.5204 -1.9413 1.2835, -1.3661 -1.9413 1.2835, -1.3661 -1.961 1.2638, -0.0542 -1.9413 1.2835, 0.4954 -1.9413 1.2835, 1.1752 -1.9413 1.2835, 0.3118 -1.9413 1.2835, 0.251 -1.9413 1.2835, 0.2257 -1.9413 1.2835, 0.1507 -1.9413 1.2835, 0.132 -1.9413 1.2835, 0.0874 -1.9413 1.2835, 0.0806 -1.9413 1.2835, 0.0229 -1.9413 1.2835, 0.0213 -1.9413 1.2835, 1.7402 -1.961 0.4331, 1.7598 -1.9413 0.4331, -1.4537 -1.9413 1.2736, -1.4494 -1.961 1.2544, -1.537 -1.9413 1.2445, -1.5284 -1.961 1.2267, -1.6116 -1.9413 1.1976, -1.5993 -1.961 1.1822, -1.6739 -1.9413 1.1352, -1.6586 -1.961 1.123, -1.7209 -1.9413 1.0606, -1.7031 -1.961 1.052, -1.75 -1.9413 0.9774, -1.7308 -1.961 0.973, -1.7598 -1.9413 0.8898, -1.7402 -1.961 0.8898, 1.3661 -1.961 0.0591, 1.3661 -1.9413 0.0394, 1.4537 -1.9413 0.0492, 1.4494 -1.961 0.0684, 1.537 -1.9413 0.0784, 1.5284 -1.961 0.0961, 1.6116 -1.9413 0.1253, 1.5993 -1.961 0.1407, 1.6739 -1.9413 0.1876, 1.6586 -1.961 0.1999, 1.7209 -1.9413 0.2623, 1.7031 -1.961 0.2708, 1.75 -1.9413 0.3455, 1.7308 -1.961 0.3498, -1.7598 -1.9413 0.4331, -1.7402 -1.961 0.4331, -1.3661 -1.961 0.0591, -1.3661 -1.9413 0.0394, -1.75 -1.9413 0.3455, -1.7308 -1.961 0.3498, -1.7209 -1.9413 0.2623, -1.7031 -1.961 0.2708, -1.6739 -1.9413 0.1876, -1.6586 -1.961 0.1999, -1.6116 -1.9413 0.1253, -1.5993 -1.961 0.1407, -1.537 -1.9413 0.0784, -1.5284 -1.961 0.0961, -1.4537 -1.9413 0.0492, -1.4494 -1.961 0.0684, -1.6417 -1.9413 0.8898, -1.6614 -1.961 0.8898, -1.6417 -1.9413 0.4331, -1.6614 -1.961 0.4331, -1.3661 -1.9413 1.1654, -1.3661 -1.961 1.185, -1.4375 -1.9413 1.156, -1.4426 -1.961 1.175, -1.5039 -1.9413 1.1284, -1.5138 -1.961 1.1455, -1.561 -1.9413 1.0846, -1.5749 -1.961 1.0986, -1.6048 -1.9413 1.0276, -1.6219 -1.961 1.0374, -1.6323 -1.9413 0.9611, -1.6514 -1.961 0.9662, -1.6323 -1.9413 0.3617, -1.6514 -1.961 0.3566, -1.6048 -1.9413 0.2953, -1.6219 -1.961 0.2854, -1.561 -1.9413 0.2382, -1.5749 -1.961 0.2243, -1.5039 -1.9413 0.1944, -1.5138 -1.961 0.1774, -1.4375 -1.9413 0.1669, -1.4426 -1.961 0.1479, -1.3661 -1.9413 0.1575, -1.3661 -1.961 0.1378, 1.3661 -1.9413 1.1654, 1.3661 -1.961 1.185, 1.3661 -1.961 0.1378, 1.3661 -1.9413 0.1575, 1.6417 -1.9413 0.8898, 1.6614 -1.961 0.8898, 1.6323 -1.9413 0.9611, 1.6514 -1.961 0.9662, 1.6048 -1.9413 1.0276, 1.6219 -1.961 1.0374, 1.561 -1.9413 1.0846, 1.5749 -1.961 1.0986, 1.5039 -1.9413 1.1284, 1.5138 -1.961 1.1455, 1.4375 -1.9413 1.156, 1.4426 -1.961 1.175, 1.4375 -1.9413 0.1669, 1.4426 -1.961 0.1479, 1.5039 -1.9413 0.1944, 1.5138 -1.961 0.1774, 1.561 -1.9413 0.2382, 1.5749 -1.961 0.2243, 1.6048 -1.9413 0.2953, 1.6219 -1.961 0.2854, 1.6323 -1.9413 0.3617, 1.6514 -1.961 0.3566, 1.6417 -1.9413 0.4331, 1.6614 -1.961 0.4331, 1.7598 -1.0161 -0.3937, 1.7598 -1.0949 -0.315, 1.6417 -1.0161 -0.3937, 1.6417 -1.0949 -0.315, 1.7598 -0.7799 -0.315, 1.7598 -0.8587 -0.3937, 1.6417 -0.7799 -0.315, 1.6417 -0.8587 -0.3937, -1.7598 -1.0949 -0.315, -1.7598 -1.0161 -0.3937, -1.6417 -1.0949 -0.315, -1.6417 -1.0161 -0.3937, -1.7598 -0.8587 -0.3937, -1.7598 -0.7799 -0.315, -1.6417 -0.8587 -0.3937, -1.6417 -0.7799 -0.315, 1.6417 -0.5752 0.0787, 1.7598 -0.5752 0.0787, 1.7598 -0.5779 0.0584, 1.6417 -0.5779 0.0584, 1.7598 -0.5857 0.0394, 1.6417 -0.5857 0.0394, 1.7598 -0.5983 0.0231, 1.6417 -0.5983 0.0231, 1.7598 -0.6146 0.0106, 1.6417 -0.6146 0.0106, 1.7598 -0.6336 0.0027, 1.6417 -0.6336 0.0027, 1.7598 -0.6539 0.0, 1.6417 -0.6539 0.0, 1.7598 -0.7799 -0.0787, 1.6417 -0.7799 -0.0787, 1.7598 -0.7772 -0.0584, 1.6417 -0.7772 -0.0584, 1.7598 -0.7694 -0.0394, 1.6417 -0.7694 -0.0394, 1.7598 -0.7569 -0.0231, 1.6417 -0.7569 -0.0231, 1.7598 -0.7406 -0.0105, 1.6417 -0.7406 -0.0105, 1.7598 -0.7216 -0.0027, 1.6417 -0.7216 -0.0027, 1.7598 -0.7012 0.0, 1.6417 -0.7012 0.0, -1.6417 -0.6539 0.0, -1.7598 -0.6539 0.0, -1.7598 -0.6336 0.0027, -1.6417 -0.6336 0.0027, -1.7598 -0.6146 0.0106, -1.6417 -0.6146 0.0106, -1.7598 -0.5983 0.0231, -1.6417 -0.5983 0.0231, -1.7598 -0.5857 0.0394, -1.6417 -0.5857 0.0394, -1.7598 -0.5779 0.0584, -1.6417 -0.5779 0.0584, -1.7598 -0.5752 0.0787, -1.6417 -0.5752 0.0787, -1.7598 -0.7012 0.0, -1.6417 -0.7012 0.0, -1.7598 -0.7216 -0.0027, -1.6417 -0.7216 -0.0027, -1.7598 -0.7406 -0.0105, -1.6417 -0.7406 -0.0105, -1.7598 -0.7569 -0.0231, -1.6417 -0.7569 -0.0231, -1.7598 -0.7694 -0.0394, -1.6417 -0.7694 -0.0394, -1.7598 -0.7772 -0.0584, -1.6417 -0.7772 -0.0584, -1.7598 -0.7799 -0.0787, -1.6417 -0.7799 -0.0787
            ]
        }
        coordIndex [
            0,1,2,-1,0,2,3,-1,3,2,4,-1,3,4,5,-1,5,4,6,-1,5,6,7,-1,7,6,8,-1,7,8,9,-1,9,8,10,-1,9,10,11,-1,11,10,12,-1,11,12,13,-1,13,12,14,-1,13,14,15,-1,16,17,18,-1,16,18,19,-1,20,15,21,-1,21,15,14,-1,20,22,15,-1,15,22,23,-1,15,23,24,-1,24,25,15,-1,15,25,26,-1,15,26,27,-1,27,28,15,-1,15,28,29,-1,15,29,18,-1,18,29,30,-1,18,30,19,-1,31,32,0,-1,0,32,1,-1,18,17,33,-1,18,33,34,-1,34,33,35,-1,34,35,36,-1,36,35,37,-1,36,37,38,-1,38,37,39,-1,38,39,40,-1,40,39,41,-1,40,41,42,-1,42,41,43,-1,42,43,44,-1,44,43,45,-1,44,45,46,-1,47,48,49,-1,47,49,50,-1,50,49,51,-1,50,51,52,-1,52,51,53,-1,52,53,54,-1,54,53,55,-1,54,55,56,-1,56,55,57,-1,56,57,58,-1,58,57,59,-1,58,59,60,-1,60,59,32,-1,60,32,31,-1,61,62,45,-1,45,62,46,-1,63,64,47,-1,47,64,48,-1,62,61,65,-1,62,65,66,-1,66,65,67,-1,66,67,68,-1,68,67,69,-1,68,69,70,-1,70,69,71,-1,70,71,72,-1,72,71,73,-1,72,73,74,-1,74,73,75,-1,74,75,76,-1,76,75,64,-1,76,64,63,-1,77,78,79,-1,79,78,80,-1,81,82,83,-1,83,82,84,-1,83,84,85,-1,85,84,86,-1,85,86,87,-1,87,86,88,-1,87,88,89,-1,89,88,90,-1,89,90,91,-1,91,90,92,-1,91,92,77,-1,77,92,78,-1,79,80,93,-1,93,80,94,-1,93,94,95,-1,95,94,96,-1,95,96,97,-1,97,96,98,-1,97,98,99,-1,99,98,100,-1,99,100,101,-1,101,100,102,-1,101,102,103,-1,103,102,104,-1,105,106,81,-1,81,106,82,-1,107,108,104,-1,104,108,103,-1,109,110,111,-1,111,110,112,-1,111,112,113,-1,113,112,114,-1,113,114,115,-1,115,114,116,-1,115,116,117,-1,117,116,118,-1,117,118,119,-1,119,118,120,-1,119,120,105,-1,105,120,106,-1,108,107,121,-1,121,107,122,-1,121,122,123,-1,123,122,124,-1,123,124,125,-1,125,124,126,-1,125,126,127,-1,127,126,128,-1,127,128,129,-1,129,128,130,-1,129,130,131,-1,131,130,132,-1,131,132,109,-1,109,132,110,-1,133,134,135,-1,135,134,136,-1,137,138,139,-1,139,138,140,-1,141,142,143,-1,143,142,144,-1,145,146,147,-1,147,146,148,-1,149,150,151,-1,149,151,152,-1,152,151,153,-1,152,153,154,-1,154,153,155,-1,154,155,156,-1,156,155,157,-1,156,157,158,-1,158,157,159,-1,158,159,160,-1,160,159,161,-1,160,161,162,-1,163,164,165,-1,165,164,166,-1,165,166,167,-1,167,166,168,-1,167,168,169,-1,169,168,170,-1,169,170,171,-1,171,170,172,-1,171,172,173,-1,173,172,174,-1,173,174,175,-1,175,174,176,-1,177,178,179,-1,177,179,180,-1,180,179,181,-1,180,181,182,-1,182,181,183,-1,182,183,184,-1,184,183,185,-1,184,185,186,-1,186,185,187,-1,186,187,188,-1,188,187,189,-1,188,189,190,-1,191,192,193,-1,193,192,194,-1,193,194,195,-1,195,194,196,-1,195,196,197,-1,197,196,198,-1,197,198,199,-1,199,198,200,-1,199,200,201,-1,201,200,202,-1,201,202,203,-1,203,202,204,-1,
        ]
    }
}
Shape{
    appearance Appearance {
        material  Material 	{
            diffuseColor 0.0 0.0 0.0
            specularColor 0.0 0.0 0.0
            ambientIntensity 0.0
            transparency 0.0
            shininess 0.5
        }
    }
    geometry IndexedFaceSet {
        ccw TRUE
        solid FALSE
        coord DEF co Coordinate {
            point [
                0.0208 0.3302 1.2874, 0.0208 0.3211 1.2874, 0.0208 0.3302 1.2835, 0.0208 0.3211 1.2835, -0.0111 0.3302 1.2874, -0.0111 0.3302 1.2835, -0.0111 0.4012 1.2874, -0.0111 0.4012 1.2835, -0.0214 0.4012 1.2874, -0.0214 0.4012 1.2835, -0.0214 0.3211 1.2874, -0.0214 0.3211 1.2835, 0.0841 0.3244 1.2835, 0.0841 0.3244 1.2874, 0.0827 0.3238 1.2874, 0.0619 0.3198 1.2874, 0.0619 0.3198 1.2835, 0.0741 0.3209 1.2835, 0.0741 0.3209 1.2874, 0.0806 0.3231 1.2835, 0.0827 0.3238 1.2835, 0.0841 0.3343 1.2874, 0.0841 0.3343 1.2835, 0.0806 0.3328 1.2835, 0.0762 0.3308 1.2874, 0.0762 0.3308 1.2835, 0.0671 0.3291 1.2835, 0.0671 0.3291 1.2874, 0.0634 0.329 1.2835, 0.0634 0.329 1.2874, 0.0564 0.3297 1.2835, 0.0564 0.3297 1.2874, 0.0505 0.3317 1.2835, 0.0505 0.3317 1.2874, 0.0451 0.3352 1.2835, 0.0451 0.3352 1.2874, 0.0428 0.3374 1.2835, 0.0428 0.3374 1.2874, 0.0392 0.3424 1.2835, 0.0392 0.3424 1.2874, 0.0365 0.3488 1.2835, 0.0365 0.3488 1.2874, 0.0351 0.3566 1.2835, 0.0351 0.3566 1.2874, 0.035 0.3603 1.2835, 0.035 0.3603 1.2874, 0.0363 0.3712 1.2835, 0.0363 0.3712 1.2874, 0.039 0.3782 1.2835, 0.039 0.3782 1.2874, 0.0428 0.3837 1.2835, 0.0428 0.3837 1.2874, 0.0434 0.3843 1.2835, 0.0434 0.3843 1.2874, 0.0483 0.3885 1.2835, 0.0483 0.3885 1.2874, 0.0545 0.3915 1.2835, 0.0545 0.3915 1.2874, 0.0614 0.393 1.2835, 0.0614 0.393 1.2874, 0.0652 0.3932 1.2835, 0.0652 0.3932 1.2874, 0.075 0.392 1.2835, 0.0806 0.3899 1.2835, 0.0832 0.3889 1.2874, 0.075 0.392 1.2874, 0.0832 0.3889 1.2835, 0.0841 0.3885 1.2835, 0.0841 0.3885 1.2874, 0.0841 0.3993 1.2874, 0.0841 0.3993 1.2835, 0.0806 0.4003 1.2835, 0.0756 0.4017 1.2874, 0.0651 0.4025 1.2835, 0.0651 0.4025 1.2874, 0.0737 0.4019 1.2835, 0.0756 0.4017 1.2835, 0.0595 0.4019 1.2835, 0.0535 0.4011 1.2874, 0.0535 0.4011 1.2835, 0.0452 0.3979 1.2835, 0.0452 0.3979 1.2874, 0.0377 0.3926 1.2835, 0.0377 0.3926 1.2874, 0.0357 0.3908 1.2835, 0.0357 0.3908 1.2874, 0.0299 0.3832 1.2835, 0.0299 0.3832 1.2874, 0.0261 0.3743 1.2835, 0.0261 0.3743 1.2874, 0.0242 0.3638 1.2835, 0.0242 0.3638 1.2874, 0.0241 0.3596 1.2835, 0.0241 0.3596 1.2874, 0.0257 0.3466 1.2835, 0.0257 0.3466 1.2874, 0.0289 0.3383 1.2835, 0.0289 0.3383 1.2874, 0.0337 0.3314 1.2835, 0.0337 0.3314 1.2874, 0.0344 0.3307 1.2835, 0.0344 0.3307 1.2874, 0.0408 0.3254 1.2835, 0.0408 0.3254 1.2874, 0.0484 0.3218 1.2835, 0.0484 0.3218 1.2874, 0.057 0.32 1.2835, 0.057 0.32 1.2874, 0.1431 0.3302 1.2874, 0.1431 0.3211 1.2874, 0.1431 0.3302 1.2835, 0.1431 0.3211 1.2835, 0.1104 0.3302 1.2835, 0.1104 0.3302 1.2874, 0.132 0.3302 1.2835, 0.1104 0.3572 1.2874, 0.1104 0.3572 1.2835, 0.1391 0.3572 1.2874, 0.132 0.3572 1.2835, 0.1391 0.3572 1.2835, 0.1391 0.3664 1.2874, 0.1391 0.3664 1.2835, 0.1104 0.3664 1.2835, 0.1104 0.3664 1.2874, 0.132 0.3664 1.2835, 0.1104 0.392 1.2874, 0.1104 0.392 1.2835, 0.1413 0.392 1.2874, 0.132 0.392 1.2835, 0.1413 0.392 1.2835, 0.1413 0.4012 1.2874, 0.1413 0.4012 1.2835, 0.1001 0.4012 1.2835, 0.1001 0.4012 1.2874, 0.132 0.4012 1.2835, 0.1001 0.3211 1.2874, 0.1001 0.3211 1.2835, 0.132 0.3211 1.2835, 0.2114 0.3323 1.2874, 0.2031 0.3377 1.2874, 0.203 0.3263 1.2874, 0.1979 0.3341 1.2874, 0.1939 0.3228 1.2874, 0.1913 0.3316 1.2874, 0.1803 0.3211 1.2874, 0.1802 0.3302 1.2874, 0.1583 0.3211 1.2874, 0.1686 0.3302 1.2874, 0.1583 0.4012 1.2874, 0.1686 0.392 1.2874, 0.1811 0.4012 1.2874, 0.1807 0.392 1.2874, 0.1815 0.392 1.2874, 0.1933 0.3998 1.2874, 0.1918 0.3907 1.2874, 0.203 0.3963 1.2874, 0.1986 0.388 1.2874, 0.2114 0.3906 1.2874, 0.2038 0.3844 1.2874, 0.2142 0.3878 1.2874, 0.2061 0.3822 1.2874, 0.2192 0.3808 1.2874, 0.2092 0.3777 1.2874, 0.2221 0.3732 1.2874, 0.2114 0.3719 1.2874, 0.2235 0.3622 1.2874, 0.2126 0.3619 1.2874, 0.2232 0.3571 1.2874, 0.2123 0.3564 1.2874, 0.2213 0.3477 1.2874, 0.2107 0.3492 1.2874, 0.2173 0.3394 1.2874, 0.2078 0.3433 1.2874, 0.204 0.3386 1.2874, 0.1803 0.3211 1.2835, 0.1583 0.3211 1.2835, 0.1939 0.3228 1.2835, 0.203 0.3263 1.2835, 0.2114 0.3323 1.2835, 0.2173 0.3394 1.2835, 0.2213 0.3477 1.2835, 0.2232 0.3571 1.2835, 0.2235 0.3622 1.2835, 0.2221 0.3732 1.2835, 0.2192 0.3808 1.2835, 0.2142 0.3878 1.2835, 0.2114 0.3906 1.2835, 0.203 0.3963 1.2835, 0.1933 0.3998 1.2835, 0.1811 0.4012 1.2835, 0.1583 0.4012 1.2835, 0.1807 0.392 1.2835, 0.1686 0.392 1.2835, 0.1686 0.3302 1.2835, 0.1802 0.3302 1.2835, 0.204 0.3386 1.2835, 0.2031 0.3377 1.2835, 0.1979 0.3341 1.2835, 0.1913 0.3316 1.2835, 0.2126 0.3619 1.2835, 0.2123 0.3564 1.2835, 0.2107 0.3492 1.2835, 0.2078 0.3433 1.2835, 0.2038 0.3844 1.2835, 0.2061 0.3822 1.2835, 0.2092 0.3777 1.2835, 0.2114 0.3719 1.2835, 0.1815 0.392 1.2835, 0.1918 0.3907 1.2835, 0.1986 0.388 1.2835
            ]
        }
        coordIndex [
            0,1,2,-1,2,1,3,-1,4,0,5,-1,5,0,2,-1,6,4,7,-1,7,4,5,-1,8,6,9,-1,9,6,7,-1,10,8,11,-1,11,8,9,-1,1,10,3,-1,3,10,11,-1,6,8,4,-1,4,8,10,-1,4,10,0,-1,0,10,1,-1,12,13,14,-1,15,16,17,-1,15,17,18,-1,18,17,19,-1,18,19,14,-1,14,19,20,-1,14,20,12,-1,21,13,22,-1,22,13,12,-1,21,22,23,-1,21,23,24,-1,23,25,24,-1,24,25,26,-1,24,26,27,-1,27,26,28,-1,27,28,29,-1,29,28,30,-1,29,30,31,-1,31,30,32,-1,31,32,33,-1,33,32,34,-1,33,34,35,-1,35,34,36,-1,35,36,37,-1,37,36,38,-1,37,38,39,-1,39,38,40,-1,39,40,41,-1,41,40,42,-1,41,42,43,-1,43,42,44,-1,43,44,45,-1,45,44,46,-1,45,46,47,-1,47,46,48,-1,47,48,49,-1,49,48,50,-1,49,50,51,-1,51,50,52,-1,51,52,53,-1,53,52,54,-1,53,54,55,-1,55,54,56,-1,55,56,57,-1,57,56,58,-1,57,58,59,-1,59,58,60,-1,59,60,61,-1,61,60,62,-1,63,64,62,-1,62,64,65,-1,62,65,61,-1,63,66,64,-1,64,66,67,-1,64,67,68,-1,69,68,70,-1,70,68,67,-1,69,70,71,-1,69,71,72,-1,73,74,75,-1,75,74,72,-1,75,72,76,-1,76,72,71,-1,74,73,77,-1,74,77,78,-1,77,79,78,-1,78,79,80,-1,78,80,81,-1,81,80,82,-1,81,82,83,-1,83,82,84,-1,83,84,85,-1,85,84,86,-1,85,86,87,-1,87,86,88,-1,87,88,89,-1,89,88,90,-1,89,90,91,-1,91,90,92,-1,91,92,93,-1,93,92,94,-1,93,94,95,-1,95,94,96,-1,95,96,97,-1,97,96,98,-1,97,98,99,-1,99,98,100,-1,99,100,101,-1,101,100,102,-1,101,102,103,-1,103,102,104,-1,103,104,105,-1,105,104,106,-1,105,106,107,-1,107,106,16,-1,107,16,15,-1,55,57,78,-1,47,49,87,-1,87,49,85,-1,78,57,74,-1,93,45,91,-1,91,45,47,-1,91,47,89,-1,89,47,87,-1,57,59,74,-1,74,59,61,-1,74,61,72,-1,72,61,65,-1,72,65,69,-1,69,65,64,-1,69,64,68,-1,13,21,14,-1,14,21,24,-1,14,24,18,-1,18,24,27,-1,18,27,15,-1,15,27,29,-1,15,29,107,-1,107,29,31,-1,107,31,105,-1,105,31,33,-1,105,33,103,-1,103,33,35,-1,103,35,101,-1,101,35,37,-1,101,37,99,-1,99,37,39,-1,99,39,97,-1,97,39,95,-1,95,39,41,-1,95,41,93,-1,93,41,43,-1,93,43,45,-1,49,51,85,-1,85,51,53,-1,85,53,83,-1,83,53,55,-1,83,55,81,-1,81,55,78,-1,108,109,110,-1,110,109,111,-1,112,113,114,-1,114,113,108,-1,114,108,110,-1,115,113,116,-1,116,113,112,-1,115,116,117,-1,117,116,118,-1,117,118,119,-1,120,117,121,-1,121,117,119,-1,122,123,124,-1,124,123,120,-1,124,120,121,-1,125,123,126,-1,126,123,122,-1,125,126,127,-1,127,126,128,-1,127,128,129,-1,130,127,131,-1,131,127,129,-1,132,133,134,-1,134,133,130,-1,134,130,131,-1,135,133,136,-1,136,133,132,-1,135,136,109,-1,109,136,137,-1,109,137,111,-1,135,109,108,-1,108,113,135,-1,135,113,115,-1,135,115,133,-1,127,130,125,-1,125,130,133,-1,125,133,123,-1,123,133,115,-1,123,115,120,-1,120,115,117,-1,138,139,140,-1,140,139,141,-1,140,141,142,-1,142,141,143,-1,142,143,144,-1,144,143,145,-1,144,145,146,-1,146,145,147,-1,146,147,148,-1,148,147,149,-1,148,149,150,-1,149,151,150,-1,150,151,152,-1,150,152,153,-1,153,152,154,-1,153,154,155,-1,155,154,156,-1,155,156,157,-1,157,156,158,-1,157,158,159,-1,159,158,160,-1,159,160,161,-1,161,160,162,-1,161,162,163,-1,163,162,164,-1,163,164,165,-1,165,164,166,-1,165,166,167,-1,167,166,168,-1,167,168,169,-1,169,168,170,-1,169,170,171,-1,171,170,172,-1,171,172,138,-1,138,172,173,-1,138,173,139,-1,144,146,174,-1,174,146,175,-1,144,174,176,-1,144,176,142,-1,142,176,177,-1,142,177,140,-1,140,177,178,-1,140,178,138,-1,138,178,179,-1,138,179,171,-1,171,179,180,-1,171,180,169,-1,169,180,181,-1,169,181,167,-1,167,181,182,-1,167,182,165,-1,165,182,183,-1,165,183,163,-1,163,183,184,-1,163,184,161,-1,161,184,185,-1,161,185,159,-1,159,185,186,-1,159,186,157,-1,157,186,187,-1,157,187,155,-1,155,187,188,-1,155,188,153,-1,153,188,189,-1,153,189,150,-1,148,150,190,-1,190,150,189,-1,146,148,175,-1,175,148,190,-1,151,149,191,-1,191,149,192,-1,149,147,192,-1,192,147,193,-1,147,145,193,-1,193,145,194,-1,173,195,196,-1,173,196,139,-1,139,196,197,-1,139,197,141,-1,141,197,198,-1,141,198,143,-1,143,198,194,-1,143,194,145,-1,166,199,200,-1,166,200,168,-1,168,200,201,-1,168,201,170,-1,170,201,202,-1,170,202,172,-1,172,202,195,-1,172,195,173,-1,158,203,204,-1,158,204,160,-1,160,204,205,-1,160,205,162,-1,162,205,206,-1,162,206,164,-1,164,206,199,-1,164,199,166,-1,151,191,207,-1,151,207,152,-1,152,207,208,-1,152,208,154,-1,154,208,209,-1,154,209,156,-1,156,209,203,-1,156,203,158,-1,
        ]
    }
}
Shape{
    appearance Appearance {
        material  Material 	{
            diffuseColor 0.7529411764705882 0.7529411764705882 0.7529411764705882
            specularColor 0.3764705882352941 0.3764705882352941 0.3764705882352941
            ambientIntensity 0.7529
            transparency 0.0
            shininess 0.5
        }
    }
    geometry IndexedFaceSet {
        ccw TRUE
        solid FALSE
        coord DEF co Coordinate {
            point [
                0.1979 0.3341 1.2835, 0.2031 0.3377 1.2835, 0.1815 0.392 1.2835, 0.1686 0.392 1.2835, 0.1686 0.3302 1.2835, 0.1807 0.392 1.2835, 0.1802 0.3302 1.2835, 0.1913 0.3316 1.2835, 0.204 0.3386 1.2835, 0.2078 0.3433 1.2835, 0.2107 0.3492 1.2835, 0.2126 0.3619 1.2835, 0.2038 0.3844 1.2835, 0.1986 0.388 1.2835, 0.2114 0.3719 1.2835, 0.2092 0.3777 1.2835, 0.2061 0.3822 1.2835, 0.2123 0.3564 1.2835, 0.1918 0.3907 1.2835
            ]
        }
        coordIndex [
            0,1,2,-1,3,4,5,-1,5,4,6,-1,5,6,2,-1,2,6,7,-1,2,7,0,-1,1,8,2,-1,2,8,9,-1,2,9,10,-1,11,12,13,-1,14,15,11,-1,11,15,16,-1,11,16,12,-1,10,17,2,-1,2,17,11,-1,2,11,18,-1,18,11,13,-1,
        ]
    }
}
Shape{
    appearance Appearance {
        material  Material 	{
            diffuseColor 0.0 0.0 0.0
            specularColor 0.0 0.0 0.0
            ambientIntensity 0.0
            transparency 0.0
            shininess 0.5
        }
    }
    geometry IndexedFaceSet {
        ccw TRUE
        solid FALSE
        coord DEF co Coordinate {
            point [
                0.2503 0.3521 1.2874, 0.247 0.343 1.2874, 0.2772 0.3521 1.2874, 0.2804 0.343 1.2874, 0.2623 0.3853 1.2874, 0.2584 0.4012 1.2874, 0.2279 0.3211 1.2874, 0.2393 0.3211 1.2874, 0.263 0.3877 1.2874, 0.2636 0.391 1.2874, 0.2695 0.4012 1.2874, 0.2638 0.391 1.2874, 0.2645 0.3876 1.2874, 0.2651 0.3853 1.2874, 0.2999 0.3211 1.2874, 0.2885 0.3211 1.2874, 0.2695 0.4012 1.2835, 0.2999 0.3211 1.2835, 0.2584 0.4012 1.2835, 0.2279 0.3211 1.2835, 0.251 0.3817 1.2835, 0.2393 0.3211 1.2835, 0.247 0.343 1.2835, 0.2804 0.343 1.2835, 0.251 0.343 1.2835, 0.2885 0.3211 1.2835, 0.2503 0.3521 1.2835, 0.2772 0.3521 1.2835, 0.2651 0.3853 1.2835, 0.2638 0.391 1.2835, 0.2645 0.3876 1.2835, 0.2636 0.391 1.2835, 0.2623 0.3853 1.2835, 0.263 0.3877 1.2835
            ]
        }
        coordIndex [
            0,1,2,-1,2,1,3,-1,4,5,0,-1,0,5,6,-1,0,6,1,-1,1,6,7,-1,4,8,5,-1,5,8,9,-1,5,9,10,-1,10,9,11,-1,10,11,12,-1,12,13,10,-1,10,13,2,-1,10,2,14,-1,14,2,3,-1,14,3,15,-1,10,14,16,-1,16,14,17,-1,5,10,18,-1,18,10,16,-1,19,6,20,-1,20,6,5,-1,20,5,18,-1,7,6,21,-1,21,6,19,-1,1,7,22,-1,22,7,21,-1,23,3,24,-1,24,3,1,-1,24,1,22,-1,15,3,25,-1,25,3,23,-1,14,15,17,-1,17,15,25,-1,0,2,26,-1,26,2,27,-1,2,13,27,-1,27,13,28,-1,11,29,30,-1,11,30,12,-1,12,30,28,-1,12,28,13,-1,11,9,29,-1,29,9,31,-1,4,32,33,-1,4,33,8,-1,8,33,31,-1,8,31,9,-1,4,0,32,-1,32,0,26,-1,
        ]
    }
}
Shape{
    appearance Appearance {
        material  Material 	{
            diffuseColor 0.7529411764705882 0.7529411764705882 0.7529411764705882
            specularColor 0.3764705882352941 0.3764705882352941 0.3764705882352941
            ambientIntensity 0.7529
            transparency 0.0
            shininess 0.5
        }
    }
    geometry IndexedFaceSet {
        ccw TRUE
        solid FALSE
        coord DEF co Coordinate {
            point [
                0.2638 0.391 1.2835, 0.2636 0.391 1.2835, 0.2645 0.3876 1.2835, 0.263 0.3877 1.2835, 0.2651 0.3853 1.2835, 0.2623 0.3853 1.2835, 0.2772 0.3521 1.2835, 0.2503 0.3521 1.2835
            ]
        }
        coordIndex [
            0,1,2,-1,2,1,3,-1,2,3,4,-1,4,3,5,-1,4,5,6,-1,6,5,7,-1,
        ]
    }
}
Shape{
    appearance Appearance {
        material  Material 	{
            diffuseColor 0.0 0.0 0.0
            specularColor 0.0 0.0 0.0
            ambientIntensity 0.0
            transparency 0.0
            shininess 0.5
        }
    }
    geometry IndexedFaceSet {
        ccw TRUE
        solid FALSE
        coord DEF co Coordinate {
            point [
                0.0217 0.2032 1.2874, 0.0217 0.1941 1.2874, 0.0217 0.2032 1.2835, 0.0217 0.1941 1.2835, -0.0111 0.2032 1.2835, -0.0111 0.2032 1.2874, 0.0213 0.2032 1.2835, -0.0111 0.2302 1.2874, -0.0111 0.2302 1.2835, 0.0176 0.2302 1.2874, 0.0176 0.2302 1.2835, 0.0176 0.2393 1.2874, 0.0176 0.2393 1.2835, -0.0111 0.2393 1.2874, -0.0111 0.2393 1.2835, -0.0111 0.265 1.2835, -0.0111 0.265 1.2874, -0.0111 0.2634 1.2835, 0.0198 0.265 1.2874, 0.0198 0.265 1.2835, 0.0198 0.2742 1.2874, 0.0198 0.2742 1.2835, -0.0214 0.2742 1.2874, -0.0214 0.2742 1.2835, -0.0214 0.1941 1.2835, -0.0214 0.1941 1.2874, -0.0214 0.2634 1.2835, 0.0213 0.1941 1.2835, 0.0672 0.1941 1.2874, 0.0772 0.1941 1.2874, 0.0672 0.2029 1.2874, 0.0772 0.2309 1.2874, 0.0538 0.221 1.2874, 0.0672 0.2228 1.2874, 0.0672 0.2173 1.2874, 0.0669 0.2029 1.2874, 0.0616 0.2044 1.2874, 0.0643 0.1993 1.2874, 0.0588 0.2025 1.2874, 0.0386 0.2242 1.2874, 0.0355 0.2215 1.2874, 0.0429 0.216 1.2874, 0.0672 0.2166 1.2874, 0.0665 0.2122 1.2874, 0.0651 0.2086 1.2874, 0.0629 0.2056 1.2874, 0.0369 0.2473 1.2874, 0.0369 0.2375 1.2874, 0.0389 0.2485 1.2874, 0.0427 0.2414 1.2874, 0.0464 0.2514 1.2874, 0.049 0.2437 1.2874, 0.0565 0.2526 1.2874, 0.0556 0.2444 1.2874, 0.0628 0.252 1.2874, 0.059 0.2441 1.2874, 0.067 0.2507 1.2874, 0.0613 0.2433 1.2874, 0.0703 0.2488 1.2874, 0.0631 0.2421 1.2874, 0.0729 0.2462 1.2874, 0.0646 0.2405 1.2874, 0.075 0.2429 1.2874, 0.0658 0.2385 1.2874, 0.0765 0.2383 1.2874, 0.0668 0.2349 1.2874, 0.0672 0.2304 1.2874, 0.042 0.2141 1.2874, 0.0334 0.2187 1.2874, 0.0415 0.2118 1.2874, 0.0502 0.2281 1.2874, 0.0453 0.2184 1.2874, 0.0476 0.2195 1.2874, 0.0435 0.2044 1.2874, 0.0362 0.1972 1.2874, 0.0443 0.2036 1.2874, 0.0396 0.1949 1.2874, 0.0463 0.2022 1.2874, 0.0434 0.1934 1.2874, 0.0486 0.2014 1.2874, 0.0494 0.1927 1.2874, 0.052 0.201 1.2874, 0.0551 0.1935 1.2874, 0.0558 0.2014 1.2874, 0.0591 0.195 1.2874, 0.061 0.1962 1.2874, 0.0441 0.2175 1.2874, 0.043 0.2263 1.2874, 0.032 0.2152 1.2874, 0.0313 0.2109 1.2874, 0.0414 0.2102 1.2874, 0.0313 0.2094 1.2874, 0.0417 0.2079 1.2874, 0.0318 0.2048 1.2874, 0.0424 0.2061 1.2874, 0.033 0.2014 1.2874, 0.0351 0.1984 1.2874, 0.0565 0.2526 1.2835, 0.0464 0.2514 1.2835, 0.0389 0.2485 1.2835, 0.0369 0.2473 1.2835, 0.0369 0.2375 1.2835, 0.0427 0.2414 1.2835, 0.049 0.2437 1.2835, 0.0556 0.2444 1.2835, 0.059 0.2441 1.2835, 0.0613 0.2433 1.2835, 0.0631 0.2421 1.2835, 0.0646 0.2405 1.2835, 0.0658 0.2385 1.2835, 0.0668 0.2349 1.2835, 0.0672 0.2304 1.2835, 0.0502 0.2281 1.2835, 0.043 0.2263 1.2835, 0.0386 0.2242 1.2835, 0.0355 0.2215 1.2835, 0.0334 0.2187 1.2835, 0.032 0.2152 1.2835, 0.0313 0.2109 1.2835, 0.0313 0.2094 1.2835, 0.0318 0.2048 1.2835, 0.033 0.2014 1.2835, 0.0351 0.1984 1.2835, 0.0362 0.1972 1.2835, 0.0494 0.1927 1.2835, 0.0436 0.1934 1.2835, 0.0434 0.1934 1.2835, 0.0396 0.1949 1.2835, 0.0549 0.1934 1.2835, 0.0551 0.1935 1.2835, 0.0591 0.195 1.2835, 0.061 0.1962 1.2835, 0.0643 0.1993 1.2835, 0.0669 0.2029 1.2835, 0.0672 0.2029 1.2835, 0.0672 0.1941 1.2835, 0.0772 0.1941 1.2835, 0.0772 0.2309 1.2835, 0.0765 0.2383 1.2835, 0.075 0.2429 1.2835, 0.0729 0.2462 1.2835, 0.0703 0.2488 1.2835, 0.067 0.2507 1.2835, 0.0628 0.252 1.2835, 0.0441 0.2175 1.2835, 0.0453 0.2184 1.2835, 0.0476 0.2195 1.2835, 0.0538 0.221 1.2835, 0.0414 0.2102 1.2835, 0.0415 0.2118 1.2835, 0.042 0.2141 1.2835, 0.0429 0.216 1.2835, 0.0443 0.2036 1.2835, 0.0435 0.2044 1.2835, 0.0424 0.2061 1.2835, 0.0417 0.2079 1.2835, 0.052 0.201 1.2835, 0.0486 0.2014 1.2835, 0.0463 0.2022 1.2835, 0.0629 0.2056 1.2835, 0.0616 0.2044 1.2835, 0.0588 0.2025 1.2835, 0.0558 0.2014 1.2835, 0.0672 0.2173 1.2835, 0.0672 0.2166 1.2835, 0.0665 0.2122 1.2835, 0.0651 0.2086 1.2835, 0.0672 0.2228 1.2835
            ]
        }
        coordIndex [
            0,1,2,-1,2,1,3,-1,4,5,6,-1,6,5,0,-1,6,0,2,-1,7,5,8,-1,8,5,4,-1,9,7,10,-1,10,7,8,-1,11,9,12,-1,12,9,10,-1,13,11,14,-1,14,11,12,-1,15,16,17,-1,17,16,13,-1,17,13,14,-1,18,16,19,-1,19,16,15,-1,20,18,21,-1,21,18,19,-1,22,20,23,-1,23,20,21,-1,24,25,26,-1,26,25,22,-1,26,22,23,-1,3,1,27,-1,27,1,25,-1,27,25,24,-1,25,1,0,-1,0,5,25,-1,25,5,7,-1,25,7,22,-1,18,20,16,-1,16,20,22,-1,16,22,13,-1,13,22,7,-1,13,7,11,-1,11,7,9,-1,28,29,30,-1,30,29,31,-1,32,33,31,-1,31,33,34,-1,35,36,37,-1,37,36,38,-1,39,40,41,-1,34,42,31,-1,31,42,43,-1,31,43,30,-1,30,43,44,-1,30,44,35,-1,35,44,45,-1,35,45,36,-1,46,47,48,-1,48,47,49,-1,48,49,50,-1,50,49,51,-1,50,51,52,-1,52,51,53,-1,52,53,54,-1,54,53,55,-1,54,55,56,-1,56,55,57,-1,56,57,58,-1,58,57,59,-1,58,59,60,-1,60,59,61,-1,60,61,62,-1,62,61,63,-1,62,63,64,-1,64,63,65,-1,64,65,31,-1,31,65,66,-1,31,66,32,-1,41,40,67,-1,67,40,68,-1,67,68,69,-1,70,71,66,-1,66,71,72,-1,66,72,32,-1,73,74,75,-1,75,74,76,-1,75,76,77,-1,77,76,78,-1,77,78,79,-1,79,78,80,-1,79,80,81,-1,81,80,82,-1,81,82,83,-1,83,82,84,-1,83,84,38,-1,38,84,85,-1,38,85,37,-1,41,86,39,-1,39,86,71,-1,39,71,87,-1,87,71,70,-1,68,88,69,-1,69,88,89,-1,69,89,90,-1,90,89,91,-1,90,91,92,-1,92,91,93,-1,92,93,94,-1,94,93,95,-1,94,95,73,-1,73,95,96,-1,73,96,74,-1,52,97,98,-1,52,98,50,-1,50,98,99,-1,50,99,48,-1,48,99,100,-1,48,100,46,-1,47,46,101,-1,101,46,100,-1,47,101,102,-1,47,102,49,-1,49,102,103,-1,49,103,51,-1,51,103,104,-1,51,104,53,-1,53,104,105,-1,53,105,55,-1,55,105,106,-1,55,106,57,-1,57,106,107,-1,57,107,59,-1,59,107,108,-1,59,108,61,-1,61,108,109,-1,61,109,63,-1,63,109,110,-1,63,110,65,-1,65,110,111,-1,65,111,66,-1,70,66,112,-1,112,66,111,-1,70,112,113,-1,70,113,87,-1,87,113,114,-1,87,114,39,-1,39,114,115,-1,39,115,40,-1,40,115,116,-1,40,116,68,-1,68,116,117,-1,68,117,88,-1,88,117,118,-1,88,118,89,-1,89,118,119,-1,89,119,91,-1,91,119,120,-1,91,120,93,-1,93,120,121,-1,93,121,95,-1,95,121,122,-1,95,122,96,-1,96,122,123,-1,96,123,74,-1,124,80,125,-1,125,80,78,-1,125,78,126,-1,126,78,76,-1,126,76,127,-1,127,76,74,-1,127,74,123,-1,124,128,80,-1,80,128,82,-1,128,129,82,-1,82,129,130,-1,82,130,84,-1,84,130,131,-1,84,131,85,-1,85,131,132,-1,85,132,37,-1,37,132,133,-1,37,133,35,-1,30,35,134,-1,134,35,133,-1,28,30,135,-1,135,30,134,-1,29,28,136,-1,136,28,135,-1,31,29,137,-1,137,29,136,-1,31,137,138,-1,31,138,64,-1,64,138,139,-1,64,139,62,-1,62,139,140,-1,62,140,60,-1,60,140,141,-1,60,141,58,-1,58,141,142,-1,58,142,56,-1,56,142,143,-1,56,143,54,-1,54,143,97,-1,54,97,52,-1,86,144,145,-1,86,145,71,-1,71,145,146,-1,71,146,72,-1,72,146,147,-1,72,147,32,-1,90,148,149,-1,90,149,69,-1,69,149,150,-1,69,150,67,-1,67,150,151,-1,67,151,41,-1,41,151,144,-1,41,144,86,-1,75,152,153,-1,75,153,73,-1,73,153,154,-1,73,154,94,-1,94,154,155,-1,94,155,92,-1,92,155,148,-1,92,148,90,-1,81,156,157,-1,81,157,79,-1,79,157,158,-1,79,158,77,-1,77,158,152,-1,77,152,75,-1,45,159,160,-1,45,160,36,-1,36,160,161,-1,36,161,38,-1,38,161,162,-1,38,162,83,-1,83,162,156,-1,83,156,81,-1,34,163,164,-1,34,164,42,-1,42,164,165,-1,42,165,43,-1,43,165,166,-1,43,166,44,-1,44,166,159,-1,44,159,45,-1,34,33,163,-1,163,33,167,-1,33,32,167,-1,167,32,147,-1,
        ]
    }
}
Shape{
    appearance Appearance {
        material  Material 	{
            diffuseColor 0.7529411764705882 0.7529411764705882 0.7529411764705882
            specularColor 0.3764705882352941 0.3764705882352941 0.3764705882352941
            ambientIntensity 0.7529
            transparency 0.0
            shininess 0.5
        }
    }
    geometry IndexedFaceSet {
        ccw TRUE
        solid FALSE
        coord DEF co Coordinate {
            point [
                0.0672 0.2166 1.2835, 0.0672 0.2173 1.2835, 0.0441 0.2175 1.2835, 0.0672 0.2228 1.2835, 0.0538 0.221 1.2835, 0.0476 0.2195 1.2835, 0.0453 0.2184 1.2835, 0.0665 0.2122 1.2835, 0.0429 0.216 1.2835, 0.0651 0.2086 1.2835, 0.0435 0.2044 1.2835, 0.0443 0.2036 1.2835, 0.0616 0.2044 1.2835, 0.0424 0.2061 1.2835, 0.0588 0.2025 1.2835, 0.0558 0.2014 1.2835, 0.052 0.201 1.2835, 0.042 0.2141 1.2835, 0.0415 0.2118 1.2835, 0.0629 0.2056 1.2835, 0.0414 0.2102 1.2835, 0.0417 0.2079 1.2835, 0.0463 0.2022 1.2835, 0.0486 0.2014 1.2835
            ]
        }
        coordIndex [
            0,1,2,-1,1,3,4,-1,4,5,1,-1,1,5,6,-1,1,6,2,-1,0,2,7,-1,7,2,8,-1,7,8,9,-1,10,11,12,-1,10,12,13,-1,14,12,15,-1,15,12,16,-1,8,17,9,-1,9,17,18,-1,9,18,19,-1,19,18,20,-1,19,20,12,-1,12,20,21,-1,12,21,13,-1,11,22,12,-1,12,22,23,-1,12,23,16,-1,
        ]
    }
}
Shape{
    appearance Appearance {
        material  Material 	{
            diffuseColor 0.0 0.0 0.0
            specularColor 0.0 0.0 0.0
            ambientIntensity 0.0
            transparency 0.0
            shininess 0.5
        }
    }
    geometry IndexedFaceSet {
        ccw TRUE
        solid FALSE
        coord DEF co Coordinate {
            point [
                0.1073 0.2009 1.2874, 0.1073 0.2009 1.2835, 0.1011 0.2016 1.2835, 0.1011 0.2016 1.2874, 0.0948 0.204 1.2835, 0.0948 0.204 1.2874, 0.0908 0.2065 1.2835, 0.0908 0.2065 1.2874, 0.0908 0.1961 1.2874, 0.0908 0.1961 1.2835, 0.1063 0.1927 1.2835, 0.1063 0.1927 1.2874, 0.1006 0.1934 1.2835, 0.0969 0.1939 1.2874, 0.0969 0.1939 1.2835, 0.1153 0.1938 1.2874, 0.1121 0.1934 1.2835, 0.1153 0.1938 1.2835, 0.1206 0.1958 1.2835, 0.1206 0.1958 1.2874, 0.123 0.1973 1.2835, 0.123 0.1973 1.2874, 0.1259 0.1998 1.2835, 0.1259 0.1998 1.2874, 0.1277 0.2024 1.2835, 0.1277 0.2024 1.2874, 0.129 0.2056 1.2835, 0.129 0.2056 1.2874, 0.1294 0.2097 1.2835, 0.1294 0.2097 1.2874, 0.129 0.2134 1.2835, 0.129 0.2134 1.2874, 0.1279 0.2163 1.2835, 0.1279 0.2163 1.2874, 0.1261 0.2191 1.2835, 0.1261 0.2191 1.2874, 0.1237 0.2212 1.2835, 0.1237 0.2212 1.2874, 0.117 0.2249 1.2835, 0.117 0.2249 1.2874, 0.1131 0.2265 1.2835, 0.1131 0.2265 1.2874, 0.1069 0.2292 1.2835, 0.1069 0.2292 1.2874, 0.1034 0.2314 1.2835, 0.1034 0.2314 1.2874, 0.1024 0.2325 1.2835, 0.1024 0.2325 1.2874, 0.1017 0.2339 1.2835, 0.1017 0.2339 1.2874, 0.1013 0.2354 1.2835, 0.1013 0.2354 1.2874, 0.1012 0.2368 1.2835, 0.1012 0.2368 1.2874, 0.1014 0.2384 1.2835, 0.1014 0.2384 1.2874, 0.1019 0.2397 1.2835, 0.1019 0.2397 1.2874, 0.1027 0.241 1.2835, 0.1027 0.241 1.2874, 0.1043 0.2423 1.2835, 0.1043 0.2423 1.2874, 0.1065 0.2435 1.2835, 0.1065 0.2435 1.2874, 0.1092 0.2442 1.2835, 0.1092 0.2442 1.2874, 0.1122 0.2444 1.2835, 0.1122 0.2444 1.2874, 0.1186 0.2437 1.2835, 0.1186 0.2437 1.2874, 0.1242 0.2417 1.2835, 0.1242 0.2417 1.2874, 0.1267 0.2403 1.2835, 0.1267 0.2403 1.2874, 0.1267 0.2501 1.2874, 0.1267 0.2501 1.2835, 0.1202 0.252 1.2835, 0.1202 0.252 1.2874, 0.1131 0.2526 1.2835, 0.1131 0.2526 1.2874, 0.1061 0.2519 1.2835, 0.1061 0.2519 1.2874, 0.1006 0.25 1.2835, 0.1006 0.25 1.2874, 0.0973 0.248 1.2835, 0.0973 0.248 1.2874, 0.0943 0.2454 1.2835, 0.0943 0.2454 1.2874, 0.0925 0.2427 1.2835, 0.0925 0.2427 1.2874, 0.0913 0.2394 1.2835, 0.0913 0.2394 1.2874, 0.0909 0.2359 1.2835, 0.0909 0.2359 1.2874, 0.0913 0.232 1.2835, 0.0913 0.232 1.2874, 0.0924 0.2289 1.2835, 0.0924 0.2289 1.2874, 0.0937 0.2268 1.2835, 0.0937 0.2268 1.2874, 0.0954 0.2251 1.2835, 0.0954 0.2251 1.2874, 0.1001 0.222 1.2835, 0.1001 0.222 1.2874, 0.1061 0.2192 1.2835, 0.1061 0.2192 1.2874, 0.1126 0.2165 1.2835, 0.1126 0.2165 1.2874, 0.1166 0.2141 1.2835, 0.1166 0.2141 1.2874, 0.1178 0.2128 1.2835, 0.1178 0.2128 1.2874, 0.1186 0.2115 1.2835, 0.1186 0.2115 1.2874, 0.119 0.2099 1.2835, 0.119 0.2099 1.2874, 0.1191 0.2087 1.2835, 0.1191 0.2087 1.2874, 0.1189 0.2068 1.2835, 0.1189 0.2068 1.2874, 0.1184 0.2053 1.2835, 0.1184 0.2053 1.2874, 0.1175 0.204 1.2835, 0.1175 0.204 1.2874, 0.1164 0.203 1.2835, 0.1164 0.203 1.2874, 0.1155 0.2025 1.2835, 0.1155 0.2025 1.2874, 0.1129 0.2015 1.2835, 0.1129 0.2015 1.2874, 0.1078 0.2009 1.2835, 0.1078 0.2009 1.2874, 0.1791 0.2513 1.2874, 0.1895 0.2513 1.2874, 0.1791 0.2513 1.2835, 0.1895 0.2513 1.2835, 0.1635 0.2082 1.2874, 0.1635 0.2082 1.2835, 0.1628 0.2056 1.2835, 0.1628 0.2056 1.2874, 0.1623 0.2036 1.2835, 0.1623 0.2036 1.2874, 0.162 0.2036 1.2874, 0.162 0.2036 1.2835, 0.1608 0.2083 1.2874, 0.1608 0.2083 1.2835, 0.1459 0.2513 1.2835, 0.1459 0.2513 1.2874, 0.1507 0.2374 1.2835, 0.1347 0.2513 1.2874, 0.1347 0.2513 1.2835, 0.1571 0.1942 1.2835, 0.1571 0.1942 1.2874, 0.1507 0.2104 1.2835, 0.1527 0.1838 1.2835, 0.1527 0.1838 1.2874, 0.1567 0.1934 1.2835, 0.1507 0.1802 1.2835, 0.1507 0.1802 1.2874, 0.1507 0.1802 1.2835, 0.1488 0.1781 1.2835, 0.1488 0.1781 1.2874, 0.1471 0.1769 1.2835, 0.1471 0.1769 1.2874, 0.1449 0.1761 1.2835, 0.1449 0.1761 1.2874, 0.1424 0.1758 1.2835, 0.1424 0.1758 1.2874, 0.1388 0.1762 1.2835, 0.1388 0.1762 1.2874, 0.1367 0.1769 1.2835, 0.1367 0.1769 1.2874, 0.1367 0.168 1.2874, 0.1367 0.168 1.2835, 0.141 0.1672 1.2835, 0.141 0.1672 1.2874, 0.1432 0.1672 1.2835, 0.1432 0.1672 1.2874, 0.1472 0.1676 1.2835, 0.1472 0.1676 1.2874, 0.1507 0.1689 1.2835, 0.1512 0.1691 1.2874, 0.1512 0.1691 1.2835, 0.1547 0.1716 1.2835, 0.1547 0.1716 1.2874, 0.1554 0.1722 1.2835, 0.1554 0.1722 1.2874, 0.1591 0.1766 1.2835, 0.1591 0.1766 1.2874, 0.1636 0.1855 1.2835, 0.1636 0.1855 1.2874, 0.1667 0.1934 1.2835, 0.2434 0.2032 1.2874, 0.2434 0.1941 1.2874, 0.2434 0.2032 1.2835, 0.2434 0.1941 1.2835, 0.2107 0.2032 1.2835, 0.2107 0.2032 1.2874, 0.2257 0.2032 1.2835, 0.2107 0.2302 1.2874, 0.2107 0.2302 1.2835, 0.2393 0.2302 1.2835, 0.2393 0.2302 1.2874, 0.2257 0.2302 1.2835, 0.2393 0.2393 1.2874, 0.2393 0.2393 1.2835, 0.2107 0.2393 1.2835, 0.2107 0.2393 1.2874, 0.2257 0.2393 1.2835, 0.2107 0.265 1.2835, 0.2107 0.265 1.2874, 0.2107 0.2634 1.2835, 0.2416 0.265 1.2835, 0.2416 0.265 1.2874, 0.2257 0.265 1.2835, 0.2416 0.2742 1.2874, 0.2416 0.2742 1.2835, 0.2004 0.2742 1.2835, 0.2004 0.2742 1.2874, 0.2257 0.2742 1.2835, 0.2004 0.1941 1.2835, 0.2004 0.1941 1.2874, 0.2004 0.2634 1.2835, 0.2257 0.1941 1.2835, 0.3117 0.2053 1.2874, 0.3034 0.2107 1.2874, 0.3033 0.1993 1.2874, 0.2982 0.2071 1.2874, 0.2941 0.1957 1.2874, 0.2916 0.2045 1.2874, 0.2806 0.1941 1.2874, 0.2805 0.2032 1.2874, 0.2585 0.1941 1.2874, 0.2689 0.2032 1.2874, 0.2585 0.2742 1.2874, 0.2689 0.265 1.2874, 0.2814 0.2742 1.2874, 0.281 0.265 1.2874, 0.2818 0.2649 1.2874, 0.2936 0.2728 1.2874, 0.292 0.2636 1.2874, 0.3033 0.2693 1.2874, 0.2989 0.261 1.2874, 0.3117 0.2636 1.2874, 0.3041 0.2574 1.2874, 0.3145 0.2608 1.2874, 0.3063 0.2552 1.2874, 0.3194 0.2538 1.2874, 0.3094 0.2507 1.2874, 0.3224 0.2462 1.2874, 0.3117 0.2449 1.2874, 0.3237 0.2352 1.2874, 0.3129 0.2349 1.2874, 0.3235 0.23 1.2874, 0.3126 0.2294 1.2874, 0.3216 0.2207 1.2874, 0.3109 0.2221 1.2874, 0.3176 0.2124 1.2874, 0.3081 0.2162 1.2874, 0.3043 0.2116 1.2874, 0.2806 0.1941 1.2835, 0.2585 0.1941 1.2835, 0.2941 0.1957 1.2835, 0.3033 0.1993 1.2835, 0.3117 0.2053 1.2835, 0.3118 0.2055 1.2835, 0.3176 0.2124 1.2835, 0.3216 0.2207 1.2835, 0.3235 0.23 1.2835, 0.3237 0.2352 1.2835, 0.3117 0.2636 1.2835, 0.3118 0.2634 1.2835, 0.3145 0.2608 1.2835, 0.3194 0.2538 1.2835, 0.3224 0.2462 1.2835, 0.3033 0.2693 1.2835, 0.2936 0.2728 1.2835, 0.2814 0.2742 1.2835, 0.2585 0.2742 1.2835, 0.2585 0.2634 1.2835, 0.281 0.265 1.2835, 0.2689 0.265 1.2835, 0.2689 0.2032 1.2835, 0.2805 0.2032 1.2835, 0.3043 0.2116 1.2835, 0.3034 0.2107 1.2835, 0.2982 0.2071 1.2835, 0.2916 0.2045 1.2835, 0.3129 0.2349 1.2835, 0.3126 0.2294 1.2835, 0.3109 0.2221 1.2835, 0.3081 0.2162 1.2835, 0.3041 0.2574 1.2835, 0.3063 0.2552 1.2835, 0.3094 0.2507 1.2835, 0.3117 0.2449 1.2835, 0.2818 0.2649 1.2835, 0.292 0.2636 1.2835, 0.2989 0.261 1.2835
            ]
        }
        coordIndex [
            0,1,2,-1,0,2,3,-1,3,2,4,-1,3,4,5,-1,5,4,6,-1,5,6,7,-1,8,7,9,-1,9,7,6,-1,10,11,12,-1,12,11,13,-1,12,13,14,-1,14,13,8,-1,14,8,9,-1,11,10,15,-1,15,10,16,-1,16,17,15,-1,15,17,18,-1,15,18,19,-1,19,18,20,-1,19,20,21,-1,21,20,22,-1,21,22,23,-1,23,22,24,-1,23,24,25,-1,25,24,26,-1,25,26,27,-1,27,26,28,-1,27,28,29,-1,29,28,30,-1,29,30,31,-1,31,30,32,-1,31,32,33,-1,33,32,34,-1,33,34,35,-1,35,34,36,-1,35,36,37,-1,37,36,38,-1,37,38,39,-1,39,38,40,-1,39,40,41,-1,41,40,42,-1,41,42,43,-1,43,42,44,-1,43,44,45,-1,45,44,46,-1,45,46,47,-1,47,46,48,-1,47,48,49,-1,49,48,50,-1,49,50,51,-1,51,50,52,-1,51,52,53,-1,53,52,54,-1,53,54,55,-1,55,54,56,-1,55,56,57,-1,57,56,58,-1,57,58,59,-1,59,58,60,-1,59,60,61,-1,61,60,62,-1,61,62,63,-1,63,62,64,-1,63,64,65,-1,65,64,66,-1,65,66,67,-1,67,66,68,-1,67,68,69,-1,69,68,70,-1,69,70,71,-1,71,70,72,-1,71,72,73,-1,74,73,75,-1,75,73,72,-1,74,75,76,-1,74,76,77,-1,77,76,78,-1,77,78,79,-1,79,78,80,-1,79,80,81,-1,81,80,82,-1,81,82,83,-1,83,82,84,-1,83,84,85,-1,85,84,86,-1,85,86,87,-1,87,86,88,-1,87,88,89,-1,89,88,90,-1,89,90,91,-1,91,90,92,-1,91,92,93,-1,93,92,94,-1,93,94,95,-1,95,94,96,-1,95,96,97,-1,97,96,98,-1,97,98,99,-1,99,98,100,-1,99,100,101,-1,101,100,102,-1,101,102,103,-1,103,102,104,-1,103,104,105,-1,105,104,106,-1,105,106,107,-1,107,106,108,-1,107,108,109,-1,109,108,110,-1,109,110,111,-1,111,110,112,-1,111,112,113,-1,113,112,114,-1,113,114,115,-1,115,114,116,-1,115,116,117,-1,117,116,118,-1,117,118,119,-1,119,118,120,-1,119,120,121,-1,121,120,122,-1,121,122,123,-1,123,122,124,-1,123,124,125,-1,125,124,126,-1,125,126,127,-1,127,126,128,-1,127,128,129,-1,129,128,130,-1,129,130,131,-1,131,130,1,-1,131,1,0,-1,59,61,83,-1,83,61,81,-1,107,41,105,-1,105,41,43,-1,19,21,123,-1,123,21,23,-1,123,23,121,-1,121,23,25,-1,121,25,119,-1,119,25,27,-1,119,27,117,-1,117,27,29,-1,117,29,115,-1,115,29,31,-1,115,31,113,-1,113,31,33,-1,113,33,111,-1,111,33,35,-1,111,35,109,-1,109,35,37,-1,109,37,107,-1,107,37,39,-1,107,39,41,-1,11,0,13,-1,13,0,3,-1,13,3,8,-1,8,3,5,-1,8,5,7,-1,61,63,81,-1,81,63,65,-1,81,65,79,-1,79,65,67,-1,79,67,77,-1,77,67,69,-1,77,69,74,-1,74,69,71,-1,74,71,73,-1,123,125,19,-1,19,125,127,-1,19,127,15,-1,15,127,129,-1,15,129,11,-1,11,129,131,-1,11,131,0,-1,83,85,59,-1,59,85,87,-1,59,87,57,-1,57,87,89,-1,57,89,55,-1,55,89,91,-1,55,91,53,-1,53,91,93,-1,53,93,51,-1,51,93,95,-1,51,95,49,-1,49,95,97,-1,49,97,47,-1,47,97,99,-1,47,99,45,-1,45,99,101,-1,45,101,43,-1,43,101,103,-1,43,103,105,-1,132,133,134,-1,134,133,135,-1,136,132,137,-1,137,132,134,-1,136,137,138,-1,136,138,139,-1,139,138,140,-1,139,140,141,-1,142,141,143,-1,143,141,140,-1,144,142,145,-1,145,142,143,-1,146,147,148,-1,148,147,144,-1,148,144,145,-1,149,147,150,-1,150,147,146,-1,151,152,153,-1,153,152,149,-1,153,149,150,-1,154,155,156,-1,156,155,152,-1,156,152,151,-1,154,157,155,-1,155,157,158,-1,157,159,158,-1,158,159,160,-1,158,160,161,-1,161,160,162,-1,161,162,163,-1,163,162,164,-1,163,164,165,-1,165,164,166,-1,165,166,167,-1,167,166,168,-1,167,168,169,-1,169,168,170,-1,169,170,171,-1,172,171,173,-1,173,171,170,-1,172,173,174,-1,172,174,175,-1,175,174,176,-1,175,176,177,-1,177,176,178,-1,177,178,179,-1,179,178,180,-1,179,180,181,-1,180,182,181,-1,181,182,183,-1,181,183,184,-1,184,183,185,-1,184,185,186,-1,186,185,187,-1,186,187,188,-1,188,187,189,-1,188,189,190,-1,135,133,191,-1,191,133,190,-1,191,190,189,-1,139,141,190,-1,133,132,190,-1,190,132,136,-1,190,136,139,-1,147,149,144,-1,144,149,152,-1,144,152,142,-1,171,172,169,-1,169,172,175,-1,169,175,167,-1,167,175,177,-1,167,177,165,-1,165,177,179,-1,165,179,163,-1,163,179,181,-1,163,181,161,-1,141,142,190,-1,190,142,152,-1,190,152,188,-1,152,155,188,-1,188,155,158,-1,188,158,186,-1,186,158,161,-1,186,161,184,-1,184,161,181,-1,192,193,194,-1,194,193,195,-1,196,197,198,-1,198,197,192,-1,198,192,194,-1,199,197,200,-1,200,197,196,-1,201,202,203,-1,203,202,199,-1,203,199,200,-1,204,202,205,-1,205,202,201,-1,206,207,208,-1,208,207,204,-1,208,204,205,-1,209,210,211,-1,211,210,207,-1,211,207,206,-1,212,213,214,-1,214,213,210,-1,214,210,209,-1,215,213,216,-1,216,213,212,-1,217,218,219,-1,219,218,215,-1,219,215,216,-1,220,221,222,-1,222,221,218,-1,222,218,217,-1,195,193,223,-1,223,193,221,-1,223,221,220,-1,221,193,192,-1,192,197,221,-1,221,197,199,-1,221,199,218,-1,213,215,210,-1,210,215,218,-1,210,218,207,-1,207,218,199,-1,207,199,204,-1,204,199,202,-1,224,225,226,-1,226,225,227,-1,226,227,228,-1,228,227,229,-1,228,229,230,-1,230,229,231,-1,230,231,232,-1,232,231,233,-1,232,233,234,-1,234,233,235,-1,234,235,236,-1,235,237,236,-1,236,237,238,-1,236,238,239,-1,239,238,240,-1,239,240,241,-1,241,240,242,-1,241,242,243,-1,243,242,244,-1,243,244,245,-1,245,244,246,-1,245,246,247,-1,247,246,248,-1,247,248,249,-1,249,248,250,-1,249,250,251,-1,251,250,252,-1,251,252,253,-1,253,252,254,-1,253,254,255,-1,255,254,256,-1,255,256,257,-1,257,256,258,-1,257,258,224,-1,224,258,259,-1,224,259,225,-1,230,232,260,-1,260,232,261,-1,230,260,262,-1,230,262,228,-1,228,262,263,-1,228,263,226,-1,226,263,264,-1,226,264,224,-1,224,264,265,-1,224,265,257,-1,265,266,257,-1,257,266,267,-1,257,267,255,-1,255,267,268,-1,255,268,253,-1,253,268,269,-1,253,269,251,-1,270,243,271,-1,271,243,245,-1,271,245,272,-1,272,245,247,-1,272,247,273,-1,273,247,249,-1,273,249,274,-1,274,249,251,-1,274,251,269,-1,243,270,275,-1,243,275,241,-1,241,275,276,-1,241,276,239,-1,239,276,277,-1,239,277,236,-1,234,236,278,-1,278,236,277,-1,261,232,279,-1,279,232,234,-1,279,234,278,-1,237,235,280,-1,280,235,281,-1,235,233,281,-1,281,233,282,-1,233,231,282,-1,282,231,283,-1,259,284,285,-1,259,285,225,-1,225,285,286,-1,225,286,227,-1,227,286,287,-1,227,287,229,-1,229,287,283,-1,229,283,231,-1,252,288,289,-1,252,289,254,-1,254,289,290,-1,254,290,256,-1,256,290,291,-1,256,291,258,-1,258,291,284,-1,258,284,259,-1,244,292,293,-1,244,293,246,-1,246,293,294,-1,246,294,248,-1,248,294,295,-1,248,295,250,-1,250,295,288,-1,250,288,252,-1,237,280,296,-1,237,296,238,-1,238,296,297,-1,238,297,240,-1,240,297,298,-1,240,298,242,-1,242,298,292,-1,242,292,244,-1,
        ]
    }
}
Shape{
    appearance Appearance {
        material  Material 	{
            diffuseColor 0.7529411764705882 0.7529411764705882 0.7529411764705882
            specularColor 0.3764705882352941 0.3764705882352941 0.3764705882352941
            ambientIntensity 0.7529
            transparency 0.0
            shininess 0.5
        }
    }
    geometry IndexedFaceSet {
        ccw TRUE
        solid FALSE
        coord DEF co Coordinate {
            point [
                0.2982 0.2071 1.2835, 0.3034 0.2107 1.2835, 0.2818 0.2649 1.2835, 0.2689 0.265 1.2835, 0.2689 0.2032 1.2835, 0.281 0.265 1.2835, 0.2805 0.2032 1.2835, 0.2916 0.2045 1.2835, 0.3043 0.2116 1.2835, 0.3081 0.2162 1.2835, 0.3109 0.2221 1.2835, 0.3129 0.2349 1.2835, 0.3041 0.2574 1.2835, 0.2989 0.261 1.2835, 0.3117 0.2449 1.2835, 0.3094 0.2507 1.2835, 0.3063 0.2552 1.2835, 0.3126 0.2294 1.2835, 0.292 0.2636 1.2835
            ]
        }
        coordIndex [
            0,1,2,-1,3,4,5,-1,5,4,6,-1,5,6,2,-1,2,6,7,-1,2,7,0,-1,1,8,2,-1,2,8,9,-1,2,9,10,-1,11,12,13,-1,14,15,11,-1,11,15,16,-1,11,16,12,-1,10,17,2,-1,2,17,11,-1,2,11,18,-1,18,11,13,-1,
        ]
    }
}
Shape{
    appearance Appearance {
        material  Material 	{
            diffuseColor 0.0 0.0 0.0
            specularColor 0.0 0.0 0.0
            ambientIntensity 0.0
            transparency 0.0
            shininess 0.5
        }
    }
    geometry IndexedFaceSet {
        ccw TRUE
        solid FALSE
        coord DEF co Coordinate {
            point [
                0.3506 0.225 1.2874, 0.3473 0.216 1.2874, 0.3774 0.225 1.2874, 0.3806 0.216 1.2874, 0.3625 0.2583 1.2874, 0.3587 0.2742 1.2874, 0.3282 0.1941 1.2874, 0.3396 0.1941 1.2874, 0.3632 0.2607 1.2874, 0.3639 0.2639 1.2874, 0.3697 0.2742 1.2874, 0.3641 0.2639 1.2874, 0.3647 0.2605 1.2874, 0.3653 0.2583 1.2874, 0.4002 0.1941 1.2874, 0.3888 0.1941 1.2874, 0.4002 0.1941 1.2835, 0.3738 0.2634 1.2835, 0.3697 0.2742 1.2835, 0.3587 0.2742 1.2835, 0.3282 0.1941 1.2835, 0.3546 0.2634 1.2835, 0.3396 0.1941 1.2835, 0.3473 0.216 1.2835, 0.3806 0.216 1.2835, 0.3888 0.1941 1.2835, 0.3506 0.225 1.2835, 0.3774 0.225 1.2835, 0.3653 0.2583 1.2835, 0.3641 0.2639 1.2835, 0.3647 0.2605 1.2835, 0.3639 0.2639 1.2835, 0.3625 0.2583 1.2835, 0.3632 0.2607 1.2835
            ]
        }
        coordIndex [
            0,1,2,-1,2,1,3,-1,4,5,0,-1,0,5,6,-1,0,6,1,-1,1,6,7,-1,4,8,5,-1,5,8,9,-1,5,9,10,-1,10,9,11,-1,10,11,12,-1,12,13,10,-1,10,13,2,-1,10,2,14,-1,14,2,3,-1,14,3,15,-1,14,16,10,-1,10,16,17,-1,10,17,18,-1,5,10,19,-1,19,10,18,-1,20,6,21,-1,21,6,5,-1,21,5,19,-1,7,6,22,-1,22,6,20,-1,1,7,23,-1,23,7,22,-1,3,1,24,-1,24,1,23,-1,15,3,25,-1,25,3,24,-1,14,15,16,-1,16,15,25,-1,0,2,26,-1,26,2,27,-1,2,13,27,-1,27,13,28,-1,11,29,30,-1,11,30,12,-1,12,30,28,-1,12,28,13,-1,11,9,29,-1,29,9,31,-1,4,32,33,-1,4,33,8,-1,8,33,31,-1,8,31,9,-1,4,0,32,-1,32,0,26,-1,
        ]
    }
}
Shape{
    appearance Appearance {
        material  Material 	{
            diffuseColor 0.7529411764705882 0.7529411764705882 0.7529411764705882
            specularColor 0.3764705882352941 0.3764705882352941 0.3764705882352941
            ambientIntensity 0.7529
            transparency 0.0
            shininess 0.5
        }
    }
    geometry IndexedFaceSet {
        ccw TRUE
        solid FALSE
        coord DEF co Coordinate {
            point [
                0.3641 0.2639 1.2835, 0.3639 0.2639 1.2835, 0.3647 0.2605 1.2835, 0.3632 0.2607 1.2835, 0.3653 0.2583 1.2835, 0.3625 0.2583 1.2835, 0.3774 0.225 1.2835, 0.3506 0.225 1.2835
            ]
        }
        coordIndex [
            0,1,2,-1,2,1,3,-1,2,3,4,-1,4,3,5,-1,4,5,6,-1,6,5,7,-1,
        ]
    }
}
Shape{
    appearance Appearance {
        material  Material 	{
            diffuseColor 0.0 0.0 0.0
            specularColor 0.0 0.0 0.0
            ambientIntensity 0.0
            transparency 0.0
            shininess 0.5
        }
    }
    geometry IndexedFaceSet {
        ccw TRUE
        solid FALSE
        coord DEF co Coordinate {
            point [
                -0.375 0.1827 1.2874, -0.3665 0.1723 1.2874, -0.3802 0.2331 1.2874, -0.39 0.332 1.2874, -0.3773 0.3388 1.2874, -0.3804 0.3738 1.2874, -0.3449 0.3754 1.2874, -0.3272 0.3339 1.2874, -0.3185 0.3519 1.2874, -0.2697 0.2132 1.2874, -0.2697 0.2189 1.2874, -0.318 0.2328 1.2874, -0.3234 0.2345 1.2874, -0.3926 0.2407 1.2874, -0.3879 0.1971 1.2874, -0.3807 0.195 1.2874, -0.3579 0.3766 1.2874, -0.3094 0.2259 1.2874, -0.3068 0.2214 1.2874, -0.27 0.2073 1.2874, -0.19 0.261 1.2874, -0.2077 0.2912 1.2874, -0.2839 0.2513 1.2874, -0.3272 0.2348 1.2874, -0.3326 0.2341 1.2874, -0.3402 0.269 1.2874, -0.3376 0.2322 1.2874, -0.3528 0.2642 1.2874, -0.3421 0.2291 1.2874, -0.3644 0.2561 1.2874, -0.3448 0.2262 1.2874, -0.3739 0.2453 1.2874, -0.3476 0.2214 1.2874, -0.3492 0.216 1.2874, -0.3493 0.2104 1.2874, -0.306 0.2668 1.2874, -0.3197 0.2703 1.2874, -0.3266 0.2707 1.2874, -0.3133 0.2299 1.2874, -0.1712 0.3174 1.2874, -0.1667 0.3174 1.2874, -0.1433 0.3481 1.2874, -0.1558 0.316 1.2874, -0.1405 0.3472 1.2874, -0.1459 0.3122 1.2874, -0.1236 0.3387 1.2874, -0.1081 0.3257 1.2874, -0.3332 0.389 1.2874, -0.3057 0.3671 1.2874, -0.3198 0.4005 1.2874, -0.2905 0.3783 1.2874, -0.3036 0.4103 1.2874, -0.3633 0.3421 1.2874, -0.3574 0.3424 1.2874, -0.3514 0.3762 1.2874, -0.344 0.3408 1.2874, -0.3313 0.3361 1.2874, -0.3481 0.2051 1.2874, -0.3458 0.2004 1.2874, -0.2939 0.2604 1.2874, -0.108 0.2194 1.2874, -0.1346 0.242 1.2874, -0.1235 0.2063 1.2874, -0.143 0.2352 1.2874, -0.1409 0.1978 1.2874, -0.153 0.2305 1.2874, -0.1598 0.1938 1.2874, -0.1633 0.2285 1.2874, -0.1934 0.1938 1.2874, -0.1889 0.2285 1.2874, -0.1966 0.1943 1.2874, -0.1371 0.306 1.2874, -0.1305 0.2987 1.2874, -0.0965 0.3095 1.2874, -0.1252 0.2889 1.2874, -0.0896 0.2921 1.2874, -0.1225 0.2779 1.2874, -0.087 0.2735 1.2874, -0.1223 0.2729 1.2874, -0.0896 0.2532 1.2874, -0.1236 0.2619 1.2874, -0.0967 0.2352 1.2874, -0.1276 0.2517 1.2874, -0.1338 0.2428 1.2874, -0.1741 0.3931 1.2874, -0.1963 0.3669 1.2874, -0.1544 0.37 1.2874, -0.1835 0.3515 1.2874, -0.1747 0.3332 1.2874, -0.4126 0.2993 1.2874, -0.45 0.2898 1.2874, -0.4143 0.2855 1.2874, -0.4502 0.2843 1.2874, -0.4136 0.2767 1.2874, -0.4474 0.2621 1.2874, -0.4095 0.2628 1.2874, -0.4393 0.2409 1.2874, -0.4028 0.2512 1.2874, -0.4263 0.2223 1.2874, -0.4085 0.2071 1.2874, -0.2772 0.4198 1.2874, -0.2719 0.3858 1.2874, -0.2515 0.4227 1.2874, -0.2509 0.3885 1.2874, -0.2245 0.4194 1.2874, -0.2316 0.3861 1.2874, -0.1963 0.4085 1.2874, -0.2138 0.3793 1.2874, -0.1978 0.3682 1.2874, -0.4015 0.3656 1.2874, -0.4196 0.3529 1.2874, -0.3998 0.3233 1.2874, -0.4234 0.3492 1.2874, -0.4077 0.3119 1.2874, -0.4371 0.3317 1.2874, -0.4462 0.3112 1.2874, -0.3053 0.2162 1.2874, -0.3051 0.2107 1.2874, -0.2733 0.1932 1.2874, -0.3063 0.2052 1.2874, -0.2801 0.1805 1.2874, -0.3088 0.2002 1.2874, -0.2888 0.1707 1.2874, -0.3124 0.196 1.2874, -0.3002 0.1628 1.2874, -0.3168 0.193 1.2874, -0.3129 0.1579 1.2874, -0.3218 0.1911 1.2874, -0.3266 0.1562 1.2874, -0.3272 0.1904 1.2874, -0.3288 0.1563 1.2874, -0.3282 0.1904 1.2874, -0.3423 0.1584 1.2874, -0.3333 0.1913 1.2874, -0.3554 0.1639 1.2874, -0.3384 0.1935 1.2874, -0.3428 0.1968 1.2874, -0.1917 0.2291 1.2874, -0.2054 0.1998 1.2874, -0.2041 0.1984 1.2874, -0.19 0.2287 1.2874, -0.2004 0.1958 1.2874, -0.2099 0.2115 1.2874, -0.2094 0.2072 1.2874, -0.2079 0.2034 1.2874, -0.1967 0.2285 1.2874, -0.2006 0.227 1.2874, -0.2098 0.2137 1.2874, -0.2041 0.2245 1.2874, -0.2065 0.2219 1.2874, -0.2086 0.218 1.2874, -0.1923 0.2291 1.2874, -0.087 0.2735 1.2835, -0.0896 0.2921 1.2835, -0.0915 0.297 1.2835, -0.0965 0.3095 1.2835, -0.1081 0.3257 1.2835, -0.1236 0.3387 1.2835, -0.1405 0.3472 1.2835, -0.1433 0.3481 1.2835, -0.1544 0.37 1.2835, -0.1741 0.3931 1.2835, -0.1867 0.4019 1.2835, -0.1963 0.4085 1.2835, -0.2245 0.4194 1.2835, -0.2515 0.4227 1.2835, -0.2772 0.4198 1.2835, -0.3036 0.4103 1.2835, -0.3175 0.4019 1.2835, -0.3198 0.4005 1.2835, -0.3332 0.389 1.2835, -0.3449 0.3754 1.2835, -0.3514 0.3762 1.2835, -0.3579 0.3766 1.2835, -0.3804 0.3738 1.2835, -0.4015 0.3656 1.2835, -0.4196 0.3529 1.2835, -0.4234 0.3492 1.2835, -0.4462 0.3112 1.2835, -0.4371 0.3317 1.2835, -0.4487 0.297 1.2835, -0.45 0.2898 1.2835, -0.4502 0.2843 1.2835, -0.4476 0.2634 1.2835, -0.4474 0.2621 1.2835, -0.4393 0.2409 1.2835, -0.4263 0.2223 1.2835, -0.4085 0.2071 1.2835, -0.3879 0.1971 1.2835, -0.3807 0.195 1.2835, -0.38 0.1934 1.2835, -0.375 0.1827 1.2835, -0.3665 0.1723 1.2835, -0.3554 0.1639 1.2835, -0.3423 0.1584 1.2835, -0.3288 0.1563 1.2835, -0.3266 0.1562 1.2835, -0.2697 0.2132 1.2835, -0.3129 0.1579 1.2835, -0.3002 0.1628 1.2835, -0.2888 0.1707 1.2835, -0.2801 0.1805 1.2835, -0.2733 0.1932 1.2835, -0.2733 0.1934 1.2835, -0.27 0.2073 1.2835, -0.2697 0.2189 1.2835, -0.19 0.261 1.2835, -0.2077 0.2912 1.2835, -0.1914 0.2634 1.2835, -0.2839 0.2513 1.2835, -0.2608 0.2634 1.2835, -0.2939 0.2604 1.2835, -0.2995 0.2634 1.2835, -0.306 0.2668 1.2835, -0.3197 0.2703 1.2835, -0.3266 0.2707 1.2835, -0.3402 0.269 1.2835, -0.3528 0.2642 1.2835, -0.354 0.2634 1.2835, -0.3644 0.2561 1.2835, -0.3739 0.2453 1.2835, -0.3802 0.2331 1.2835, -0.4143 0.2855 1.2835, -0.3926 0.2407 1.2835, -0.4028 0.2512 1.2835, -0.4095 0.2628 1.2835, -0.4097 0.2634 1.2835, -0.4136 0.2767 1.2835, -0.4129 0.297 1.2835, -0.4126 0.2993 1.2835, -0.4077 0.3119 1.2835, -0.3998 0.3233 1.2835, -0.39 0.332 1.2835, -0.3773 0.3388 1.2835, -0.3633 0.3421 1.2835, -0.3574 0.3424 1.2835, -0.344 0.3408 1.2835, -0.3313 0.3361 1.2835, -0.3272 0.3339 1.2835, -0.3185 0.3519 1.2835, -0.3057 0.3671 1.2835, -0.2905 0.3783 1.2835, -0.2719 0.3858 1.2835, -0.2509 0.3885 1.2835, -0.2316 0.3861 1.2835, -0.2138 0.3793 1.2835, -0.1978 0.3682 1.2835, -0.1963 0.3669 1.2835, -0.1835 0.3515 1.2835, -0.1747 0.3332 1.2835, -0.1712 0.3174 1.2835, -0.1667 0.3174 1.2835, -0.1558 0.316 1.2835, -0.1459 0.3122 1.2835, -0.1371 0.306 1.2835, -0.1305 0.2987 1.2835, -0.1296 0.297 1.2835, -0.1252 0.2889 1.2835, -0.1225 0.2779 1.2835, -0.1223 0.2729 1.2835, -0.1234 0.2634 1.2835, -0.1236 0.2619 1.2835, -0.1276 0.2517 1.2835, -0.1338 0.2428 1.2835, -0.1346 0.242 1.2835, -0.143 0.2352 1.2835, -0.153 0.2305 1.2835, -0.1633 0.2285 1.2835, -0.1889 0.2285 1.2835, -0.19 0.2287 1.2835, -0.1917 0.2291 1.2835, -0.1923 0.2291 1.2835, -0.1967 0.2285 1.2835, -0.2006 0.227 1.2835, -0.2041 0.2245 1.2835, -0.2065 0.2219 1.2835, -0.2086 0.218 1.2835, -0.2098 0.2137 1.2835, -0.2099 0.2115 1.2835, -0.2094 0.2072 1.2835, -0.2079 0.2034 1.2835, -0.2054 0.1998 1.2835, -0.2041 0.1984 1.2835, -0.2004 0.1958 1.2835, -0.1966 0.1943 1.2835, -0.1934 0.1938 1.2835, -0.1598 0.1938 1.2835, -0.1409 0.1978 1.2835, -0.1235 0.2063 1.2835, -0.108 0.2194 1.2835, -0.0967 0.2352 1.2835, -0.0896 0.2532 1.2835, -0.0883 0.2634 1.2835, -0.3272 0.2348 1.2835, -0.3234 0.2345 1.2835, -0.318 0.2328 1.2835, -0.3133 0.2299 1.2835, -0.3094 0.2259 1.2835, -0.3068 0.2214 1.2835, -0.3053 0.2162 1.2835, -0.3051 0.2107 1.2835, -0.3063 0.2052 1.2835, -0.3088 0.2002 1.2835, -0.3124 0.196 1.2835, -0.3168 0.193 1.2835, -0.3218 0.1911 1.2835, -0.3272 0.1904 1.2835, -0.3282 0.1904 1.2835, -0.3333 0.1913 1.2835, -0.3384 0.1935 1.2835, -0.3428 0.1968 1.2835, -0.3458 0.2004 1.2835, -0.3481 0.2051 1.2835, -0.3493 0.2104 1.2835, -0.3492 0.216 1.2835, -0.3476 0.2214 1.2835, -0.3448 0.2262 1.2835, -0.3421 0.2291 1.2835, -0.3376 0.2322 1.2835, -0.3326 0.2341 1.2835
            ]
        }
        coordIndex [
            0,1,2,-1,3,4,5,-1,6,7,8,-1,9,10,11,-1,11,10,12,-1,13,14,2,-1,2,14,15,-1,2,15,0,-1,5,4,16,-1,17,18,19,-1,20,21,10,-1,10,21,22,-1,10,22,12,-1,12,22,23,-1,24,25,26,-1,26,25,27,-1,26,27,28,-1,28,27,29,-1,28,29,30,-1,30,29,31,-1,30,31,32,-1,32,31,2,-1,32,2,33,-1,33,2,34,-1,35,36,24,-1,24,36,37,-1,24,37,25,-1,9,11,19,-1,19,11,38,-1,19,38,17,-1,39,40,41,-1,41,40,42,-1,41,42,43,-1,43,42,44,-1,43,44,45,-1,45,44,46,-1,6,8,47,-1,47,8,48,-1,47,48,49,-1,49,48,50,-1,49,50,51,-1,4,52,16,-1,16,52,53,-1,16,53,54,-1,54,53,55,-1,54,55,6,-1,6,55,56,-1,6,56,7,-1,34,2,57,-1,57,2,1,-1,57,1,58,-1,23,22,24,-1,24,22,59,-1,24,59,35,-1,60,61,62,-1,62,61,63,-1,62,63,64,-1,64,63,65,-1,64,65,66,-1,66,65,67,-1,66,67,68,-1,68,67,69,-1,68,69,70,-1,44,71,46,-1,46,71,72,-1,46,72,73,-1,73,72,74,-1,73,74,75,-1,75,74,76,-1,75,76,77,-1,77,76,78,-1,77,78,79,-1,79,78,80,-1,79,80,81,-1,81,80,82,-1,81,82,60,-1,60,82,83,-1,60,83,61,-1,84,85,86,-1,86,85,87,-1,86,87,41,-1,41,87,88,-1,41,88,39,-1,89,90,91,-1,91,90,92,-1,91,92,93,-1,93,92,94,-1,93,94,95,-1,95,94,96,-1,95,96,97,-1,97,96,98,-1,97,98,13,-1,13,98,99,-1,13,99,14,-1,51,50,100,-1,100,50,101,-1,100,101,102,-1,102,101,103,-1,102,103,104,-1,104,103,105,-1,104,105,106,-1,106,105,107,-1,106,107,84,-1,84,107,108,-1,84,108,85,-1,5,109,3,-1,3,109,110,-1,3,110,111,-1,111,110,112,-1,111,112,113,-1,113,112,114,-1,113,114,89,-1,89,114,115,-1,89,115,90,-1,18,116,19,-1,19,116,117,-1,19,117,118,-1,118,117,119,-1,118,119,120,-1,120,119,121,-1,120,121,122,-1,122,121,123,-1,122,123,124,-1,124,123,125,-1,124,125,126,-1,126,125,127,-1,126,127,128,-1,128,127,129,-1,128,129,130,-1,130,129,131,-1,130,131,132,-1,132,131,133,-1,132,133,134,-1,134,133,135,-1,134,135,1,-1,1,135,136,-1,1,136,58,-1,137,138,139,-1,69,140,70,-1,70,140,137,-1,70,137,141,-1,141,137,139,-1,142,143,137,-1,137,143,144,-1,137,144,138,-1,145,146,147,-1,146,148,147,-1,147,148,149,-1,147,149,150,-1,142,137,147,-1,147,137,151,-1,147,151,145,-1,77,152,153,-1,77,153,75,-1,75,153,154,-1,75,154,73,-1,154,155,73,-1,73,155,156,-1,73,156,46,-1,46,156,157,-1,46,157,45,-1,45,157,158,-1,45,158,43,-1,43,158,159,-1,43,159,41,-1,41,159,160,-1,41,160,86,-1,86,160,161,-1,86,161,84,-1,84,161,106,-1,106,161,162,-1,162,163,106,-1,106,163,164,-1,106,164,104,-1,104,164,165,-1,104,165,102,-1,102,165,166,-1,102,166,100,-1,100,166,167,-1,100,167,51,-1,51,167,49,-1,49,167,168,-1,49,168,169,-1,49,169,170,-1,49,170,47,-1,47,170,171,-1,47,171,6,-1,6,171,172,-1,6,172,54,-1,54,172,173,-1,54,173,16,-1,16,173,174,-1,16,174,5,-1,5,174,175,-1,5,175,109,-1,109,175,176,-1,109,176,110,-1,110,176,177,-1,110,177,112,-1,178,114,179,-1,179,114,112,-1,179,112,177,-1,180,90,178,-1,178,90,115,-1,178,115,114,-1,180,181,90,-1,90,181,182,-1,90,182,92,-1,182,183,92,-1,92,183,94,-1,183,184,94,-1,94,184,185,-1,94,185,96,-1,96,185,186,-1,96,186,98,-1,98,186,187,-1,98,187,99,-1,99,187,188,-1,99,188,14,-1,14,188,189,-1,14,189,15,-1,15,189,190,-1,15,190,0,-1,190,191,0,-1,0,191,192,-1,0,192,1,-1,1,192,193,-1,1,193,134,-1,134,193,194,-1,134,194,132,-1,132,194,195,-1,132,195,130,-1,130,195,196,-1,130,196,128,-1,197,9,19,-1,128,196,198,-1,128,198,126,-1,126,198,199,-1,126,199,124,-1,124,199,200,-1,124,200,122,-1,122,200,201,-1,122,201,120,-1,120,201,202,-1,120,202,118,-1,118,202,203,-1,118,203,19,-1,19,203,204,-1,19,204,197,-1,10,9,205,-1,205,9,197,-1,20,10,206,-1,206,10,205,-1,207,21,208,-1,208,21,20,-1,208,20,206,-1,209,22,210,-1,210,22,21,-1,210,21,207,-1,22,209,211,-1,22,211,59,-1,59,211,212,-1,59,212,35,-1,212,213,35,-1,35,213,214,-1,35,214,36,-1,36,214,215,-1,36,215,37,-1,37,215,216,-1,37,216,25,-1,25,216,217,-1,25,217,27,-1,27,217,218,-1,27,218,29,-1,218,219,29,-1,29,219,220,-1,29,220,31,-1,31,220,221,-1,31,221,2,-1,222,91,93,-1,2,221,223,-1,2,223,13,-1,13,223,224,-1,13,224,97,-1,97,224,225,-1,97,225,95,-1,95,225,226,-1,95,226,93,-1,93,226,227,-1,93,227,222,-1,91,222,89,-1,89,222,228,-1,228,229,89,-1,89,229,230,-1,89,230,113,-1,113,230,231,-1,113,231,111,-1,111,231,232,-1,111,232,3,-1,3,232,233,-1,3,233,4,-1,4,233,234,-1,4,234,52,-1,52,234,235,-1,52,235,53,-1,53,235,236,-1,53,236,55,-1,55,236,237,-1,55,237,56,-1,56,237,238,-1,56,238,7,-1,7,238,239,-1,7,239,8,-1,8,239,240,-1,8,240,48,-1,48,240,241,-1,48,241,50,-1,50,241,242,-1,50,242,101,-1,101,242,243,-1,101,243,103,-1,103,243,244,-1,103,244,105,-1,105,244,245,-1,105,245,107,-1,107,245,246,-1,107,246,108,-1,108,246,247,-1,108,247,85,-1,85,247,248,-1,85,248,87,-1,87,248,249,-1,87,249,88,-1,88,249,250,-1,88,250,39,-1,40,39,251,-1,251,39,250,-1,40,251,252,-1,40,252,42,-1,42,252,253,-1,42,253,44,-1,44,253,254,-1,44,254,71,-1,71,254,255,-1,71,255,72,-1,72,255,256,-1,72,256,74,-1,256,257,74,-1,74,257,258,-1,74,258,76,-1,76,258,259,-1,76,259,78,-1,259,260,78,-1,78,260,80,-1,260,261,80,-1,80,261,262,-1,80,262,82,-1,82,262,263,-1,82,263,83,-1,83,263,264,-1,83,264,61,-1,61,264,265,-1,61,265,63,-1,63,265,266,-1,63,266,65,-1,65,266,267,-1,65,267,67,-1,69,67,268,-1,268,67,267,-1,69,268,269,-1,69,269,140,-1,140,269,270,-1,140,270,137,-1,137,270,271,-1,137,271,151,-1,151,271,272,-1,151,272,145,-1,145,272,273,-1,145,273,146,-1,146,273,274,-1,146,274,148,-1,148,274,275,-1,148,275,149,-1,149,275,276,-1,149,276,150,-1,150,276,277,-1,150,277,147,-1,147,277,278,-1,147,278,142,-1,142,278,279,-1,142,279,143,-1,143,279,280,-1,143,280,144,-1,144,280,281,-1,144,281,138,-1,138,281,282,-1,138,282,139,-1,139,282,283,-1,139,283,141,-1,141,283,284,-1,141,284,70,-1,70,284,285,-1,70,285,68,-1,66,68,286,-1,286,68,285,-1,66,286,287,-1,66,287,64,-1,64,287,288,-1,64,288,62,-1,62,288,289,-1,62,289,60,-1,60,289,290,-1,60,290,81,-1,81,290,291,-1,81,291,79,-1,79,291,77,-1,77,291,292,-1,77,292,152,-1,23,293,294,-1,23,294,12,-1,12,294,295,-1,12,295,11,-1,11,295,296,-1,11,296,38,-1,38,296,297,-1,38,297,17,-1,17,297,298,-1,17,298,18,-1,18,298,299,-1,18,299,116,-1,116,299,300,-1,116,300,117,-1,117,300,301,-1,117,301,119,-1,119,301,302,-1,119,302,121,-1,121,302,303,-1,121,303,123,-1,123,303,304,-1,123,304,125,-1,125,304,305,-1,125,305,127,-1,127,305,306,-1,127,306,129,-1,129,306,307,-1,129,307,131,-1,131,307,308,-1,131,308,133,-1,133,308,309,-1,133,309,135,-1,135,309,310,-1,135,310,136,-1,136,310,311,-1,136,311,58,-1,58,311,312,-1,58,312,57,-1,57,312,313,-1,57,313,34,-1,34,313,314,-1,34,314,33,-1,33,314,315,-1,33,315,32,-1,32,315,316,-1,32,316,30,-1,30,316,317,-1,30,317,28,-1,28,317,318,-1,28,318,26,-1,26,318,319,-1,26,319,24,-1,24,319,293,-1,24,293,23,-1,
        ]
    }
}
Shape{
    appearance Appearance {
        material  Material 	{
            diffuseColor 0.7529411764705882 0.7529411764705882 0.7529411764705882
            specularColor 0.3764705882352941 0.3764705882352941 0.3764705882352941
            ambientIntensity 0.7529
            transparency 0.0
            shininess 0.5
        }
    }
    geometry IndexedFaceSet {
        ccw TRUE
        solid FALSE
        coord DEF co Coordinate {
            point [
                -0.3326 0.2341 1.2835, -0.3376 0.2322 1.2835, -0.3282 0.1904 1.2835, -0.3421 0.2291 1.2835, -0.3448 0.2262 1.2835, -0.3234 0.2345 1.2835, -0.3272 0.1904 1.2835, -0.3218 0.1911 1.2835, -0.3272 0.2348 1.2835, -0.3481 0.2051 1.2835, -0.3458 0.2004 1.2835, -0.3428 0.1968 1.2835, -0.3124 0.196 1.2835, -0.3094 0.2259 1.2835, -0.3133 0.2299 1.2835, -0.3476 0.2214 1.2835, -0.3492 0.216 1.2835, -0.3493 0.2104 1.2835, -0.3384 0.1935 1.2835, -0.3333 0.1913 1.2835, -0.3168 0.193 1.2835, -0.318 0.2328 1.2835, -0.3063 0.2052 1.2835, -0.3051 0.2107 1.2835, -0.3088 0.2002 1.2835, -0.3053 0.2162 1.2835, -0.3068 0.2214 1.2835
            ]
        }
        coordIndex [
            0,1,2,-1,2,1,3,-1,2,3,4,-1,5,6,7,-1,6,5,2,-1,2,5,8,-1,2,8,0,-1,9,10,4,-1,4,10,11,-1,12,13,14,-1,15,16,4,-1,4,16,17,-1,4,17,9,-1,11,18,4,-1,4,18,19,-1,4,19,2,-1,7,20,5,-1,5,20,12,-1,5,12,21,-1,21,12,14,-1,22,23,24,-1,24,23,25,-1,24,25,12,-1,12,25,26,-1,12,26,13,-1,
        ]
    }
}